product_url,subcategory,storage_information,barcode,weight,product_name,allergens,nutriscore_grade,product_id,nutrition,manufacturer,nova_group,description,enrichment_status,sources,category,brand,country_of_origin,source,image_url_ingredients,image_url_nutrition,image_url_front,ingredients
https://world.openfoodfacts.org/product/8901725008895,,,8901725008895,,aashirwad atta 10kg,[],unknown,e0c9f4a9d335,"{'energy_kcal': 366.666666666667, 'protein_g': 13.3333333333333, 'carbohydrates_g': 73.3333333333333, 'of_which_sugars_g': 0, 'fat_g': 3.33333333333333, 'of_which_saturated_fat_g': 0, 'dietary_fiber_g': 10, 'sodium_mg': 0}",,,,enriched,['openfoodfacts'],Grains & Flour,Aashirvaad,New Zealand,openfoodfacts,,,https://images.openfoodfacts.org/images/products/890/172/500/8895/front_en.6.400.jpg,[]
https://world.openfoodfacts.org/product/8901725100537,,,8901725100537,5kg,Atta with Multigrains,[],unknown,24ed1ebe7700,"{'energy_kcal': None, 'protein_g': None, 'carbohydrates_g': None, 'of_which_sugars_g': None, 'fat_g': None, 'of_which_saturated_fat_g': None, 'dietary_fiber_g': None, 'sodium_mg': None}",,,,enriched,['openfoodfacts'],Grains & Flour,Aashirvaad,Deutschland,openfoodfacts,,,,[]
https://world.openfoodfacts.org/product/0841905080045,,,0841905080045,,Atta Whole Wheat Flour With Multigrains,[],unknown,9cd2c9668750,"{'energy_kcal': 366.666666666667, 'protein_g': 13.3333333333333, 'carbohydrates_g': 73.3333333333333, 'of_which_sugars_g': 6.66666666666667, 'fat_g': 1.66666666666667, 'of_which_saturated_fat_g': None, 'dietary_fiber_g': 13.3333333333333, 'sodium_mg': 0.0166666666666667}",,,,enriched,['openfoodfacts'],Grains & Flour,Aashirvaad,United States,openfoodfacts,,,,[]
https://world.openfoodfacts.org/product/0841905080779,,,0841905080779,,Atta with Millets,[],unknown,5d53efe46c3b,"{'energy_kcal': None, 'protein_g': None, 'carbohydrates_g': None, 'of_which_sugars_g': None, 'fat_g': None, 'of_which_saturated_fat_g': None, 'dietary_fiber_g': None, 'sodium_mg': None}",,,,enriched,['openfoodfacts'],Grains & Flour,Aashirvaad,United States,openfoodfacts,,,,[]
https://world.openfoodfacts.org/product/8906000210024,Plant Based Foods,,8906000210024,1 kg,Chakki atta,[],unknown,5dc7a65f2d43,"{'energy_kcal': None, 'protein_g': None, 'carbohydrates_g': None, 'of_which_sugars_g': None, 'fat_g': None, 'of_which_saturated_fat_g': None, 'dietary_fiber_g': None, 'sodium_mg': None}",,,,enriched,['openfoodfacts'],Grains & Flour,Pillsbury,Malaysia,openfoodfacts,,,,[]
https://world.openfoodfacts.org/product/8906000210031,,,8906000210031,,Pilsbry chakki fresh atta 2kg,[],unknown,e1137dfd0f23,"{'energy_kcal': 344, 'protein_g': 11.5, 'carbohydrates_g': 74.5, 'of_which_sugars_g': 4.8, 'fat_g': 2.2, 'of_which_saturated_fat_g': 0.5, 'dietary_fiber_g': 10, 'sodium_mg': 0.005}",,,,enriched,['openfoodfacts'],Grains & Flour,Pillsbury,United Arab Emirates,openfoodfacts,,,,[]
https://world.openfoodfacts.org/product/8906000210291,Plant Based Foods,,8906000210291,1kg,Chakki Fresh Atta,['Gluten'],a,1128aeb0775f,"{'energy_kcal': 36.4, 'protein_g': 12.3, 'carbohydrates_g': 73.9, 'of_which_sugars_g': 4.6, 'fat_g': 2.2, 'of_which_saturated_fat_g': 0.47, 'dietary_fiber_g': 10, 'sodium_mg': 0.005}",,1,,enriched,['openfoodfacts'],Grains & Flour,Pillsbury,India,openfoodfacts,https://images.openfoodfacts.org/images/products/890/600/021/0291/ingredients_en.7.400.jpg,https://images.openfoodfacts.org/images/products/890/600/021/0291/nutrition_en.5.400.jpg,https://images.openfoodfacts.org/images/products/890/600/021/0291/front_en.3.400.jpg,['Whole Wheat']
https://world.openfoodfacts.org/product/8906000212240,Plant Based Foods,,8906000212240,5kg,Multigrain Atta,[],unknown,7a153cff90aa,"{'energy_kcal': None, 'protein_g': None, 'carbohydrates_g': None, 'of_which_sugars_g': None, 'fat_g': None, 'of_which_saturated_fat_g': None, 'dietary_fiber_g': None, 'sodium_mg': None}",India,,Flour,enriched,['openfoodfacts'],Grains & Flour,Pillsbury,India,openfoodfacts,,,https://images.openfoodfacts.org/images/products/890/600/021/2240/front_en.3.400.jpg,[]
https://world.openfoodfacts.org/product/8904150503898,Plant Based Foods,,8904150503898,400 g,Gold Atta,['Gluten'],unknown,26217a80532e,"{'energy_kcal': 340, 'protein_g': None, 'carbohydrates_g': 71.9, 'of_which_sugars_g': 5.7, 'fat_g': 2.5, 'of_which_saturated_fat_g': 0.4, 'dietary_fiber_g': 10.7, 'sodium_mg': 0.002}",,1,,enriched,['openfoodfacts'],Grains & Flour,Pillsbury,India,openfoodfacts,https://images.openfoodfacts.org/images/products/890/415/050/3898/ingredients_en.6.400.jpg,https://images.openfoodfacts.org/images/products/890/415/050/3898/nutrition_en.5.400.jpg,,['Whole Wheat']
https://world.openfoodfacts.org/product/8904150503638,,,8904150503638,5KG,Pillsbury gold atta 5kg,[],unknown,452a85ddb5c2,"{'energy_kcal': None, 'protein_g': None, 'carbohydrates_g': None, 'of_which_sugars_g': None, 'fat_g': None, 'of_which_saturated_fat_g': None, 'dietary_fiber_g': None, 'sodium_mg': None}",,,,enriched,['openfoodfacts'],Grains & Flour,Pillsbury,India,openfoodfacts,,,https://images.openfoodfacts.org/images/products/890/415/050/3638/front_en.6.400.jpg,[]
https://world.openfoodfacts.org/product/8906007289139,Plant Based Foods,,8906007289139,1kg,Fortune Atta,['Gluten'],a,e52f60e68438,"{'energy_kcal': 365.3, 'protein_g': 12.9, 'carbohydrates_g': 73.7, 'of_which_sugars_g': 0.8, 'fat_g': 2.1, 'of_which_saturated_fat_g': 1.9, 'dietary_fiber_g': None, 'sodium_mg': 0.0067}",,1,,enriched,['openfoodfacts'],Grains & Flour,Fortune,India,openfoodfacts,,https://images.openfoodfacts.org/images/products/890/600/728/9139/nutrition_en.5.400.jpg,https://images.openfoodfacts.org/images/products/890/600/728/9139/front_en.3.400.jpg,['Wheat flour']
https://world.openfoodfacts.org/product/0690225301244,Plant Based Foods,,0690225301244,1kg,Basmati Aged 1kg (India Gate),[],b,0faff70a3743,"{'energy_kcal': 355, 'protein_g': 8.8, 'carbohydrates_g': 79, 'of_which_sugars_g': 0.5, 'fat_g': 0.5, 'of_which_saturated_fat_g': 0.1, 'dietary_fiber_g': None, 'sodium_mg': 1e-05}",,,,enriched,['openfoodfacts'],Grains & Flour,India Gate,"Germany, Ireland",openfoodfacts,,https://images.openfoodfacts.org/images/products/069/022/530/1244/nutrition_en.11.400.jpg,https://images.openfoodfacts.org/images/products/069/022/530/1244/front_en.9.400.jpg,[]
https://world.openfoodfacts.org/product/0690225106092,,,0690225106092,,Basmati rice,[],unknown,cef23127f2af,"{'energy_kcal': None, 'protein_g': None, 'carbohydrates_g': None, 'of_which_sugars_g': None, 'fat_g': None, 'of_which_saturated_fat_g': None, 'dietary_fiber_g': None, 'sodium_mg': None}",,,,enriched,"['openfoodfacts', 'openfoodfacts', 'openfoodfacts', 'openfoodfacts', 'openfoodfacts']",Grains & Flour,India Gate,España,openfoodfacts,,,https://images.openfoodfacts.org/images/products/069/022/510/6092/front_es.3.400.jpg,[]
https://world.openfoodfacts.org/product/0690225108324,Plant Based Foods,,0690225108324,1kg,Rice India Gate uncooked,[],b,6d9f29dcfbff,"{'energy_kcal': 351, 'protein_g': 8.6, 'carbohydrates_g': 78, 'of_which_sugars_g': 0, 'fat_g': 0.47, 'of_which_saturated_fat_g': 0.1, 'dietary_fiber_g': 3.3, 'sodium_mg': 0.0014}",,,,enriched,['openfoodfacts'],Grains & Flour,India Gate,"Germany, Norway",openfoodfacts,https://images.openfoodfacts.org/images/products/069/022/510/8324/ingredients_en.8.400.jpg,https://images.openfoodfacts.org/images/products/069/022/510/8324/nutrition_en.9.400.jpg,https://images.openfoodfacts.org/images/products/069/022/510/8324/front_en.6.400.jpg,[]
https://world.openfoodfacts.org/product/8908014100360,Plant Based Foods,,8908014100360,10 kg,Riz basmati - Rosana,[],,c42aaee0858a,{},,,,not_found,['openfoodfacts'],Grains & Flour,India Gate,,openfoodfacts,,,https://images.openfoodfacts.org/images/products/890/801/410/0360/front_fr.3.400.jpg,[]
https://world.openfoodfacts.org/product/0690225108973,Plant Based Foods,,0690225108973,,White basmati rice excel,[],b,fbcdc8771279,"{'energy_kcal': 355.555555555556, 'protein_g': 8.88888888888889, 'carbohydrates_g': 77.7777777777778, 'of_which_sugars_g': 0, 'fat_g': 0, 'of_which_saturated_fat_g': 0, 'dietary_fiber_g': 2.22222222222222, 'sodium_mg': 0}",,,,enriched,['openfoodfacts'],Grains & Flour,India Gate,United States,openfoodfacts,,https://images.openfoodfacts.org/images/products/069/022/510/8973/nutrition_en.6.400.jpg,https://images.openfoodfacts.org/images/products/069/022/510/8973/front_en.4.400.jpg,[]
https://world.openfoodfacts.org/product/0690225104364,,,0690225104364,,Basmati rice 10kg,[],unknown,cf0ead28cba8,"{'energy_kcal': 365, 'protein_g': 9, 'carbohydrates_g': 78, 'of_which_sugars_g': None, 'fat_g': 1, 'of_which_saturated_fat_g': None, 'dietary_fiber_g': None, 'sodium_mg': None}",,,,enriched,['openfoodfacts'],Grains & Flour,India Gate,,openfoodfacts,,,https://images.openfoodfacts.org/images/products/069/022/510/4364/front_en.6.400.jpg,[]
https://world.openfoodfacts.org/product/0690225105569,Plant Based Foods,,0690225105569,5 kg,India Gate Classic Rice,[],unknown,4b80f9ecc001,"{'energy_kcal': 355, 'protein_g': 8.8, 'carbohydrates_g': 79, 'of_which_sugars_g': 0.5, 'fat_g': 0.5, 'of_which_saturated_fat_g': 0.1, 'dietary_fiber_g': None, 'sodium_mg': None}",,,,enriched,['openfoodfacts'],Grains & Flour,India Gate,Belgique,openfoodfacts,,https://images.openfoodfacts.org/images/products/069/022/510/5569/nutrition_en.13.400.jpg,https://images.openfoodfacts.org/images/products/069/022/510/5569/front_en.11.400.jpg,[]
https://world.openfoodfacts.org/product/0690225300643,,,0690225300643,2 lbs,Sprouted Brown Basmati Rice,[],,8c63470464f6,{},,,,not_found,['openfoodfacts'],Grains & Flour,India Gate,,openfoodfacts,,,https://images.openfoodfacts.org/images/products/069/022/530/0643/front_en.3.400.jpg,[]
https://world.openfoodfacts.org/product/0690225301329,,,0690225301329,,Sella Basmati Rice,[],unknown,a6e785fc6216,"{'energy_kcal': 355, 'protein_g': 8.6, 'carbohydrates_g': 78, 'of_which_sugars_g': 0.5, 'fat_g': 0.5, 'of_which_saturated_fat_g': 0.1, 'dietary_fiber_g': None, 'sodium_mg': 1e-05}",,,,enriched,['openfoodfacts'],Grains & Flour,India Gate,Belgio,openfoodfacts,,,,[]
https://world.openfoodfacts.org/product/8908014100292,,,8908014100292,500 g,Basmati Rice Classic,[],unknown,3a9c1513c034,"{'energy_kcal': None, 'protein_g': None, 'carbohydrates_g': None, 'of_which_sugars_g': None, 'fat_g': None, 'of_which_saturated_fat_g': None, 'dietary_fiber_g': None, 'sodium_mg': None}",,,,enriched,['openfoodfacts'],Grains & Flour,India Gate,,openfoodfacts,,,https://images.openfoodfacts.org/images/products/890/801/410/0292/front_en.3.400.jpg,[]
https://world.openfoodfacts.org/product/8908014100421,,,8908014100421,,Extra Long Basmati Rice Premium,[],unknown,a65972932877,"{'energy_kcal': 355, 'protein_g': 8.8, 'carbohydrates_g': 79, 'of_which_sugars_g': 0.5, 'fat_g': 0.5, 'of_which_saturated_fat_g': 0.1, 'dietary_fiber_g': None, 'sodium_mg': 0.004}",,,,enriched,['openfoodfacts'],Grains & Flour,India Gate,Germany,openfoodfacts,,https://images.openfoodfacts.org/images/products/890/801/410/0421/nutrition_en.5.400.jpg,https://images.openfoodfacts.org/images/products/890/801/410/0421/front_en.3.400.jpg,[]
https://world.openfoodfacts.org/product/0690225104654,,,0690225104654,,Parboiled Basmati Rice,[],,a9937e4a44ae,{},,,,not_found,['openfoodfacts'],Grains & Flour,India Gate,,openfoodfacts,,,,[]
https://world.openfoodfacts.org/product/8901537025127,Plant Based Foods,,8901537025127,1 kg,Basmati,[],b,0c0139676852,"{'energy_kcal': 350, 'protein_g': 8.8, 'carbohydrates_g': 78, 'of_which_sugars_g': 0, 'fat_g': 0.47, 'of_which_saturated_fat_g': 0.1, 'dietary_fiber_g': 1.6, 'sodium_mg': 0.00068}",,1,,enriched,['openfoodfacts'],Grains & Flour,Daawat,France,openfoodfacts,https://images.openfoodfacts.org/images/products/890/153/702/5127/ingredients_fr.4.400.jpg,,https://images.openfoodfacts.org/images/products/890/153/702/5127/front_fr.8.400.jpg,['riz']
https://world.openfoodfacts.org/product/8719632250111,Plant Based Foods,,8719632250111,1kg,Original Basmati Rice,[],,38d578ddb5ef,{},,,,not_found,['openfoodfacts'],Grains & Flour,Daawat,,openfoodfacts,,,https://images.openfoodfacts.org/images/products/871/963/225/0111/front_fr.23.400.jpg,[]
https://world.openfoodfacts.org/product/8901537006027,Plant Based Foods,,8901537006027,5kg,Rozana Gold  basmati rice,[],unknown,4edf9079ce82,"{'energy_kcal': 348.888888888889, 'protein_g': 8.88888888888889, 'carbohydrates_g': 77.7777777777778, 'of_which_sugars_g': None, 'fat_g': 0, 'of_which_saturated_fat_g': None, 'dietary_fiber_g': None, 'sodium_mg': None}",,,,enriched,['openfoodfacts'],Grains & Flour,Daawat,France,openfoodfacts,,https://images.openfoodfacts.org/images/products/890/153/700/6027/nutrition_en.19.400.jpg,https://images.openfoodfacts.org/images/products/890/153/700/6027/front_en.3.400.jpg,[]
https://world.openfoodfacts.org/product/8901537025134,Plant Based Foods,,8901537025134,5,Daawat Indian Basmati Rice White,[],b,cb9d761811e6,"{'energy_kcal': 350, 'protein_g': 8.8, 'carbohydrates_g': 78, 'of_which_sugars_g': 0, 'fat_g': 0.47, 'of_which_saturated_fat_g': 0.1, 'dietary_fiber_g': None, 'sodium_mg': 0}",,,,enriched,['openfoodfacts'],Grains & Flour,Daawat,,openfoodfacts,,,https://images.openfoodfacts.org/images/products/890/153/702/5134/front_en.7.400.jpg,['RIZ BASMATI SUPER R/ZBASMATI NATURELLEMENT PARFUMÉ RIZ LONG Dosage : 60 g de riz pour une personne Mode de : Amenez à ébullition 1 tasse de riz  avec 6-8 tasses deau. Retrœz de temps en temps. Réduisez le feu et laissez wire à fable nm prdant 12 à 14 minutes. Egouttez soigneusement et servez']
https://world.openfoodfacts.org/product/0745042000273,Plant Based Foods,,0745042000273,"4,54kg",daawat super basmati rice,[],unknown,77c165151aff,"{'energy_kcal': None, 'protein_g': None, 'carbohydrates_g': None, 'of_which_sugars_g': None, 'fat_g': None, 'of_which_saturated_fat_g': None, 'dietary_fiber_g': None, 'sodium_mg': None}",inde,,,enriched,['openfoodfacts'],Grains & Flour,Daawat,Inde,openfoodfacts,,,https://images.openfoodfacts.org/images/products/074/504/200/0273/front_fr.4.400.jpg,[]
https://world.openfoodfacts.org/product/8719632250050,Plant Based Foods,,8719632250050,,Extra Long Basmati Rice,[],,a6a274ae4d36,{},,,,not_found,['openfoodfacts'],Grains & Flour,Daawat,,openfoodfacts,,,https://images.openfoodfacts.org/images/products/871/963/225/0050/front_it.3.400.jpg,[]
https://world.openfoodfacts.org/product/8901537061019,Plant Based Foods,,8901537061019,1 kg,Basmati Rice,[],b,6ea6d24c1c05,"{'energy_kcal': 349, 'protein_g': 8.2, 'carbohydrates_g': 78, 'of_which_sugars_g': 0, 'fat_g': 0.5, 'of_which_saturated_fat_g': 0.1, 'dietary_fiber_g': 1.9, 'sodium_mg': 0.0017}",,1,Rice,enriched,['openfoodfacts'],Grains & Flour,Daawat,Royaume-Uni,openfoodfacts,,https://images.openfoodfacts.org/images/products/890/153/706/1019/nutrition_en.12.400.jpg,https://images.openfoodfacts.org/images/products/890/153/706/1019/front_fr.27.400.jpg,['Basmati Rice']
https://world.openfoodfacts.org/product/8901537025110,,,8901537025110,,Super Basmati Rice,[],,48fb7568c520,{},,,,not_found,['openfoodfacts'],Grains & Flour,Daawat,,openfoodfacts,,,https://images.openfoodfacts.org/images/products/890/153/702/5110/front_en.4.400.jpg,[]
https://world.openfoodfacts.org/product/8719632250241,Plant Based Foods,,8719632250241,20 kg,Broken Basmati Rice,[],unknown,99bd3b8cea5e,"{'energy_kcal': 353, 'protein_g': 8.2, 'carbohydrates_g': 78, 'of_which_sugars_g': 0, 'fat_g': 0.5, 'of_which_saturated_fat_g': 0.1, 'dietary_fiber_g': 0.05, 'sodium_mg': None}",,1,,enriched,['openfoodfacts'],Grains & Flour,Daawat,Deutschland,openfoodfacts,,https://images.openfoodfacts.org/images/products/871/963/225/0241/nutrition_de.6.400.jpg,https://images.openfoodfacts.org/images/products/871/963/225/0241/front_de.4.400.jpg,['Basmati Reis 100%']
https://world.openfoodfacts.org/product/8901537020184,Plant Based Foods,,8901537020184,5k,Brown Basmati Rice,[],,5e89e6631619,{},,,,not_found,['openfoodfacts'],Grains & Flour,Daawat,,openfoodfacts,,,https://images.openfoodfacts.org/images/products/890/153/702/0184/front_en.3.400.jpg,[]
https://world.openfoodfacts.org/product/8901537075733,,,8901537075733,,Chefs Secretz Basmati Rice,[],unknown,a10f8177c2b0,"{'energy_kcal': 392.5, 'protein_g': 8.2, 'carbohydrates_g': 78, 'of_which_sugars_g': None, 'fat_g': 0.5, 'of_which_saturated_fat_g': 0.1, 'dietary_fiber_g': 2, 'sodium_mg': 0.00075}",,,,enriched,['openfoodfacts'],Grains & Flour,Daawat,Australia,openfoodfacts,,,,[]
https://world.openfoodfacts.org/product/8719632250173,,,8719632250173,,Extra Long Basmati Reis,[],,c21213e2d540,{},,,,not_found,['openfoodfacts'],Grains & Flour,Daawat,,openfoodfacts,,,,[]
https://world.openfoodfacts.org/product/0840437500021,,,0840437500021,,Rice raw,[],,c9288cedc94a,{},,,,not_found,['openfoodfacts'],Grains & Flour,Daawat,,openfoodfacts,,,,[]
https://world.openfoodfacts.org/product/8719632250029,,,8719632250029,,Daawat Basmati Blue 500g,[],unknown,83397c5c8859,"{'energy_kcal': None, 'protein_g': None, 'carbohydrates_g': None, 'of_which_sugars_g': None, 'fat_g': None, 'of_which_saturated_fat_g': None, 'dietary_fiber_g': None, 'sodium_mg': None}",,,,enriched,['openfoodfacts'],Grains & Flour,Daawat,Nederland,openfoodfacts,,,,[]
https://world.openfoodfacts.org/product/0840437500045,,,0840437500045,,EVERYDAY BASMATI RICE,[],unknown,f1d048227797,"{'energy_kcal': None, 'protein_g': None, 'carbohydrates_g': None, 'of_which_sugars_g': None, 'fat_g': None, 'of_which_saturated_fat_g': None, 'dietary_fiber_g': None, 'sodium_mg': None}",,,,enriched,['openfoodfacts'],Grains & Flour,Daawat,,openfoodfacts,,,,[]
https://world.openfoodfacts.org/product/8901047065057,Plant Based Foods,,8901047065057,5 kg,Everyday Basmati Rice,[],b,1f0f32079b37,"{'energy_kcal': 350, 'protein_g': 8, 'carbohydrates_g': 78, 'of_which_sugars_g': 0, 'fat_g': 0.5, 'of_which_saturated_fat_g': 0, 'dietary_fiber_g': 2, 'sodium_mg': 0}",,1,,enriched,['openfoodfacts'],Grains & Flour,Kohinoor,India,openfoodfacts,,https://images.openfoodfacts.org/images/products/890/104/706/5057/nutrition_en.5.400.jpg,https://images.openfoodfacts.org/images/products/890/104/706/5057/front_en.3.400.jpg,['Basmati rice']
https://world.openfoodfacts.org/product/8901047039034,Plant Based Foods,,8901047039034,2 kg,Basmati,[],,7452d29d555f,{},,,,not_found,['openfoodfacts'],Grains & Flour,Kohinoor,,openfoodfacts,,,https://images.openfoodfacts.org/images/products/890/104/703/9034/front_en.14.400.jpg,[]
https://world.openfoodfacts.org/product/0810347000911,Plant Based Foods,,0810347000911,,"Kohinoor's Exclusive, Brown Basmati Rice",[],b,630e4ceb45c3,"{'energy_kcal': 349, 'protein_g': 9, 'carbohydrates_g': 76, 'of_which_sugars_g': 0, 'fat_g': 1, 'of_which_saturated_fat_g': 0, 'dietary_fiber_g': 4, 'sodium_mg': 0.001016}",,1,,enriched,['openfoodfacts'],Grains & Flour,Kohinoor,United States,openfoodfacts,,,,['Brown basmati rice']
https://world.openfoodfacts.org/product/0810347001253,,,0810347001253,,Finest Indian Basmati Rice,[],unknown,43e273d512cb,"{'energy_kcal': 350, 'protein_g': 8, 'carbohydrates_g': 78, 'of_which_sugars_g': None, 'fat_g': 0.5, 'of_which_saturated_fat_g': 0.1, 'dietary_fiber_g': 2, 'sodium_mg': 0}",,,,enriched,['openfoodfacts'],Grains & Flour,Kohinoor,,openfoodfacts,,,,['Basmati rice.']
https://world.openfoodfacts.org/product/0810347002021,Plant Based Foods,,0810347002021,10 lbs,Basmati rice,[],b,1f3de2158ded,"{'energy_kcal': 350, 'protein_g': 8, 'carbohydrates_g': 78, 'of_which_sugars_g': 0, 'fat_g': 0.5, 'of_which_saturated_fat_g': 0, 'dietary_fiber_g': 2, 'sodium_mg': 0}",,,,enriched,"['openfoodfacts', 'openfoodfacts']",Grains & Flour,Kohinoor,United States,openfoodfacts,,https://images.openfoodfacts.org/images/products/081/034/700/2021/nutrition_en.5.400.jpg,https://images.openfoodfacts.org/images/products/081/034/700/2021/front_en.3.400.jpg,[]
https://world.openfoodfacts.org/product/8901047016059,Plant Based Foods,,8901047016059,5KG,Basmati Gold,[],unknown,70742023e245,"{'energy_kcal': None, 'protein_g': None, 'carbohydrates_g': None, 'of_which_sugars_g': None, 'fat_g': None, 'of_which_saturated_fat_g': None, 'dietary_fiber_g': None, 'sodium_mg': None}",,,,enriched,['openfoodfacts'],Grains & Flour,Kohinoor,United Kingdom,openfoodfacts,,,https://images.openfoodfacts.org/images/products/890/104/701/6059/front_en.3.400.jpg,[]
https://world.openfoodfacts.org/product/8906008814040,,,8906008814040,,Extra Long Basmati Rice,[],,257bea3808ee,{},,,,not_found,['openfoodfacts'],Grains & Flour,Kohinoor,,openfoodfacts,,,,[]
https://world.openfoodfacts.org/product/0810347000324,,,0810347000324,,Basmati rice extra long 64oz.,[],unknown,a9811016ee6d,"{'energy_kcal': 356, 'protein_g': 9.4, 'carbohydrates_g': 77, 'of_which_sugars_g': None, 'fat_g': 1.2, 'of_which_saturated_fat_g': 0.3, 'dietary_fiber_g': 0, 'sodium_mg': 0}",,,,enriched,['openfoodfacts'],Grains & Flour,Kohinoor,United Kingdom,openfoodfacts,,,,[]
https://world.openfoodfacts.org/product/0810347001635,,,0810347001635,,Extra Long Grain Basmati Rice,[],unknown,a695297806ff,"{'energy_kcal': 354, 'protein_g': 7, 'carbohydrates_g': 80, 'of_which_sugars_g': None, 'fat_g': 0.6, 'of_which_saturated_fat_g': 0.1, 'dietary_fiber_g': 3, 'sodium_mg': None}",,,,enriched,['openfoodfacts'],Grains & Flour,Kohinoor,,openfoodfacts,,,,[]
https://world.openfoodfacts.org/product/0810347002267,Plant Based Foods,,0810347002267,,Brown basmati rice,[],b,fc670761e506,"{'energy_kcal': 359, 'protein_g': 9, 'carbohydrates_g': None, 'of_which_sugars_g': 0, 'fat_g': 2.5, 'of_which_saturated_fat_g': 1, 'dietary_fiber_g': 4, 'sodium_mg': 0}",,,,enriched,['openfoodfacts'],Grains & Flour,Kohinoor,United States,openfoodfacts,,https://images.openfoodfacts.org/images/products/081/034/700/2267/nutrition_en.5.400.jpg,https://images.openfoodfacts.org/images/products/081/034/700/2267/front_en.3.400.jpg,[]
https://world.openfoodfacts.org/product/0838927501245,,,0838927501245,112 oz,Toor Dal,[],,79b932cdf3ac,{},,,,not_found,['openfoodfacts'],Other,Kazan’s Organic,,openfoodfacts,,,https://images.openfoodfacts.org/images/products/083/892/750/1245/front_en.3.400.jpg,[]
https://world.openfoodfacts.org/product/0051179103757,Plant Based Foods,,0051179103757,,Toor dal (split pigeon peas),[],a,53bb43e04c64,"{'energy_kcal': 342.857142857143, 'protein_g': 22.8571428571429, 'carbohydrates_g': 62.8571428571429, 'of_which_sugars_g': 2.85714285714286, 'fat_g': 1.42857142857143, 'of_which_saturated_fat_g': 0, 'dietary_fiber_g': 17.1428571428571, 'sodium_mg': 0.0857142857142857}",,,,enriched,['openfoodfacts'],Plant Based Foods And Beverages,Swad,United States,openfoodfacts,,,,['Split pigeon peas']
https://world.openfoodfacts.org/product/0892786132521,,,0892786132521,4 lbs,Toor Dal,[],,98ae8311437e,{},,,,not_found,['openfoodfacts'],Other,Real,,openfoodfacts,,,https://images.openfoodfacts.org/images/products/089/278/613/2521/front_en.3.400.jpg,[]
https://world.openfoodfacts.org/product/8904064662124,,,8904064662124,,Toor Dal,[],unknown,f542561e171d,"{'energy_kcal': 360, 'protein_g': 35, 'carbohydrates_g': 50, 'of_which_sugars_g': 0, 'fat_g': 2, 'of_which_saturated_fat_g': 0.5, 'dietary_fiber_g': 1.2, 'sodium_mg': None}",,,,enriched,['openfoodfacts'],Other,Annam,Finland,openfoodfacts,,,https://images.openfoodfacts.org/images/products/890/406/466/2124/front_en.3.400.jpg,[]
https://world.openfoodfacts.org/product/0723246183084,,,0723246183084,,Toor Dal,[],unknown,730424cdb808,"{'energy_kcal': 340.425531914894, 'protein_g': 21.2765957446809, 'carbohydrates_g': 61.7021276595745, 'of_which_sugars_g': 2.12765957446809, 'fat_g': 2.12765957446809, 'of_which_saturated_fat_g': None, 'dietary_fiber_g': 8.51063829787234, 'sodium_mg': 0.0425531914893617}",,,,enriched,['openfoodfacts'],Other,Laxmi,,openfoodfacts,,,,[]
https://world.openfoodfacts.org/product/0749891098177,,,0749891098177,,Uncooked Toor Dal,[],unknown,bbb9ca2937e3,"{'energy_kcal': 340, 'protein_g': 22, 'carbohydrates_g': 62, 'of_which_sugars_g': 0, 'fat_g': 1, 'of_which_saturated_fat_g': 0, 'dietary_fiber_g': 16, 'sodium_mg': 0}",,,,enriched,['openfoodfacts'],Other,Devi,United States,openfoodfacts,,,,[]
https://world.openfoodfacts.org/product/0723246183640,,,0723246183640,,Toor Dal (Vasad Madhi) Split Pigeon Peas,[],unknown,cb5edc38264d,"{'energy_kcal': 340.425531914894, 'protein_g': 21.2765957446809, 'carbohydrates_g': 61.7021276595745, 'of_which_sugars_g': 2.12765957446809, 'fat_g': 2.12765957446809, 'of_which_saturated_fat_g': 0, 'dietary_fiber_g': 8.51063829787234, 'sodium_mg': 0.0425531914893617}",,,,enriched,['openfoodfacts'],Other,Laxmi,,openfoodfacts,,,https://images.openfoodfacts.org/images/products/072/324/618/3640/front_et.3.400.jpg,[]
https://world.openfoodfacts.org/product/4019041002993,,,4019041002993,1kg,Toor Dal,[],unknown,880a8f329cfa,"{'energy_kcal': None, 'protein_g': None, 'carbohydrates_g': None, 'of_which_sugars_g': None, 'fat_g': None, 'of_which_saturated_fat_g': None, 'dietary_fiber_g': None, 'sodium_mg': None}",,,,enriched,['openfoodfacts'],Other,Shani,Deutschland,openfoodfacts,,,,[]
https://world.openfoodfacts.org/product/8906005501080,,,8906005501080,,Bikaji (moong Dal) 400GM,[],,ee78c6cfd8bb,{},,,,not_found,['openfoodfacts'],Snacks & Namkeen,Bikaji,,openfoodfacts,,,https://images.openfoodfacts.org/images/products/890/600/550/1080/front_fr.14.400.jpg,[]
https://world.openfoodfacts.org/product/8901414000087,,,8901414000087,200,Moong Dal,[],unknown,69cc5651c064,"{'energy_kcal': 494, 'protein_g': 21.2, 'carbohydrates_g': 52, 'of_which_sugars_g': 0, 'fat_g': 22.5, 'of_which_saturated_fat_g': 5.8, 'dietary_fiber_g': 0, 'sodium_mg': 0.1888}",,,,enriched,"['openfoodfacts', 'openfoodfacts']",Snacks & Namkeen,Bikano,,openfoodfacts,,,https://images.openfoodfacts.org/images/products/890/141/400/0087/front_fr.11.400.jpg,[]
https://world.openfoodfacts.org/product/8906005501059,,,8906005501059,,Bikaji Moong Dal 200gm,['Peanuts'],c,7203782acf09,"{'energy_kcal': 464.285714285714, 'protein_g': 21.4285714285714, 'carbohydrates_g': 50, 'of_which_sugars_g': 0, 'fat_g': 19.2857142857143, 'of_which_saturated_fat_g': 3.21428571428571, 'dietary_fiber_g': 17.8571428571429, 'sodium_mg': 0.432142857142857}",,3,,enriched,['openfoodfacts'],Snacks & Namkeen,Moong Dal,France,openfoodfacts,https://images.openfoodfacts.org/images/products/890/600/550/1059/ingredients_en.17.400.jpg,https://images.openfoodfacts.org/images/products/890/600/550/1059/nutrition_en.19.400.jpg,https://images.openfoodfacts.org/images/products/890/600/550/1059/front_en.15.400.jpg,"['Lentille de Moong', 'Sel', 'Acide Citrique', 'Huile Végétale Comestible .']"
https://world.openfoodfacts.org/product/8904004403770,,,8904004403770,1 kg,Moong Dal,[],unknown,d8e0af980e79,"{'energy_kcal': 460, 'protein_g': 22, 'carbohydrates_g': 50, 'of_which_sugars_g': 0, 'fat_g': 20, 'of_which_saturated_fat_g': 6, 'dietary_fiber_g': 8, 'sodium_mg': 0.4}",,,,enriched,"['openfoodfacts', 'openfoodfacts', 'openfoodfacts', 'openfoodfacts']",Snacks & Namkeen,Haldiram's,Canada,openfoodfacts,,https://images.openfoodfacts.org/images/products/890/400/440/3770/nutrition_fr.5.400.jpg,https://images.openfoodfacts.org/images/products/890/400/440/3770/front_fr.3.400.jpg,[]
https://world.openfoodfacts.org/product/0011433113403,,,0011433113403,35 g,Moong Dal,[],,e55d0a03f705,{},,,,not_found,['openfoodfacts'],Other,Deep,,openfoodfacts,,,https://images.openfoodfacts.org/images/products/001/143/311/3403/front_en.5.400.jpg,[]
https://world.openfoodfacts.org/product/0745042000716,Plant Based Foods,,0745042000716,,Moong Dal,[],a,3f3b029d9cb5,"{'energy_kcal': 340, 'protein_g': 24, 'carbohydrates_g': 62, 'of_which_sugars_g': 6, 'fat_g': 2, 'of_which_saturated_fat_g': 0, 'dietary_fiber_g': 16, 'sodium_mg': 0.02}",,1,,enriched,['openfoodfacts'],Plant Based Foods And Beverages,Royal,United States,openfoodfacts,,,,['Split mung beans']
https://world.openfoodfacts.org/product/0753182760407,Plant Based Foods,,0753182760407,,"Moong dal, split moong beans (without skin)",[],,b878773f54ab,{},,,,not_found,['openfoodfacts'],Plant Based Foods And Beverages,Diya,,openfoodfacts,,,,[]
https://world.openfoodfacts.org/product/8901719106828,,,8901719106828,,Parle Namkeen &quot;Moong Dal&quot; 400GM,[],,d9a3290e3f1f,{},,,,not_found,['openfoodfacts'],Biscuits & Bakery,Parle,,openfoodfacts,,,https://images.openfoodfacts.org/images/products/890/171/910/6828/front_fr.4.400.jpg,[]
https://world.openfoodfacts.org/product/8904004403749,,,8904004403749,350 g,Moong Dal Indian Snacks,[],unknown,9f46e2fa0e0d,"{'energy_kcal': 460, 'protein_g': 22, 'carbohydrates_g': 50, 'of_which_sugars_g': None, 'fat_g': 20, 'of_which_saturated_fat_g': 6, 'dietary_fiber_g': 2, 'sodium_mg': 0.4}",,,,enriched,['openfoodfacts'],Snacks & Namkeen,Haldiram's,France,openfoodfacts,https://images.openfoodfacts.org/images/products/890/400/440/3749/ingredients_en.15.400.jpg,,https://images.openfoodfacts.org/images/products/890/400/440/3749/front_fr.4.400.jpg,"[""Hp Haldiram's NAGPUR TASTE OF TRADITION GOÛTEZ LA TRADITION INDIAN SNACKS/COLLATIONS INDIENNES MOONG DAL Salty Split Green Gram / Gramme Vert Divisé Salé  All time salted snack of fried Mung Lentils meilleur collation salée des lentilles Mung fis PRODUCT ΟΙ Net WeigDIA/PRODUIT DE LINDE Poids Net: 350 THERE""]"
https://world.openfoodfacts.org/product/8964000883044,,,8964000883044,200 g,Dal Moong,[],,ad2bce160834,{},,,,not_found,['openfoodfacts'],Other,Rehmat-e-Sheren,,openfoodfacts,,,https://images.openfoodfacts.org/images/products/896/400/088/3044/front_en.5.400.jpg,[]
https://world.openfoodfacts.org/product/8901719106781,,,8901719106781,,Namkeen - Moong dal,[],unknown,fae4103ed504,"{'energy_kcal': 493, 'protein_g': 21.5, 'carbohydrates_g': 54.5, 'of_which_sugars_g': 0, 'fat_g': 21, 'of_which_saturated_fat_g': 6, 'dietary_fiber_g': None, 'sodium_mg': None}",,,,enriched,['openfoodfacts'],Biscuits & Bakery,Parle,Suisse,openfoodfacts,,https://images.openfoodfacts.org/images/products/890/171/910/6781/nutrition_fr.5.400.jpg,https://images.openfoodfacts.org/images/products/890/171/910/6781/front_fr.3.400.jpg,[]
https://world.openfoodfacts.org/product/8901552015721,Salty Snacks,,8901552015721,520g,Ashoka Moong Dal Kachori,[],,98092202ae41,{},,,,not_found,['openfoodfacts'],Snacks & Namkeen,Ashoka,,openfoodfacts,,,https://images.openfoodfacts.org/images/products/890/155/201/5721/front_en.5.400.jpg,[]
https://world.openfoodfacts.org/product/3760184321922,,,3760184321922,,Moong dal,[],unknown,5a95eb8502d0,"{'energy_kcal': 358, 'protein_g': 24.5, 'carbohydrates_g': 59.9000015258789, 'of_which_sugars_g': None, 'fat_g': 1.20000004768372, 'of_which_saturated_fat_g': None, 'dietary_fiber_g': 12, 'sodium_mg': None}",,,,enriched,['openfoodfacts'],Other,Shama,France,openfoodfacts,,,,[]
https://world.openfoodfacts.org/product/0723246183053,,,0723246183053,,Moong Dal,[],,9fa8d78bc3af,{},,,,not_found,['openfoodfacts'],Other,Laxmi,,openfoodfacts,,,https://images.openfoodfacts.org/images/products/072/324/618/3053/front_en.6.400.jpg,[]
https://world.openfoodfacts.org/product/8904083512158,,,8904083512158,,Organic Moong Dal,[],unknown,dea9401f28cf,"{'energy_kcal': 342.857142857143, 'protein_g': 22.8571428571429, 'carbohydrates_g': 62.8571428571429, 'of_which_sugars_g': None, 'fat_g': 1.42857142857143, 'of_which_saturated_fat_g': None, 'dietary_fiber_g': 11.4285714285714, 'sodium_mg': None}",,,,enriched,['openfoodfacts'],Other,24 Mantra Organic,United States,openfoodfacts,,,,[]
https://world.openfoodfacts.org/product/0723246282213,,,0723246282213,,"Organic Moong Dal, Dry",[],,b42f83202c16,{},,,,not_found,['openfoodfacts'],Other,Laxmi,,openfoodfacts,,,,[]
https://world.openfoodfacts.org/product/0723246183060,,,0723246183060,,Moong Dal (Spit Mung Beans w/o Husk),[],unknown,502514f65b21,"{'energy_kcal': 333.333333333333, 'protein_g': 25.4901960784314, 'carbohydrates_g': 60.7843137254902, 'of_which_sugars_g': 1.96078431372549, 'fat_g': 0.980392156862745, 'of_which_saturated_fat_g': None, 'dietary_fiber_g': 11.7647058823529, 'sodium_mg': 0.0196078431372549}",,,,enriched,['openfoodfacts'],Other,Laxmi,United States,openfoodfacts,,,,['split mung beans']
https://world.openfoodfacts.org/product/0788821005847,,,0788821005847,908 g,Moong Dal Lentils,[],unknown,af3f999094c3,"{'energy_kcal': 285, 'protein_g': 24, 'carbohydrates_g': 35, 'of_which_sugars_g': 1.5, 'fat_g': 2, 'of_which_saturated_fat_g': 0.3, 'dietary_fiber_g': None, 'sodium_mg': 2}",,,,enriched,['openfoodfacts'],Other,Shan,,openfoodfacts,,,https://images.openfoodfacts.org/images/products/078/882/100/5847/front_en.3.400.jpg,[]
https://world.openfoodfacts.org/product/0011433113328,,,0011433113328,,Moong Dal Chilka,[],unknown,60b8747646ba,"{'energy_kcal': 342.857142857143, 'protein_g': 22.8571428571429, 'carbohydrates_g': 62.8571428571429, 'of_which_sugars_g': 5.71428571428571, 'fat_g': 1.42857142857143, 'of_which_saturated_fat_g': 0, 'dietary_fiber_g': 17.1428571428571, 'sodium_mg': 0}",,,,enriched,['openfoodfacts'],Other,Deep,United States,openfoodfacts,,,,[]
https://world.openfoodfacts.org/product/0723246182032,,,0723246182032,,Moong Dal Split,[],unknown,52ec0536408f,"{'energy_kcal': 333.333333333333, 'protein_g': 25.4901960784314, 'carbohydrates_g': 60.7843137254902, 'of_which_sugars_g': 1.96078431372549, 'fat_g': 0.980392156862745, 'of_which_saturated_fat_g': 0, 'dietary_fiber_g': 15.6862745098039, 'sodium_mg': 0.0196078431372549}",,,,enriched,"['openfoodfacts', 'openfoodfacts']",Other,Laxmi,,openfoodfacts,,,,[]
https://world.openfoodfacts.org/product/6294003002640,,,6294003002640,500gm,Moong Dal,[],unknown,0f8299ac3125,"{'energy_kcal': None, 'protein_g': None, 'carbohydrates_g': None, 'of_which_sugars_g': None, 'fat_g': None, 'of_which_saturated_fat_g': None, 'dietary_fiber_g': None, 'sodium_mg': None}",,,,enriched,['openfoodfacts'],Other,Noor Gazal,Qatar,openfoodfacts,,,https://images.openfoodfacts.org/images/products/629/400/300/2640/front_en.6.400.jpg,[]
https://world.openfoodfacts.org/product/0813631010085,,,0813631010085,,Moong Dal,[],unknown,ec67c3607b66,"{'energy_kcal': None, 'protein_g': None, 'carbohydrates_g': None, 'of_which_sugars_g': None, 'fat_g': None, 'of_which_saturated_fat_g': None, 'dietary_fiber_g': None, 'sodium_mg': None}",,,,enriched,['openfoodfacts'],Other,Patidar,,openfoodfacts,,,,[]
https://world.openfoodfacts.org/product/0766150270341,,,0766150270341,,Yellow Split Moong dal,[],unknown,2830f497ed6c,"{'energy_kcal': 293, 'protein_g': 19, 'carbohydrates_g': 52, 'of_which_sugars_g': 7, 'fat_g': 1, 'of_which_saturated_fat_g': 0, 'dietary_fiber_g': 2.66, 'sodium_mg': 0.033}",,,,enriched,['openfoodfacts'],Other,Devi,United States,openfoodfacts,,,,[]
https://world.openfoodfacts.org/product/9031474090861,,,9031474090861,,Moong Dal Washed,[],unknown,1fa57506fc6e,"{'energy_kcal': 352.941176470588, 'protein_g': 25.4901960784314, 'carbohydrates_g': 60.7843137254902, 'of_which_sugars_g': 1.96078431372549, 'fat_g': 0.980392156862745, 'of_which_saturated_fat_g': 0, 'dietary_fiber_g': 9.80392156862745, 'sodium_mg': 0.0294117647058824}",,,,enriched,['openfoodfacts'],Other,Sundar,,openfoodfacts,,,,[]
https://world.openfoodfacts.org/product/0051179277243,,,0051179277243,,Moong Dal,[],unknown,89e2dd56ac4f,"{'energy_kcal': 480, 'protein_g': 21.3333333333333, 'carbohydrates_g': 54.6666666666667, 'of_which_sugars_g': 0, 'fat_g': 20, 'of_which_saturated_fat_g': 9.33333333333333, 'dietary_fiber_g': 9.33333333333333, 'sodium_mg': 0}",,,,enriched,['openfoodfacts'],Other,Swad,United States,openfoodfacts,,,,[]
https://world.openfoodfacts.org/product/8906022573886,,,8906022573886,,Moong Dal,[],,35c7943c69a0,{},,,,not_found,['openfoodfacts'],Other,Angur,,openfoodfacts,,,,[]
https://world.openfoodfacts.org/product/0819697025261,,,0819697025261,,Moong Dal,[],unknown,fb492e49c08b,"{'energy_kcal': None, 'protein_g': None, 'carbohydrates_g': None, 'of_which_sugars_g': None, 'fat_g': None, 'of_which_saturated_fat_g': None, 'dietary_fiber_g': None, 'sodium_mg': None}",,,,enriched,['openfoodfacts'],Other,Ravi,United States,openfoodfacts,,,,[]
https://world.openfoodfacts.org/product/0703440140427,,,0703440140427,,Moong Dal,[],unknown,0d1e50b8e72e,"{'energy_kcal': 350, 'protein_g': 21, 'carbohydrates_g': 65, 'of_which_sugars_g': 3, 'fat_g': 1, 'of_which_saturated_fat_g': 0, 'dietary_fiber_g': 14, 'sodium_mg': 0.015}",,,,enriched,['openfoodfacts'],Other,Asli,,openfoodfacts,,,https://images.openfoodfacts.org/images/products/070/344/014/0427/front_en.3.400.jpg,[]
https://world.openfoodfacts.org/product/0840541000523,,,0840541000523,,Split Moong Dal,[],unknown,3fa8406bb5a6,"{'energy_kcal': 352.941176470588, 'protein_g': 25.4901960784314, 'carbohydrates_g': 60.7843137254902, 'of_which_sugars_g': 1.96078431372549, 'fat_g': 0.392156862745098, 'of_which_saturated_fat_g': 0, 'dietary_fiber_g': 9.80392156862745, 'sodium_mg': 0.0294117647058824}",,,,enriched,['openfoodfacts'],Other,Roomy,United States,openfoodfacts,,,,[]
https://world.openfoodfacts.org/product/0643864869552,,,0643864869552,,Moong Dal (Petite Yellow Lentil),[],,2b5058913e4b,{},,,,not_found,['openfoodfacts'],Other,Mahraba,,openfoodfacts,,,https://images.openfoodfacts.org/images/products/064/386/486/9552/front_en.3.400.jpg,[]
https://world.openfoodfacts.org/product/2961570551171,Plant Based Foods,,2961570551171,400g,Moong Dal,[],a,43713df14f6b,"{'energy_kcal': 359, 'protein_g': 24, 'carbohydrates_g': 63, 'of_which_sugars_g': 7, 'fat_g': 1.2, 'of_which_saturated_fat_g': 0.3, 'dietary_fiber_g': 16, 'sodium_mg': 0.015}",,1,,enriched,['openfoodfacts'],Plant Based Foods And Beverages,Bayara,Myanmar,openfoodfacts,https://images.openfoodfacts.org/images/products/296/157/055/1171/ingredients_en.6.400.jpg,https://images.openfoodfacts.org/images/products/296/157/055/1171/nutrition_en.8.400.jpg,https://images.openfoodfacts.org/images/products/296/157/055/1171/front_en.3.400.jpg,['Moong Dal']
https://world.openfoodfacts.org/product/0680901082901,,,0680901082901,,Moong Dal,[],unknown,ad4074b515dc,"{'energy_kcal': 342.9, 'protein_g': 22.9, 'carbohydrates_g': 62.9, 'of_which_sugars_g': 5.7, 'fat_g': 1.4, 'of_which_saturated_fat_g': None, 'dietary_fiber_g': 17.1, 'sodium_mg': None}",,,,enriched,['openfoodfacts'],Other,Rani Brand,,openfoodfacts,,,,[]
https://world.openfoodfacts.org/product/5060651991145,,,5060651991145,,Moong Dal,[],unknown,56eb0bcf09d0,"{'energy_kcal': 75, 'protein_g': 3.825, 'carbohydrates_g': 11.4, 'of_which_sugars_g': 0.8, 'fat_g': 2.15, 'of_which_saturated_fat_g': 1.55, 'dietary_fiber_g': 2.8, 'sodium_mg': 0.07275}",,,,enriched,['openfoodfacts'],Other,SpiceBox,United Kingdom,openfoodfacts,,,,[]
https://world.openfoodfacts.org/product/8906005501097,,,8906005501097,,moong dal,[],,aca2915f161b,{},,,,not_found,['openfoodfacts'],Snacks & Namkeen,Bikaji,,openfoodfacts,,,,[]
https://world.openfoodfacts.org/product/8906019562077,,,8906019562077,,Moong Dal,[],unknown,819fa2a93199,"{'energy_kcal': 0, 'protein_g': 0, 'carbohydrates_g': 0, 'of_which_sugars_g': None, 'fat_g': 0, 'of_which_saturated_fat_g': None, 'dietary_fiber_g': None, 'sodium_mg': None}",,,,enriched,['openfoodfacts'],Other,Real Bites,United States,openfoodfacts,,https://images.openfoodfacts.org/images/products/890/601/956/2077/nutrition_en.5.400.jpg,https://images.openfoodfacts.org/images/products/890/601/956/2077/front_en.3.400.jpg,[]
https://world.openfoodfacts.org/product/0749874747696,,,0749874747696,,Moong Dal,[],unknown,9e3598d1290e,"{'energy_kcal': 347.714285714286, 'protein_g': 23.9714285714286, 'carbohydrates_g': 62.6285714285714, 'of_which_sugars_g': 6.42857142857143, 'fat_g': 1.05714285714286, 'of_which_saturated_fat_g': 0.342857142857143, 'dietary_fiber_g': 16.4571428571429, 'sodium_mg': 0.0150285714285714}",,,,enriched,['openfoodfacts'],Other,Kesar Grocery,,openfoodfacts,,,https://images.openfoodfacts.org/images/products/074/987/474/7696/front_en.3.400.jpg,[]
https://world.openfoodfacts.org/product/8904063200457,Plant Based Foods,,8904063200457,200 g,CHANA DAL,['Peanuts'],c,4635b33103a0,"{'energy_kcal': 241.5, 'protein_g': 20, 'carbohydrates_g': 55, 'of_which_sugars_g': 2, 'fat_g': 19, 'of_which_saturated_fat_g': 4, 'dietary_fiber_g': 15, 'sodium_mg': 0.8}",,3,,enriched,"['openfoodfacts', 'openfoodfacts', 'openfoodfacts']",Snacks & Namkeen,Haldiram's,"France, United States",openfoodfacts,https://images.openfoodfacts.org/images/products/890/406/320/0457/ingredients_fr.4.400.jpg,https://images.openfoodfacts.org/images/products/890/406/320/0457/nutrition_en.17.400.jpg,https://images.openfoodfacts.org/images/products/890/406/320/0457/front_en.10.400.jpg,"['Chickpeas pulse', 'vegetable oil', 'salt', 'red chilli powder', 'mango powder', 'onion powder', 'malto dextrin powder', 'mint leaves powder', 'black pepper powder and citric acid']"
https://world.openfoodfacts.org/product/5026489480732,,,5026489480732,,Chana dal (savoury Indian snack),[],unknown,9571092a88fa,"{'energy_kcal': 480, 'protein_g': 23, 'carbohydrates_g': 52, 'of_which_sugars_g': 2, 'fat_g': 20, 'of_which_saturated_fat_g': 2, 'dietary_fiber_g': None, 'sodium_mg': 0.36}",,,,enriched,['openfoodfacts'],Other,cofresh,,openfoodfacts,,,https://images.openfoodfacts.org/images/products/502/648/948/0732/front_es.3.400.jpg,[]
https://world.openfoodfacts.org/product/5060476790831,,,5060476790831,,Chana Dal,[],unknown,751986dafbb0,"{'energy_kcal': 378, 'protein_g': 20.5, 'carbohydrates_g': 62.9, 'of_which_sugars_g': 10.7, 'fat_g': 6, 'of_which_saturated_fat_g': 0.6, 'dietary_fiber_g': None, 'sodium_mg': 0.024}",,,,enriched,"['openfoodfacts', 'openfoodfacts']",Other,Indus,United Kingdom,openfoodfacts,,,https://images.openfoodfacts.org/images/products/506/047/679/0831/front_en.3.400.jpg,[]
https://world.openfoodfacts.org/product/8904214501877,,,8904214501877,,Chana dal,[],unknown,77909b5a6735,"{'energy_kcal': 458.553791887125, 'protein_g': 21.1640211640212, 'carbohydrates_g': 57.8483245149912, 'of_which_sugars_g': 4.58553791887125, 'fat_g': 14.8148148148148, 'of_which_saturated_fat_g': 7.40740740740741, 'dietary_fiber_g': 1.05820105820106, 'sodium_mg': 0.790123456790124}",,,,enriched,['openfoodfacts'],Other,Raju,,openfoodfacts,,,https://images.openfoodfacts.org/images/products/890/421/450/1877/front_en.4.400.jpg,[]
https://world.openfoodfacts.org/product/0839423000034,,,0839423000034,40gram,Chana Dal,"['Gluten', 'Milk', 'Mustard', 'Nuts', 'Sesame Seeds', 'Soybeans']",e,15a6063f665e,"{'energy_kcal': 492, 'protein_g': 18, 'carbohydrates_g': 51, 'of_which_sugars_g': 4, 'fat_g': 24, 'of_which_saturated_fat_g': 10, 'dietary_fiber_g': None, 'sodium_mg': 0.7}",,3,,enriched,['openfoodfacts'],Snacks & Namkeen,samrat,India,openfoodfacts,https://images.openfoodfacts.org/images/products/083/942/300/0034/ingredients_en.5.400.jpg,https://images.openfoodfacts.org/images/products/083/942/300/0034/nutrition_en.21.400.jpg,https://images.openfoodfacts.org/images/products/083/942/300/0034/front_en.3.400.jpg,"['Split Chickpeas', 'Edible Vegetable Oil', 'lodised Salt', 'Red Chilli Powder', 'Dried Mango Powder. Allergy advice: Made in a facility that processes food containing peanuts', 'sesame seed', 'nuts', 'tree nuts', 'soy', 'milk', 'mustard and wheat.']"
https://world.openfoodfacts.org/product/8906010502249,,,8906010502249,,Chana Dal,[],,5eb598c8d7a6,{},,,,not_found,['openfoodfacts'],Snacks & Namkeen,Balaji,,openfoodfacts,,,,[]
https://world.openfoodfacts.org/product/0808550100061,,,0808550100061,9 oz,"Bombay Kitchen, Chana Dal",[],c,6377481d34ac,"{'energy_kcal': 357.142857142857, 'protein_g': 25, 'carbohydrates_g': 57.1428571428571, 'of_which_sugars_g': 3.57142857142857, 'fat_g': 3.57142857142857, 'of_which_saturated_fat_g': 0, 'dietary_fiber_g': 28.5714285714286, 'sodium_mg': 0.535714285714286}",,3,,enriched,['openfoodfacts'],Snacks & Namkeen,Bombay Kitchen Foods  Inc.,United States,openfoodfacts,,https://images.openfoodfacts.org/images/products/080/855/010/0061/nutrition_en.7.400.jpg,https://images.openfoodfacts.org/images/products/080/855/010/0061/front_en.5.400.jpg,"['Split gram peas', 'corn oil', 'chilly powder', 'salt', 'and spices.']"
https://world.openfoodfacts.org/product/6291103750068,,,6291103750068,,Chana Dal Masala,[],unknown,ca13e448cd71,"{'energy_kcal': 360, 'protein_g': 40, 'carbohydrates_g': 40, 'of_which_sugars_g': 0, 'fat_g': 20, 'of_which_saturated_fat_g': 0, 'dietary_fiber_g': 0, 'sodium_mg': 7.94512}",,,,enriched,['openfoodfacts'],Other,R-Pure Agro Specialities,,openfoodfacts,,,,"['Coriander', 'salt', 'red chilli', 'turmeric', 'onion flakes', 'dry ginger', 'cassia', 'cumin garlic flakes', 'cloves', 'nutmeg', 'mace', 'asafoetida.']"
https://world.openfoodfacts.org/product/8902167000331,,,8902167000331,100g,MDH Chana Dal Masala 100G,[],unknown,412d7e296374,"{'energy_kcal': 261, 'protein_g': 14, 'carbohydrates_g': 29.4, 'of_which_sugars_g': 0, 'fat_g': 12.8, 'of_which_saturated_fat_g': 0, 'dietary_fiber_g': None, 'sodium_mg': 2.2}",,,,enriched,['openfoodfacts'],Spices & Masala,MDH,Belgique,openfoodfacts,,https://images.openfoodfacts.org/images/products/890/216/700/0331/nutrition_fr.11.400.jpg,https://images.openfoodfacts.org/images/products/890/216/700/0331/front_fr.9.400.jpg,[]
https://world.openfoodfacts.org/product/8901552024730,Salty Snacks,,8901552024730,320g,Ashoka Chana Dal Tikki,[],unknown,d4909d6bd5df,"{'energy_kcal': None, 'protein_g': None, 'carbohydrates_g': None, 'of_which_sugars_g': 0, 'fat_g': 8.5, 'of_which_saturated_fat_g': 0, 'dietary_fiber_g': None, 'sodium_mg': 0.4}",,,Chana Dal Tikki,enriched,['openfoodfacts'],Snacks & Namkeen,Ashoka,,openfoodfacts,,,https://images.openfoodfacts.org/images/products/890/155/202/4730/front_en.6.400.jpg,[]
https://world.openfoodfacts.org/product/0723246183022,,,0723246183022,,Chana Dal,[],unknown,e4876853a2c6,"{'energy_kcal': 361.702127659574, 'protein_g': 23.4042553191489, 'carbohydrates_g': 57.4468085106383, 'of_which_sugars_g': 4.25531914893617, 'fat_g': 6.38297872340426, 'of_which_saturated_fat_g': 0, 'dietary_fiber_g': 10.6382978723404, 'sodium_mg': 0.0638297872340425}",,,,enriched,"['openfoodfacts', 'openfoodfacts']",Other,Laxmi,United States,openfoodfacts,,,https://images.openfoodfacts.org/images/products/072/324/618/3022/front_en.3.400.jpg,[]
https://world.openfoodfacts.org/product/7614200110211,Plant Based Foods,,7614200110211,220 g e,Salade de Chana Dal,[],,e629089214e5,{},,,,not_found,['openfoodfacts'],Plant Based Foods And Beverages,Hero,,openfoodfacts,,,https://images.openfoodfacts.org/images/products/761/420/011/0211/front_fr.19.400.jpg,[]
https://world.openfoodfacts.org/product/5031416112174,,,5031416112174,200g,chana dal,[],d,7268ff5a15a8,"{'energy_kcal': 494, 'protein_g': 18.3, 'carbohydrates_g': 53.3, 'of_which_sugars_g': 5, 'fat_g': 23.3, 'of_which_saturated_fat_g': 10, 'dietary_fiber_g': 6.7, 'sodium_mg': 0.52}",,,,enriched,['openfoodfacts'],Snacks & Namkeen,Heera,United Kingdom,openfoodfacts,https://images.openfoodfacts.org/images/products/503/141/611/2174/ingredients_en.11.400.jpg,https://images.openfoodfacts.org/images/products/503/141/611/2174/nutrition_en.7.400.jpg,https://images.openfoodfacts.org/images/products/503/141/611/2174/front_en.3.400.jpg,"['Chickpea lentil', 'vegetable oil', 'chilli powder', 'Salt', 'turmeric powder', 'mango powder acidity regulator . Zutaten: Kichererbsenlinsen', 'Pflanzenöl', 'Chilipulver', 'Salz', 'Kurkumapulver', 'Mangopulver Säureregulator . Ingrédients: lentille pois chiche', 'huile végétale', 'poudre de piment', 'sel', 'poudre de curcuma', 'poudre de mangue', ""correcteur d'acidité . Ingrediënten: kikkererwten linzen"", 'plantaardige olie', 'chilipoeder', 'zout', 'kurkumapoeder. mangopoeder', 'zuurteregelaar . Ingredienser: kikærte linse', 'vegetabilsk olie', 'chilipulver', 'salt', 'gurkemejepulver', 'mangopulver', 'surhedsregulerende middel . Ingredienser: kikärtslins', 'vegetabilisk olja', 'chilipulver', 'salt', 'gurkmejapulver', 'mangopulver', 'surhetsreglerande medel . Ingredients: chickpea lentil', 'vegetable oil', 'chili powder', 'salt', 'turmeric powder', 'mango powder', 'acidity regulator .']"
https://world.openfoodfacts.org/product/9350814001641,,,9350814001641,,Roasted Chana Dal,[],,f3b94f06dcc2,{},,,,not_found,['openfoodfacts'],Other,Ammaas,,openfoodfacts,,,,[]
https://world.openfoodfacts.org/product/0051179277090,,,0051179277090,,Chana dal Namkeen,[],unknown,4eb5f946c8a2,"{'energy_kcal': 485.714285714286, 'protein_g': 21.4285714285714, 'carbohydrates_g': 55.7142857142857, 'of_which_sugars_g': 0, 'fat_g': 20, 'of_which_saturated_fat_g': 8.57142857142857, 'dietary_fiber_g': 11.4285714285714, 'sodium_mg': 0.971428571428571}",,,,enriched,['openfoodfacts'],Other,Swad,United States,openfoodfacts,,,,[]
https://world.openfoodfacts.org/product/5065010803237,,,5065010803237,,Chana Dal,[],unknown,f6b74dc80108,"{'energy_kcal': 102, 'protein_g': 6.4, 'carbohydrates_g': 15.9, 'of_which_sugars_g': 1.4, 'fat_g': 1, 'of_which_saturated_fat_g': None, 'dietary_fiber_g': None, 'sodium_mg': 0.275}",,,,enriched,['openfoodfacts'],Other,Stocked,,openfoodfacts,,,,[]
https://world.openfoodfacts.org/product/8902188151210,,,8902188151210,,Chana Dal,[],unknown,719a75589c40,"{'energy_kcal': 377.777777777778, 'protein_g': 22.2222222222222, 'carbohydrates_g': 60, 'of_which_sugars_g': 4.44444444444444, 'fat_g': 5.55555555555556, 'of_which_saturated_fat_g': 0, 'dietary_fiber_g': 13.3333333333333, 'sodium_mg': 0.0222222222222222}",,,,enriched,['openfoodfacts'],Other,Ramdev,United States,openfoodfacts,,https://images.openfoodfacts.org/images/products/890/218/815/1210/nutrition_en.5.400.jpg,https://images.openfoodfacts.org/images/products/890/218/815/1210/front_en.3.400.jpg,[]
https://world.openfoodfacts.org/product/6294003002329,,,6294003002329,500gm,Chana Dal,[],unknown,9175c209c16e,"{'energy_kcal': None, 'protein_g': None, 'carbohydrates_g': None, 'of_which_sugars_g': None, 'fat_g': None, 'of_which_saturated_fat_g': None, 'dietary_fiber_g': None, 'sodium_mg': None}",,,,enriched,['openfoodfacts'],Other,Noor Gazal,,openfoodfacts,,,https://images.openfoodfacts.org/images/products/629/400/300/2329/front_en.3.400.jpg,[]
https://world.openfoodfacts.org/product/8901414030244,,,8901414030244,,Chana Dal (Snack),[],unknown,0e7d2527d737,"{'energy_kcal': 466.666666666667, 'protein_g': 16.6666666666667, 'carbohydrates_g': 50, 'of_which_sugars_g': 0, 'fat_g': 23.3333333333333, 'of_which_saturated_fat_g': 6.66666666666667, 'dietary_fiber_g': 0, 'sodium_mg': 0.533333333333333}",,,,enriched,['openfoodfacts'],Snacks & Namkeen,Bikano,Canada,openfoodfacts,,,,[]
https://world.openfoodfacts.org/product/8904188607636,,,8904188607636,,Split Chana dal,[],unknown,4311857b56cd,"{'energy_kcal': None, 'protein_g': None, 'carbohydrates_g': None, 'of_which_sugars_g': None, 'fat_g': None, 'of_which_saturated_fat_g': None, 'dietary_fiber_g': None, 'sodium_mg': None}",,,,enriched,['openfoodfacts'],Other,Saurbhi,,openfoodfacts,,,,[]
https://world.openfoodfacts.org/product/0062781068556,,,0062781068556,750 g,Chana Dal Split Chickpea Lentil,[],unknown,2b9133ba7322,"{'energy_kcal': 370, 'protein_g': 20, 'carbohydrates_g': 60, 'of_which_sugars_g': 10, 'fat_g': 6, 'of_which_saturated_fat_g': 0, 'dietary_fiber_g': 18, 'sodium_mg': 0.02}",,,,enriched,['openfoodfacts'],Other,Divya,Canada,openfoodfacts,,https://images.openfoodfacts.org/images/products/006/278/106/8556/nutrition_en.5.400.jpg,https://images.openfoodfacts.org/images/products/006/278/106/8556/front_en.3.400.jpg,[]
https://world.openfoodfacts.org/product/7059330072655,,,7059330072655,,Chana Dal,[],unknown,82a85efc7ae2,"{'energy_kcal': 338, 'protein_g': 23, 'carbohydrates_g': 50, 'of_which_sugars_g': 2.6, 'fat_g': 5.4, 'of_which_saturated_fat_g': None, 'dietary_fiber_g': None, 'sodium_mg': 0.039}",,,,enriched,['openfoodfacts'],Other,Praana,,openfoodfacts,,,,[]
https://world.openfoodfacts.org/product/0723246183039,,,0723246183039,,Chana Dal Split Chickpeas,[],unknown,c280cbf9024c,"{'energy_kcal': 361.702127659574, 'protein_g': 23.4042553191489, 'carbohydrates_g': 57.4468085106383, 'of_which_sugars_g': 4.25531914893617, 'fat_g': 6.38297872340426, 'of_which_saturated_fat_g': None, 'dietary_fiber_g': 10.6382978723404, 'sodium_mg': 0.0638297872340425}",,,,enriched,['openfoodfacts'],Other,Laxmi,United States,openfoodfacts,,,,[]
https://world.openfoodfacts.org/product/0739210582173,,,0739210582173,2 lbs,CHANA DAL,[],unknown,42fcf66d82dc,"{'energy_kcal': None, 'protein_g': None, 'carbohydrates_g': None, 'of_which_sugars_g': None, 'fat_g': None, 'of_which_saturated_fat_g': None, 'dietary_fiber_g': None, 'sodium_mg': None}",,,,enriched,['openfoodfacts'],Other,Saral,,openfoodfacts,,,https://images.openfoodfacts.org/images/products/073/921/058/2173/front_en.3.400.jpg,[]
https://world.openfoodfacts.org/product/0840965001250,Rice Dishes,,0840965001250,300 g,MTR Minute Meals Rajma Chawal,['Milk'],c,577101106787,"{'energy_kcal': 73.3333333333333, 'protein_g': 2, 'carbohydrates_g': None, 'of_which_sugars_g': 0.666666666666667, 'fat_g': 3.33333333333333, 'of_which_saturated_fat_g': 0.666666666666667, 'dietary_fiber_g': 2, 'sodium_mg': 0.32}","India, Kamataka",3,Rajma Chawal,enriched,['openfoodfacts'],Ready-to-Eat,MTR,United States,openfoodfacts,https://images.openfoodfacts.org/images/products/084/096/500/1250/ingredients_en.6.400.jpg,https://images.openfoodfacts.org/images/products/084/096/500/1250/nutrition_en.7.400.jpg,https://images.openfoodfacts.org/images/products/084/096/500/1250/front_en.3.400.jpg,"['Water', 'Basmati rice', 'Onion', 'Rajma', 'Tomato paste', 'Sunflower oil', 'Spices', 'Salt', 'Clarified butter', 'Coriander leaves', 'Garlic paste', 'Ginger paste', 'Green chilli and Dried fenugreek leaves.']"
https://world.openfoodfacts.org/product/0810609021272,Plant Based Foods,,0810609021272,,"Fazlani foods, rajma masala",[],,a202da3453a7,{},,,,not_found,['openfoodfacts'],Plant Based Foods And Beverages,Fazlani Foods,,openfoodfacts,,,,[]
https://world.openfoodfacts.org/product/0841905010516,Plant Based Foods,,0841905010516,,"Kitchens Of India, Red Kidney Beans Curry, Rajma Masala",[],c,88ec3bcc5fa6,"{'energy_kcal': 132, 'protein_g': 4.8, 'carbohydrates_g': 16, 'of_which_sugars_g': 3.1, 'fat_g': 5.4, 'of_which_saturated_fat_g': 1.7, 'dietary_fiber_g': 0.8, 'sodium_mg': 0.488}",,3,,enriched,['openfoodfacts'],Snacks & Namkeen,ITC,United States,openfoodfacts,,,,"['Water', 'tomatoes', 'onions', 'red kidney beans', 'sunflower oil', 'garlic', 'spices', 'salt and ginger']"
https://world.openfoodfacts.org/product/8901552005081,Plant Based Foods,,8901552005081,10 oz,Shashi Rajma,[],c,e4626b7e9f67,"{'energy_kcal': 142, 'protein_g': 5.5, 'carbohydrates_g': 17, 'of_which_sugars_g': 0.5, 'fat_g': 6.2, 'of_which_saturated_fat_g': 0.6, 'dietary_fiber_g': None, 'sodium_mg': 0.48}",,3,,enriched,['openfoodfacts'],Plant Based Foods And Beverages,Ashoka,,openfoodfacts,,,https://images.openfoodfacts.org/images/products/890/155/200/5081/front_fr.4.400.jpg,"['Wasser', 'rote Bohnen', 'Zwiebeln', 'Sonnenblumenöl', 'Tomatenmark', 'Ingwer', 'Knoblauch', 'Salz', 'Gewürze', 'Chilipulver', 'Kreuzkümmel.']"
https://world.openfoodfacts.org/product/8901725170325,,,8901725170325,285g,Rajma Masala Red Kidney Beans Curry,"['Nuts', 'Peanuts']",e,1c4437126e16,"{'energy_kcal': None, 'protein_g': 5.9, 'carbohydrates_g': 12.5, 'of_which_sugars_g': 2.5, 'fat_g': 6.2, 'of_which_saturated_fat_g': 0.7, 'dietary_fiber_g': None, 'sodium_mg': 2.54}",India,3,,enriched,['openfoodfacts'],Ready-to-Eat,Kitchens of India,India,openfoodfacts,https://images.openfoodfacts.org/images/products/890/172/517/0325/ingredients_en.7.400.jpg,https://images.openfoodfacts.org/images/products/890/172/517/0325/nutrition_en.8.400.jpg,https://images.openfoodfacts.org/images/products/890/172/517/0325/front_en.6.400.jpg,"['Water', 'tomatoes', 'onions', 'red Kidney Beans', 'sunflower Oil', 'garlic', 'Spices', 'Salt and Ginger. Allergy Information: Manufactured In A Facility That Processes Milk', 'Peanuts and Tree Nuts.']"
https://world.openfoodfacts.org/product/8901552023443,,,8901552023443,280g,Rajma pulao,[],unknown,ae43e6029b5e,"{'energy_kcal': 157.14285714286, 'protein_g': 4.2857142857143, 'carbohydrates_g': 27.142857142857, 'of_which_sugars_g': 0, 'fat_g': 3.5714285714286, 'of_which_saturated_fat_g': 0.71428571428571, 'dietary_fiber_g': 2.1428571428571, 'sodium_mg': 0.42857142857144}",,,,enriched,['openfoodfacts'],Other,ASHOKA,,openfoodfacts,,,https://images.openfoodfacts.org/images/products/890/155/202/3443/front_fr.21.400.jpg,[]
https://world.openfoodfacts.org/product/0840965000727,,,0840965000727,300 g,Rajma masala,[],unknown,e22c1456b8cc,"{'energy_kcal': 73.3333333333333, 'protein_g': 3.33333333333333, 'carbohydrates_g': 10, 'of_which_sugars_g': 1.33333333333333, 'fat_g': 2.66666666666667, 'of_which_saturated_fat_g': 1.33333333333333, 'dietary_fiber_g': 3.33333333333333, 'sodium_mg': 0.366666666666667}",,,,enriched,['openfoodfacts'],Ready-to-Eat,MTR,United States,openfoodfacts,,https://images.openfoodfacts.org/images/products/084/096/500/0727/nutrition_en.5.400.jpg,https://images.openfoodfacts.org/images/products/084/096/500/0727/front_en.3.400.jpg,[]
https://world.openfoodfacts.org/product/8904063209733,,,8904063209733,300 g,Rajma Raseela,[],unknown,031a514e8737,"{'energy_kcal': 117, 'protein_g': 4.3, 'carbohydrates_g': 11.9, 'of_which_sugars_g': 0, 'fat_g': 5.4, 'of_which_saturated_fat_g': 0.6, 'dietary_fiber_g': None, 'sodium_mg': 0.6}",,,,enriched,['openfoodfacts'],Snacks & Namkeen,Haldiram's,,openfoodfacts,,,https://images.openfoodfacts.org/images/products/890/406/320/9733/front_de.3.400.jpg,[]
https://world.openfoodfacts.org/product/8901786541003,,,8901786541003,,Rajma Masala,[],unknown,3de29a6eb927,"{'energy_kcal': 400, 'protein_g': None, 'carbohydrates_g': 50, 'of_which_sugars_g': None, 'fat_g': 10, 'of_which_saturated_fat_g': 1, 'dietary_fiber_g': 40, 'sodium_mg': 2.22}",,,,enriched,['openfoodfacts'],Spices & Masala,Everest,,openfoodfacts,,https://images.openfoodfacts.org/images/products/890/178/654/1003/nutrition_en.4.400.jpg,https://images.openfoodfacts.org/images/products/890/178/654/1003/front_en.3.400.jpg,[]
https://world.openfoodfacts.org/product/0854349008124,,,0854349008124,,Red Bean Rajma Masala,[],,18d603c77b15,{},,,,not_found,['openfoodfacts'],Spices & Masala,Brooklyn Delhi LLC,,openfoodfacts,,,https://images.openfoodfacts.org/images/products/085/434/900/8124/front_en.4.400.jpg,[]
https://world.openfoodfacts.org/product/8904063235251,,,8904063235251,300 g,Dilli style rajma raseela,['Milk'],c,43e7cfa22ab2,"{'energy_kcal': 118, 'protein_g': 5, 'carbohydrates_g': 14, 'of_which_sugars_g': 0.1, 'fat_g': 4, 'of_which_saturated_fat_g': 1.81, 'dietary_fiber_g': 2, 'sodium_mg': 0.467}",,3,,enriched,['openfoodfacts'],Ready-to-Eat,Haldiram's,United States,openfoodfacts,,https://images.openfoodfacts.org/images/products/890/406/323/5251/nutrition_en.16.400.jpg,https://images.openfoodfacts.org/images/products/890/406/323/5251/front_en.12.400.jpg,"['Water', 'tomato', 'red kidney beans', 'clarified butter', 'onion', 'butter', 'yogurt', 'salt', 'garlic', 'ginger', 'cinnamon', 'large cardamon', 'small cardamom', 'red chilli powder', 'nutmeg and mace.']"
https://world.openfoodfacts.org/product/8901552026406,,,8901552026406,,Shahi Rajma,[],unknown,060ff3701d21,"{'energy_kcal': 155.47703180212, 'protein_g': 4.24028268551237, 'carbohydrates_g': 12.7208480565371, 'of_which_sugars_g': 0.706713780918728, 'fat_g': 9.18727915194346, 'of_which_saturated_fat_g': 2.12014134275618, 'dietary_fiber_g': 1.41342756183746, 'sodium_mg': 0.424028268551237}",,,,enriched,['openfoodfacts'],Other,Ashoka,,openfoodfacts,,,,[]
https://world.openfoodfacts.org/product/8901047816185,,,8901047816185,,Rajma Masala,[],unknown,dbf5d53d4f56,"{'energy_kcal': 132, 'protein_g': 5.2, 'carbohydrates_g': 19.5, 'of_which_sugars_g': 1.1, 'fat_g': 3.7, 'of_which_saturated_fat_g': 0.5, 'dietary_fiber_g': 3, 'sodium_mg': 0.393}",,,,enriched,['openfoodfacts'],Grains & Flour,Kohinoor,United Kingdom,openfoodfacts,,,,[]
https://world.openfoodfacts.org/product/8901042956213,,,8901042956213,300g,MTR Ready-To-Eat Rajma Masala,[],,aa696d87bf98,{},,,,not_found,['openfoodfacts'],Ready-to-Eat,MTR,,openfoodfacts,,,https://images.openfoodfacts.org/images/products/890/104/295/6213/front_en.10.400.jpg,[]
https://world.openfoodfacts.org/product/4021155184281,,,4021155184281,250g,Shahi rajma,[],c,e1fadc9d953c,"{'energy_kcal': 132, 'protein_g': 5, 'carbohydrates_g': 19, 'of_which_sugars_g': 1, 'fat_g': 3.7, 'of_which_saturated_fat_g': 0.5, 'dietary_fiber_g': 0, 'sodium_mg': 0.44}",,3,,enriched,['openfoodfacts'],Other,Golden orient,Deutschland,openfoodfacts,https://images.openfoodfacts.org/images/products/402/115/518/4281/ingredients_en.4.400.jpg,https://images.openfoodfacts.org/images/products/402/115/518/4281/nutrition_en.11.400.jpg,https://images.openfoodfacts.org/images/products/402/115/518/4281/front_en.10.400.jpg,"['Wasser', 'Rote Kidneybohne', 'Zwiebel', 'Tomate', 'Sonnenblumenöl', 'Meersalz', 'Ingwer', 'Knoblauch', 'Koriander - pulver', 'Kreuzkümmel', 'rotes Chilipulver', 'Mangopulver', 'Gewürze', 'Kurkuma', 'Bockshornkleeblätter', 'Fenchelpulver', 'Lorbeerblätter', 'Kardamom', 'Zimt', 'Nelken.']"
https://world.openfoodfacts.org/product/8904083512226,,,8904083512226,,"Rajma, Raw",[],unknown,8117224dc690,"{'energy_kcal': 314.285714285714, 'protein_g': 20, 'carbohydrates_g': 65.7142857142857, 'of_which_sugars_g': 0, 'fat_g': 1.42857142857143, 'of_which_saturated_fat_g': 0, 'dietary_fiber_g': 17.1428571428571, 'sodium_mg': None}",,,,enriched,['openfoodfacts'],Other,24 Mantra,United States,openfoodfacts,,,,[]
https://world.openfoodfacts.org/product/0051179101357,,,0051179101357,2 lbs,Raw Rajma,[],unknown,95fa32bc821a,"{'energy_kcal': 340, 'protein_g': 24, 'carbohydrates_g': 60, 'of_which_sugars_g': 4, 'fat_g': 0, 'of_which_saturated_fat_g': 0, 'dietary_fiber_g': 16, 'sodium_mg': 0.012}",,,,enriched,['openfoodfacts'],Other,Swad,,openfoodfacts,,,https://images.openfoodfacts.org/images/products/005/117/910/1357/front_en.3.400.jpg,[]
https://world.openfoodfacts.org/product/0670999000840,,,0670999000840,,Jammu Rajma,[],unknown,629f14f1e5f5,"{'energy_kcal': 171.428571428571, 'protein_g': 22.8571428571429, 'carbohydrates_g': 57.1428571428571, 'of_which_sugars_g': 0, 'fat_g': 0, 'of_which_saturated_fat_g': None, 'dietary_fiber_g': 37.1428571428571, 'sodium_mg': 0.0571428571428571}",,,,enriched,['openfoodfacts'],Other,Aman’s,Kanada,openfoodfacts,,https://images.openfoodfacts.org/images/products/067/099/900/0840/nutrition_hr.5.400.jpg,https://images.openfoodfacts.org/images/products/067/099/900/0840/front_hr.3.400.jpg,[]
https://world.openfoodfacts.org/product/8903363010728,,,8903363010728,500g,Rajma White,[],,843131411375,{},,,,not_found,['openfoodfacts'],Other,Dmart Premia,,openfoodfacts,,,https://images.openfoodfacts.org/images/products/890/336/301/0728/front_en.3.400.jpg,[]
https://world.openfoodfacts.org/product/8901777351086,,,8901777351086,,Rajma Masala,[],unknown,859ef15c4325,"{'energy_kcal': 169.014084507042, 'protein_g': 4.92957746478873, 'carbohydrates_g': 19.0140845070423, 'of_which_sugars_g': 0, 'fat_g': 7.74647887323944, 'of_which_saturated_fat_g': 2.11267605633803, 'dietary_fiber_g': 11.2676056338028, 'sodium_mg': 0.577464788732394}",,,,enriched,['openfoodfacts'],Other,Vadilal,United States,openfoodfacts,,,,[]
https://world.openfoodfacts.org/product/8906030159959,,,8906030159959,,Punjabi Rajma,[],,e69ea2ff7819,{},,,,not_found,['openfoodfacts'],Other,Tirupati’s,,openfoodfacts,,,,[]
https://world.openfoodfacts.org/product/8906106300933,,,8906106300933,,Rajma,[],unknown,c96e5370cd65,"{'energy_kcal': 153, 'protein_g': 3.96, 'carbohydrates_g': 14.19, 'of_which_sugars_g': 4.11, 'fat_g': 8.96, 'of_which_saturated_fat_g': None, 'dietary_fiber_g': 4.65, 'sodium_mg': 0.779}",,,,enriched,['openfoodfacts'],Other,Bowlful,United States,openfoodfacts,,,,[]
https://world.openfoodfacts.org/product/5065021805060,,,5065021805060,,Rajma,[],,668080b27763,{},,,,not_found,['openfoodfacts'],Other,Five Minutes To Delhi,,openfoodfacts,,,,[]
https://world.openfoodfacts.org/product/0618056282273,,,0618056282273,,Kashmiri Rajma,[],unknown,cf2a9ed95089,"{'energy_kcal': 185, 'protein_g': 24, 'carbohydrates_g': 58, 'of_which_sugars_g': 3, 'fat_g': 0, 'of_which_saturated_fat_g': None, 'dietary_fiber_g': 37, 'sodium_mg': None}",,,,enriched,['openfoodfacts'],Other,Orchid,United States,openfoodfacts,,https://images.openfoodfacts.org/images/products/061/805/628/2273/nutrition_en.5.400.jpg,https://images.openfoodfacts.org/images/products/061/805/628/2273/front_en.3.400.jpg,[]
https://world.openfoodfacts.org/product/0628908002188,,,0628908002188,,Chitra Rajma,[],unknown,f0ccfd37debe,"{'energy_kcal': None, 'protein_g': None, 'carbohydrates_g': None, 'of_which_sugars_g': None, 'fat_g': None, 'of_which_saturated_fat_g': None, 'dietary_fiber_g': None, 'sodium_mg': None}",,,,enriched,['openfoodfacts'],Other,Indian Delibites,,openfoodfacts,,,,[]
https://world.openfoodfacts.org/product/8904063204660,,,8904063204660,,Rajma Chawal,[],unknown,4979bfd8064e,"{'energy_kcal': 150, 'protein_g': 4.28571428571429, 'carbohydrates_g': 23.2142857142857, 'of_which_sugars_g': None, 'fat_g': 4.64285714285714, 'of_which_saturated_fat_g': 1.07142857142857, 'dietary_fiber_g': 2.14285714285714, 'sodium_mg': 0.267857142857143}",,,,enriched,['openfoodfacts'],Snacks & Namkeen,Haldiram's,United States,openfoodfacts,,,,[]
https://world.openfoodfacts.org/product/8906001056966,,,8906001056966,,Amritsari Rajma,[],,394bd4ee32c8,{},,,,not_found,['openfoodfacts'],Other,Mother’s Recipe,,openfoodfacts,,,,[]
https://world.openfoodfacts.org/product/0723246291338,,,0723246291338,10 oz,Rajma Masala,[],unknown,9a34fe992b77,"{'energy_kcal': 77.4647887323944, 'protein_g': 4.92957746478873, 'carbohydrates_g': 8.45070422535211, 'of_which_sugars_g': 0.704225352112676, 'fat_g': 2.8169014084507, 'of_which_saturated_fat_g': 1.76056338028169, 'dietary_fiber_g': 2.11267605633803, 'sodium_mg': None}",,,,enriched,['openfoodfacts'],Other,Laxmi,United States,openfoodfacts,,https://images.openfoodfacts.org/images/products/072/324/629/1338/nutrition_en.5.400.jpg,https://images.openfoodfacts.org/images/products/072/324/629/1338/front_en.3.400.jpg,[]
https://world.openfoodfacts.org/product/5031416082897,,,5031416082897,,Rajma,[],unknown,53f3b5d09883,"{'energy_kcal': 129, 'protein_g': 5.9, 'carbohydrates_g': 5.6, 'of_which_sugars_g': None, 'fat_g': 8.3, 'of_which_saturated_fat_g': 4.3, 'dietary_fiber_g': 4.3, 'sodium_mg': None}",,,,enriched,['openfoodfacts'],Other,Heera,,openfoodfacts,,,,[]
https://world.openfoodfacts.org/product/0051179100954,Plant Based Foods,,0051179100954,2 lbs,Kabuli Chana,[],a,f0104a12b8d1,"{'energy_kcal': 380, 'protein_g': 20, 'carbohydrates_g': 64, 'of_which_sugars_g': 0.5, 'fat_g': 6, 'of_which_saturated_fat_g': 0.3, 'dietary_fiber_g': 12, 'sodium_mg': 0.000216}",,1,,enriched,['openfoodfacts'],Plant Based Foods And Beverages,Raja Foods,United States,openfoodfacts,https://images.openfoodfacts.org/images/products/005/117/910/0954/ingredients_en.8.400.jpg,https://images.openfoodfacts.org/images/products/005/117/910/0954/nutrition_en.10.400.jpg,https://images.openfoodfacts.org/images/products/005/117/910/0954/front_en.17.400.jpg,['Chick Peas']
https://world.openfoodfacts.org/product/8904083512219,,,8904083512219,,KABULI CHANA CHICKPEA,[],,853059c3a2b9,{},,,,not_found,['openfoodfacts'],Other,24 Mantra Organic,,openfoodfacts,,,https://images.openfoodfacts.org/images/products/890/408/351/2219/front_en.3.400.jpg,[]
https://world.openfoodfacts.org/product/0892786131524,,,0892786131524,,Kabuli Chana,[],unknown,9d1f1fb65a6e,"{'energy_kcal': 133.333333333333, 'protein_g': 6.66666666666667, 'carbohydrates_g': 22.2222222222222, 'of_which_sugars_g': 4.44444444444444, 'fat_g': 2.22222222222222, 'of_which_saturated_fat_g': 0, 'dietary_fiber_g': 4.44444444444444, 'sodium_mg': 0}",,,,enriched,['openfoodfacts'],Other,Real,United States,openfoodfacts,,,,[]
https://world.openfoodfacts.org/product/0723246232010,,,0723246232010,,Kabuli Chana,[],,ff20f5dc93fc,{},,,,not_found,['openfoodfacts'],Other,Laxmi,,openfoodfacts,,,,[]
https://world.openfoodfacts.org/product/0011433113366,,,0011433113366,,Kabuli Chana,[],unknown,fe5199b95712,"{'energy_kcal': 371.428571428571, 'protein_g': 17.1428571428571, 'carbohydrates_g': 65.7142857142857, 'of_which_sugars_g': 2.85714285714286, 'fat_g': 2.85714285714286, 'of_which_saturated_fat_g': 0, 'dietary_fiber_g': 14.2857142857143, 'sodium_mg': 0}",,,,enriched,['openfoodfacts'],Other,Deep,Canada,openfoodfacts,,https://images.openfoodfacts.org/images/products/001/143/311/3366/nutrition_en.5.400.jpg,https://images.openfoodfacts.org/images/products/001/143/311/3366/front_en.3.400.jpg,[]
https://world.openfoodfacts.org/product/0859800005957,,,0859800005957,,Kabuli Chana,[],,8ac7b2116be4,{},,,,not_found,['openfoodfacts'],Other,Aara,,openfoodfacts,,,https://images.openfoodfacts.org/images/products/085/980/000/5957/front_en.3.400.jpg,[]
https://world.openfoodfacts.org/product/0011433163231,,,0011433163231,,Kabuli Chana Chickpeas,[],unknown,ddc3161aa80e,"{'energy_kcal': 200, 'protein_g': 8.57142857142857, 'carbohydrates_g': 28.5714285714286, 'of_which_sugars_g': 2.85714285714286, 'fat_g': 4.28571428571429, 'of_which_saturated_fat_g': 0, 'dietary_fiber_g': 8.57142857142857, 'sodium_mg': 0}",,,,enriched,['openfoodfacts'],Other,Deep,,openfoodfacts,,,https://images.openfoodfacts.org/images/products/001/143/316/3231/front_en.3.400.jpg,[]
https://world.openfoodfacts.org/product/0714760830684,,,0714760830684,,Kabuli chana,[],unknown,7cdc773cc31e,"{'energy_kcal': 105.860805860806, 'protein_g': 3.66300366300366, 'carbohydrates_g': 12.4542124542125, 'of_which_sugars_g': 3.2967032967033, 'fat_g': 5.12820512820513, 'of_which_saturated_fat_g': 0.732600732600733, 'dietary_fiber_g': 3.66300366300366, 'sodium_mg': 0.00622710622710623}",,,,enriched,['openfoodfacts'],Other,Deer,United States,openfoodfacts,,,https://images.openfoodfacts.org/images/products/071/476/083/0684/front_en.3.400.jpg,[]
https://world.openfoodfacts.org/product/0723246181172,,,0723246181172,,Kabuli Chana Chickpeas,[],unknown,509096dfe716,"{'energy_kcal': 367.34693877551, 'protein_g': 22.4489795918367, 'carbohydrates_g': 59.1836734693878, 'of_which_sugars_g': 4.08163265306122, 'fat_g': 6.12244897959184, 'of_which_saturated_fat_g': 0, 'dietary_fiber_g': 10.2040816326531, 'sodium_mg': 0.0612244897959184}",,,,enriched,['openfoodfacts'],Other,Laxmi,United States,openfoodfacts,,,,[]
https://world.openfoodfacts.org/product/8901786101009,,,8901786101009,100gm,Everest garam Masala,[],not-applicable,c1f0d4d1007e,"{'energy_kcal': 20, 'protein_g': 1, 'carbohydrates_g': 2, 'of_which_sugars_g': None, 'fat_g': 1, 'of_which_saturated_fat_g': None, 'dietary_fiber_g': None, 'sodium_mg': None}",,,,enriched,['openfoodfacts'],Spices & Masala,Everest,,openfoodfacts,,,https://images.openfoodfacts.org/images/products/890/178/610/1009/front_en.3.400.jpg,['chilli powder']
https://world.openfoodfacts.org/product/8901786121007,,,8901786121007,100gm,Kitchen King Masala,[],unknown,1e04b8338566,"{'energy_kcal': 300, 'protein_g': 20, 'carbohydrates_g': 40, 'of_which_sugars_g': 0, 'fat_g': 20, 'of_which_saturated_fat_g': 0, 'dietary_fiber_g': 40, 'sodium_mg': 2.4}",,,,enriched,"['openfoodfacts', 'openfoodfacts']",Spices & Masala,Everest,United States,openfoodfacts,,https://images.openfoodfacts.org/images/products/890/178/612/1007/nutrition_en.5.400.jpg,https://images.openfoodfacts.org/images/products/890/178/612/1007/front_en.3.400.jpg,[]
https://world.openfoodfacts.org/product/8901786131006,,,8901786131006,,Everest Sabji masala,[],,9dd1e8a75b04,{},,,,not_found,['openfoodfacts'],Spices & Masala,Everest,,openfoodfacts,,,https://images.openfoodfacts.org/images/products/890/178/613/1006/front_fr.3.400.jpg,[]
https://world.openfoodfacts.org/product/8901786081004,Plant Based Foods,,8901786081004,100gm,Everest Sambhar masala,[],not-applicable,5b710a8a86c8,"{'energy_kcal': 400, 'protein_g': 20, 'carbohydrates_g': 60, 'of_which_sugars_g': 0, 'fat_g': 0, 'of_which_saturated_fat_g': 0, 'dietary_fiber_g': 40, 'sodium_mg': 2.6}",,,,enriched,['openfoodfacts'],Spices & Masala,Everest,United Arab Emirates,openfoodfacts,https://images.openfoodfacts.org/images/products/890/178/608/1004/ingredients_en.5.400.jpg,,https://images.openfoodfacts.org/images/products/890/178/608/1004/front_en.3.400.jpg,[]
https://world.openfoodfacts.org/product/8901786630509,,,8901786630509,50g,chiken biryani masala Everest,[],,c8e677aaa9a5,{},,,,not_found,['openfoodfacts'],Spices & Masala,Everest,,openfoodfacts,,,https://images.openfoodfacts.org/images/products/890/178/663/0509/front_en.5.400.jpg,[]
https://world.openfoodfacts.org/product/3948786010509,,,3948786010509,50g,Kesari Milk Masala,[],,0603aab803d3,{},,,,not_found,['openfoodfacts'],Spices & Masala,Everest,,openfoodfacts,,,https://images.openfoodfacts.org/images/products/394/878/601/0509/front_de.4.400.jpg,[]
https://world.openfoodfacts.org/product/8901786490509,,,8901786490509,10,Everest fish curry masala,[],unknown,c7ee973ee007,"{'energy_kcal': None, 'protein_g': None, 'carbohydrates_g': None, 'of_which_sugars_g': None, 'fat_g': None, 'of_which_saturated_fat_g': None, 'dietary_fiber_g': None, 'sodium_mg': None}",,,,enriched,['openfoodfacts'],Spices & Masala,Everest,Singapore,openfoodfacts,,,https://images.openfoodfacts.org/images/products/890/178/649/0509/front_en.3.400.jpg,[]
https://world.openfoodfacts.org/product/8901786020508,,,8901786020508,50 g,EVEREST Masala tae,[],unknown,d220facd76ac,"{'energy_kcal': 221, 'protein_g': 26, 'carbohydrates_g': 0.2, 'of_which_sugars_g': 0, 'fat_g': 13, 'of_which_saturated_fat_g': 2.4, 'dietary_fiber_g': None, 'sodium_mg': 3.52}",,,,enriched,['openfoodfacts'],Spices & Masala,Everest,,openfoodfacts,,,https://images.openfoodfacts.org/images/products/890/178/602/0508/front_en.26.400.jpg,[]
https://world.openfoodfacts.org/product/8901786531004,,,8901786531004,100gm,Shahi Paneer Masala,[],unknown,905d1ec6cd75,"{'energy_kcal': 20, 'protein_g': 0.7, 'carbohydrates_g': 3.1, 'of_which_sugars_g': 0.4, 'fat_g': 0.4, 'of_which_saturated_fat_g': 0.05, 'dietary_fiber_g': None, 'sodium_mg': 0.1}",,,,enriched,['openfoodfacts'],Spices & Masala,Everest,France,openfoodfacts,,,https://images.openfoodfacts.org/images/products/890/178/653/1004/front_fr.3.400.jpg,[]
https://world.openfoodfacts.org/product/8901786091003,,,8901786091003,100gm,EVEREST Chhole Masala,[],,d373d75be69c,{},,,,not_found,['openfoodfacts'],Spices & Masala,Everest,,openfoodfacts,,,https://images.openfoodfacts.org/images/products/890/178/609/1003/front_en.8.400.jpg,[]
https://world.openfoodfacts.org/product/8901786165001,,,8901786165001,,Everest Chicken Masala,[],unknown,45e015e921be,"{'energy_kcal': 312, 'protein_g': 11.85, 'carbohydrates_g': 36.66, 'of_which_sugars_g': 3.61, 'fat_g': 13.12, 'of_which_saturated_fat_g': 1.71, 'dietary_fiber_g': 33.66, 'sodium_mg': 0.716}",,,,enriched,['openfoodfacts'],Spices & Masala,Everest,France,openfoodfacts,https://images.openfoodfacts.org/images/products/890/178/616/5001/ingredients_fr.11.400.jpg,https://images.openfoodfacts.org/images/products/890/178/616/5001/nutrition_fr.7.400.jpg,https://images.openfoodfacts.org/images/products/890/178/616/5001/front_fr.4.400.jpg,['Percent DailyVaIues are based on a 2000 calorie diet. Your daity values may be higher or Iower depending on your calorie needs']
https://world.openfoodfacts.org/product/8901786031009,,,8901786031009,50g,Pani Puri Masala,[],a,ca70e445df4c,"{'energy_kcal': 17.25, 'protein_g': 0.44, 'carbohydrates_g': 3.02, 'of_which_sugars_g': 0, 'fat_g': 0.36, 'of_which_saturated_fat_g': 0.05, 'dietary_fiber_g': 0, 'sodium_mg': 0}",,3,,enriched,"['openfoodfacts', 'openfoodfacts', 'openfoodfacts']",Spices & Masala,Everest,,openfoodfacts,,,https://images.openfoodfacts.org/images/products/890/178/603/1009/front_en.3.400.jpg,"['Rock Salt', 'Dried Mango', 'Cumin', 'Chilli', 'Black Salt', 'Mint Leaf', 'Black Pepper', 'Dried Ginger', 'Tamarind and Citric Acid.Contain Mustard']"
https://world.openfoodfacts.org/product/9004355537007,,,9004355537007,1pcs,Tikka Masala Curry,[],unknown,ac8d0c893803,"{'energy_kcal': None, 'protein_g': None, 'carbohydrates_g': None, 'of_which_sugars_g': None, 'fat_g': None, 'of_which_saturated_fat_g': None, 'dietary_fiber_g': None, 'sodium_mg': None}",,,,enriched,['openfoodfacts'],Spices & Masala,Everest,Deutschland,openfoodfacts,,,https://images.openfoodfacts.org/images/products/900/435/553/7007/front_de.4.400.jpg,[]
https://world.openfoodfacts.org/product/8901786080120,,,8901786080120,,Sambar Masala,[],unknown,6f0e75f592a1,"{'energy_kcal': None, 'protein_g': None, 'carbohydrates_g': None, 'of_which_sugars_g': None, 'fat_g': None, 'of_which_saturated_fat_g': None, 'dietary_fiber_g': None, 'sodium_mg': None}",,,,enriched,['openfoodfacts'],Spices & Masala,Everest,Germany,openfoodfacts,,,https://images.openfoodfacts.org/images/products/890/178/608/0120/front_en.5.400.jpg,[]
https://world.openfoodfacts.org/product/8901786172009,,,8901786172009,100g,Everest Tandoori Chicken Masala,[],unknown,9206b377b38d,"{'energy_kcal': 400, 'protein_g': 14, 'carbohydrates_g': 58, 'of_which_sugars_g': 4, 'fat_g': 10, 'of_which_saturated_fat_g': 2, 'dietary_fiber_g': None, 'sodium_mg': 2.5}",,,,enriched,['openfoodfacts'],Spices & Masala,Everest,,openfoodfacts,,,https://images.openfoodfacts.org/images/products/890/178/617/2009/front_en.3.400.jpg,[]
https://world.openfoodfacts.org/product/3948786060122,,,3948786060122,12g,Chat Masala,[],unknown,fb12d6f794d8,"{'energy_kcal': None, 'protein_g': None, 'carbohydrates_g': None, 'of_which_sugars_g': None, 'fat_g': None, 'of_which_saturated_fat_g': None, 'dietary_fiber_g': None, 'sodium_mg': None}",,,,enriched,['openfoodfacts'],Spices & Masala,Everest,Germany,openfoodfacts,,,https://images.openfoodfacts.org/images/products/394/878/606/0122/front_en.3.400.jpg,[]
https://world.openfoodfacts.org/product/6291103750099,,,6291103750099,100 g,Chunky Chat masala,[],,98bb4e65e980,{},,,,not_found,['openfoodfacts'],Spices & Masala,MDH,,openfoodfacts,,,https://images.openfoodfacts.org/images/products/629/110/375/0099/front_fr.4.400.jpg,[]
https://world.openfoodfacts.org/product/6291103336606,,,6291103336606,100 g,Dal Makhani masala,[],unknown,107bb6180c60,"{'energy_kcal': None, 'protein_g': None, 'carbohydrates_g': None, 'of_which_sugars_g': None, 'fat_g': None, 'of_which_saturated_fat_g': None, 'dietary_fiber_g': None, 'sodium_mg': None}",,,,enriched,"['openfoodfacts', 'openfoodfacts']",Spices & Masala,MDH,France,openfoodfacts,,,https://images.openfoodfacts.org/images/products/629/110/333/6606/front_fr.3.400.jpg,[]
https://world.openfoodfacts.org/product/6291103750297,Plant Based Foods,,6291103750297,,Pav Bhaji Masala,[],e,a3cdce9149bc,"{'energy_kcal': 280, 'protein_g': 20, 'carbohydrates_g': 40, 'of_which_sugars_g': 0, 'fat_g': 20, 'of_which_saturated_fat_g': 0, 'dietary_fiber_g': 0, 'sodium_mg': 2.8}",,3,,enriched,"['openfoodfacts', 'openfoodfacts']",Spices & Masala,MDH,,openfoodfacts,,,https://images.openfoodfacts.org/images/products/629/110/375/0297/front_en.5.400.jpg,"['Coriander', 'chili', 'cumin', 'dry mango', 'black pepper', 'salt white', 'fennel', 'cinnamon', 'dry ginger', 'bay leaf', 'cloves', 'star anise caraway', 'nutmeg', 'mace', 'black salt']"
https://world.openfoodfacts.org/product/8902167000386,,,8902167000386,100 g,MDH Chutney Podina Masala 100 Gramm,[],unknown,6ed895bff4d3,"{'energy_kcal': 196, 'protein_g': 12, 'carbohydrates_g': 28, 'of_which_sugars_g': 0, 'fat_g': 4, 'of_which_saturated_fat_g': 0, 'dietary_fiber_g': 10, 'sodium_mg': 11.6}",,,,enriched,['openfoodfacts'],Spices & Masala,MDH,France,openfoodfacts,https://images.openfoodfacts.org/images/products/890/216/700/0386/ingredients_fr.4.400.jpg,,,"['PRÉPARATION POUR SAUCE À LA MENTHE Ingrédients: Coriandre', 'feuilles de menthe', 'sel', 'mangue déshydratée', ""poudre d'oignon séché"", 'piment jaune', 'graines de grenade', 'poudre de melon brodé séché', 'noix de muscade', ""poivre noir Allergènes : voir/a liste d'ingrédients en gras Mfd"", 'by: Mahashian Di Hatti Pvt. Ltd. 139', 'UDYOG VIHAR', 'PHASE-l', 'GURGAON-122016 HR.  Visit us : www.mdhspices.com']"
https://world.openfoodfacts.org/product/8902167000584,,,8902167000584,50 g,pulao masala,[],,fd139d1abf6f,{},,,,not_found,['openfoodfacts'],Spices & Masala,MDH,,openfoodfacts,,,https://images.openfoodfacts.org/images/products/890/216/700/0584/front_fr.3.400.jpg,[]
https://world.openfoodfacts.org/product/8902167001017,Gewürz,,8902167001017,100 g,MDH Dal Makhani Masala,[],e,6c6cd1ed568f,"{'energy_kcal': 261, 'protein_g': 14, 'carbohydrates_g': 29.4, 'of_which_sugars_g': 0, 'fat_g': 12.8, 'of_which_saturated_fat_g': 0, 'dietary_fiber_g': None, 'sodium_mg': 2.2}",,,,enriched,['openfoodfacts'],Ready-to-Eat,MDH,France,openfoodfacts,https://images.openfoodfacts.org/images/products/890/216/700/1017/ingredients_fr.4.400.jpg,,https://images.openfoodfacts.org/images/products/890/216/700/1017/front_fr.7.400.jpg,[]
https://world.openfoodfacts.org/product/6291103750358,,,6291103750358,35 g,T Plus Masala,[],,b5d7732d43be,{},,,,not_found,['openfoodfacts'],Spices & Masala,MDH,,openfoodfacts,,,https://images.openfoodfacts.org/images/products/629/110/375/0358/front_en.11.400.jpg,[]
https://world.openfoodfacts.org/product/6291103750051,Plant Based Foods,,6291103750051,100 g,Butter chicken masala,[],not-applicable,3f4cf042e880,"{'energy_kcal': None, 'protein_g': None, 'carbohydrates_g': None, 'of_which_sugars_g': None, 'fat_g': None, 'of_which_saturated_fat_g': None, 'dietary_fiber_g': None, 'sodium_mg': None}",,3,,enriched,"['openfoodfacts', 'openfoodfacts']",Spices & Masala,MDH,Azerbaijan,openfoodfacts,https://images.openfoodfacts.org/images/products/629/110/375/0051/ingredients_en.13.400.jpg,https://images.openfoodfacts.org/images/products/629/110/375/0051/nutrition_en.14.400.jpg,https://images.openfoodfacts.org/images/products/629/110/375/0051/front_en.12.400.jpg,"['Coriander', 'Red Chilli', 'Onion flakes', 'Salt', 'Green Cardamom', 'Black pepper', 'Dry Ginger', 'Cassia', 'Turmeric', 'Cloves', 'Garlic flakes', 'Nutmeg', 'Mace', 'Star Anise.']"
https://world.openfoodfacts.org/product/8902167000010,,,8902167000010,100 g,MDH JAL JEERA MASALA,[],,437947e1f05b,{},,,,not_found,['openfoodfacts'],Spices & Masala,MDH,,openfoodfacts,,,https://images.openfoodfacts.org/images/products/890/216/700/0010/front_en.5.400.jpg,[]
https://world.openfoodfacts.org/product/6291103750617,,,6291103750617,100 g,Karahi Paneer Masala,[],unknown,06af05af06be,"{'energy_kcal': 100, 'protein_g': 0, 'carbohydrates_g': 20, 'of_which_sugars_g': 0, 'fat_g': 0, 'of_which_saturated_fat_g': 0, 'dietary_fiber_g': 0, 'sodium_mg': 24.42}",,,,enriched,['openfoodfacts'],Spices & Masala,MDH,United States,openfoodfacts,,https://images.openfoodfacts.org/images/products/629/110/375/0617/nutrition_en.6.400.jpg,https://images.openfoodfacts.org/images/products/629/110/375/0617/front_en.4.400.jpg,[]
https://world.openfoodfacts.org/product/6291103750495,,,6291103750495,100 g,Stuffed Parantha Masala Spice Blend,[],unknown,ef7de0601d0d,"{'energy_kcal': None, 'protein_g': None, 'carbohydrates_g': None, 'of_which_sugars_g': None, 'fat_g': None, 'of_which_saturated_fat_g': None, 'dietary_fiber_g': None, 'sodium_mg': None}",,,,enriched,['openfoodfacts'],Spices & Masala,MDH,,openfoodfacts,,,https://images.openfoodfacts.org/images/products/629/110/375/0495/front_en.3.400.jpg,[]
https://world.openfoodfacts.org/product/6291103750204,,,6291103750204,,Curry Masala for Karahi Gosht,[],unknown,b7503d6fe09e,"{'energy_kcal': None, 'protein_g': None, 'carbohydrates_g': None, 'of_which_sugars_g': None, 'fat_g': None, 'of_which_saturated_fat_g': None, 'dietary_fiber_g': None, 'sodium_mg': None}",,,,enriched,['openfoodfacts'],Spices & Masala,MDH,United States,openfoodfacts,,,,[]
https://world.openfoodfacts.org/product/8902167001222,,,8902167001222,100g,Sindhi Biryani masala,[],,0ef5a46831e3,{},,,,not_found,"['openfoodfacts', 'openfoodfacts']",Spices & Masala,MDH,,openfoodfacts,,,,[]
https://world.openfoodfacts.org/product/0099482427498,,,0099482427498,,"Whole Catch, Hot Smoked Sockeye Wild Alaskan Slamon, Cajun Spice",['Fish'],d,73fddcb14f24,"{'energy_kcal': 211, 'protein_g': 24.56, 'carbohydrates_g': 1.75, 'of_which_sugars_g': 1.75, 'fat_g': 10.53, 'of_which_saturated_fat_g': 1.75, 'dietary_fiber_g': 0, 'sodium_mg': 1.088}",,3,,enriched,['openfoodfacts'],Meat & Seafood,Whole Foods Market  Inc.,United States,openfoodfacts,,,,"['Sockeye salmon', 'salt', 'brown sugar', 'cajun seasoning', 'garlic powder', 'cayenne pepper', 'spices', 'natural hardwood smoke.']"
https://world.openfoodfacts.org/product/8901192221117,Plant Based Foods,,8901192221117,100 g,Chhole Masala,[],,21bcd4e60b7b,{},,,,not_found,['openfoodfacts'],Spices & Masala,Catch,,openfoodfacts,,,https://images.openfoodfacts.org/images/products/890/119/222/1117/front_en.3.400.jpg,[]
https://world.openfoodfacts.org/product/8901192205100,Mixtures Of Herbs And Spices,,8901192205100,100g,catch chat masala,[],e,a389e9c3d948,"{'energy_kcal': 202, 'protein_g': 6.8, 'carbohydrates_g': 30, 'of_which_sugars_g': 9.9, 'fat_g': 6.1, 'of_which_saturated_fat_g': 0.5, 'dietary_fiber_g': None, 'sodium_mg': 17.95}",,3,,enriched,['openfoodfacts'],Sauces & Condiments,Catch,India,openfoodfacts,https://images.openfoodfacts.org/images/products/890/119/220/5100/ingredients_en.3.400.jpg,https://images.openfoodfacts.org/images/products/890/119/220/5100/nutrition_en.19.400.jpg,https://images.openfoodfacts.org/images/products/890/119/220/5100/front_en.18.400.jpg,"['Salt', 'Dry Mango', 'Cucumis', 'Black Salt', 'Edible Common Salt', 'Capsicum', 'Cumin', ""Bishop's Weed"", 'Mint', 'Long Pepper', 'Sugar', 'Black Pepper', 'Big Cardamom', 'Red Chilli', 'Clove', 'Cinnamon', 'Coriander', 'Asafoetida', 'Ammonium Chloride', 'Citric Acid.']"
https://world.openfoodfacts.org/product/8901192114006,Plant Based Foods,,8901192114006,50 g,Sprinkler Black Pepper,[],,327646986b93,{},,,,not_found,['openfoodfacts'],Spices & Masala,Catch,,openfoodfacts,,,https://images.openfoodfacts.org/images/products/890/119/211/4006/front_en.3.400.jpg,[]
https://world.openfoodfacts.org/product/8901192214119,Plant Based Foods,,8901192214119,100gm,CHICKEN MASALA,[],,d1d1aee092ff,{},,,,not_found,"['openfoodfacts', 'openfoodfacts']",Spices & Masala,Catch,,openfoodfacts,,,https://images.openfoodfacts.org/images/products/890/119/221/4119/front_en.4.400.jpg,[]
https://world.openfoodfacts.org/product/8901192202116,Plant Based Foods,,8901192202116,100gm,SAMBHAR MASALA,[],not-applicable,9044964948d2,"{'energy_kcal': None, 'protein_g': None, 'carbohydrates_g': None, 'of_which_sugars_g': None, 'fat_g': None, 'of_which_saturated_fat_g': None, 'dietary_fiber_g': None, 'sodium_mg': None}",,,,enriched,['openfoodfacts'],Spices & Masala,Catch,India,openfoodfacts,,,https://images.openfoodfacts.org/images/products/890/119/220/2116/front_en.4.400.jpg,[]
https://world.openfoodfacts.org/product/8901192204110,Plant Based Foods,,8901192204110,,Catch Chatpata Chat Masala,[],not-applicable,132a6cab51aa,"{'energy_kcal': None, 'protein_g': None, 'carbohydrates_g': None, 'of_which_sugars_g': None, 'fat_g': None, 'of_which_saturated_fat_g': None, 'dietary_fiber_g': None, 'sodium_mg': None}",,,,enriched,['openfoodfacts'],Spices & Masala,Catch,,openfoodfacts,,,https://images.openfoodfacts.org/images/products/890/119/220/4110/front_en.3.400.jpg,[]
https://world.openfoodfacts.org/product/8901192208118,Mixtures Of Herbs And Spices,,8901192208118,100gm,KITCHEN KING,[],unknown,46c0db5e02fd,"{'energy_kcal': None, 'protein_g': None, 'carbohydrates_g': None, 'of_which_sugars_g': None, 'fat_g': None, 'of_which_saturated_fat_g': None, 'dietary_fiber_g': None, 'sodium_mg': None}",,,,enriched,['openfoodfacts'],Sauces & Condiments,Catch,India,openfoodfacts,,,https://images.openfoodfacts.org/images/products/890/119/220/8118/front_en.3.400.jpg,[]
https://world.openfoodfacts.org/product/8901192215116,Mixtures Of Herbs And Spices,,8901192215116,100 g,Catch sabzi masala,[],unknown,482fcd19abdb,"{'energy_kcal': None, 'protein_g': None, 'carbohydrates_g': None, 'of_which_sugars_g': None, 'fat_g': None, 'of_which_saturated_fat_g': None, 'dietary_fiber_g': None, 'sodium_mg': None}",,,,enriched,['openfoodfacts'],Sauces & Condiments,Catch,,openfoodfacts,,,https://images.openfoodfacts.org/images/products/890/119/221/5116/front_en.3.400.jpg,[]
https://world.openfoodfacts.org/product/8901192217110,Mixtures Of Herbs And Spices,,8901192217110,100gm,JALJEERA,[],unknown,209cbc52d464,"{'energy_kcal': None, 'protein_g': None, 'carbohydrates_g': None, 'of_which_sugars_g': None, 'fat_g': None, 'of_which_saturated_fat_g': None, 'dietary_fiber_g': None, 'sodium_mg': None}",,,,enriched,['openfoodfacts'],Sauces & Condiments,Catch,India,openfoodfacts,,,https://images.openfoodfacts.org/images/products/890/119/221/7110/front_en.4.400.jpg,[]
https://world.openfoodfacts.org/product/8901192213112,Mixtures Of Herbs And Spices,,8901192213112,100gm,MEAT MASALA,[],,bcbb95b8d57b,{},,,,not_found,['openfoodfacts'],Sauces & Condiments,Catch,,openfoodfacts,,,https://images.openfoodfacts.org/images/products/890/119/221/3112/front_en.10.400.jpg,[]
https://world.openfoodfacts.org/product/8901192216113,Plant Based Foods,,8901192216113,100gm,Garam masala,[],not-applicable,b5e4183c842c,"{'energy_kcal': None, 'protein_g': None, 'carbohydrates_g': None, 'of_which_sugars_g': None, 'fat_g': None, 'of_which_saturated_fat_g': None, 'dietary_fiber_g': None, 'sodium_mg': None}",,,,enriched,['openfoodfacts'],Spices & Masala,Catch,India,openfoodfacts,,,https://images.openfoodfacts.org/images/products/890/119/221/6113/front_en.3.400.jpg,[]
https://world.openfoodfacts.org/product/8901192223111,Mixtures Of Herbs And Spices,,8901192223111,100g,catch Rajma masala,[],,4bd81afa3459,{},,,,not_found,['openfoodfacts'],Sauces & Condiments,Catch,,openfoodfacts,,,https://images.openfoodfacts.org/images/products/890/119/222/3111/front_en.3.400.jpg,[]
https://world.openfoodfacts.org/product/8901192105110,Plant Based Foods,,8901192105110,100g,Amchur power,[],not-applicable,539467814884,"{'energy_kcal': None, 'protein_g': None, 'carbohydrates_g': None, 'of_which_sugars_g': None, 'fat_g': None, 'of_which_saturated_fat_g': None, 'dietary_fiber_g': None, 'sodium_mg': None}",,,,enriched,['openfoodfacts'],Spices & Masala,Catch,India,openfoodfacts,,,https://images.openfoodfacts.org/images/products/890/119/210/5110/front_en.3.400.jpg,[]
https://world.openfoodfacts.org/product/8901192103116,Plant Based Foods,,8901192103116,100g,Kashmiri mirch power,[],not-applicable,5013ac7a3a54,"{'energy_kcal': None, 'protein_g': None, 'carbohydrates_g': None, 'of_which_sugars_g': None, 'fat_g': None, 'of_which_saturated_fat_g': None, 'dietary_fiber_g': None, 'sodium_mg': None}",,,,enriched,['openfoodfacts'],Spices & Masala,Catch,,openfoodfacts,,,https://images.openfoodfacts.org/images/products/890/119/210/3116/front_en.4.400.jpg,[]
https://world.openfoodfacts.org/product/8901192207111,Plant Based Foods,,8901192207111,,catch chana masala,[],not-applicable,6b306816ef8e,"{'energy_kcal': None, 'protein_g': None, 'carbohydrates_g': None, 'of_which_sugars_g': None, 'fat_g': None, 'of_which_saturated_fat_g': None, 'dietary_fiber_g': None, 'sodium_mg': None}",,,,enriched,['openfoodfacts'],Spices & Masala,Catch,India,openfoodfacts,,,https://images.openfoodfacts.org/images/products/890/119/220/7111/front_en.6.400.jpg,[]
https://world.openfoodfacts.org/product/8901192210012,Plant Based Foods,,8901192210012,,catch biryani masala,[],,187a677bec6a,{},,,,not_found,['openfoodfacts'],Spices & Masala,Catch,,openfoodfacts,,,https://images.openfoodfacts.org/images/products/890/119/221/0012/front_en.3.400.jpg,[]
https://world.openfoodfacts.org/product/3541879797808,Plant Based Foods,,3541879797808,,pav bhaji masala,[],not-applicable,d94f77e0b212,"{'energy_kcal': None, 'protein_g': None, 'carbohydrates_g': None, 'of_which_sugars_g': None, 'fat_g': None, 'of_which_saturated_fat_g': None, 'dietary_fiber_g': None, 'sodium_mg': None}",,,,enriched,"['openfoodfacts', 'openfoodfacts']",Spices & Masala,Catch,India,openfoodfacts,,,https://images.openfoodfacts.org/images/products/354/187/979/7808/front_en.3.400.jpg,[]
https://world.openfoodfacts.org/product/8901774002165,Bean Dishes,,8901774002165,1pcs,Madras Sambar Masala,[],,96d7448c78d4,{},,,,not_found,['openfoodfacts'],Ready-to-Eat,Badshah,,openfoodfacts,,,https://images.openfoodfacts.org/images/products/890/177/400/2165/front_en.14.400.jpg,[]
https://world.openfoodfacts.org/product/8901774002196,,,8901774002196,,Mélange De Thandai Masala,[],unknown,7e91d8b844c3,"{'energy_kcal': 214.285714285714, 'protein_g': 7.14285714285714, 'carbohydrates_g': 28.5714285714286, 'of_which_sugars_g': 0, 'fat_g': 10.7142857142857, 'of_which_saturated_fat_g': 0, 'dietary_fiber_g': 3.57142857142857, 'sodium_mg': 0.607142857142857}",,,,enriched,['openfoodfacts'],Spices & Masala,Badshah,United States,openfoodfacts,,,https://images.openfoodfacts.org/images/products/890/177/400/2196/front_en.3.400.jpg,[]
https://world.openfoodfacts.org/product/0850053642548,Plant Based Foods,,0850053642548,,Chat Masala,[],,c964ea2288d9,{},,,,not_found,['openfoodfacts'],Spices & Masala,Badshah,,openfoodfacts,,,https://images.openfoodfacts.org/images/products/085/005/364/2548/front_en.3.400.jpg,[]
https://world.openfoodfacts.org/product/8906002084036,,,8906002084036,,Tandoori Chicken Masala,[],unknown,5cb4eca5a3a5,"{'energy_kcal': 280, 'protein_g': 8, 'carbohydrates_g': 44, 'of_which_sugars_g': 0, 'fat_g': 8, 'of_which_saturated_fat_g': 0, 'dietary_fiber_g': 4, 'sodium_mg': 7.864}",,,,enriched,['openfoodfacts'],Spices & Masala,Sakthi,United States,openfoodfacts,,,,[]
https://world.openfoodfacts.org/product/8906002080113,Plant Based Foods,,8906002080113,50g,Chilli Powder,[],,d9934060adeb,{},,,,not_found,['openfoodfacts'],Spices & Masala,Sakthi,,openfoodfacts,,,https://images.openfoodfacts.org/images/products/890/600/208/0113/front_en.3.400.jpg,[]
https://world.openfoodfacts.org/product/8906002081615,,,8906002081615,50g,Biriyani Masala,[],unknown,22113b041076,"{'energy_kcal': None, 'protein_g': None, 'carbohydrates_g': None, 'of_which_sugars_g': None, 'fat_g': None, 'of_which_saturated_fat_g': None, 'dietary_fiber_g': None, 'sodium_mg': None}",,,,enriched,['openfoodfacts'],Spices & Masala,Sakthi,,openfoodfacts,,,https://images.openfoodfacts.org/images/products/890/600/208/1615/front_en.4.400.jpg,[]
https://world.openfoodfacts.org/product/8901440205647,,,8901440205647,200g,Super garam masala,[],unknown,e5888f2cf582,"{'energy_kcal': None, 'protein_g': None, 'carbohydrates_g': None, 'of_which_sugars_g': None, 'fat_g': None, 'of_which_saturated_fat_g': None, 'dietary_fiber_g': None, 'sodium_mg': None}",,,,enriched,['openfoodfacts'],Spices & Masala,Eastern,Germany,openfoodfacts,https://images.openfoodfacts.org/images/products/890/144/020/5647/ingredients_en.3.400.jpg,,,[]
https://world.openfoodfacts.org/product/0862768000117,Sauces,,0862768000117,,Butter Masala Sauce,[],,5c99e75be846,{},,,,not_found,['openfoodfacts'],Sauces & Condiments,Eastern,,openfoodfacts,,,,[]
https://world.openfoodfacts.org/product/8901440011248,,,8901440011248,100g,Garam Masala,[],unknown,388c50d4b756,"{'energy_kcal': None, 'protein_g': None, 'carbohydrates_g': None, 'of_which_sugars_g': None, 'fat_g': None, 'of_which_saturated_fat_g': None, 'dietary_fiber_g': None, 'sodium_mg': None}",,,,enriched,['openfoodfacts'],Spices & Masala,Eastern,Romania,openfoodfacts,,,https://images.openfoodfacts.org/images/products/890/144/001/1248/front_en.3.400.jpg,[]
https://world.openfoodfacts.org/product/8901440222118,,,8901440222118,125g,Spicy Chicken Masala,[],,1a60c1355bd3,{},,,,not_found,['openfoodfacts'],Spices & Masala,Eastern,,openfoodfacts,,,https://images.openfoodfacts.org/images/products/890/144/022/2118/front_en.3.400.jpg,[]
https://world.openfoodfacts.org/product/8901440011446,Mixtures Of Herbs And Spices,,8901440011446,100g,Mutton Masala,[],unknown,7c644976f6e4,"{'energy_kcal': None, 'protein_g': None, 'carbohydrates_g': None, 'of_which_sugars_g': None, 'fat_g': None, 'of_which_saturated_fat_g': None, 'dietary_fiber_g': None, 'sodium_mg': None}",,,,enriched,['openfoodfacts'],Sauces & Condiments,Eastern,Netherlands,openfoodfacts,,,https://images.openfoodfacts.org/images/products/890/144/001/1446/front_en.3.400.jpg,[]
https://world.openfoodfacts.org/product/8901440206859,Plant Based Foods,,8901440206859,100 g,Beef Ularthu Masala,[],,74d3e2c453bc,{},,,,not_found,['openfoodfacts'],Spices & Masala,Eastern,,openfoodfacts,,,https://images.openfoodfacts.org/images/products/890/144/020/6859/front_en.3.400.jpg,[]
https://world.openfoodfacts.org/product/8901440214403,,,8901440214403,,Chicken 64 Masala,[],unknown,8a86533a7bc4,"{'energy_kcal': None, 'protein_g': None, 'carbohydrates_g': None, 'of_which_sugars_g': None, 'fat_g': None, 'of_which_saturated_fat_g': None, 'dietary_fiber_g': None, 'sodium_mg': None}",,,,enriched,['openfoodfacts'],Spices & Masala,Eastern,United States,openfoodfacts,,,,[]
https://world.openfoodfacts.org/product/8901440209416,,,8901440209416,,Egg Masala Powder,[],unknown,5c3669383d25,"{'energy_kcal': 300, 'protein_g': 10, 'carbohydrates_g': 40, 'of_which_sugars_g': 10, 'fat_g': 10, 'of_which_saturated_fat_g': 0, 'dietary_fiber_g': 20, 'sodium_mg': 0.5}",,,,enriched,['openfoodfacts'],Spices & Masala,Eastern,,openfoodfacts,,,,[]
https://world.openfoodfacts.org/product/8901440011101,,,8901440011101,,Chicken Masala Spice Mix,[],unknown,db47e8291921,"{'energy_kcal': 300, 'protein_g': 10, 'carbohydrates_g': 40, 'of_which_sugars_g': 10, 'fat_g': 10, 'of_which_saturated_fat_g': 0, 'dietary_fiber_g': 30, 'sodium_mg': 0.45}",,,,enriched,['openfoodfacts'],Spices & Masala,Eastern,United States,openfoodfacts,,,,[]
https://world.openfoodfacts.org/product/8901440011439,,,8901440011439,,Chicken Fry Masala,[],,48d704d87c64,{},,,,not_found,['openfoodfacts'],Spices & Masala,Eastern,,openfoodfacts,,,,[]
https://world.openfoodfacts.org/product/8906007280242,Plant Based Foods,,8906007280242,1 l,refined sunflower oil,[],c,b45b64c85d7b,"{'energy_kcal': 900, 'protein_g': 0, 'carbohydrates_g': 0, 'of_which_sugars_g': 0, 'fat_g': 100, 'of_which_saturated_fat_g': 17, 'dietary_fiber_g': 0, 'sodium_mg': 0}",India,2,Refined Sunflower Oil,enriched,['openfoodfacts'],Grains & Flour,Fortune,India,openfoodfacts,https://images.openfoodfacts.org/images/products/890/600/728/0242/ingredients_en.13.400.jpg,https://images.openfoodfacts.org/images/products/890/600/728/0242/nutrition_en.22.400.jpg,https://images.openfoodfacts.org/images/products/890/600/728/0242/front_en.18.400.jpg,"['Refined Sunflower Oil. Permitted Antioxidant TBHQ', 'Vitamin A and Vitamin D.']"
https://world.openfoodfacts.org/product/8906007280310,Plant Based Foods,,8906007280310,15 L,fortune sun lite sunflower oil 15 litre,[],unknown,ce17738169f8,"{'energy_kcal': None, 'protein_g': None, 'carbohydrates_g': None, 'of_which_sugars_g': None, 'fat_g': None, 'of_which_saturated_fat_g': None, 'dietary_fiber_g': None, 'sodium_mg': None}",,2,,enriched,['openfoodfacts'],Grains & Flour,Fortune,,openfoodfacts,,,https://images.openfoodfacts.org/images/products/890/600/728/0310/front_en.3.400.jpg,[]
https://world.openfoodfacts.org/product/8906007280280,Plant Based Foods,,8906007280280,5L (4.550 Kg),Fortune Refined Sunflower Oil,[],unknown,bdd965e552c8,"{'energy_kcal': None, 'protein_g': None, 'carbohydrates_g': None, 'of_which_sugars_g': None, 'fat_g': None, 'of_which_saturated_fat_g': None, 'dietary_fiber_g': None, 'sodium_mg': None}",,2,,enriched,['openfoodfacts'],Grains & Flour,Fortune,India,openfoodfacts,https://images.openfoodfacts.org/images/products/890/600/728/0280/ingredients_en.10.400.jpg,https://images.openfoodfacts.org/images/products/890/600/728/0280/nutrition_en.22.400.jpg,https://images.openfoodfacts.org/images/products/890/600/728/0280/front_en.3.400.jpg,"['Refined Sunflower Oil', 'Permitted Antioxidant-TBHQ', 'Vitamin A and Vitamin D. Saturated Fat #NM MAX. RETAIL PRICE : INCLUSIVE OF OOOO 0% 13.65 20.37% 2.32 10.55% 0.14 7.00% 0% Explore fortune 19 ad wil For a healthy g Markete Corporal Near Na Ahmeda For manu License No the bracke FOR ANY CUSTOME TOLL-FREE FREE FR USE BY D DRY PLAC 620.00 (USPF 124.0']"
https://world.openfoodfacts.org/product/8906008811902,Plant Based Foods,,8906008811902,1l,Pro Immunity Multi-source Edible Oil,[],,0cc668bff7da,{},,,,not_found,['openfoodfacts'],Grains & Flour,Fortune,,openfoodfacts,,,https://images.openfoodfacts.org/images/products/890/600/881/1902/front_en.9.400.jpg,[]
https://world.openfoodfacts.org/product/8906007280235,Plant Based Foods,,8906007280235,435g,Fortune sun lite refined sunflower oil,[],c,c120bc01877c,"{'energy_kcal': 900, 'protein_g': 0, 'carbohydrates_g': 0, 'of_which_sugars_g': 0, 'fat_g': 100, 'of_which_saturated_fat_g': 17, 'dietary_fiber_g': None, 'sodium_mg': 0}",,,,enriched,['openfoodfacts'],Grains & Flour,Fortune,India,openfoodfacts,https://images.openfoodfacts.org/images/products/890/600/728/0235/ingredients_en.17.400.jpg,https://images.openfoodfacts.org/images/products/890/600/728/0235/nutrition_en.7.400.jpg,https://images.openfoodfacts.org/images/products/890/600/728/0235/front_en.3.400.jpg,"['Refined Sunflower Oil', 'Antioxidant . Vitamin A and Vitamin D. Ⓡ - is the registered trademark of Adani Wilmar Limited. Visit us at: fortunefoods.com FREE FROM ARGEMONE OIL 8906007 280235 FOR ANY SUG PLEASE CONT AT CORPORAT TOLL-FREE N 242025: 68a4e 08:14 10/12/2025 08:14']"
https://world.openfoodfacts.org/product/0071800828309,Plant Based Foods,,0071800828309,,100% Sanfflower Oil,[],,75911bd1ce83,{},,,,not_found,['openfoodfacts'],Cooking Oil,Saffola,,openfoodfacts,,,,[]
https://world.openfoodfacts.org/product/0071800828323,Plant Based Foods,,0071800828323,,100% Safflower Oil,[],b,91446931701d,"{'energy_kcal': 857, 'protein_g': 0, 'carbohydrates_g': 0, 'of_which_sugars_g': None, 'fat_g': 100, 'of_which_saturated_fat_g': 7.14, 'dietary_fiber_g': None, 'sodium_mg': 0}",,2,,enriched,['openfoodfacts'],Cooking Oil,Saffola,United States,openfoodfacts,,,,['Safflower oil.']
https://world.openfoodfacts.org/product/8901088034593,Plant Based Foods,,8901088034593,1l,SAFOLA ACTIVE - MULTI-SOURCE EDIBLE OIL,[],,f39d2b0401ce,{},,,,not_found,['openfoodfacts'],Cooking Oil,Saffola,,openfoodfacts,,,https://images.openfoodfacts.org/images/products/890/108/803/4593/front_en.25.400.jpg,[]
https://world.openfoodfacts.org/product/8901088002530,Plant Based Foods,,8901088002530,820 g,Tasty+,[],c,e55256911b92,"{'energy_kcal': 900, 'protein_g': 0, 'carbohydrates_g': 0, 'of_which_sugars_g': 0, 'fat_g': 100, 'of_which_saturated_fat_g': 21, 'dietary_fiber_g': 0, 'sodium_mg': 0}",,4,Multi-source edible oil,enriched,['openfoodfacts'],Cooking Oil,Saffola,India,openfoodfacts,https://images.openfoodfacts.org/images/products/890/108/800/2530/ingredients_en.21.400.jpg,https://images.openfoodfacts.org/images/products/890/108/800/2530/nutrition_en.22.400.jpg,https://images.openfoodfacts.org/images/products/890/108/800/2530/front_en.8.400.jpg,"['PHYSICALLY REFINED RICE BRAN OIL', 'REFINED CORN OIL', 'ANTIOXIDANTS', 'VITAMINS', 'ANTI FOAMING AGENT']"
https://world.openfoodfacts.org/product/8901088155458,Plant Based Foods,,8901088155458,3l,Saffola Gold,[],,7456ecb4a655,{},,,,not_found,['openfoodfacts'],Cooking Oil,Saffola,,openfoodfacts,,,https://images.openfoodfacts.org/images/products/890/108/815/5458/front_en.3.400.jpg,[]
https://world.openfoodfacts.org/product/8901088017411,,,8901088017411,3,Saffola gold Blended oil 5 l,[],unknown,dacb7e42228a,"{'energy_kcal': 900, 'protein_g': 0, 'carbohydrates_g': 0, 'of_which_sugars_g': None, 'fat_g': 100, 'of_which_saturated_fat_g': 21, 'dietary_fiber_g': None, 'sodium_mg': None}",,,,enriched,['openfoodfacts'],Cooking Oil,Saffola,India,openfoodfacts,,,https://images.openfoodfacts.org/images/products/890/108/801/7411/front_en.3.400.jpg,[]
https://world.openfoodfacts.org/product/8906004620171,,,8906004620171,1 ltr,Dhara groundnut oil,[],unknown,5ce452a22687,"{'energy_kcal': None, 'protein_g': None, 'carbohydrates_g': None, 'of_which_sugars_g': None, 'fat_g': None, 'of_which_saturated_fat_g': None, 'dietary_fiber_g': None, 'sodium_mg': None}",,,,enriched,['openfoodfacts'],Cooking Oil,Dhara,,openfoodfacts,,,https://images.openfoodfacts.org/images/products/890/600/462/0171/front_en.3.400.jpg,[]
https://world.openfoodfacts.org/product/00006528,,,00006528,1 ltr,Dhara ground nut oil,[],unknown,155dce048fc0,"{'energy_kcal': None, 'protein_g': None, 'carbohydrates_g': None, 'of_which_sugars_g': None, 'fat_g': None, 'of_which_saturated_fat_g': None, 'dietary_fiber_g': None, 'sodium_mg': None}",,,,enriched,['openfoodfacts'],Cooking Oil,Dhara,United Arab Emirates,openfoodfacts,,,https://images.openfoodfacts.org/images/products/000/000/000/6528/front_en.3.400.jpg,[]
https://world.openfoodfacts.org/product/8906004620287,Plant Based Foods,,8906004620287,,mustard oil,[],,cbe661b678ce,{},,,,not_found,['openfoodfacts'],Cooking Oil,Dhara,,openfoodfacts,,,https://images.openfoodfacts.org/images/products/890/600/462/0287/front_en.6.400.jpg,[]
https://world.openfoodfacts.org/product/8906004620751,Plant Based Foods,,8906004620751,1l,Refined Ricebran Oil,[],unknown,3674d2487305,"{'energy_kcal': 900, 'protein_g': None, 'carbohydrates_g': 0, 'of_which_sugars_g': 0, 'fat_g': 100, 'of_which_saturated_fat_g': 23.76, 'dietary_fiber_g': 0, 'sodium_mg': 0}",,4,,enriched,['openfoodfacts'],Cooking Oil,Dhara,India,openfoodfacts,https://images.openfoodfacts.org/images/products/890/600/462/0751/ingredients_en.8.400.jpg,https://images.openfoodfacts.org/images/products/890/600/462/0751/nutrition_en.3.400.jpg,https://images.openfoodfacts.org/images/products/890/600/462/0751/front_en.5.400.jpg,"['Physically Refined Ricebran Oil', 'Antioxidant', 'Vitamin A & D2', 'Antifoaming Agent']"
https://world.openfoodfacts.org/product/8906004620256,Plant Based Foods,,8906004620256,,Kachi Ghani Mustard Oil,[],unknown,8fec7837a965,"{'energy_kcal': None, 'protein_g': None, 'carbohydrates_g': None, 'of_which_sugars_g': None, 'fat_g': None, 'of_which_saturated_fat_g': None, 'dietary_fiber_g': None, 'sodium_mg': None}",,2,,enriched,['openfoodfacts'],Cooking Oil,Dhara,,openfoodfacts,,,https://images.openfoodfacts.org/images/products/890/600/462/0256/front_en.3.400.jpg,[]
https://world.openfoodfacts.org/product/9909404862027,Plant Based Foods,,9909404862027,1l,Kachi Ghani Mustard Oil,[],unknown,9444b0dd1299,"{'energy_kcal': None, 'protein_g': None, 'carbohydrates_g': None, 'of_which_sugars_g': None, 'fat_g': None, 'of_which_saturated_fat_g': None, 'dietary_fiber_g': None, 'sodium_mg': None}",,2,Mustard Oil,enriched,['openfoodfacts'],Plant Based Foods And Beverages,Dhãra,India,openfoodfacts,,,https://images.openfoodfacts.org/images/products/990/940/486/2027/front_en.3.400.jpg,[]
https://world.openfoodfacts.org/product/8906004620485,Plant Based Foods,,8906004620485,5l,Dhara Refined Sunflower oil 5l,[],unknown,9aa7dea925df,"{'energy_kcal': None, 'protein_g': None, 'carbohydrates_g': None, 'of_which_sugars_g': None, 'fat_g': None, 'of_which_saturated_fat_g': None, 'dietary_fiber_g': None, 'sodium_mg': None}",,2,,enriched,['openfoodfacts'],Cooking Oil,Dhara,,openfoodfacts,,,https://images.openfoodfacts.org/images/products/890/600/462/0485/front_en.4.400.jpg,[]
https://world.openfoodfacts.org/product/8901512107602,,,8901512107602,,Blended Edible Vegetable multi source oil,[],unknown,06b5ae7d0611,"{'energy_kcal': None, 'protein_g': None, 'carbohydrates_g': None, 'of_which_sugars_g': None, 'fat_g': None, 'of_which_saturated_fat_g': None, 'dietary_fiber_g': None, 'sodium_mg': None}",,,,enriched,['openfoodfacts'],Cooking Oil,Sundrop,India,openfoodfacts,,,https://images.openfoodfacts.org/images/products/890/151/210/7602/front_en.3.400.jpg,[]
https://world.openfoodfacts.org/product/8901512680204,,,8901512680204,1l,Sundrop Heart blnd edbl oil 1ltr,[],unknown,652d73fda6a1,"{'energy_kcal': None, 'protein_g': None, 'carbohydrates_g': None, 'of_which_sugars_g': None, 'fat_g': None, 'of_which_saturated_fat_g': None, 'dietary_fiber_g': None, 'sodium_mg': None}",,,Edible Oil,enriched,['openfoodfacts'],Cooking Oil,Sundrop,,openfoodfacts,,,https://images.openfoodfacts.org/images/products/890/151/268/0204/front_en.3.400.jpg,[]
https://world.openfoodfacts.org/product/8901512103901,,,8901512103901,3ltr,sundrop oil,[],unknown,1630944a059e,"{'energy_kcal': None, 'protein_g': None, 'carbohydrates_g': None, 'of_which_sugars_g': None, 'fat_g': None, 'of_which_saturated_fat_g': None, 'dietary_fiber_g': None, 'sodium_mg': None}",,,,enriched,['openfoodfacts'],Cooking Oil,Sundrop,India,openfoodfacts,,,https://images.openfoodfacts.org/images/products/890/151/210/3901/front_en.3.400.jpg,[]
https://world.openfoodfacts.org/product/8901512102904,Plant Based Foods,,8901512102904,1L (910 g),Sundrop Superlite Advanced Refined Sunflower Oil,[],c,7506575581c0,"{'energy_kcal': 900, 'protein_g': 0, 'carbohydrates_g': 0, 'of_which_sugars_g': 0, 'fat_g': 100, 'of_which_saturated_fat_g': 11, 'dietary_fiber_g': 0, 'sodium_mg': 0}",,4,,enriched,['openfoodfacts'],Cooking Oil,Sundrop,India,openfoodfacts,https://images.openfoodfacts.org/images/products/890/151/210/2904/ingredients_en.9.400.jpg,https://images.openfoodfacts.org/images/products/890/151/210/2904/nutrition_en.11.400.jpg,https://images.openfoodfacts.org/images/products/890/151/210/2904/front_en.5.400.jpg,"['Refined Edible Sunflower Oil', 'Antioxidant', 'Antifoaming Agent [Dimethyl Polysiloxane  Vitamin A and Vitamin D2.']"
https://world.openfoodfacts.org/product/8901248270243,,,8901248270243,,Emami Healthy & Tasty Rice Bran Oil,[],e,2e026c56fe04,"{'energy_kcal': 900, 'protein_g': 0, 'carbohydrates_g': 0, 'of_which_sugars_g': None, 'fat_g': 100, 'of_which_saturated_fat_g': 25, 'dietary_fiber_g': None, 'sodium_mg': 0}",,3,,enriched,['openfoodfacts'],Cooking Oil,Emami,,openfoodfacts,,,https://images.openfoodfacts.org/images/products/890/124/827/0243/front_en.4.400.jpg,"['Refined Rice Bran Oil', 'Antioxidants', 'Vitamin A', 'E &D']"
https://world.openfoodfacts.org/product/8901262010429,,,8901262010429,,Water buffalo butter,[],unknown,58c65ef36f29,"{'energy_kcal': 20, 'protein_g': 0, 'carbohydrates_g': 0, 'of_which_sugars_g': 0, 'fat_g': 2.2, 'of_which_saturated_fat_g': 1.4, 'dietary_fiber_g': 0, 'sodium_mg': 0}",,,,enriched,['openfoodfacts'],Dairy,Amul,United States,openfoodfacts,,https://images.openfoodfacts.org/images/products/890/126/201/0429/nutrition_en.5.400.jpg,https://images.openfoodfacts.org/images/products/890/126/201/0429/front_en.3.400.jpg,[]
https://world.openfoodfacts.org/product/8901262010085,,,8901262010085,100 g,Butter Unsalted,[],unknown,ae22cea161bb,"{'energy_kcal': 740, 'protein_g': 0.6, 'carbohydrates_g': 0, 'of_which_sugars_g': None, 'fat_g': 82, 'of_which_saturated_fat_g': None, 'dietary_fiber_g': None, 'sodium_mg': None}",,2,,enriched,['openfoodfacts'],Dairy,Amul,,openfoodfacts,,,https://images.openfoodfacts.org/images/products/890/126/201/0085/front_en.15.400.jpg,[]
https://world.openfoodfacts.org/product/8901262010153,,,8901262010153,100 g,amul butter,[],unknown,f02c63d06fbd,"{'energy_kcal': 714.285714285714, 'protein_g': 0, 'carbohydrates_g': 0, 'of_which_sugars_g': None, 'fat_g': 78.5714285714286, 'of_which_saturated_fat_g': 50, 'dietary_fiber_g': None, 'sodium_mg': 0}",,,,enriched,"['openfoodfacts', 'openfoodfacts']",Dairy,Amul,Saudi Arabia,openfoodfacts,,,https://images.openfoodfacts.org/images/products/890/126/201/0153/front_en.3.400.jpg,[]
https://world.openfoodfacts.org/product/0656846520129,Fats,,0656846520129,,Water Buffalo And Cow Milk Butter,[],,7b0bae51f544,{},,,,not_found,['openfoodfacts'],Dairy,Amul,,openfoodfacts,,,https://images.openfoodfacts.org/images/products/065/684/652/0129/front_en.11.400.jpg,[]
https://world.openfoodfacts.org/product/8901262152167,,,8901262152167,180ml,Amul masti spiced butter milk,[],unknown,c775733ac521,"{'energy_kcal': None, 'protein_g': None, 'carbohydrates_g': None, 'of_which_sugars_g': None, 'fat_g': None, 'of_which_saturated_fat_g': None, 'dietary_fiber_g': None, 'sodium_mg': None}",,,,enriched,['openfoodfacts'],Dairy,Amul,,openfoodfacts,,,https://images.openfoodfacts.org/images/products/890/126/215/2167/front_en.7.400.jpg,[]
https://world.openfoodfacts.org/product/0656846560965,Animal Fats,,0656846560965,32 oz (907 g),Pure ghee clarified butter,[],,4b65f3202a6f,{},,,,not_found,['openfoodfacts'],Dairy,Amul,,openfoodfacts,,,https://images.openfoodfacts.org/images/products/065/684/656/0965/front_en.5.400.jpg,[]
https://world.openfoodfacts.org/product/8901262020060,,,8901262020060,,Amul cheese block,[],unknown,e471eba60a63,"{'energy_kcal': 321.428571428571, 'protein_g': 21.4285714285714, 'carbohydrates_g': 0, 'of_which_sugars_g': 0, 'fat_g': 25, 'of_which_saturated_fat_g': 14.2857142857143, 'dietary_fiber_g': 0, 'sodium_mg': 1.39285714285714}",,,,enriched,"['openfoodfacts', 'openfoodfacts']",Dairy,Amul,United States,openfoodfacts,,https://images.openfoodfacts.org/images/products/890/126/202/0060/nutrition_en.5.400.jpg,https://images.openfoodfacts.org/images/products/890/126/202/0060/front_en.9.400.jpg,[]
https://world.openfoodfacts.org/product/3948262020039,,,3948262020039,,Cheese Cube,[],e,68ca19083e4f,"{'energy_kcal': 311, 'protein_g': 20, 'carbohydrates_g': 1.5, 'of_which_sugars_g': 1.5, 'fat_g': 25, 'of_which_saturated_fat_g': 16, 'dietary_fiber_g': None, 'sodium_mg': 1.22}",,,,enriched,['openfoodfacts'],Dairy,Amul,,openfoodfacts,,,https://images.openfoodfacts.org/images/products/890/126/202/0091/front_en.4.400.jpg,[]
https://world.openfoodfacts.org/product/0656846570490,,,0656846570490,,Cheese slices,['Milk'],unknown,7873d568776e,"{'energy_kcal': 300, 'protein_g': 20, 'carbohydrates_g': 0, 'of_which_sugars_g': 0, 'fat_g': 25, 'of_which_saturated_fat_g': 16, 'dietary_fiber_g': 0, 'sodium_mg': 1.2}",,,,enriched,['openfoodfacts'],Dairy,Amul,United States,openfoodfacts,,https://images.openfoodfacts.org/images/products/065/684/657/0490/nutrition_en.11.400.jpg,https://images.openfoodfacts.org/images/products/065/684/657/0490/front_en.15.400.jpg,"['Cheddar Cheese', 'Sodium Citrate', 'Sodium Phosphate', 'Milk Solids', 'Salt', 'Citric Acid', 'Water', 'Sorbic Acid', 'Nisin']"
https://world.openfoodfacts.org/product/8901262060004,,,8901262060004,250,Cheese spread,['Milk'],e,4ae46c959096,"{'energy_kcal': 724, 'protein_g': 1, 'carbohydrates_g': 0, 'of_which_sugars_g': 0, 'fat_g': 80, 'of_which_saturated_fat_g': 48, 'dietary_fiber_g': None, 'sodium_mg': 0.955}",,4,,enriched,['openfoodfacts'],Dairy,Amul,,openfoodfacts,,,https://images.openfoodfacts.org/images/products/890/126/206/0004/front_en.3.400.jpg,"['Butter', 'iodized salt', 'natural colour \nAllergen information:contains milk']"
https://world.openfoodfacts.org/product/8901262060097,,,8901262060097,,Amul cheese spread,[],unknown,f983284c9637,"{'energy_kcal': 133.33333333333, 'protein_g': 10, 'carbohydrates_g': 13.333333333333, 'of_which_sugars_g': 13.333333333333, 'fat_g': 20, 'of_which_saturated_fat_g': 13.333333333333, 'dietary_fiber_g': 0, 'sodium_mg': 0.83333333333332}",,,,enriched,['openfoodfacts'],Dairy,Amul,United States,openfoodfacts,,https://images.openfoodfacts.org/images/products/890/126/206/0097/nutrition_en.5.400.jpg,https://images.openfoodfacts.org/images/products/890/126/206/0097/front_en.3.400.jpg,[]
https://world.openfoodfacts.org/product/8901262020084,,,8901262020084,200g,Cheese block,[],unknown,ad6109a03c05,"{'energy_kcal': None, 'protein_g': None, 'carbohydrates_g': None, 'of_which_sugars_g': None, 'fat_g': None, 'of_which_saturated_fat_g': None, 'dietary_fiber_g': None, 'sodium_mg': None}",,,Cheese Block,enriched,['openfoodfacts'],Dairy,Amul,,openfoodfacts,,,https://images.openfoodfacts.org/images/products/890/126/202/0084/front_en.3.400.jpg,[]
https://world.openfoodfacts.org/product/8901648005551,,,8901648005551,45g,Maha Cola,[],e,6dc4e19643d6,"{'energy_kcal': 84, 'protein_g': 0, 'carbohydrates_g': 21.1, 'of_which_sugars_g': 20, 'fat_g': 0, 'of_which_saturated_fat_g': None, 'dietary_fiber_g': None, 'sodium_mg': 65}",,4,,enriched,['openfoodfacts'],Dairy,Mother Dairy,United States,openfoodfacts,https://images.openfoodfacts.org/images/products/890/164/800/5551/ingredients_en.12.400.jpg,https://images.openfoodfacts.org/images/products/890/164/800/5551/nutrition_en.9.400.jpg,https://images.openfoodfacts.org/images/products/890/164/800/5551/front_en.3.400.jpg,"['Water', 'Sugar', 'Liquid Glucose', 'Citric Acid', 'Stabilizers and Emulsifiers', 'Ascorbic Acid', 'Nature-Identical Flavouring Substances and Food Colors .']"
https://world.openfoodfacts.org/product/0070872198778,Fats,,0070872198778,16 oz,AA grade butter,[],e,30ac7e860685,"{'energy_kcal': 714, 'protein_g': 0, 'carbohydrates_g': 0, 'of_which_sugars_g': None, 'fat_g': 78.57, 'of_which_saturated_fat_g': 50, 'dietary_fiber_g': None, 'sodium_mg': 0.014224}",,2,,enriched,['openfoodfacts'],Dairy,Mother's Choice,,openfoodfacts,,,https://images.openfoodfacts.org/images/products/007/087/219/8778/front_en.5.400.jpg,"['Pasteurized organic sweet cream', 'culture.']"
https://world.openfoodfacts.org/product/8906001053804,,,8906001053804,,Ginger Paste,[],unknown,a5e1e1482ef9,"{'energy_kcal': 124, 'protein_g': 5, 'carbohydrates_g': 26, 'of_which_sugars_g': 1, 'fat_g': 0, 'of_which_saturated_fat_g': 0, 'dietary_fiber_g': 2, 'sodium_mg': 0.01}",,,,enriched,['openfoodfacts'],Other,Mother's Dairy,Netherlands,openfoodfacts,,,,[]
https://world.openfoodfacts.org/product/8906153561080,Beverages,,8906153561080,,Badam Flavoured Milk,[],,2362a2561aa8,{},,,,not_found,['openfoodfacts'],Beverages,Nandini,,openfoodfacts,,,https://images.openfoodfacts.org/images/products/890/615/356/1080/front_en.3.400.jpg,[]
https://world.openfoodfacts.org/product/8906036670212,Milks Liquid And Powder,,8906036670212,500 g,Curd,['Milk'],b,ee6eca3d12bb,"{'energy_kcal': 60, 'protein_g': 3.7, 'carbohydrates_g': 4.4, 'of_which_sugars_g': 4.4, 'fat_g': 3.1, 'of_which_saturated_fat_g': 2, 'dietary_fiber_g': None, 'sodium_mg': 0.05}",,1,,enriched,['openfoodfacts'],Dairy,Nandini,India,openfoodfacts,https://images.openfoodfacts.org/images/products/890/603/667/0212/ingredients_en.5.400.jpg,https://images.openfoodfacts.org/images/products/890/603/667/0212/nutrition_en.7.400.jpg,https://images.openfoodfacts.org/images/products/890/603/667/0212/front_en.3.400.jpg,['Milk Solids  & Active Culture Allergen Advice: contains Milk']
https://world.openfoodfacts.org/product/8906036673602,Milks Liquid And Powder,,8906036673602,1litre,Nandini GoodLife Toned Milk,['Milk'],b,f3d7e5916cc3,"{'energy_kcal': 59, 'protein_g': 3.3, 'carbohydrates_g': 4.8, 'of_which_sugars_g': 4.8, 'fat_g': 3, 'of_which_saturated_fat_g': 1.9, 'dietary_fiber_g': 0, 'sodium_mg': 0.05}",,,Toned Milk,enriched,"['openfoodfacts', 'openfoodfacts', 'openfoodfacts']",Dairy,Nandini,,openfoodfacts,,,https://images.openfoodfacts.org/images/products/890/603/667/3602/front_en.3.400.jpg,"['Milk Solids', 'Vitamin A& Vitamin D\nMilk Fat : 3.0%  & SNF 8.5%']"
https://world.openfoodfacts.org/product/8906036670090,Milks Liquid And Powder,,8906036670090,,Shubham,[],c,79ebe9b44eb6,"{'energy_kcal': 74, 'protein_g': 3.3, 'carbohydrates_g': 4.8, 'of_which_sugars_g': 4.8, 'fat_g': 4.6, 'of_which_saturated_fat_g': 3, 'dietary_fiber_g': None, 'sodium_mg': 0.05}",,,,enriched,['openfoodfacts'],Dairy,Nandini,India,openfoodfacts,,,https://images.openfoodfacts.org/images/products/890/603/667/0090/front_en.7.400.jpg,[]
https://world.openfoodfacts.org/product/8906036673947,Milks Liquid And Powder,,8906036673947,180ml,Nandini Good Life,[],unknown,42de68736e7e,"{'energy_kcal': None, 'protein_g': None, 'carbohydrates_g': None, 'of_which_sugars_g': None, 'fat_g': None, 'of_which_saturated_fat_g': None, 'dietary_fiber_g': None, 'sodium_mg': None}",,,,enriched,['openfoodfacts'],Dairy,Nandini,India,openfoodfacts,,,https://images.openfoodfacts.org/images/products/890/603/667/3947/front_en.3.400.jpg,[]
https://world.openfoodfacts.org/product/8906036670977,Fermented Foods,,8906036670977,200g,Nandini Paneer,[],unknown,a6d912e092cd,"{'energy_kcal': 344, 'protein_g': 21.4, 'carbohydrates_g': 1.5, 'of_which_sugars_g': None, 'fat_g': 28, 'of_which_saturated_fat_g': None, 'dietary_fiber_g': None, 'sodium_mg': None}",,,,enriched,['openfoodfacts'],Dairy,Nandini,,openfoodfacts,,,https://images.openfoodfacts.org/images/products/890/603/667/0977/front_en.3.400.jpg,[]
https://world.openfoodfacts.org/product/8906036670205,Fermented Foods,,8906036670205,,Nandini Curd,[],unknown,b5b049cc95ee,"{'energy_kcal': None, 'protein_g': None, 'carbohydrates_g': None, 'of_which_sugars_g': None, 'fat_g': None, 'of_which_saturated_fat_g': None, 'dietary_fiber_g': None, 'sodium_mg': None}",,,,enriched,['openfoodfacts'],Dairy,Nandini,India,openfoodfacts,https://images.openfoodfacts.org/images/products/890/603/667/0205/ingredients_en.4.400.jpg,,https://images.openfoodfacts.org/images/products/890/603/667/0205/front_en.6.400.jpg,['exp date']
https://world.openfoodfacts.org/product/8906036670014,Milks Liquid And Powder,,8906036670014,500 ml,Pasteurised Toned Milk,['Milk'],b,ffd3366a2dfb,"{'energy_kcal': 59, 'protein_g': 3.3, 'carbohydrates_g': 4.8, 'of_which_sugars_g': 4.8, 'fat_g': 3, 'of_which_saturated_fat_g': 1.9, 'dietary_fiber_g': 0, 'sodium_mg': 0.05}",,,Toned Milk,enriched,['openfoodfacts'],Dairy,Nandini,,openfoodfacts,,,https://images.openfoodfacts.org/images/products/890/603/667/0014/front_en.4.400.jpg,"['Milk Solids', 'Vitamin A& Vitamin D\nMilk Fat : 3.0%  & SNF 8.5%']"
https://world.openfoodfacts.org/product/8906036675163,Desserts,,8906036675163,250g,Milk Peda,['Milk'],e,67bf7467dcb7,"{'energy_kcal': 454, 'protein_g': 13.7, 'carbohydrates_g': 55, 'of_which_sugars_g': 55, 'fat_g': 19.9, 'of_which_saturated_fat_g': 12.9, 'dietary_fiber_g': 0, 'sodium_mg': 0.204}",,3,,enriched,['openfoodfacts'],Snacks & Namkeen,Nandini,India,openfoodfacts,https://images.openfoodfacts.org/images/products/890/603/667/5163/ingredients_en.14.400.jpg,https://images.openfoodfacts.org/images/products/890/603/667/5163/nutrition_en.5.400.jpg,https://images.openfoodfacts.org/images/products/890/603/667/5163/front_en.7.400.jpg,"['Milk solids', 'Sugar']"
https://world.openfoodfacts.org/product/8906036670441,Milks Liquid And Powder,,8906036670441,1l,goodlife slim,[],,975bd3418a16,{},,,,not_found,['openfoodfacts'],Dairy,Nandini,,openfoodfacts,,,https://images.openfoodfacts.org/images/products/890/603/667/0441/front_en.5.400.jpg,[]
https://world.openfoodfacts.org/product/8906153561875,Milks Liquid And Powder,,8906153561875,135ml,Nandini Healthy Life Lite Double Toned Milk,['Milk'],unknown,527a74922fab,"{'energy_kcal': None, 'protein_g': None, 'carbohydrates_g': None, 'of_which_sugars_g': None, 'fat_g': None, 'of_which_saturated_fat_g': None, 'dietary_fiber_g': None, 'sodium_mg': None}",,1,,enriched,['openfoodfacts'],Dairy,Nandini,India,openfoodfacts,https://images.openfoodfacts.org/images/products/890/615/356/1875/ingredients_en.10.400.jpg,https://images.openfoodfacts.org/images/products/890/615/356/1875/nutrition_en.11.400.jpg,https://images.openfoodfacts.org/images/products/890/615/356/1875/front_en.3.400.jpg,"['Milk Solids', 'Vitamin A & Vitamin D']"
https://world.openfoodfacts.org/product/8906036676672,,,8906036676672,,Nandini badam milk,['Milk'],unknown,b57b4bd6d94b,"{'energy_kcal': None, 'protein_g': None, 'carbohydrates_g': None, 'of_which_sugars_g': None, 'fat_g': None, 'of_which_saturated_fat_g': None, 'dietary_fiber_g': None, 'sodium_mg': None}",,4,,enriched,['openfoodfacts'],Dairy,Nandini,,openfoodfacts,,,https://images.openfoodfacts.org/images/products/890/603/667/6672/front_en.3.400.jpg,"['Ingrede: Milk Solids', 'Sugar', 'Sabilizers  Sinthetic Food Colours', 'Nature Identical &Artificial flavours  Allergen Advice: Contains Mik']"
https://world.openfoodfacts.org/product/8906036674081,Milks Liquid And Powder,,8906036674081,,Toned Milk,[],c,6cda30c1be8b,"{'energy_kcal': 71, 'protein_g': 3.5, 'carbohydrates_g': 5.1, 'of_which_sugars_g': 5.1, 'fat_g': 4.1, 'of_which_saturated_fat_g': 2.7, 'dietary_fiber_g': None, 'sodium_mg': 0.05}",,,,enriched,"['openfoodfacts', 'openfoodfacts']",Dairy,Nandini,India,openfoodfacts,,https://images.openfoodfacts.org/images/products/890/603/667/4081/nutrition_en.5.400.jpg,https://images.openfoodfacts.org/images/products/890/603/667/4081/front_en.3.400.jpg,[]
https://world.openfoodfacts.org/product/8906036676665,Beverages,,8906036676665,,GoodLife Pista Flavoured Milk,['Milk'],e,64075f7e2346,"{'energy_kcal': 93, 'protein_g': 3, 'carbohydrates_g': 13.3, 'of_which_sugars_g': 13.3, 'fat_g': 3.1, 'of_which_saturated_fat_g': 2, 'dietary_fiber_g': 0, 'sodium_mg': 0}",,4,,enriched,['openfoodfacts'],Beverages,Nandini,,openfoodfacts,,,https://images.openfoodfacts.org/images/products/890/603/667/6665/front_fr.3.400.jpg,"['Milk Solids & Sugar Contains Permitted Stabilizers', 'Synthetic Food Colours', 'Added Flavours']"
https://world.openfoodfacts.org/product/8906036674739,Milks Liquid And Powder,,8906036674739,200ml,Special Toned Milk,['Milk'],unknown,c67c69aab8c7,"{'energy_kcal': 71, 'protein_g': 3.5, 'carbohydrates_g': 5.1, 'of_which_sugars_g': 5.1, 'fat_g': 4.1, 'of_which_saturated_fat_g': 2.7, 'dietary_fiber_g': None, 'sodium_mg': None}",,1,,enriched,['openfoodfacts'],Dairy,Nandini,India,openfoodfacts,https://images.openfoodfacts.org/images/products/890/603/667/4739/ingredients_en.7.400.jpg,https://images.openfoodfacts.org/images/products/890/603/667/4739/nutrition_en.10.400.jpg,https://images.openfoodfacts.org/images/products/890/603/667/4739/front_en.4.400.jpg,"['Milk Solids', 'Added Vitamin A & Vitamin D Milk Fat: 4.0%', 'Milk SNF: 9.0%']"
https://world.openfoodfacts.org/product/8906036672995,Milks Liquid And Powder,,8906036672995,500 ml,Slim UHT Sterilised Skimmed Milk,[],,d758d4d31a37,{},,,,not_found,['openfoodfacts'],Dairy,Nandini,,openfoodfacts,,,https://images.openfoodfacts.org/images/products/890/603/667/2995/front_en.3.400.jpg,[]
https://world.openfoodfacts.org/product/8906036675248,Milks Liquid And Powder,,8906036675248,,Double Toned Milk,['Milk'],b,625c77120fff,"{'energy_kcal': 46, 'protein_g': 3.5, 'carbohydrates_g': 5.1, 'of_which_sugars_g': 5.1, 'fat_g': 1.3, 'of_which_saturated_fat_g': 0.8, 'dietary_fiber_g': None, 'sodium_mg': 0.05}",,1,,enriched,['openfoodfacts'],Dairy,Nandini,India,openfoodfacts,https://images.openfoodfacts.org/images/products/890/603/667/5248/ingredients_en.12.400.jpg,https://images.openfoodfacts.org/images/products/890/603/667/5248/nutrition_en.7.400.jpg,https://images.openfoodfacts.org/images/products/890/603/667/5248/front_en.3.400.jpg,"['Milk Solids', 'Vitamin A & Vitamin D Milk Fat: 1.3%', 'Milk SNF: 9', '0%']"
https://world.openfoodfacts.org/product/8906036674265,Milks Liquid And Powder,,8906036674265,500ml,Desi Cow Milk,['Milk'],unknown,54854b3c41c7,"{'energy_kcal': None, 'protein_g': None, 'carbohydrates_g': None, 'of_which_sugars_g': None, 'fat_g': None, 'of_which_saturated_fat_g': None, 'dietary_fiber_g': None, 'sodium_mg': None}",,1,,enriched,['openfoodfacts'],Dairy,Nandini,,openfoodfacts,,,https://images.openfoodfacts.org/images/products/890/603/667/4265/front_en.3.400.jpg,"['Milk Solids', 'Vitamin A & Vitamin D.']"
https://world.openfoodfacts.org/product/8906036675750,Milks Liquid And Powder,,8906036675750,1L,Nandini GoodLife Plus Toned Milk 1ltr,['Milk'],b,1c347149e66d,"{'energy_kcal': 60, 'protein_g': 3.3, 'carbohydrates_g': 4.8, 'of_which_sugars_g': 4.8, 'fat_g': 3.1, 'of_which_saturated_fat_g': 2, 'dietary_fiber_g': None, 'sodium_mg': 0.05}",,,,enriched,['openfoodfacts'],Dairy,Nandini,India,openfoodfacts,https://images.openfoodfacts.org/images/products/890/603/667/5750/ingredients_en.6.400.jpg,https://images.openfoodfacts.org/images/products/890/603/667/5750/nutrition_en.7.400.jpg,https://images.openfoodfacts.org/images/products/890/603/667/5750/front_en.3.400.jpg,"['Milk Solids', 'Vitamin A & Vitamin D Milk Fat: 3.0%  & SNF: 8.5%']"
https://world.openfoodfacts.org/product/8906036676290,Milks Liquid And Powder,,8906036676290,,Santhrupthi Milk,[],,8b9f2ee543f4,{},,,,not_found,['openfoodfacts'],Dairy,Nandini,,openfoodfacts,,,https://images.openfoodfacts.org/images/products/890/603/667/6290/front_en.3.400.jpg,[]
https://world.openfoodfacts.org/product/0856904000253,Fermented Foods,,0856904000253,,Paneer Indian Cheese,['Milk'],c,fdbf06980d0e,"{'energy_kcal': 321.428571428572, 'protein_g': 21.428571428571, 'carbohydrates_g': 3.5714285714286, 'of_which_sugars_g': 0, 'fat_g': 28.571428571429, 'of_which_saturated_fat_g': 17.857142857143, 'dietary_fiber_g': None, 'sodium_mg': 0.10714285714286}",,3,,enriched,['openfoodfacts'],Dairy,Verka,United States,openfoodfacts,https://images.openfoodfacts.org/images/products/085/690/400/0253/ingredients_en.12.400.jpg,https://images.openfoodfacts.org/images/products/085/690/400/0253/nutrition_en.5.400.jpg,https://images.openfoodfacts.org/images/products/085/690/400/0253/front_en.3.400.jpg,"['Pasteurized milk', 'acetic acid', 'lactic acid']"
https://world.openfoodfacts.org/product/0884282099804,,,0884282099804,,Fresh Paneer,[],,20dd1c261a90,{},,,,not_found,['openfoodfacts'],Dairy,Verka,,openfoodfacts,,,https://images.openfoodfacts.org/images/products/088/428/209/9804/front_af.4.400.jpg,[]
https://world.openfoodfacts.org/product/0884282668048,Fermented Foods,,0884282668048,300 g,Verka Fresh Paneer,['Milk'],c,9f35cef4918f,"{'energy_kcal': 266.666666666667, 'protein_g': 20, 'carbohydrates_g': None, 'of_which_sugars_g': 0, 'fat_g': 20, 'of_which_saturated_fat_g': 13.3333333333333, 'dietary_fiber_g': 0, 'sodium_mg': 0.05}",,3,,enriched,['openfoodfacts'],Dairy,Verka,Canada,openfoodfacts,https://images.openfoodfacts.org/images/products/088/428/266/8048/ingredients_en.5.400.jpg,https://images.openfoodfacts.org/images/products/088/428/266/8048/nutrition_en.7.400.jpg,https://images.openfoodfacts.org/images/products/088/428/266/8048/front_en.3.400.jpg,"['Ultrafiltered Milk', 'Vinegar. Contains: Milk']"
https://world.openfoodfacts.org/product/8436042568857,Fermented Foods,,8436042568857,500 g,Verka Paneer,['Milk'],c,b18efb5db29e,"{'energy_kcal': 321.428571428572, 'protein_g': 21.428571428571, 'carbohydrates_g': 3.5714285714286, 'of_which_sugars_g': 0, 'fat_g': 28.571428571429, 'of_which_saturated_fat_g': 17.857142857143, 'dietary_fiber_g': None, 'sodium_mg': 0.10714285714286}",,3,,enriched,['openfoodfacts'],Dairy,Verka,,openfoodfacts,,,https://images.openfoodfacts.org/images/products/843/604/256/8857/front_en.4.400.jpg,"['Pasteurized milk', 'acetic acid', 'lactic acid']"
https://world.openfoodfacts.org/product/8904063200020,Salty Snacks,,8904063200020,200 g,All In One,['Peanuts'],e,b3e8d4c3a285,"{'energy_kcal': 556, 'protein_g': 22.8, 'carbohydrates_g': 34.8, 'of_which_sugars_g': 2.2, 'fat_g': 36.8, 'of_which_saturated_fat_g': 7.9, 'dietary_fiber_g': 6.3, 'sodium_mg': 0.76}",,3,,enriched,['openfoodfacts'],Snacks & Namkeen,Haldiram's,France,openfoodfacts,https://images.openfoodfacts.org/images/products/890/406/320/0020/ingredients_en.26.400.jpg,https://images.openfoodfacts.org/images/products/890/406/320/0020/nutrition_en.20.400.jpg,https://images.openfoodfacts.org/images/products/890/406/320/0020/front_fr.10.400.jpg,"['Chickpeas Flour', 'Vegetable Oil', 'Mix Spices  [Red Chilli Powder', 'Turmeric Powder', 'Black Pepper Powder', 'Ginger Powder', 'Clove Powder', 'Onion Powder', 'Garlic Powder', 'Cardamom Powder', 'Coriander Powder', 'Fennel', 'Mint Leaves Powder', 'Cumin Powder', 'Mace Powder', 'Nutmeg Powder ]', 'Moth Bean Flour', 'Split Chickpeas', 'Split Mung Bean  Lentil', 'Potatoes', 'Cornflakes', 'Rice Flakes', 'Rice Powder', 'Green Peas', 'Sago', 'Raisins', 'Cashews', 'Peanuts', 'Mango Powder', 'Sugar Powder', 'Spinach Powder', 'Salt', 'Asafoetida', 'Acid', 'Sodium Bicarbonate ) and Anticaking agent . Attention: For Allergen See Ingredient in Bold', 'this product is made in a facility that processed foods containing Wheat', 'Peanut', 'Nuts', 'Soy and Mustard.']"
https://world.openfoodfacts.org/product/8904063200044,,,8904063200044,200 g,Haldiram Chips Panchrattan,"['Nuts', 'Sesame Seeds']",unknown,ea97d7a143ac,"{'energy_kcal': None, 'protein_g': None, 'carbohydrates_g': None, 'of_which_sugars_g': None, 'fat_g': None, 'of_which_saturated_fat_g': None, 'dietary_fiber_g': None, 'sodium_mg': None}",,,,enriched,['openfoodfacts'],Snacks & Namkeen,Haldiram's,,openfoodfacts,,,https://images.openfoodfacts.org/images/products/890/406/320/0044/front_fr.4.400.jpg,"['Potatoes', 'Edible Vegetable Oil  Raisins', 'Cashew Nuts', 'Sugar Powder', 'Almonds', 'Rice Flakes', 'Sesame Seeds', 'lodised Salt', 'Curry Leaves', 'Black Pepper Powder', 'Cumin and Acidity Regulator . CONTAING NUTS AND SESAME SEEDS']"
https://world.openfoodfacts.org/product/8904063230171,,,8904063230171,,Plain Bhujia Namkeen,['Peanuts'],d,f0c2dbf1e481,"{'energy_kcal': 571, 'protein_g': 20, 'carbohydrates_g': 31.43, 'of_which_sugars_g': 0, 'fat_g': 40, 'of_which_saturated_fat_g': 10, 'dietary_fiber_g': 5.7, 'sodium_mg': 0}",,3,,enriched,['openfoodfacts'],Snacks & Namkeen,Haldiram's,United States,openfoodfacts,,,https://images.openfoodfacts.org/images/products/890/406/323/0171/front_en.11.400.jpg,"['tepary beans flour', 'vegetable oil', 'chickpeas flour', 'salt', 'black pepper powder', 'ginger powder', 'mace powder', 'nutmeg powder and cardamom powder']"
https://world.openfoodfacts.org/product/8904063230133,,,8904063230133,400 g,Cornflakes Mixture,[],,561e6299b749,{},,,,not_found,['openfoodfacts'],Snacks & Namkeen,Haldiram's,,openfoodfacts,,,https://images.openfoodfacts.org/images/products/890/406/323/0133/front_en.3.400.jpg,[]
https://world.openfoodfacts.org/product/8904063200556,,,8904063200556,200 g,Gujarati Mixture Namkeen,[],e,8750ba8ce463,"{'energy_kcal': 566, 'protein_g': 11, 'carbohydrates_g': 40, 'of_which_sugars_g': 6, 'fat_g': 40, 'of_which_saturated_fat_g': 10, 'dietary_fiber_g': 5, 'sodium_mg': 0.8}",,,,enriched,['openfoodfacts'],Snacks & Namkeen,Haldiram's,France,openfoodfacts,https://images.openfoodfacts.org/images/products/890/406/320/0556/ingredients_fr.19.400.jpg,https://images.openfoodfacts.org/images/products/890/406/320/0556/nutrition_fr.13.400.jpg,https://images.openfoodfacts.org/images/products/890/406/320/0556/front_fr.11.400.jpg,[]
https://world.openfoodfacts.org/product/8904004407624,,,8904004407624,100g,taka-tak,[],,b042b5a9c5b0,{},,,,not_found,['openfoodfacts'],Snacks & Namkeen,Haldiram's,,openfoodfacts,,,https://images.openfoodfacts.org/images/products/890/400/440/7624/front_en.3.400.jpg,[]
https://world.openfoodfacts.org/product/8904063214423,,,8904063214423,440g,Khatta Meetha 440g,[],d,2b6511e198a5,"{'energy_kcal': 542.85714285714, 'protein_g': 11.428571428571, 'carbohydrates_g': 57.142857142857, 'of_which_sugars_g': 11.428571428571, 'fat_g': 28.571428571429, 'of_which_saturated_fat_g': 8.6, 'dietary_fiber_g': 0, 'sodium_mg': 0}",,,,enriched,['openfoodfacts'],Snacks & Namkeen,Haldiram's,United States,openfoodfacts,,https://images.openfoodfacts.org/images/products/890/406/321/4423/nutrition_en.5.400.jpg,https://images.openfoodfacts.org/images/products/890/406/321/4423/front_en.3.400.jpg,[]
https://world.openfoodfacts.org/product/8909081008078,Plant Based Foods,,8909081008078,10.5,Knocking korean,[],e,81e3ac78d2d7,"{'energy_kcal': 526, 'protein_g': 7.6, 'carbohydrates_g': None, 'of_which_sugars_g': 4.2, 'fat_g': 31.5, 'of_which_saturated_fat_g': 7.4, 'dietary_fiber_g': None, 'sodium_mg': 0.9347}",,,,enriched,['openfoodfacts'],Snacks & Namkeen,Bingo,,openfoodfacts,,,https://images.openfoodfacts.org/images/products/890/908/100/8078/front_en.3.400.jpg,[]
https://world.openfoodfacts.org/product/9300605116481,Sweet Snacks,,9300605116481,469 g,Choc Chip Bar,"['Gluten', 'Milk', 'Soybeans']",c,1a0ed4ffbb3e,"{'energy_kcal': 389.434266488818, 'protein_g': 7.02875399361022, 'carbohydrates_g': 59.7444089456869, 'of_which_sugars_g': 17.2523961661342, 'fat_g': 11.5015974440895, 'of_which_saturated_fat_g': 4.15335463258786, 'dietary_fiber_g': 10.8626198083067, 'sodium_mg': 0.0415335463258786}",,4,,enriched,['openfoodfacts'],Snacks & Namkeen,Uncle Toby’s,Australia,openfoodfacts,https://images.openfoodfacts.org/images/products/930/060/511/6481/ingredients_en.16.400.jpg,https://images.openfoodfacts.org/images/products/930/060/511/6481/nutrition_en.22.400.jpg,https://images.openfoodfacts.org/images/products/930/060/511/6481/front_en.20.400.jpg,"['Choc Chip: Muesli blend: [UNCLE TOBYS Rolled Oats', 'wheat', 'breakfast cereal', 'wheat flour', 'wheat bran', 'sugar', 'vitamin E)', 'coconut', 'milk powder)', 'glucose', 'choc chips  [sugar', 'vegetable oil', 'milk solids', 'cocoa', 'cocoa mass', 'emulsifiers', 'salt)', 'chicory root fibre', 'vegetable oil', 'sugar', 'humectant', 'modified starch . invert sugar', 'honey', 'emulsifier', 'natural flavour', 'salt.']"
https://world.openfoodfacts.org/product/0199284210691,Salty Snacks,,0199284210691,18 oz,Uncle Saba’s Lentil and chickpea chips,[],,4d00acf86ecd,{},,,,not_found,['openfoodfacts'],Snacks & Namkeen,Uncle Saba’s lentil and chickpea chips,,openfoodfacts,,,https://images.openfoodfacts.org/images/products/019/928/421/0691/front_en.7.400.jpg,[]
https://world.openfoodfacts.org/product/0076150232585,Popcorn,,0076150232585,,Butter lovers microwave popcorn boxes,[],unknown,5e04aa044101,"{'energy_kcal': 437.5, 'protein_g': 6.25, 'carbohydrates_g': 56.25, 'of_which_sugars_g': None, 'fat_g': 21.875, 'of_which_saturated_fat_g': 10.9375, 'dietary_fiber_g': 9.375, 'sodium_mg': 0.96875}",,4,,enriched,['openfoodfacts'],Snacks & Namkeen,ACT II,"Spain, United States",openfoodfacts,,https://images.openfoodfacts.org/images/products/007/615/023/2585/nutrition_en.15.400.jpg,https://images.openfoodfacts.org/images/products/007/615/023/2585/front_en.13.400.jpg,"['popping corn', 'palm oil', 'salt', 'less than 2% of: natural flavor', 'color added', 'tbhq and citric acid']"
https://world.openfoodfacts.org/product/0076150332308,Popcorn,,0076150332308,,Xtreme Butter,[],,25dd7bf803b7,{},,,,not_found,['openfoodfacts'],Snacks & Namkeen,ACT II,,openfoodfacts,,,https://images.openfoodfacts.org/images/products/007/615/033/2308/front_en.16.400.jpg,[]
https://world.openfoodfacts.org/product/0076150232486,Sweet Snacks,,0076150232486,2.75 OZ,Butter Lovers Popcorn,[],unknown,5bc9a5081ef1,"{'energy_kcal': 500, 'protein_g': 6.25, 'carbohydrates_g': 56.25, 'of_which_sugars_g': None, 'fat_g': 21.875, 'of_which_saturated_fat_g': 10.9375, 'dietary_fiber_g': 9.375, 'sodium_mg': 0.96875}",,4,,enriched,"['openfoodfacts', 'openfoodfacts', 'openfoodfacts']",Snacks & Namkeen,ACT II,United States,openfoodfacts,https://images.openfoodfacts.org/images/products/007/615/023/2486/ingredients_en.8.400.jpg,https://images.openfoodfacts.org/images/products/007/615/023/2486/nutrition_en.38.400.jpg,https://images.openfoodfacts.org/images/products/007/615/023/2486/front_en.41.400.jpg,"['popping corn', 'palm oil', 'salt', 'less than 2% of: natural flavor', 'color added', 'tbhq and citric acid']"
https://world.openfoodfacts.org/product/7501006559330,Salty Snacks,,7501006559330,87 g,Act II sabor Chile y Limón,[],e,10f17c9a8d74,"{'energy_kcal': 470, 'protein_g': 8, 'carbohydrates_g': 50, 'of_which_sugars_g': 1, 'fat_g': 26, 'of_which_saturated_fat_g': 13, 'dietary_fiber_g': 8, 'sodium_mg': 0.88}",,4,Palomitas de maiz sabor mezcla de chile y limón,enriched,['openfoodfacts'],Snacks & Namkeen,ACT II,,openfoodfacts,,,https://images.openfoodfacts.org/images/products/750/100/655/9330/front_es.20.400.jpg,"['Maiz aceite de palma', 'sal yodada INGREDIENTES CONDIMIENTO: Maltodextrina', 'ácido cítrico', 'mezcla de chiles en polvo', 'caramelo puro', 'extracto de paprika', 'amarillo ocaso FCF', 'tartrazina', 'sal yodada', 'aceite vegetal comestible', 'saborizantes naturales', 'jugo de limón y menos del 2% de dióxido de silicio como antiaglomerante.']"
https://world.openfoodfacts.org/product/7501006559095,Popcorn,,7501006559095,270 g,palomitas ACT II natural 3 pack,[],unknown,dabb1b843368,"{'energy_kcal': None, 'protein_g': None, 'carbohydrates_g': None, 'of_which_sugars_g': None, 'fat_g': None, 'of_which_saturated_fat_g': None, 'dietary_fiber_g': None, 'sodium_mg': None}",México,3,,enriched,['openfoodfacts'],Snacks & Namkeen,ACT II,México,openfoodfacts,https://images.openfoodfacts.org/images/products/750/100/655/9095/ingredients_es.7.400.jpg,https://images.openfoodfacts.org/images/products/750/100/655/9095/nutrition_es.4.400.jpg,https://images.openfoodfacts.org/images/products/750/100/655/9095/front_es.17.400.jpg,"['maiz palomero', 'aceite vegetal  y sal yodada']"
https://world.openfoodfacts.org/product/0076150982398,Popcorn,,0076150982398,85g,MICROWAVE POPCORN,[],unknown,1525c85d3331,"{'energy_kcal': 437.5, 'protein_g': 6.25, 'carbohydrates_g': 56.25, 'of_which_sugars_g': None, 'fat_g': 21.875, 'of_which_saturated_fat_g': 10.9375, 'dietary_fiber_g': 9.375, 'sodium_mg': 0.96875}",,4,,enriched,"['openfoodfacts', 'openfoodfacts', 'openfoodfacts']",Snacks & Namkeen,ACT II,,openfoodfacts,,,https://images.openfoodfacts.org/images/products/007/615/098/2398/front_en.4.400.jpg,"['popping corn', 'palm oil', 'salt', 'less than 2% of: natural flavor', 'color added', 'tbhq and citric acid']"
https://world.openfoodfacts.org/product/8901512558404,Salty Snacks,,8901512558404,,ACT II popcorn butter delight,[],unknown,994d39f1638a,"{'energy_kcal': None, 'protein_g': None, 'carbohydrates_g': None, 'of_which_sugars_g': None, 'fat_g': None, 'of_which_saturated_fat_g': None, 'dietary_fiber_g': None, 'sodium_mg': None}",,,,enriched,['openfoodfacts'],Snacks & Namkeen,ACT II,United Kingdom,openfoodfacts,https://images.openfoodfacts.org/images/products/890/151/255/8404/ingredients_en.5.400.jpg,https://images.openfoodfacts.org/images/products/890/151/255/8404/nutrition_en.7.400.jpg,https://images.openfoodfacts.org/images/products/890/151/255/8404/front_en.3.400.jpg,[]
https://world.openfoodfacts.org/product/0076150200249,Salty Snacks,,0076150200249,360 g,Popcorn butter,[],,b9796772d744,{},,,,not_found,['openfoodfacts'],Snacks & Namkeen,ACT II,,openfoodfacts,,,https://images.openfoodfacts.org/images/products/007/615/020/0249/front_en.17.400.jpg,[]
https://world.openfoodfacts.org/product/0076150232523,Popcorn,,0076150232523,,Butter Lovers Microwave Popcorn,[],e,add5faf81f78,"{'energy_kcal': 437.5, 'protein_g': 6.25, 'carbohydrates_g': 56.25, 'of_which_sugars_g': 0, 'fat_g': 21.875, 'of_which_saturated_fat_g': 10.9375, 'dietary_fiber_g': 9.375, 'sodium_mg': 0.96875}",,4,,enriched,"['openfoodfacts', 'openfoodfacts', 'openfoodfacts', 'openfoodfacts']",Snacks & Namkeen,ACT II,United States,openfoodfacts,,https://images.openfoodfacts.org/images/products/007/615/023/2523/nutrition_en.12.400.jpg,https://images.openfoodfacts.org/images/products/007/615/023/2523/front_en.13.400.jpg,"['popping corn', 'palm oil', 'salt', 'less than 2% of: natural flavor', 'color added', 'tbhq and citric acid']"
https://world.openfoodfacts.org/product/0076150215359,Plant Based Foods,,0076150215359,,acI mocrowave popcorn,[],unknown,19d7db96d115,"{'energy_kcal': None, 'protein_g': None, 'carbohydrates_g': None, 'of_which_sugars_g': 0, 'fat_g': 7, 'of_which_saturated_fat_g': None, 'dietary_fiber_g': None, 'sodium_mg': None}",,,,enriched,['openfoodfacts'],Snacks & Namkeen,ACT II,,openfoodfacts,,,https://images.openfoodfacts.org/images/products/007/615/021/5359/front_en.8.400.jpg,['20% Suores 0 g Protines 4g Vitamine A 0 S Vamine C 0% Calokum 0% Fer NG ENTERS HULE DE PALME ONE DE BEURRE NATUREL. COLONt UESTIONS OR COMMENTS? S QUESTIONS OU DES COMMENTRIRES? 1-000-461-4556 This carton is reoyclable. Cet embalage est recyclable.']
https://world.openfoodfacts.org/product/0076150001006,,,0076150001006,,Movie Theater Butter Microwave Popcorn,['Milk'],unknown,bfa3b7739638,"{'energy_kcal': 441.176470588235, 'protein_g': 8.82352941176471, 'carbohydrates_g': 55.8823529411765, 'of_which_sugars_g': None, 'fat_g': 23.5294117647059, 'of_which_saturated_fat_g': 11.7647058823529, 'dietary_fiber_g': 8.82352941176471, 'sodium_mg': 0.970588235294118}",,4,,enriched,['openfoodfacts'],Snacks & Namkeen,ACT II,United States,openfoodfacts,,https://images.openfoodfacts.org/images/products/007/615/000/1006/nutrition_en.5.400.jpg,https://images.openfoodfacts.org/images/products/007/615/000/1006/front_en.3.400.jpg,"['popping corn', 'palm oil', 'salt', 'color added', 'natural flavor', 'TBHQ', 'citric acid']"
https://world.openfoodfacts.org/product/0076150215335,Popcorn,,0076150215335,14 x 78 g,Butter Lovers Flavour Microwave Popcorn,[],a,2e1ed7552ad4,"{'energy_kcal': None, 'protein_g': None, 'carbohydrates_g': None, 'of_which_sugars_g': None, 'fat_g': None, 'of_which_saturated_fat_g': None, 'dietary_fiber_g': None, 'sodium_mg': None}",,4,,enriched,['openfoodfacts'],Snacks & Namkeen,ACT II,,openfoodfacts,,,https://images.openfoodfacts.org/images/products/007/615/021/5335/front_en.7.400.jpg,"['100% whole grain popping corn', 'Palm oil', 'Salt', 'Natural butter flavour', 'Colour']"
https://world.openfoodfacts.org/product/7501006559064,Salty Snacks,,7501006559064,240 g,Act II 3 pack sabor natural,[],d,44b2b59655b9,"{'energy_kcal': 516.666666666667, 'protein_g': 8.33333333333333, 'carbohydrates_g': 53.3333333333333, 'of_which_sugars_g': 0.666666666666667, 'fat_g': 30, 'of_which_saturated_fat_g': 13.3333333333333, 'dietary_fiber_g': 8.33333333333333, 'sodium_mg': 0.5}",México,3,Palomitas para microondas,enriched,['openfoodfacts'],Snacks & Namkeen,ACT II,México,openfoodfacts,https://images.openfoodfacts.org/images/products/750/100/655/9064/ingredients_es.15.400.jpg,https://images.openfoodfacts.org/images/products/750/100/655/9064/nutrition_es.16.400.jpg,https://images.openfoodfacts.org/images/products/750/100/655/9064/front_es.14.400.jpg,"['Maíz', 'aceite de palma y sal yodada']"
https://world.openfoodfacts.org/product/7501006559491,Salty Snacks,,7501006559491,70 g,Act II sabor Mantequilla,[],,8cfb0c7b2c17,{},,,,not_found,['openfoodfacts'],Snacks & Namkeen,ACT II,,openfoodfacts,,,https://images.openfoodfacts.org/images/products/750/100/655/9491/front_es.8.400.jpg,[]
https://world.openfoodfacts.org/product/7501006559088,Salty Snacks,,7501006559088,240 g,Act II sabor Mantequilla Extra 3 Pack,['Milk'],e,57ac0bef72d2,"{'energy_kcal': 516.666666666667, 'protein_g': 8.33333333333333, 'carbohydrates_g': 53.3333333333333, 'of_which_sugars_g': 0.666666666666667, 'fat_g': 30, 'of_which_saturated_fat_g': 13.3333333333333, 'dietary_fiber_g': 8.33333333333333, 'sodium_mg': 0.880533333333333}",México,4,Palomitas para microondas sabor mantequilla extra,enriched,['openfoodfacts'],Snacks & Namkeen,ACT II,México,openfoodfacts,https://images.openfoodfacts.org/images/products/750/100/655/9088/ingredients_es.11.400.jpg,https://images.openfoodfacts.org/images/products/750/100/655/9088/nutrition_es.12.400.jpg,https://images.openfoodfacts.org/images/products/750/100/655/9088/front_es.10.400.jpg,"['Maiz', 'aceite de palma', 'sal yodada', 'saborizante idéntico al natural  y extracto de annato .']"
https://world.openfoodfacts.org/product/0076150200102,,,0076150200102,,Butter Microwave Popcorn,[],,443eec7d8609,{},,,,not_found,['openfoodfacts'],Snacks & Namkeen,ACT II,,openfoodfacts,,,https://images.openfoodfacts.org/images/products/007/615/020/0102/front_en.4.400.jpg,[]
https://world.openfoodfacts.org/product/0076150232219,,,0076150232219,,Microwave Popcorn Butter,['Milk'],d,74b9f319978c,"{'energy_kcal': 406.25, 'protein_g': 9.375, 'carbohydrates_g': 59.375, 'of_which_sugars_g': 0, 'fat_g': 18.75, 'of_which_saturated_fat_g': 7.8125, 'dietary_fiber_g': 9.4, 'sodium_mg': 0.875}",,4,,enriched,['openfoodfacts'],Snacks & Namkeen,ACT II,United States,openfoodfacts,https://images.openfoodfacts.org/images/products/007/615/023/2219/ingredients_en.19.400.jpg,https://images.openfoodfacts.org/images/products/007/615/023/2219/nutrition_en.17.400.jpg,https://images.openfoodfacts.org/images/products/007/615/023/2219/front_en.15.400.jpg,"['popping corn', 'palm oil', 'less than 2% of: salt', 'color added', 'natural flavor', 'tbhq and citric acid', 'contains: milk']"
https://world.openfoodfacts.org/product/0076150232097,,,0076150232097,,Xtreme Butter Microwave Popcorn,[],,8544a4811312,{},,,,not_found,['openfoodfacts'],Snacks & Namkeen,ACT II,,openfoodfacts,,,https://images.openfoodfacts.org/images/products/007/615/023/2097/front_en.8.400.jpg,[]
https://world.openfoodfacts.org/product/0076150232202,,,0076150232202,,94% Fat Free Butter Naturally Flavored Popcorn,['Milk'],c,4ab4bdfd214f,"{'energy_kcal': 333.333333333333, 'protein_g': 10.2564102564103, 'carbohydrates_g': 69.2307692307692, 'of_which_sugars_g': 0, 'fat_g': 5.12820512820513, 'of_which_saturated_fat_g': 2.56410256410256, 'dietary_fiber_g': 10.2564102564103, 'sodium_mg': 0.769230769230769}",,4,,enriched,['openfoodfacts'],Snacks & Namkeen,ACT II,United States,openfoodfacts,,https://images.openfoodfacts.org/images/products/007/615/023/2202/nutrition_en.16.400.jpg,https://images.openfoodfacts.org/images/products/007/615/023/2202/front_en.10.400.jpg,"['Popping Corn', 'Palm Oil', 'Salt', 'Less than 2% of: Natural Flavor', 'Butter', 'Color Added', 'TBHQ and Citric Acid . CONTAINS: MILK.']"
https://world.openfoodfacts.org/product/0076150982350,Popcorn,,0076150982350,,ACT II Butter Lovers Flavour,[],,8dd72996f94d,{},,,,not_found,['openfoodfacts'],Snacks & Namkeen,ACT II,,openfoodfacts,,,https://images.openfoodfacts.org/images/products/007/615/098/2350/front_en.10.400.jpg,[]
https://world.openfoodfacts.org/product/7501006560572,Salty Snacks,,7501006560572,,Palomitas Sabor Natural,[],d,49be0dccb321,"{'energy_kcal': 470, 'protein_g': 9, 'carbohydrates_g': 51, 'of_which_sugars_g': 0, 'fat_g': 26, 'of_which_saturated_fat_g': 13, 'dietary_fiber_g': 10, 'sodium_mg': 0.42672}",,3,palomitas,enriched,['openfoodfacts'],Snacks & Namkeen,ACT II,México,openfoodfacts,https://images.openfoodfacts.org/images/products/750/100/656/0572/ingredients_es.13.400.jpg,https://images.openfoodfacts.org/images/products/750/100/656/0572/nutrition_es.17.400.jpg,https://images.openfoodfacts.org/images/products/750/100/656/0572/front_fr.3.400.jpg,"['Maiz palomero', 'aceite vegetal  y sal yodada.']"
https://world.openfoodfacts.org/product/0076150982336,Popcorn,,0076150982336,85g,Popcorn,[],,b4caa8159fa7,{},,,,not_found,"['openfoodfacts', 'openfoodfacts']",Snacks & Namkeen,ACT II,,openfoodfacts,,,https://images.openfoodfacts.org/images/products/007/615/098/2336/front_en.3.400.jpg,[]
https://world.openfoodfacts.org/product/8901512507501,,,8901512507501,33g,ACT II Microwave Popcorn Butter Lover's Flavour,[],d,b381db4ad751,"{'energy_kcal': 529, 'protein_g': 10, 'carbohydrates_g': 52, 'of_which_sugars_g': 0, 'fat_g': 33, 'of_which_saturated_fat_g': 18, 'dietary_fiber_g': 8, 'sodium_mg': 0.5}",,,,enriched,['openfoodfacts'],Snacks & Namkeen,ACT II,Bangladesh,openfoodfacts,https://images.openfoodfacts.org/images/products/890/151/250/7501/ingredients_en.10.400.jpg,https://images.openfoodfacts.org/images/products/890/151/250/7501/nutrition_en.12.400.jpg,https://images.openfoodfacts.org/images/products/890/151/250/7501/front_en.8.400.jpg,[]
https://world.openfoodfacts.org/product/0076150011289,Popcorn,,0076150011289,1.09 oz,Act II Kettle Corn,[],unknown,71fb83710107,"{'energy_kcal': None, 'protein_g': None, 'carbohydrates_g': None, 'of_which_sugars_g': None, 'fat_g': None, 'of_which_saturated_fat_g': None, 'dietary_fiber_g': None, 'sodium_mg': None}",,4,,enriched,['openfoodfacts'],Snacks & Namkeen,ACT II,,openfoodfacts,,,https://images.openfoodfacts.org/images/products/007/615/001/1289/front_en.32.400.jpg,"['Popping Corn', 'Palm Oil', 'Less than 2% of: Salt', 'Sucralose', 'TBHQ and Citric Acid .']"
https://world.openfoodfacts.org/product/0076150982404,Popcorn,,0076150982404,3 x 85 g,Sweet & Salty Kettle Corn,[],unknown,19ba03933da6,"{'energy_kcal': 505.895474824729, 'protein_g': 11.6666666666667, 'carbohydrates_g': 50, 'of_which_sugars_g': None, 'fat_g': 26.6666666666667, 'of_which_saturated_fat_g': 11.6666666666667, 'dietary_fiber_g': 10, 'sodium_mg': 0.316666666666667}",,,,enriched,['openfoodfacts'],Snacks & Namkeen,ACT II,"New Zealand, United States",openfoodfacts,,,https://images.openfoodfacts.org/images/products/007/615/098/2404/front_en.3.400.jpg,[]
https://world.openfoodfacts.org/product/0076150982367,,,0076150982367,,Light Butter Flavour Microwave Popcorn,[],,93ed1ce89c96,{},,,,not_found,['openfoodfacts'],Snacks & Namkeen,ACT II,,openfoodfacts,,,https://images.openfoodfacts.org/images/products/007/615/098/2367/front_en.13.400.jpg,[]
https://world.openfoodfacts.org/product/0076150232820,Popcorn,,0076150232820,,Kettle corn,[],d,53c31aae5bdb,"{'energy_kcal': 441.176470588235, 'protein_g': 5.88235294117647, 'carbohydrates_g': 55.8823529411765, 'of_which_sugars_g': 0, 'fat_g': 26.4705882352941, 'of_which_saturated_fat_g': 11.7647058823529, 'dietary_fiber_g': 8.82352941176471, 'sodium_mg': 0.5}",,4,,enriched,['openfoodfacts'],Snacks & Namkeen,ACT II,United States,openfoodfacts,https://images.openfoodfacts.org/images/products/007/615/023/2820/ingredients_en.8.400.jpg,https://images.openfoodfacts.org/images/products/007/615/023/2820/nutrition_en.5.400.jpg,https://images.openfoodfacts.org/images/products/007/615/023/2820/front_en.3.400.jpg,"['POPPING CORN', 'PALM OIL', 'LESS THAN 2% OF: SALT', 'SUCRALOSE', 'TBHQ AND CITRIC ACID .']"
https://world.openfoodfacts.org/product/8901512556301,,,8901512556301,,ACT II Movie Theater Butter Popcorn,['Milk'],unknown,3ed19d02d3a6,"{'energy_kcal': 441.176470588235, 'protein_g': 8.82352941176471, 'carbohydrates_g': 55.8823529411765, 'of_which_sugars_g': None, 'fat_g': 23.5294117647059, 'of_which_saturated_fat_g': 11.7647058823529, 'dietary_fiber_g': 8.82352941176471, 'sodium_mg': 0.970588235294118}",,4,,enriched,['openfoodfacts'],Snacks & Namkeen,ACT II,,openfoodfacts,,,https://images.openfoodfacts.org/images/products/007/615/000/1006/front_en.3.400.jpg,"['popping corn', 'palm oil', 'salt', 'color added', 'natural flavor', 'TBHQ', 'citric acid']"
https://world.openfoodfacts.org/product/0076150982381,Popcorn,,0076150982381,255 g,Act 2 popcorn butter flavour,[],d,02825d415df3,"{'energy_kcal': 455.66666666667, 'protein_g': 10, 'carbohydrates_g': 53.333333333333, 'of_which_sugars_g': 0, 'fat_g': 20, 'of_which_saturated_fat_g': 10, 'dietary_fiber_g': 13.333333333333, 'sodium_mg': 0.8}",,,,enriched,['openfoodfacts'],Snacks & Namkeen,ACT II,"Nouvelle-Zélande, Philippines",openfoodfacts,,https://images.openfoodfacts.org/images/products/007/615/098/2381/nutrition_fr.5.400.jpg,https://images.openfoodfacts.org/images/products/007/615/098/2381/front_fr.3.400.jpg,[]
https://world.openfoodfacts.org/product/5059158232486,,,5059158232486,78g.,ACT II Popcorn,[],unknown,069e8bd8f6bc,"{'energy_kcal': 494, 'protein_g': 5, 'carbohydrates_g': 61, 'of_which_sugars_g': 0, 'fat_g': 28, 'of_which_saturated_fat_g': 13, 'dietary_fiber_g': 11, 'sodium_mg': None}",,,popcorn,enriched,['openfoodfacts'],Snacks & Namkeen,ACT II,,openfoodfacts,,,https://images.openfoodfacts.org/images/products/505/915/823/2486/front_en.4.400.jpg,[]
https://world.openfoodfacts.org/product/0076150232035,,,0076150232035,3 Tbsp,"Act Ii, Microwave Popcorn, Butter",['Milk'],unknown,259684570ea8,"{'energy_kcal': 130, 'protein_g': 4.02, 'carbohydrates_g': 27, 'of_which_sugars_g': None, 'fat_g': 2, 'of_which_saturated_fat_g': 0.499, 'dietary_fiber_g': 4.02, 'sodium_mg': 0.19}",,4,,enriched,"['openfoodfacts', 'openfoodfacts', 'openfoodfacts']",Snacks & Namkeen,ACT II,world,openfoodfacts,,,,"['Popping Corn', 'Palm Oil', 'Less Than 2% Of: Salt', 'Potassium Chloride', 'Natural And Artificial Flavor', 'Butter', 'Color Added', 'Tbhq And Citric Acid .']"
https://world.openfoodfacts.org/product/0076150473070,,,0076150473070,4.5 METRIC CUPS) PREPARED | (,"Popcorn, Butter",[],unknown,39fdbba23cc1,"{'energy_kcal': 437.5, 'protein_g': 6.25, 'carbohydrates_g': 56.25, 'of_which_sugars_g': None, 'fat_g': 21.875, 'of_which_saturated_fat_g': 10.9375, 'dietary_fiber_g': 9.375, 'sodium_mg': 0.96875}",,4,,enriched,['openfoodfacts'],Snacks & Namkeen,ACT II,,openfoodfacts,,,https://images.openfoodfacts.org/images/products/007/615/023/2585/front_en.13.400.jpg,"['popping corn', 'palm oil', 'salt', 'less than 2% of: natural flavor', 'color added', 'tbhq and citric acid']"
https://world.openfoodfacts.org/product/0076150420142,,,0076150420142,,Microwave Popcorn Buttery Flavour,[],unknown,940d5d49bb2f,"{'energy_kcal': 441.176470588235, 'protein_g': 8.82352941176471, 'carbohydrates_g': 55.8823529411765, 'of_which_sugars_g': 0, 'fat_g': 23.5294117647059, 'of_which_saturated_fat_g': 11.7647058823529, 'dietary_fiber_g': 8.82352941176471, 'sodium_mg': 0.970588235294118}",,,,enriched,['openfoodfacts'],Snacks & Namkeen,ACT II,United States,openfoodfacts,,,,[]
https://world.openfoodfacts.org/product/0076150982329,,,0076150982329,,ACT II Salted Microwave Popcorn,[],unknown,75cc24c075d6,"{'energy_kcal': 481.994901210962, 'protein_g': 8.33333333333333, 'carbohydrates_g': 50, 'of_which_sugars_g': 0, 'fat_g': 25, 'of_which_saturated_fat_g': 11.6666666666667, 'dietary_fiber_g': 10, 'sodium_mg': 0.5}",,,,enriched,['openfoodfacts'],Snacks & Namkeen,ACT II,United States,openfoodfacts,,,,[]
https://world.openfoodfacts.org/product/0076150011661,,,0076150011661,,ACT II Simply Salted popcorn,[],,b608b7e93ce3,{},,,,not_found,['openfoodfacts'],Snacks & Namkeen,ACT II,,openfoodfacts,,,https://images.openfoodfacts.org/images/products/007/615/001/1661/front_en.3.400.jpg,[]
https://world.openfoodfacts.org/product/7613036241755,Sweet Snacks,,7613036241755,104g,Munchies,"['Gluten', 'Milk']",e,22779098b4d0,"{'energy_kcal': 488, 'protein_g': 4, 'carbohydrates_g': 65.2, 'of_which_sugars_g': 57.6, 'fat_g': 23.1, 'of_which_saturated_fat_g': 13, 'dietary_fiber_g': 1.1, 'sodium_mg': 0.12}",,4,,enriched,"['openfoodfacts', 'openfoodfacts', 'openfoodfacts']",Snacks & Namkeen,Nestlé,,openfoodfacts,,,https://images.openfoodfacts.org/images/products/761/303/624/1755/front_en.28.400.jpg,['Sugar\r\nGlucose Syrup\r\nCocoa Butter\r\nVegetable Fats \r\nInvert Sugar Syrup\r\nMilk Powders \r\nSweetened Condensed Skimmed Milk \r\nCocoa Mass\r\nLactose and Proteins from Whey \r\nWhey Powder \r\nWheat Flour \r\nButterfat \r\nEmulsifier \r\nBarley Malt Extract\r\nRaising Agents \r\nSalt']
https://world.openfoodfacts.org/product/0028400029278,Salty Snacks,,0028400029278,,Peanut butter crackers,"['Gluten', 'Peanuts', 'Soybeans']",c,f949aec72953,"{'energy_kcal': 100, 'protein_g': 4, 'carbohydrates_g': 23, 'of_which_sugars_g': 6, 'fat_g': 11, 'of_which_saturated_fat_g': 3, 'dietary_fiber_g': 2, 'sodium_mg': 0.26}",,4,,enriched,['openfoodfacts'],Snacks & Namkeen,Munchies,France,openfoodfacts,https://images.openfoodfacts.org/images/products/002/840/002/9278/ingredients_en.32.400.jpg,https://images.openfoodfacts.org/images/products/002/840/002/9278/nutrition_en.40.400.jpg,https://images.openfoodfacts.org/images/products/002/840/002/9278/front_en.38.400.jpg,"['ENRICHED WHEAT FLOUR', 'PEANUT BUTTER', 'VEGETABLE OIL', 'SUGAR', 'MODIFIED FOOD STARCH', 'CORN STARCH AND LESS THAN 2% OF DEXTROSE', 'SALT', 'CORN SYRUP', 'SOY LECITHIN', 'LEAVENING', 'MOLASSES', 'SODIUM METABISULFITE', 'AND WHEAT FLOUR. CONTAINS PEANUT', 'SOY', 'AND WHEAT INGREDIENTS. ALLERGY INFORMATION: MADE IN A FACILITY THAT MAKES PRODUCTS CONTAINING TREE NUTS. FRITO-LAY', 'INC.', 'PLANO', 'TX 75024-4099 Frito Lay © 2023 FRITO-LAY NORTH AMERICA', 'INC. CONTAINS BIOENGINEERED FOOD INGREDIENTS']"
https://world.openfoodfacts.org/product/0028400314060,,,0028400314060,364 grams,CHEESE FIX FLAVORED,"['Gluten', 'Milk', 'Soybeans']",unknown,56240c54e900,"{'energy_kcal': 500, 'protein_g': 7.1428571428571, 'carbohydrates_g': 64.285714285714, 'of_which_sugars_g': 3.5714285714286, 'fat_g': 25, 'of_which_saturated_fat_g': 3.5714285714286, 'dietary_fiber_g': None, 'sodium_mg': 0.75}",,4,,enriched,['openfoodfacts'],Other,MUNCHIES,United States,openfoodfacts,https://images.openfoodfacts.org/images/products/002/840/031/4060/ingredients_en.11.400.jpg,https://images.openfoodfacts.org/images/products/002/840/031/4060/nutrition_en.5.400.jpg,https://images.openfoodfacts.org/images/products/002/840/031/4060/front_en.3.400.jpg,"['CORN', 'ENRICHED FLOUR', 'VEGETABLE OIL', 'ENRICHED CORN MEAL', 'WHOLE WHEAT', 'SALT', 'BROWN RICE FLOUR', 'CORN MALTODEXTRIN', 'WHOLE OAT FLOUR', 'WHEY', 'CHEDDAR CHEESE', 'SUGAR', 'CORN SYRUP', 'NATURAL AND ARTIFICIAL FLAVORS', 'WHEY PROTEIN CONCENTRATE', 'BUTTERMILK', 'ONION POWDER', 'MONOSODIUM GLUTAMATE', 'ROMANO CHEESE', 'POTASSIUM SALT', 'LACTOSE', 'AMMONIUM BICARBONATE', 'CORN FLOUR', 'DEXTROSE', 'TOMATO POWDER', 'ARTIFICIAL COLOR', 'LACTIC ACID', 'CITRIC ACID', 'YEAST', 'MALT SYRUP', 'GARLIC POWDER', 'SKIM MILK', 'SPICES', 'YEAST EXTRACT', 'SODIUM CASEINATE', 'PARMESAN CHEESE', 'RED AND GREEN BELL PEPPER POWDER', 'DISODIUM INOSINATE', 'AND DISODIUM GUANYLATE.']"
https://world.openfoodfacts.org/product/8445291318823,Sweet Snacks,,8445291318823,100g,Munchies Orange,[],,94b709f1fac6,{},,,,not_found,['openfoodfacts'],Snacks & Namkeen,Nestlé,,openfoodfacts,,,https://images.openfoodfacts.org/images/products/844/529/131/8823/front_en.33.400.jpg,[]
https://world.openfoodfacts.org/product/0028400084048,Salty Snacks,,0028400084048,8oz,Munchies Snack Mix Cheese Fix Flavored,"['Gluten', 'Milk']",d,ef23eb32d79f,"{'energy_kcal': 500, 'protein_g': 7.14, 'carbohydrates_g': 64.29, 'of_which_sugars_g': 3.57, 'fat_g': 25, 'of_which_saturated_fat_g': 3.57, 'dietary_fiber_g': 3.6, 'sodium_mg': 0.714}",,4,,enriched,['openfoodfacts'],Snacks & Namkeen,Munchies,United States,openfoodfacts,https://images.openfoodfacts.org/images/products/002/840/008/4048/ingredients_en.6.400.jpg,https://images.openfoodfacts.org/images/products/002/840/008/4048/nutrition_en.9.400.jpg,https://images.openfoodfacts.org/images/products/002/840/008/4048/front_en.3.400.jpg,"['doritosâ® brand nacho cheese flavored tortilla chips corn', 'vegetable oil', 'maltodextrin', 'salt', 'cheddar cheese', 'whey', 'monosodium glutamate', 'buttermilk', 'romano cheese', 'whey protein concentrate', 'onion powder', 'corn flour', 'natural and artificial flavor', 'dextrose', 'tomato powder', 'lactose', 'spices', 'artificial color', 'lactic acid', 'citric acid', 'sugar', 'garlic powder', 'skim milk', 'red and green bell pepper powder', 'disodium inosinate', 'and disodium guanylate', 'contains milk ingredients', 'cheetosâ® brand crunchy cheese flavored snacks enriched corn meal', 'vegetable oil', 'cheese seasoning', 'and salt', 'contains milk ingredients', 'sunchipsâ® brand harvest cheddarâ® flavored multigrain snacks whole corn', 'sunflower and/or canola oil', 'whole wheat', 'brown rice flour', 'whole oat flour', 'sugar', 'maltodextrin', 'salt', 'cheddar cheese', 'natural flavors', 'whey', 'whey protein concentrate', 'onion powder', 'romano cheese', 'buttermilk', 'yeast extract', 'citric acid', 'paprika extracts', 'lactic acid', 'garlic powder', 'parmesan cheese', 'and skim milk', 'contains wheat and milk ingredients', 'rold goldâ® brand tiny twists pretzels enriched flour', 'corn oil', 'corn syrup', 'salt', 'ammonium bicarbonate']"
https://world.openfoodfacts.org/product/0028400026734,Salty Snacks,,0028400026734,,Real Peanut Butter Sandwich Crackers,"['Gluten', 'Milk', 'Peanuts', 'Soybeans']",e,793d7422611a,"{'energy_kcal': 497.512437810945, 'protein_g': 4.54545454545455, 'carbohydrates_g': 54.5454545454545, 'of_which_sugars_g': 11.3636363636364, 'fat_g': 22.7272727272727, 'of_which_saturated_fat_g': 6.81818181818182, 'dietary_fiber_g': 4.54545454545455, 'sodium_mg': 0.704545454545455}",,4,,enriched,['openfoodfacts'],Snacks & Namkeen,Munchies,,openfoodfacts,,,https://images.openfoodfacts.org/images/products/002/840/002/6734/front_en.6.400.jpg,"['ENRICHED WHEAT FLOUR', 'PEANUT BUTTER', 'VEGETABLE SHORTENING', 'SUGAR', 'MODIFIED CORN STARCH', 'AND LESS THAN 2% OF THE FOLLOWING: SALT', 'LEAVENING', 'DEXTROSE', 'CHEDDAR CHEESE', 'MOLASSES HYDROLYZED SOY PROTEIN', 'SOY LECITHIN', 'ARTIFICIAL COLOR', 'SODIUM METABISULFITE', 'SPICES', 'AND WHEAT FLOUR.']"
https://world.openfoodfacts.org/product/50249473,Sweet Snacks,,50249473,52g,Munchies Chocolate Tube 52g,"['Gluten', 'Milk']",e,646f24c1a8bb,"{'energy_kcal': 488, 'protein_g': 4, 'carbohydrates_g': 65.2, 'of_which_sugars_g': 57.6, 'fat_g': 23.1, 'of_which_saturated_fat_g': 13, 'dietary_fiber_g': 1.1, 'sodium_mg': 0.118}",,4,Milk chocolates with soft caramel and crisp biscuit centre,enriched,['openfoodfacts'],Snacks & Namkeen,Nestlé,"Ireland, United Kingdom",openfoodfacts,https://images.openfoodfacts.org/images/products/000/005/024/9473/ingredients_en.27.400.jpg,https://images.openfoodfacts.org/images/products/000/005/024/9473/nutrition_en.28.400.jpg,https://images.openfoodfacts.org/images/products/000/005/024/9473/front_en.52.400.jpg,"['Sugar', 'Glucose syrup', '_Milk_ powders', 'Cocoa butter', 'Invert sugar syrup', 'Vegetable fats', 'Sweetened condensed skimmed _milk_', 'Cocoa mass', 'Lactose and proteins from whey', 'Whey powder', '_Wheat_ flour', 'Emulsifier', '_Barley_ malt extract', 'Raising agents', 'Salt.']"
https://world.openfoodfacts.org/product/0028400742351,,,0028400742351,3 3/8oz,Munchies Cheese Fix,"['Gluten', 'Milk', 'Soybeans']",unknown,9eaf7560580a,"{'energy_kcal': 500, 'protein_g': 7.1428571428571, 'carbohydrates_g': 64.285714285714, 'of_which_sugars_g': 3.5714285714286, 'fat_g': 25, 'of_which_saturated_fat_g': 3.5714285714286, 'dietary_fiber_g': None, 'sodium_mg': 0.75}",,4,,enriched,['openfoodfacts'],Chips,Munchies,,openfoodfacts,,,https://images.openfoodfacts.org/images/products/002/840/074/2351/front_en.3.400.jpg,"['CORN', 'ENRICHED FLOUR', 'VEGETABLE OIL', 'ENRICHED CORN MEAL', 'WHOLE WHEAT', 'SALT', 'BROWN RICE FLOUR', 'CORN MALTODEXTRIN', 'WHOLE OAT FLOUR', 'WHEY', 'CHEDDAR CHEESE', 'SUGAR', 'CORN SYRUP', 'NATURAL AND ARTIFICIAL FLAVORS', 'WHEY PROTEIN CONCENTRATE', 'BUTTERMILK', 'ONION POWDER', 'MONOSODIUM GLUTAMATE', 'ROMANO CHEESE', 'POTASSIUM SALT', 'LACTOSE', 'AMMONIUM BICARBONATE', 'CORN FLOUR', 'DEXTROSE', 'TOMATO POWDER', 'ARTIFICIAL COLOR', 'LACTIC ACID', 'CITRIC ACID', 'YEAST', 'MALT SYRUP', 'GARLIC POWDER', 'SKIM MILK', 'SPICES', 'YEAST EXTRACT', 'SODIUM CASEINATE', 'PARMESAN CHEESE', 'RED AND GREEN BELL PEPPER POWDER', 'DISODIUM INOSINATE', 'AND DISODIUM GUANYLATE.']"
https://world.openfoodfacts.org/product/8445290934574,Sweet Snacks,,8445290934574,,Munchies Easter Egg,[],e,e20db9b2e8b0,"{'energy_kcal': 530, 'protein_g': 5.2, 'carbohydrates_g': 60.8, 'of_which_sugars_g': 60.4, 'fat_g': 29.1, 'of_which_saturated_fat_g': 17.4, 'dietary_fiber_g': 1.5, 'sodium_mg': 0.079}",,,,enriched,['openfoodfacts'],Snacks & Namkeen,Nestlé,Ireland,openfoodfacts,,https://images.openfoodfacts.org/images/products/844/529/093/4574/nutrition_en.5.400.jpg,https://images.openfoodfacts.org/images/products/844/529/093/4574/front_en.3.400.jpg,[]
https://world.openfoodfacts.org/product/0028400035729,,,0028400035729,56.7g,Flamin' Hot Snack Mix,[],,46bedd91714c,{},,,,not_found,['openfoodfacts'],Snacks & Namkeen,Munchies,,openfoodfacts,,,https://images.openfoodfacts.org/images/products/002/840/003/5729/front_en.30.400.jpg,[]
https://world.openfoodfacts.org/product/0060410027547,,,0060410027547,,Arachides enrobés croquantes,[],unknown,90e1c9f9e5eb,"{'energy_kcal': 563.636363636364, 'protein_g': 20, 'carbohydrates_g': 36.3636363636364, 'of_which_sugars_g': 9.09090909090909, 'fat_g': 36.3636363636364, 'of_which_saturated_fat_g': 6.36363636363636, 'dietary_fiber_g': 3.63636363636364, 'sodium_mg': 0.0363636363636364}",,,,enriched,['openfoodfacts'],Other,Munchies,Canada,openfoodfacts,,,,[]
https://world.openfoodfacts.org/product/0028400084055,,,0028400084055,8 oz,Flamin' Hot Flavored Snack Mix,"['Gluten', 'Milk']",d,a0a1634d62b4,"{'energy_kcal': 500, 'protein_g': 7.14, 'carbohydrates_g': 60.71, 'of_which_sugars_g': 3.57, 'fat_g': 25, 'of_which_saturated_fat_g': 3.57, 'dietary_fiber_g': 7.1, 'sodium_mg': 0.72572}",,4,,enriched,['openfoodfacts'],Snacks & Namkeen,Munchies,,openfoodfacts,,,https://images.openfoodfacts.org/images/products/002/840/008/4055/front_en.12.400.jpg,"['doritosâ® brand salsa flavored tortilla chips corn', 'vegetable oil', 'and less than 2% of the following: maltodextrin', 'salt', 'cheddar cheese', 'monosodium glutamate', 'tomato powder', 'onion powder', 'whey', 'sugar', 'sodium diacetate', 'corn starch', 'buttermilk', 'romano cheese', 'whey protein concentrate', 'corn syrup solids', 'fructose', 'natural and artificial flavors', 'lactose', 'spices', 'garlic powder', 'citric acid', 'skim milk', 'artificial color', 'malic acid', 'lime juice', 'lactic acid', 'sodium caseinate', 'disodium inosinate', 'and disodium guanylate', 'contains milk ingredients', 'cheetosâ® brand flaminâ€™ hotâ® crunchy cheese flavored snacks enriched corn meal', 'vegetable oil', ""flamin' hotâ® seasoning"", 'and salt', 'contains milk ingredients', 'sunchipsâ® brand baja picante flavored multigrain snacks whole corn', 'sunflower and/or canola oil', 'whole wheat', 'brown rice flour', 'whole oat flour', 'sugar', 'salt', 'cheddar cheese', 'maltodextrin', 'natural flavors', 'whey', 'tomato powder', 'spices', 'onion powder', 'yeast extract', 'romano cheese', 'buttermilk', 'whey protein concentrate', 'corn oil', 'garlic powder', 'citric acid', 'paprika extracts', 'and lactic acid', 'contains wheat and milk ingredients']"
https://world.openfoodfacts.org/product/0028400261494,Plant Based Foods,,0028400261494,,Honey roasted peanuts,[],d,295378b7bcb5,"{'energy_kcal': 565.55269922879, 'protein_g': 20.565552699229, 'carbohydrates_g': 28.27763496144, 'of_which_sugars_g': 17.994858611825, 'fat_g': 46.272493573265, 'of_which_saturated_fat_g': 7.7120822622108, 'dietary_fiber_g': 7.7120822622108, 'sodium_mg': 0.59125964010284}",,,,enriched,['openfoodfacts'],Plant Based Foods And Beverages,Frito Lay Munchies,United States,openfoodfacts,https://images.openfoodfacts.org/images/products/002/840/026/1494/ingredients_en.17.400.jpg,https://images.openfoodfacts.org/images/products/002/840/026/1494/nutrition_en.16.400.jpg,https://images.openfoodfacts.org/images/products/002/840/026/1494/front_en.8.400.jpg,[]
https://world.openfoodfacts.org/product/7613037410679,,,7613037410679,101 g,Munchies Cookie Dough,[],,fd5884f8b713,{},,,,not_found,['openfoodfacts'],Other,Nestlé,,openfoodfacts,,,https://images.openfoodfacts.org/images/products/761/303/741/0679/front_en.12.400.jpg,[]
https://world.openfoodfacts.org/product/7613037410556,,,7613037410556,,Munchies Chocolate fudge brownie,"['Gluten', 'Milk']",unknown,b73d1c4da12c,"{'energy_kcal': 536, 'protein_g': 6.2, 'carbohydrates_g': 58.4, 'of_which_sugars_g': 54.4, 'fat_g': 30.3, 'of_which_saturated_fat_g': 15.7, 'dietary_fiber_g': None, 'sodium_mg': 0.12}",,4,,enriched,['openfoodfacts'],Other,Nestlé,United Kingdom,openfoodfacts,https://images.openfoodfacts.org/images/products/761/303/741/0556/ingredients_en.4.400.jpg,https://images.openfoodfacts.org/images/products/761/303/741/0556/nutrition_en.12.400.jpg,https://images.openfoodfacts.org/images/products/761/303/741/0556/front_en.10.400.jpg,"['sugar', 'vegetable fats', 'milk powders', 'cocoa butter', 'lactose and proteins from whey', 'whey powder', 'cocoa mass', 'wheat flour', 'fat-reduced cocoa powder', 'emulsifier', 'raising agents', 'natural flavouring', 'salt', 'wheat gluten powder', 'barley malt extract.']"
https://world.openfoodfacts.org/product/8906005500052,,,8906005500052,,Bikaneri bhujia,[],,c370b8bafe6b,{},,,,not_found,"['openfoodfacts', 'openfoodfacts', 'openfoodfacts', 'openfoodfacts']",Snacks & Namkeen,Bikaji,,openfoodfacts,,,https://images.openfoodfacts.org/images/products/890/600/550/0052/front_fr.3.400.jpg,[]
https://world.openfoodfacts.org/product/8906005500397,,,8906005500397,1kg,Bikaji aloo bhujia 1kg,[],unknown,f8dd42db4a8c,"{'energy_kcal': 580, 'protein_g': 10, 'carbohydrates_g': 42.5, 'of_which_sugars_g': 2.5, 'fat_g': 40, 'of_which_saturated_fat_g': 17.5, 'dietary_fiber_g': 5, 'sodium_mg': 1.0725}",,,,enriched,['openfoodfacts'],Snacks & Namkeen,Bikaji,India,openfoodfacts,,,https://images.openfoodfacts.org/images/products/890/600/550/0397/front_en.3.400.jpg,[]
https://world.openfoodfacts.org/product/8906005500335,,,8906005500335,40g,Aloo Bhujia Tana-Tan,[],,30077cfd9061,{},,,,not_found,['openfoodfacts'],Snacks & Namkeen,Bikaji,,openfoodfacts,,,https://images.openfoodfacts.org/images/products/890/600/550/0335/front_en.3.400.jpg,[]
https://world.openfoodfacts.org/product/8905950003434,,,8905950003434,,bikaji bikaneri bhujia 400g,[],unknown,e63a6b9d4c09,"{'energy_kcal': None, 'protein_g': None, 'carbohydrates_g': None, 'of_which_sugars_g': None, 'fat_g': None, 'of_which_saturated_fat_g': None, 'dietary_fiber_g': None, 'sodium_mg': None}",,,,enriched,['openfoodfacts'],Snacks & Namkeen,Bikaji,India,openfoodfacts,,,https://images.openfoodfacts.org/images/products/890/595/000/3434/front_en.3.400.jpg,[]
https://world.openfoodfacts.org/product/8906010505530,,,8906010505530,,Potato Chips Mint Pudina,[],,466948636250,{},,,,not_found,['openfoodfacts'],Snacks & Namkeen,Balaji,,openfoodfacts,,,,[]
https://world.openfoodfacts.org/product/8906010502232,Salty Snacks,,8906010502232,22g,Balaji wafers panjabi tadka,"['Milk', 'Soybeans']",e,0103c5fd9e76,"{'energy_kcal': 608, 'protein_g': 7.7, 'carbohydrates_g': 42.3, 'of_which_sugars_g': 2, 'fat_g': 43.9, 'of_which_saturated_fat_g': 20.7, 'dietary_fiber_g': 6.5, 'sodium_mg': 1.033}",,4,,enriched,['openfoodfacts'],Snacks & Namkeen,Balaji,India,openfoodfacts,https://images.openfoodfacts.org/images/products/890/601/050/2232/ingredients_en.8.400.jpg,https://images.openfoodfacts.org/images/products/890/601/050/2232/nutrition_en.10.400.jpg,https://images.openfoodfacts.org/images/products/890/601/050/2232/front_en.6.400.jpg,"['EDIBLE VEGETABLE OIL', 'POTATO FLAKES', 'CHICKPEA FLOUR', 'MOTH BEAN FLOUR', 'STARCH', 'BLACK SALT', 'EDIBLE COMMON SALT', 'SUGAR', 'DEHYDRATED VEGETABLE POWDER ONION GARLIC', 'SPICES & CONDIMENTS', 'MILK SOLIDS', 'HYDROLYZED VEGETABLE PROTEIN', 'ACIDITY REGULATOR', 'FLAVOUR ENHANCER (INS 627', 'INS 631 TURAL & NATURE IDENTICAL FLAVOURING SUBSTANCES (CHILLI', 'CUMIN']"
https://world.openfoodfacts.org/product/8906010501570,Plant Based Foods,,8906010501570,32g,Balaji Wafers Crunchex,[],d,83bcd7dcfec3,"{'energy_kcal': 545, 'protein_g': 7.5, 'carbohydrates_g': 55, 'of_which_sugars_g': 3.8, 'fat_g': 30.7, 'of_which_saturated_fat_g': 14.4, 'dietary_fiber_g': 9.3, 'sodium_mg': 0.000967}",,4,,enriched,['openfoodfacts'],Snacks & Namkeen,Balaji,,openfoodfacts,,,https://images.openfoodfacts.org/images/products/890/601/050/1570/front_en.13.400.jpg,"['POTATO', 'EDIBLE VEGETABLE OIL', '**SEASONING [SUGAR', 'MALTODEXTRIN', 'SALT', 'SPICES & CONDIMENTS', 'PEPPER)', 'DEHYDRATED VEGETABLE POWDER', 'BLACK SALT', 'ACIDITY REGULATOR', 'MILK SOLIDS', 'HYDROLYZED VEGETABLE PROTEIN SOYA)', 'ANTICAKING AGENT', 'FLAVOUR ENHANCER  FLAVOUR', 'PAPRIKA EXTRACT', 'STABILIZER', 'EMULSIFIER ]']"
https://world.openfoodfacts.org/product/8906010500481,Salty Snacks,,8906010500481,,Crunchm,[],b,8be086a00574,"{'energy_kcal': None, 'protein_g': None, 'carbohydrates_g': None, 'of_which_sugars_g': None, 'fat_g': None, 'of_which_saturated_fat_g': None, 'dietary_fiber_g': None, 'sodium_mg': None}",,3,,enriched,['openfoodfacts'],Snacks & Namkeen,Balaji,India,openfoodfacts,https://images.openfoodfacts.org/images/products/890/601/050/0481/ingredients_en.5.400.jpg,https://images.openfoodfacts.org/images/products/890/601/050/0481/nutrition_en.7.400.jpg,https://images.openfoodfacts.org/images/products/890/601/050/0481/front_en.3.400.jpg,['Potato']
https://world.openfoodfacts.org/product/8906010500818,Salty Snacks,,8906010500818,100 gram,Potato chips,[],unknown,339606273455,"{'energy_kcal': None, 'protein_g': None, 'carbohydrates_g': None, 'of_which_sugars_g': None, 'fat_g': None, 'of_which_saturated_fat_g': None, 'dietary_fiber_g': None, 'sodium_mg': None}",,,,enriched,['openfoodfacts'],Snacks & Namkeen,Balaji,,openfoodfacts,,,https://images.openfoodfacts.org/images/products/890/601/050/0818/front_en.3.400.jpg,[]
https://world.openfoodfacts.org/product/8906010500047,Plant Based Foods,,8906010500047,15g,masala masti,[],e,0cab547e8e8d,"{'energy_kcal': 539, 'protein_g': 7.4, 'carbohydrates_g': 56.9, 'of_which_sugars_g': 5.5, 'fat_g': 29.5, 'of_which_saturated_fat_g': 14, 'dietary_fiber_g': 8.5, 'sodium_mg': 0.76}",,3,,enriched,['openfoodfacts'],Snacks & Namkeen,Balaji,India,openfoodfacts,https://images.openfoodfacts.org/images/products/890/601/050/0047/ingredients_en.9.400.jpg,https://images.openfoodfacts.org/images/products/890/601/050/0047/nutrition_en.13.400.jpg,https://images.openfoodfacts.org/images/products/890/601/050/0047/front_en.3.400.jpg,"['potato 87%', 'edible vegetable oil', 'sugar', 'spices and condiments', 'edible common salt', 'black salt']"
https://world.openfoodfacts.org/product/8906010501952,Plant Based Foods,,8906010501952,40 g,Balaji Wafers Rumbles Potato Chips Pudina Twist flavour,[],,b9c99aa91396,{},,,,not_found,['openfoodfacts'],Snacks & Namkeen,Balaji,,openfoodfacts,,,https://images.openfoodfacts.org/images/products/890/601/050/1952/front_en.4.400.jpg,[]
https://world.openfoodfacts.org/product/8906010500535,Plant Based Foods,,8906010500535,35 g,Balaji Wafers Chaat Chaska,[],d,26530abc02ce,"{'energy_kcal': 545, 'protein_g': 7.4, 'carbohydrates_g': 53.5, 'of_which_sugars_g': 3, 'fat_g': 32.2, 'of_which_saturated_fat_g': 15.3, 'dietary_fiber_g': 6.2, 'sodium_mg': 0.3928}",,4,Potato Chips,enriched,['openfoodfacts'],Snacks & Namkeen,Balaji,India,openfoodfacts,https://images.openfoodfacts.org/images/products/890/601/050/0535/ingredients_en.3.400.jpg,https://images.openfoodfacts.org/images/products/890/601/050/0535/nutrition_en.8.400.jpg,https://images.openfoodfacts.org/images/products/890/601/050/0535/front_en.21.400.jpg,"['Potato', 'Edible Vegetable Oil', 'lodized Salt', '†Spices & Condiments 0.5%', 'Dehydrated Vegetable Powder', 'Sugar', 'Maltodextrin', 'Flavour Enhancer', 'Acidity Regulator', 'Anticaking Agent .']"
https://world.openfoodfacts.org/product/8906010501198,Salty Snacks,,8906010501198,30 g,Crunchem Pizzy Masala,[],,86d66439389a,{},,,,not_found,['openfoodfacts'],Snacks & Namkeen,Balaji,,openfoodfacts,,,https://images.openfoodfacts.org/images/products/890/601/050/1198/front_en.3.400.jpg,[]
https://world.openfoodfacts.org/product/8906010502782,Plant Based Foods,,8906010502782,60g,Stack Up - Simply Salted,[],e,aa7e2f97a0ea,"{'energy_kcal': 541, 'protein_g': 4.8, 'carbohydrates_g': 58.7, 'of_which_sugars_g': 0.5, 'fat_g': 31.1, 'of_which_saturated_fat_g': 15.4, 'dietary_fiber_g': 0, 'sodium_mg': 0.85}",,4,,enriched,['openfoodfacts'],Snacks & Namkeen,Balaji,India,openfoodfacts,https://images.openfoodfacts.org/images/products/890/601/050/2782/ingredients_en.5.400.jpg,https://images.openfoodfacts.org/images/products/890/601/050/2782/nutrition_en.10.400.jpg,https://images.openfoodfacts.org/images/products/890/601/050/2782/front_en.3.400.jpg,"['POTATO POWDER', 'EDIBLE VEGETABLE OIL', 'RICE FLOUR', 'POTATO STARCH', 'TAPIOCA STARCH', 'EDIBLE COMMON SALT', 'SUGAR', 'EMULSIFIER', 'MALTODEXTRIN', 'FLAVOUR ENHANCER', 'YEAST EXTRACT.']"
https://world.openfoodfacts.org/product/8906010502591,Plant Based Foods,,8906010502591,72g,Crunchem,[],,b0177150c67f,{},,,,not_found,['openfoodfacts'],Snacks & Namkeen,Balaji,,openfoodfacts,,,https://images.openfoodfacts.org/images/products/890/601/050/2591/front_en.3.400.jpg,[]
https://world.openfoodfacts.org/product/8901063151321,Sweet Snacks,,8901063151321,,Britannia Good Day cashew cookies,"['Gluten', 'Milk', 'Nuts']",e,ff1d67589e31,"{'energy_kcal': 514.70588235294, 'protein_g': 5.8823529411765, 'carbohydrates_g': 67.647058823529, 'of_which_sugars_g': 22.058823529412, 'fat_g': 23.529411764706, 'of_which_saturated_fat_g': 11.764705882353, 'dietary_fiber_g': 0, 'sodium_mg': 0.23529411764706}",,4,,enriched,['openfoodfacts'],Snacks & Namkeen,Britannia,Canada,openfoodfacts,https://images.openfoodfacts.org/images/products/890/106/315/1321/ingredients_fr.10.400.jpg,https://images.openfoodfacts.org/images/products/890/106/315/1321/nutrition_fr.12.400.jpg,https://images.openfoodfacts.org/images/products/890/106/315/1321/front_fr.3.400.jpg,"['WHEAT FLOUR', 'VEGETABLE FAT', 'SUGAR', 'CASHEW BITS', 'INVERT SUGAR', 'WHOLE MILK POWDER', 'BUTTER  AMMONIUM BICARBONATE', 'SODIUM BICARBONATE', 'SALT', 'SOY LECITHIN MONO & DIGLYCERIDES OF FATTY ACIDS  & DIACETYL TARTARIC ACID ESTERS OF MONO & DIGLYCERIDES', 'ARTIFICIAL FLAVOURS .\nCONTAINS WHEAT', 'MILK', 'CASHEW & SOY\nMANUFACTURED IN A FACILITY THAT ALSO PROCESSES EGG & TREE NUTS .']"
https://world.openfoodfacts.org/product/8901063151345,Sweet Snacks,,8901063151345,75 g,Good day,[],,131d3c9fa7a9,{},,,,not_found,"['openfoodfacts', 'openfoodfacts', 'openfoodfacts', 'openfoodfacts', 'openfoodfacts', 'openfoodfacts', 'openfoodfacts', 'openfoodfacts', 'openfoodfacts', 'openfoodfacts', 'openfoodfacts']",Snacks & Namkeen,Britannia,,openfoodfacts,,,https://images.openfoodfacts.org/images/products/890/106/315/1345/front_en.8.400.jpg,[]
https://world.openfoodfacts.org/product/8901063004016,,,8901063004016,120g,GOOD DAY CHOCO COOKIES,[],unknown,5513121c42d9,"{'energy_kcal': None, 'protein_g': None, 'carbohydrates_g': None, 'of_which_sugars_g': None, 'fat_g': None, 'of_which_saturated_fat_g': None, 'dietary_fiber_g': None, 'sodium_mg': None}",,,,enriched,['openfoodfacts'],Biscuits & Bakery,Britannia,,openfoodfacts,,,https://images.openfoodfacts.org/images/products/890/106/300/4016/front_en.3.400.jpg,[]
https://world.openfoodfacts.org/product/0901063151329,,,0901063151329,52.5 g,"Britannia, Good Day, Cookies, Cashew","['Gluten', 'Milk', 'Nuts', 'Soybeans']",unknown,3201590e832e,"{'energy_kcal': 512, 'protein_g': 7, 'carbohydrates_g': 67, 'of_which_sugars_g': 22, 'fat_g': 24, 'of_which_saturated_fat_g': 11, 'dietary_fiber_g': 0, 'sodium_mg': 0}",,4,Good day biscuit,enriched,['openfoodfacts'],Biscuits & Bakery,Britannia,,openfoodfacts,,,https://images.openfoodfacts.org/images/products/890/106/309/3522/front_en.28.400.jpg,"['INGREDIENTS REFINED WHEAT FLOUR', 'EDIBLE VEGETABLE OIL', 'SUGAR', 'CASHEW NUTS', 'INVERT SYRUP', 'MILK SOLIDS', 'BUTTER', 'RAISING AGENTS  CONTAINS ADDED FLAVOURS  FLAVOURING SUBSTANCES!  CONTAINS WHEAT', 'NUTS', 'MILK AND SOYA.']"
https://world.openfoodfacts.org/product/0901063151336,,,0901063151336,,"Britannia, Good Day Cookies, Butter","['Gluten', 'Milk']",unknown,fd85b8d08e8b,"{'energy_kcal': 500, 'protein_g': 5.88, 'carbohydrates_g': 67.65, 'of_which_sugars_g': 23.53, 'fat_g': 23.53, 'of_which_saturated_fat_g': 11.76, 'dietary_fiber_g': None, 'sodium_mg': 0.329184}",,4,,enriched,['openfoodfacts'],Biscuits & Bakery,Britannia,United States,openfoodfacts,,,,"['Wheat flour', 'sugar', 'palm oil', 'butter', 'skim milk powder', 'ammonium bicarbonate & sodium bicarbonate', 'salt', 'soya lecithin & mono and diglycerides of fatty acids  and artificial flavour .']"
https://world.openfoodfacts.org/product/0901063151367,Sweet Snacks,,0901063151367,,"Britannia, Good Day, Butter Cookies",[],,e90a99e64788,{},,,,not_found,['openfoodfacts'],Snacks & Namkeen,Britannia,,openfoodfacts,,,,[]
https://world.openfoodfacts.org/product/6291007907131,,,6291007907131,72 g,Good Day Psta-Almond Cookies,[],unknown,7fc52077aee1,"{'energy_kcal': 500, 'protein_g': 7, 'carbohydrates_g': 60, 'of_which_sugars_g': 21, 'fat_g': 25, 'of_which_saturated_fat_g': 11, 'dietary_fiber_g': None, 'sodium_mg': 0.2}",,,,enriched,['openfoodfacts'],Biscuits & Bakery,Britannia,United Kingdom,openfoodfacts,,https://images.openfoodfacts.org/images/products/629/100/790/7131/nutrition_en.5.400.jpg,https://images.openfoodfacts.org/images/products/629/100/790/7131/front_en.3.400.jpg,[]
https://world.openfoodfacts.org/product/6291007907599,,,6291007907599,,Good Day Rich Pistachio and Almond Cookies,[],unknown,1a0ef43dd613,"{'energy_kcal': 495, 'protein_g': 7, 'carbohydrates_g': 60, 'of_which_sugars_g': 21, 'fat_g': 25, 'of_which_saturated_fat_g': 11, 'dietary_fiber_g': None, 'sodium_mg': 0.2}",,,,enriched,['openfoodfacts'],Biscuits & Bakery,Britannia,,openfoodfacts,,,https://images.openfoodfacts.org/images/products/629/100/790/7599/front_fr.6.400.jpg,[]
https://world.openfoodfacts.org/product/8901063092280,Sweet Snacks,,8901063092280,75g,Good Day butter cookies,"['Gluten', 'Milk', 'Soybeans']",unknown,40a83162c838,"{'energy_kcal': None, 'protein_g': None, 'carbohydrates_g': None, 'of_which_sugars_g': None, 'fat_g': None, 'of_which_saturated_fat_g': None, 'dietary_fiber_g': None, 'sodium_mg': None}",,4,,enriched,"['openfoodfacts', 'openfoodfacts', 'openfoodfacts']",Snacks & Namkeen,Britannia,,openfoodfacts,https://images.openfoodfacts.org/images/products/890/106/309/2280/ingredients_en.12.400.jpg,,https://images.openfoodfacts.org/images/products/890/106/309/2280/front_en.4.400.jpg,"['REFINED WHEAT FLOUR', 'SUGAR', 'EDIBLE VEGETABLE OIL', 'BUTTER', 'INVERT SYRUP', 'MILK SOLIDS', 'RAISING AGENTS BEST BEFORE SX MONTHS FROM PACKAGING OX.) 9', '500]', 'IODISED SALT AND EMULSIFIERS  FLAVOURING SUBSTANCES) 11  8.5g 40NTAINS WHEAT', 'MILK AND SOYA. 2.5g STORE IN ACOOL', 'HYGIENIC AND DRY PLACE. TRANSFER CONTENTS 0g TO A CLEAN AIRTIGHT CONTAINER ONCE OPENED. 6.5mg - e Marketd Br BRITANNIA INDUSTRIES LTD.', 'ARcal 5/1 AHNGERFORD STREET KOLKATA 700 017']"
https://world.openfoodfacts.org/product/6291007901597,,,6291007901597,52.5 g,Good Day Cashew Cookies,"['Gluten', 'Milk', 'Nuts', 'Soybeans']",unknown,052477bf6a94,"{'energy_kcal': 512, 'protein_g': 7, 'carbohydrates_g': 67, 'of_which_sugars_g': 22, 'fat_g': 24, 'of_which_saturated_fat_g': 11, 'dietary_fiber_g': 0, 'sodium_mg': 0}",,4,Good day biscuit,enriched,"['openfoodfacts', 'openfoodfacts', 'openfoodfacts']",Biscuits & Bakery,Britannia,,openfoodfacts,,,https://images.openfoodfacts.org/images/products/629/100/790/1597/front_en.3.400.jpg,"['INGREDIENTS REFINED WHEAT FLOUR', 'EDIBLE VEGETABLE OIL', 'SUGAR', 'CASHEW NUTS', 'INVERT SYRUP', 'MILK SOLIDS', 'BUTTER', 'RAISING AGENTS  CONTAINS ADDED FLAVOURS  FLAVOURING SUBSTANCES!  CONTAINS WHEAT', 'NUTS', 'MILK AND SOYA.']"
https://world.openfoodfacts.org/product/8901063151444,,,8901063151444,,Good Day Chunkies Chocolate Chip Cookies,"['Gluten', 'Milk', 'Sesame Seeds', 'Soybeans']",unknown,d78a76a53dd3,"{'energy_kcal': 520, 'protein_g': 8, 'carbohydrates_g': 64, 'of_which_sugars_g': 32, 'fat_g': 28, 'of_which_saturated_fat_g': None, 'dietary_fiber_g': 0, 'sodium_mg': 0.44}",,4,,enriched,['openfoodfacts'],Biscuits & Bakery,Britannia,Canada,openfoodfacts,https://images.openfoodfacts.org/images/products/890/106/315/1444/ingredients_en.5.400.jpg,https://images.openfoodfacts.org/images/products/890/106/315/1444/nutrition_en.7.400.jpg,https://images.openfoodfacts.org/images/products/890/106/315/1444/front_en.3.400.jpg,"['WHEAT FLOUR', 'DARK CHOCOLATE CHIPS', 'SUGAR', 'COCOA\nPOWDER', 'COcOA BUTTER', 'DEXTROSE', 'EMULSIFIER', '&_NATURAL\nFLAVOUR J', 'INTERESTERIFIED VEGETABLEFAT', 'SUGAR\nSKIM MILK POWDER', 'MILK CHOCOLATE CHIPS (4%YSUGAR', 'COCOA BUTTER', 'MILK\nPOWDER', 'COcOA POWDER', 'DEXTROSE', 'EMULSIFER (SOY LECITHIN &VANILLA\n(NATURAL FLAVOUR LEAVENING (AMMONIUM BICARBONATE', 'SODIUM\nBICARBONATE', 'SODIUM ACID PYRO PHOSPHATE', 'BUTTER', 'cORN SYRUP.INVERT\nSUGAR SYRUP', 'OATS POWDER', 'CocOA POWDER', 'SALT', 'EMULSIFIERS (MONO &DI\nGLYCERIDES ÖF FATTY ACIDS PALM)', 'SOY LECITHIN', 'ARTIFICIAL FLAVOUR', 'ACIDITY REGULATOR .\nCONTAINS:WHEAT', 'SOY', 'SESAME', 'MILK PRODUCT\nINGREDIENTES: FARINHA DE TRIGO', 'PEDAÇOS DE CHOCOLATE ESCURO \nACÚCAR', 'PÓ DE CACAU', 'MANTEIGÁ DE CACAU', 'DEXTROSE', 'EMULSIFICANTE\nLECITINÁ DE SOJA) E AROMA NATURAIS 1', 'GORDURA', 'VEGETAL\nNIERESTERIFICADA  ACUCAR', 'LEE EM PQ MAGRo\nPEDAÇOS DE CHOCOLATE LEITE 46) JACUCAR', 'MANTEIGA DE CACAU', 'PO DELE\nPO DE CACAU', 'DEXTROSE', 'EMULSIFICANTE  E AROMA\nNATURAIS BAUNILHA)J', 'LEVANTANDO AGENT BICARBONATO DE AMONIO\nBICARBONATO DE SODIO', 'PYROPHOSPHATE DO ACIDO DO SODIO]\nMANTEIGAMILHO XAROPE', 'AçúCAR INVERTIDO XAROPE', 'PO PE AVEIA PO DE\nCACAU', 'SAL', 'EMULSIFICANTE (MONO E DIGLICERIDOS DE ACIDOS GORDOS\nPALMA)', 'LECITINA DE SOJA)', 'AROMA ARTIFICJAIS (CHOCOLATE', 'BAUNILHA', 'REGULADOR DE ACIDEZ .\nCONTÉM: TRIGO', 'SoJA', 'GERGELIMEPRODUTO DE LEITE\nINGREDIENTS: FARINE DE BLÉ', 'PÉPITES DE CHOCOLAT NOIR  SUCRE\npRE DE CACAO', 'BEURRE DE CACAO', 'DEXTROSE', 'EMULSIFIANT (LECITHINE DU\nSOJA) ET SAVEURS NATURELLES', 'GRAISSE VEGETALE\nINTERESTÉRIFIÉE', 'SUČRE']"
https://world.openfoodfacts.org/product/8901063165359,,,8901063165359,6 x 120 g,Good Day Chocochip Cookies,[],unknown,a7acef60fce4,"{'energy_kcal': 500, 'protein_g': 6.0606060606061, 'carbohydrates_g': 69.69696969697, 'of_which_sugars_g': 30.30303030303, 'fat_g': 21.212121212121, 'of_which_saturated_fat_g': 9.0909090909091, 'dietary_fiber_g': None, 'sodium_mg': 0.287878787878788}",,,,enriched,['openfoodfacts'],Biscuits & Bakery,Britannia,United States,openfoodfacts,,https://images.openfoodfacts.org/images/products/890/106/316/5359/nutrition_en.5.400.jpg,https://images.openfoodfacts.org/images/products/890/106/316/5359/front_en.8.400.jpg,[]
https://world.openfoodfacts.org/product/6291007909449,Sweet Snacks,,6291007909449,,Good day - Cashew Cookies,[],,9bdc72ab8fdf,{},,,,not_found,['openfoodfacts'],Snacks & Namkeen,Britannia,,openfoodfacts,,,,[]
https://world.openfoodfacts.org/product/8901063151482,,,8901063151482,,BUTTER COOKIES,"['Gluten', 'Milk', 'Sesame Seeds', 'Soybeans']",unknown,5b76d1908799,"{'energy_kcal': 476, 'protein_g': 5.8823529411765, 'carbohydrates_g': 67.647058823529, 'of_which_sugars_g': 23.529411764706, 'fat_g': 23.529411764706, 'of_which_saturated_fat_g': 11.764705882353, 'dietary_fiber_g': None, 'sodium_mg': 0.26470588235294}",India,4,,enriched,['openfoodfacts'],Biscuits & Bakery,Britannia,United States,openfoodfacts,,https://images.openfoodfacts.org/images/products/890/106/315/1482/nutrition_en.5.400.jpg,https://images.openfoodfacts.org/images/products/890/106/315/1482/front_en.3.400.jpg,"['wheat flour', 'sugar', 'bakery shortening', 'palm oil', 'interesterified fat', 'sesame oil', 'butter', 'milk', 'invert sugar syrup', 'whole milk powder', 'leavenings', 'ammonium bicarbonate', 'sodium bicarbonate', 'salt', 'emulsifiers', 'soy lecithin', 'mono - and diglycerides of fatty acids', 'diacetyl tartaric acid esters of mono - and diglycerides', 'natural and artificial flavours', 'butter', 'vanilla', 'milk']"
https://world.openfoodfacts.org/product/6291007903331,,,6291007903331,648 g,Britannia Good day pistachio almond cookies,[],unknown,14fe19d51e90,"{'energy_kcal': 495, 'protein_g': 7, 'carbohydrates_g': 60, 'of_which_sugars_g': 21, 'fat_g': 25, 'of_which_saturated_fat_g': 11, 'dietary_fiber_g': None, 'sodium_mg': 0.2}",,,,enriched,['openfoodfacts'],Biscuits & Bakery,Britannia,,openfoodfacts,,,https://images.openfoodfacts.org/images/products/629/100/790/3331/front_en.3.400.jpg,[]
https://world.openfoodfacts.org/product/0890106315137,,,0890106315137,,"Good Day, Pista-Almond Cookies","['Gluten', 'Milk', 'Nuts']",unknown,5af1204298df,"{'energy_kcal': 500, 'protein_g': 8.82, 'carbohydrates_g': 64.71, 'of_which_sugars_g': 23.53, 'fat_g': 23.53, 'of_which_saturated_fat_g': 11.76, 'dietary_fiber_g': None, 'sodium_mg': 0.313944}",,4,,enriched,['openfoodfacts'],Biscuits & Bakery,Britannia,United States,openfoodfacts,,,,"['Wheat flour', 'sugar', 'palm oil', 'butter', 'skim milk powder', 'cashew', 'almond', 'pistachio', 'salt', 'ammonium bicarbonate & sodium bicarbonate', 'mono & diglycerides of fatty acids & soya lecithin', 'tartrazine (fd']"
https://world.openfoodfacts.org/product/6291007912302,,,6291007912302,100 g,Choco chip,['Gluten'],unknown,d259b1927e88,"{'energy_kcal': 493, 'protein_g': 5, 'carbohydrates_g': 71, 'of_which_sugars_g': 30, 'fat_g': 21, 'of_which_saturated_fat_g': 7.5, 'dietary_fiber_g': None, 'sodium_mg': None}",,4,,enriched,['openfoodfacts'],Biscuits & Bakery,Britannia,,openfoodfacts,,,https://images.openfoodfacts.org/images/products/629/100/791/2302/front_fr.3.400.jpg,"['REFINED WHEAT FLOUR', 'SUGAR', 'EDIBLE VEGETABLE OIL', 'CHOCOLATE CHIPS  [SUGAR', 'COCOA SOLIDS', 'COCOA BUTTER', 'DEXTROSE', 'EMULSIFIER  AND ADDED NATURAL FLAVOURING SUBSTANCES ] CHOCOCHIPS  [SUGAR EDIBLE HYDROGENATED VEGETABLE OIL', 'COCOA SOLIDS', 'DEXTROSE', 'EMULSIFIER AND ADDED NATURAL FLAVOURING SUBSTANCES ]', 'INVERT SYRUP RAISING AGENTS [503', '500', '450]', 'COCOA SOLIDS', 'EDIBLE COMMON SALT AND EMULSIFIERS  CONTAINS PERMITTED NATURAL FOOD COLOUR  AND ADDED FLAVOURS [NATURE IDENTICAL AND ARTIFICIAL FLAVOURING SUBSTANCES ]']"
https://world.openfoodfacts.org/product/6291007915471,,,6291007915471,72 g,Good Day - Pistachio & Almond Cookies,[],unknown,66f4b6268e8b,"{'energy_kcal': 475, 'protein_g': 7, 'carbohydrates_g': 60, 'of_which_sugars_g': 22, 'fat_g': 23, 'of_which_saturated_fat_g': 11, 'dietary_fiber_g': None, 'sodium_mg': None}",,,,enriched,['openfoodfacts'],Biscuits & Bakery,Britannia,United Kingdom,openfoodfacts,,https://images.openfoodfacts.org/images/products/629/100/791/5471/nutrition_en.5.400.jpg,https://images.openfoodfacts.org/images/products/629/100/791/5471/front_en.7.400.jpg,[]
https://world.openfoodfacts.org/product/7622201431594,Sweet Snacks,,7622201431594,120 g,Oreo Cream Biscuit,[],,39d0897135ee,{},,,,not_found,['openfoodfacts'],Snacks & Namkeen,Cadbury,,openfoodfacts,,,https://images.openfoodfacts.org/images/products/762/220/143/1594/front_en.21.400.jpg,[]
https://world.openfoodfacts.org/product/7622201801878,Sweet Snacks,,7622201801878,500 g,Oreo Original,"['Gluten', 'Soybeans', 'Sulphur Dioxide And Sulphites']",e,1421c42e6fa9,"{'energy_kcal': 483, 'protein_g': 5.2, 'carbohydrates_g': 71.9, 'of_which_sugars_g': 38.8, 'fat_g': 19.6, 'of_which_saturated_fat_g': 9.7, 'dietary_fiber_g': None, 'sodium_mg': 0.43688}",India,4,,enriched,['openfoodfacts'],Snacks & Namkeen,Cadbury,India,openfoodfacts,https://images.openfoodfacts.org/images/products/762/220/180/1878/ingredients_en.31.400.jpg,https://images.openfoodfacts.org/images/products/762/220/180/1878/nutrition_en.34.400.jpg,https://images.openfoodfacts.org/images/products/762/220/180/1878/front_en.36.400.jpg,"['REFINED WHEAT FLOUR', 'SUGAR', 'FRACTIONATED FAT', 'PALMOLEIN', 'INVERT SUGAR', 'COCOA SOLIDS', 'LEAVENING AGENTS', '503)', 'STARCH', 'IODISED SALT', 'EMULSIFIER', 'NATURE IDENTICAL FLAVOURING SUBSTANCES. ALLERGEN INFORMATION: CONTAINS WHEAT', 'SULPHITES', 'SOY. MAY CONTAIN MILK AND BARLEY.']"
https://world.openfoodfacts.org/product/7622201675660,,,7622201675660,,Cricket Edition Oreo Original,[],,171e714260b9,{},,,,not_found,['openfoodfacts'],Chocolates & Confectionery,Cadbury,,openfoodfacts,,,https://images.openfoodfacts.org/images/products/762/220/167/5660/front_en.3.400.jpg,[]
https://world.openfoodfacts.org/product/5000168198491,Sweet Snacks,,5000168198491,400 g,Digestive Biscuits,"['Gluten', 'Milk', 'Soybeans']",e,cd4ac1637731,"{'energy_kcal': 496, 'protein_g': 6.7, 'carbohydrates_g': 62.5, 'of_which_sugars_g': 28.5, 'fat_g': 23.6, 'of_which_saturated_fat_g': 12.4, 'dietary_fiber_g': 3, 'sodium_mg': 0.376}",,4,Biscuits nappés de chocolat au lait - Sablés Anglais Chocolat au Lait,enriched,['openfoodfacts'],Snacks & Namkeen,McVitie's,,openfoodfacts,,,https://images.openfoodfacts.org/images/products/500/016/819/8491/front_en.193.400.jpg,"['wheat flour enriched 39 %', 'milk chocolate 30 %', 'emulsifiers', 'natural flavouring)', 'palm oil', 'wholemeal wheat flour', 'sugar', 'glucose-fructose syrup', 'powders to raising', 'salt']"
https://world.openfoodfacts.org/product/5000168198514,Sweet Snacks,,5000168198514,300 g,Sablés chocolat,"['Gluten', 'Milk', 'Soybeans']",e,2b9c59598179,"{'energy_kcal': 496, 'protein_g': 6.7, 'carbohydrates_g': 62.5, 'of_which_sugars_g': 28.5, 'fat_g': 23.6, 'of_which_saturated_fat_g': 12.4, 'dietary_fiber_g': 3, 'sodium_mg': 0.376}",Royaume-Uni,4,Biscuits nappés de chocolat au lait - Sablés Anglais Chocolat au Lait,enriched,['openfoodfacts'],Snacks & Namkeen,McVitie's,France,openfoodfacts,https://images.openfoodfacts.org/images/products/500/016/819/8514/ingredients_fr.159.400.jpg,https://images.openfoodfacts.org/images/products/500/016/819/8514/nutrition_fr.160.400.jpg,https://images.openfoodfacts.org/images/products/500/016/819/8514/front_fr.158.400.jpg,"['wheat flour enriched 39 %', 'milk chocolate 30 %', 'emulsifiers', 'natural flavouring)', 'palm oil', 'wholemeal wheat flour', 'sugar', 'glucose-fructose syrup', 'powders to raising', 'salt']"
https://world.openfoodfacts.org/product/5000168036755,Sweet Snacks,,5000168036755,360g,Digestives The ORIGINAL,['Gluten'],e,ca3cdc4854c9,"{'energy_kcal': 2092.85714285714, 'protein_g': 7.1, 'carbohydrates_g': 63.1, 'of_which_sugars_g': 19.2, 'fat_g': 21.3, 'of_which_saturated_fat_g': 9.7, 'dietary_fiber_g': 3.9, 'sodium_mg': 0.52}",,4,,enriched,"['openfoodfacts', 'openfoodfacts', 'openfoodfacts']",Snacks & Namkeen,McVitie's,"France, Germany, Ireland, United Kingdom",openfoodfacts,https://images.openfoodfacts.org/images/products/500/016/803/6755/ingredients_en.10.400.jpg,https://images.openfoodfacts.org/images/products/500/016/803/6755/nutrition_en.65.400.jpg,https://images.openfoodfacts.org/images/products/500/016/803/6755/front_en.72.400.jpg,"['Flour', 'Vegetable Oil', 'Wholemeal Wheat Flour', 'Sugar', 'Partially Inverted Sugar Syrup', 'Raising Agents', 'Salt. For allergens', 'including cereals containing gluten', 'see ingredients in bold. May also contain Milk. BY APPOINTMENT TO HER MAJESTY THE QUEEN BISCUIT MANUFACTURERS UNITED BISCUITS (UIO LIMITED', 'LONDON FOR SUITABLE FEGETARIAN V Suitable for Vegans 360a4']"
https://world.openfoodfacts.org/product/5000168124643,Sweet Snacks,,5000168124643,300g,McVitie's Rich Tea The Light One (Delights),"['Gluten', 'Soybeans']",c,509a04a76451,"{'energy_kcal': 452, 'protein_g': 7.2, 'carbohydrates_g': 66.6, 'of_which_sugars_g': 12.8, 'fat_g': 15.8, 'of_which_saturated_fat_g': 1.5, 'dietary_fiber_g': 7.3, 'sodium_mg': 0.00067}",,4,,enriched,['openfoodfacts'],Snacks & Namkeen,McVitie's,,openfoodfacts,,,https://images.openfoodfacts.org/images/products/500/016/812/4643/front_en.44.400.jpg,"['flour', 'sugar', 'vegetable oil', 'glucose-fructose syrup', 'barley malt extract', 'emulsifiers', 'raising agents', 'salt.']"
https://world.openfoodfacts.org/product/5000168001210,Sweet Snacks,,5000168001210,300 g,McVities Rich Tea Biscuits,['Gluten'],e,b22cb459ea3a,"{'energy_kcal': 460, 'protein_g': 7.2, 'carbohydrates_g': 71.1, 'of_which_sugars_g': 18.6, 'fat_g': 15.7, 'of_which_saturated_fat_g': 7.4, 'dietary_fiber_g': 3, 'sodium_mg': 0.324}",,4,Rich Tea Biscuits,enriched,['openfoodfacts'],Snacks & Namkeen,McVitie's,"Ireland, United Kingdom",openfoodfacts,https://images.openfoodfacts.org/images/products/500/016/800/1210/ingredients_en.66.400.jpg,https://images.openfoodfacts.org/images/products/500/016/800/1210/nutrition_en.24.400.jpg,https://images.openfoodfacts.org/images/products/500/016/800/1210/front_en.11.400.jpg,"['Flour', 'Sugar', 'Vegetable Oil', 'Glucose-Fructose Syrup', 'Barley Malt Extract', 'Raising Agents', 'Salt.']"
https://world.openfoodfacts.org/product/5000168034928,Sweet Snacks,,5000168034928,255g,Hobnobs,['Gluten'],e,b16632c35b72,"{'energy_kcal': 472, 'protein_g': 7.4, 'carbohydrates_g': 61.8, 'of_which_sugars_g': 22.9, 'fat_g': 20.2, 'of_which_saturated_fat_g': 8.8, 'dietary_fiber_g': 6.5, 'sodium_mg': 0.328}",,4,,enriched,['openfoodfacts'],Snacks & Namkeen,McVitie's,,openfoodfacts,,,https://images.openfoodfacts.org/images/products/500/016/803/4928/front_en.42.400.jpg,"['Wholegrain Rolled Oats', 'Wholemeal Wheat Flour', 'Palm Oil', 'Sugar', 'Partially Inverted Sugar Syrup', 'Raising Agents', 'Salt.']"
https://world.openfoodfacts.org/product/5000168194189,Sweet Snacks,,5000168194189,266 g,Digestives Milk Chocolate,"['Gluten', 'Milk']",e,a25df5b8cd5a,"{'energy_kcal': 496, 'protein_g': 6.7, 'carbohydrates_g': 62.5, 'of_which_sugars_g': 28.5, 'fat_g': 23.6, 'of_which_saturated_fat_g': 12.4, 'dietary_fiber_g': 3, 'sodium_mg': 0.37}",,4,,enriched,"['openfoodfacts', 'openfoodfacts', 'openfoodfacts']",Snacks & Namkeen,McVitie's,"France, United Kingdom",openfoodfacts,https://images.openfoodfacts.org/images/products/500/016/819/4189/ingredients_en.57.400.jpg,https://images.openfoodfacts.org/images/products/500/016/819/4189/nutrition_en.59.400.jpg,https://images.openfoodfacts.org/images/products/500/016/819/4189/front_en.70.400.jpg,"['Flour', 'Milk Chocolate', 'Palm Oil', 'Wholemeal Wheat Flour', 'Sugar', 'Glucose-Fructose Syrup', 'Raising Agents', 'Salt.']"
https://world.openfoodfacts.org/product/5000396054439,Sweet Snacks,,5000396054439,255 g,Sablés aux flocons d'avoine,['Gluten'],e,33865ee57edc,"{'energy_kcal': 472, 'protein_g': 7.4, 'carbohydrates_g': 61.8, 'of_which_sugars_g': 22.9, 'fat_g': 20.2, 'of_which_saturated_fat_g': 8.8, 'dietary_fiber_g': 6.5, 'sodium_mg': 0.328}",,4,,enriched,['openfoodfacts'],Snacks & Namkeen,McVitie's,,openfoodfacts,,,https://images.openfoodfacts.org/images/products/500/039/605/4439/front_fr.8.400.jpg,"[""Flocons d'avoine"", 'farine de blé complète', 'huile de palme', 'sucre', 'sirop de sucre inverti', 'poudre à lever', 'sel']"
https://world.openfoodfacts.org/product/5000168164045,Sweet Snacks,,5000168164045,250 g,Ginger Nuts,['Gluten'],e,5bf79667f217,"{'energy_kcal': 505, 'protein_g': 4.4, 'carbohydrates_g': 71, 'of_which_sugars_g': 37, 'fat_g': 23, 'of_which_saturated_fat_g': 8.3, 'dietary_fiber_g': 0, 'sodium_mg': 0.338}",,4,,enriched,['openfoodfacts'],Snacks & Namkeen,McVitie's,"France, Ireland, Spain, United Kingdom",openfoodfacts,https://images.openfoodfacts.org/images/products/500/016/816/4045/ingredients_en.19.400.jpg,https://images.openfoodfacts.org/images/products/500/016/816/4045/nutrition_en.16.400.jpg,https://images.openfoodfacts.org/images/products/500/016/816/4045/front_en.18.400.jpg,"['Flour', 'Sugar', 'Vegetable Oil', 'Glucose-Fructose Syrup', 'Molasses', 'Raising Agents', 'Ground Ginger', 'Salt', 'Natural Lemon and Ginger Flavouring.']"
https://world.openfoodfacts.org/product/50168064,Sweet Snacks,,50168064,24.6 g,Penguin Biscuit Bar,"['Gluten', 'Milk', 'Soybeans']",e,d24206d8affe,"{'energy_kcal': 528.455284552845, 'protein_g': 5.28455284552845, 'carbohydrates_g': 63.8211382113821, 'of_which_sugars_g': 41.4634146341463, 'fat_g': 27.2357723577236, 'of_which_saturated_fat_g': 15.4471544715447, 'dietary_fiber_g': 2.4390243902439, 'sodium_mg': 0.0813008130081301}",,4,Milk chocolate covered biscuit bars filled with chocolate cream,enriched,['openfoodfacts'],Snacks & Namkeen,McVitie's,,openfoodfacts,,,https://images.openfoodfacts.org/images/products/000/005/016/8064/front_en.58.400.jpg,"['Milk Chocolate Flavour Coating  [Sugar', 'Vegetable Oils', 'Cocoa Mass', 'Dried Skimmed Milk', 'Dried Whey', 'Butter Oil', 'Emulsifiers', 'Natural Flavouring]', 'Flour', 'Sugar', 'Palm Oil', 'Glucose-Fructose Syrup', 'Fat Reduced Cocoa Powder', 'Raising Agents', 'Natural Flavouring', 'Salt.']"
https://world.openfoodfacts.org/product/5000168124858,Sweet Snacks,,5000168124858,600g,McVitie's Rich Tea Classic 2 x,['Gluten'],d,d119c6f6a741,"{'energy_kcal': 459, 'protein_g': 7, 'carbohydrates_g': 71.3, 'of_which_sugars_g': 20.2, 'fat_g': 15.5, 'of_which_saturated_fat_g': 1.5, 'dietary_fiber_g': 2.9, 'sodium_mg': 0.36}",,4,,enriched,['openfoodfacts'],Snacks & Namkeen,McVitie's,"France, Ireland, United Kingdom",openfoodfacts,https://images.openfoodfacts.org/images/products/500/016/812/4858/ingredients_en.14.400.jpg,https://images.openfoodfacts.org/images/products/500/016/812/4858/nutrition_en.26.400.jpg,https://images.openfoodfacts.org/images/products/500/016/812/4858/front_en.24.400.jpg,"['Flour', 'Sugar', 'Vegetable Oil', 'Glucose-Fructose Syrup', 'Barley Malt Extract', 'Raising Agents', 'Salt.']"
https://world.openfoodfacts.org/product/50396238,Sweet Snacks,,50396238,250 g,Mc Vities Digestives,['Gluten'],e,78b676767ff3,"{'energy_kcal': 482.758620689655, 'protein_g': 6.89655172413793, 'carbohydrates_g': 62.0689655172414, 'of_which_sugars_g': 15.5172413793103, 'fat_g': 20.6896551724138, 'of_which_saturated_fat_g': 10.3448275862069, 'dietary_fiber_g': 3.44827586206897, 'sodium_mg': 0.5}",,3,,enriched,['openfoodfacts'],Snacks & Namkeen,McVitie's,"France, Maroc, Arabie saoudite, Suisse",openfoodfacts,https://images.openfoodfacts.org/images/products/000/005/039/6238/ingredients_en.36.400.jpg,https://images.openfoodfacts.org/images/products/000/005/039/6238/nutrition_en.39.400.jpg,https://images.openfoodfacts.org/images/products/000/005/039/6238/front_fr.80.400.jpg,"['_Wheat Flour_', 'Vegetable Oil', 'Wholemeal _Wheat Flour_', 'Sugar', 'Raising Agents', 'Partially Inverted Sugar Syrup', 'Salt.']"
https://world.openfoodfacts.org/product/5000168036670,Sweet Snacks,,5000168036670,2 x 360 g,Digestives The Original Twin Pack,['Gluten'],e,d40cbe132b45,"{'energy_kcal': 483, 'protein_g': 7, 'carbohydrates_g': 63.6, 'of_which_sugars_g': 15.1, 'fat_g': 21.3, 'of_which_saturated_fat_g': 10.1, 'dietary_fiber_g': 3.7, 'sodium_mg': 0.52}",,4,,enriched,['openfoodfacts'],Snacks & Namkeen,McVitie's,,openfoodfacts,,,https://images.openfoodfacts.org/images/products/500/016/803/6670/front_en.13.400.jpg,"['Flour', 'Vegetable Oil', 'Wholemeal Wheat Flour', 'Sugar', 'Partially Inverted Sugar Syrup', 'Raising Agents', 'Salt']"
https://world.openfoodfacts.org/product/5000168194127,Sweet Snacks,,5000168194127,266 g,Digestives Dark chocolate,"['Gluten', 'Milk', 'Soybeans']",e,3c5f60a1d2c7,"{'energy_kcal': 495, 'protein_g': 6, 'carbohydrates_g': 60.8, 'of_which_sugars_g': 27.6, 'fat_g': 24.2, 'of_which_saturated_fat_g': 12.8, 'dietary_fiber_g': 4.2, 'sodium_mg': 0.352}",,4,,enriched,['openfoodfacts'],Snacks & Namkeen,McVitie's,United Kingdom,openfoodfacts,https://images.openfoodfacts.org/images/products/500/016/819/4127/ingredients_en.19.400.jpg,https://images.openfoodfacts.org/images/products/500/016/819/4127/nutrition_en.22.400.jpg,https://images.openfoodfacts.org/images/products/500/016/819/4127/front_en.51.400.jpg,"['Flour 39%', 'Plain Chocolate 30%', 'Butter Oil', 'Cocoa Butter', 'Emulsifiers', 'Natural Flavouring)', 'Vegetable Oil', 'Wholemeal _Wheat_ Flour 9%', 'Sugar', 'Glucose-Fructose Syrup', 'Raising Agents', 'Salt']"
https://world.openfoodfacts.org/product/5000396036138,Sweet Snacks,,5000396036138,"218 g (5 x 43,6 g)",Bolachas crocantes-maçã,[],,454a54c5647f,{},,,,not_found,['openfoodfacts'],Snacks & Namkeen,McVitie's,,openfoodfacts,,,https://images.openfoodfacts.org/images/products/500/039/603/6138/front_pt.25.400.jpg,[]
https://world.openfoodfacts.org/product/5000396036091,Sweet Snacks,,5000396036091,218 g,Fruit & Form - Forest Fruit,[],c,3a26ee900bbc,"{'energy_kcal': 372, 'protein_g': 5.3, 'carbohydrates_g': 71.2, 'of_which_sugars_g': 25.5, 'fat_g': 7.1, 'of_which_saturated_fat_g': 0.7, 'dietary_fiber_g': 6.5, 'sodium_mg': 0.00037}",,,,enriched,['openfoodfacts'],Snacks & Namkeen,McVitie's,"France, Portugal",openfoodfacts,https://images.openfoodfacts.org/images/products/500/039/603/6091/ingredients_fr.4.400.jpg,https://images.openfoodfacts.org/images/products/500/039/603/6091/nutrition_en.29.400.jpg,https://images.openfoodfacts.org/images/products/500/039/603/6091/front_en.27.400.jpg,"['farinha de trigo', '27', '5% de passas', 'açúcar', 'óleo vegetal', 'agente de volume', 'maltodextrina', 'humidificante', '1', '3% de fibra de aveia', '1', '2% de puré de frutos do bosque', 'matéria seca láctea', 'farinha de arroz', 'farelo de trigo', 'levedantes', 'xarope de glucose', 'aromas naturais', 'sal', 'leite magro em pó', 'gelificante', 'reguladores de acidez', 'estabilizador . Pode conter vestigios de frutos de casca rija', 'sesamo', 'soja e outros cereais com glúten.']"
https://world.openfoodfacts.org/product/5000396038194,Sweet Snacks,,5000396038194,250 gr,Ginger Nuts Biscuits,[],,340a00e46e20,{},,,,not_found,['openfoodfacts'],Snacks & Namkeen,McVitie's,,openfoodfacts,,,https://images.openfoodfacts.org/images/products/500/039/603/8194/front_en.27.400.jpg,[]
https://world.openfoodfacts.org/product/8690504081920,Sweet Snacks,,8690504081920,150g,THINS Dark Chocolate,"['Gluten', 'Milk', 'Soybeans']",e,c5772e5e59bf,"{'energy_kcal': 49, 'protein_g': 5.1351, 'carbohydrates_g': 51.3514, 'of_which_sugars_g': 24.3243, 'fat_g': 20, 'of_which_saturated_fat_g': 10.8108, 'dietary_fiber_g': 2.7, 'sodium_mg': 0.24054}",,4,,enriched,['openfoodfacts'],Snacks & Namkeen,McVitie's,"كندا, المغرب",openfoodfacts,https://images.openfoodfacts.org/images/products/869/050/408/1920/ingredients_en.23.400.jpg,https://images.openfoodfacts.org/images/products/869/050/408/1920/nutrition_en.25.400.jpg,https://images.openfoodfacts.org/images/products/869/050/408/1920/front_en.28.400.jpg,"['Biscuit [Wheat Flour', 'Non-hydrogenated vegetable fat', 'Whole Wheat flour', 'Sugar', 'Modified Starch', 'Invert sugar syrup', 'raising agent', 'Salt', 'Skimmed Milk Powder', 'Acidity Regulator ]', 'Dark Chocolate  [Sugar', 'Cocoa mass', 'Non Hydrogenated vegetable Fats', 'Butter Oil', 'Cocoa Butter', 'emulsifier )', 'Natural Flavouring . Cocoa Solids minimum 38%).']"
https://world.openfoodfacts.org/product/5000396025026,Sweet Snacks,,5000396025026,400,Digestive Delicious Wheat Biscuits,[],,a11ae619f891,{},,,,not_found,['openfoodfacts'],Snacks & Namkeen,McVitie's,,openfoodfacts,,,https://images.openfoodfacts.org/images/products/500/039/602/5026/front_es.41.400.jpg,[]
https://world.openfoodfacts.org/product/5000396037548,Sweet Snacks,,5000396037548,200g,McVities Digestives Dark Chocolate 200g,"['Gluten', 'Milk', 'Soybeans']",e,8b4e1a6ce8f6,"{'energy_kcal': 496, 'protein_g': 6, 'carbohydrates_g': 61.1, 'of_which_sugars_g': 26.6, 'fat_g': 24.3, 'of_which_saturated_fat_g': 12.9, 'dietary_fiber_g': 4.3, 'sodium_mg': 0.332}",,4,,enriched,['openfoodfacts'],Snacks & Namkeen,McVitie's,"Belgique, Chypre, Italie, Portugal, Roumanie, Suisse",openfoodfacts,https://images.openfoodfacts.org/images/products/500/039/603/7548/ingredients_fr.35.400.jpg,https://images.openfoodfacts.org/images/products/500/039/603/7548/nutrition_fr.36.400.jpg,https://images.openfoodfacts.org/images/products/500/039/603/7548/front_fr.56.400.jpg,"['Flour', 'chocolate  [Sugar', 'Cocoa Mass', 'Vegetable Fats', 'butter oil', 'cocoa butter', 'emulsifiers', 'natural flavouring]', 'palm oil', 'wholemeal wheat flour', 'sugar', 'glucose-fructose syrup', 'raising agents', 'salt']"
https://world.openfoodfacts.org/product/5000396037937,Sweet Snacks,,5000396037937,400 g,Digestives The Original Wheat Biscuit,"['Gluten', 'Milk']",e,9be78f0aac8b,"{'energy_kcal': 482.993197278912, 'protein_g': 7, 'carbohydrates_g': 63.6, 'of_which_sugars_g': 15.1, 'fat_g': 21.3, 'of_which_saturated_fat_g': 10.1, 'dietary_fiber_g': 3.7, 'sodium_mg': 0.52}",United Kingdom,4,,enriched,['openfoodfacts'],Snacks & Namkeen,McVitie's,"Croatia, France, Germany, Portugal, Switzerland, United Kingdom",openfoodfacts,https://images.openfoodfacts.org/images/products/500/039/603/7937/ingredients_fr.79.400.jpg,https://images.openfoodfacts.org/images/products/500/039/603/7937/nutrition_en.66.400.jpg,https://images.openfoodfacts.org/images/products/500/039/603/7937/front_en.61.400.jpg,"['Farine', 'huile de palme', 'farine de blé complète', 'sucre', 'sirop de sucre inverti', 'poudres à lever', 'sel. Pour les allergènes', 'incluant les céréales contenant du gluten', 'voir les ingrédients en gras. Peut aussi contenir lait.']"
https://world.openfoodfacts.org/product/5000168210360,Sweet Snacks,,5000168210360,,Penguin,[],,67630767eedd,{},,,,not_found,['openfoodfacts'],Snacks & Namkeen,McVitie's,,openfoodfacts,,,https://images.openfoodfacts.org/images/products/500/016/821/0360/front_en.42.400.jpg,[]
https://world.openfoodfacts.org/product/5000396051742,Sweet Snacks,,5000396051742,300 g,Sablés aux flocons d'avoine chocolat au lait,"['Gluten', 'Milk', 'Soybeans']",e,87df4b2fa2db,"{'energy_kcal': 494, 'protein_g': 7, 'carbohydrates_g': 61.4, 'of_which_sugars_g': 32.3, 'fat_g': 23.3, 'of_which_saturated_fat_g': 11.5, 'dietary_fiber_g': 5.2, 'sodium_mg': 0.3}",,4,,enriched,['openfoodfacts'],Snacks & Namkeen,McVitie's,,openfoodfacts,,,https://images.openfoodfacts.org/images/products/500/039/605/1742/front_fr.12.400.jpg,"[""Flocons d'avoine"", 'chocolat au lait', 'huile de beurre', 'graisses végétales', 'émulsifiants', 'arôme naturel', 'Farine de blé complète', 'sucre', 'huile de palme', 'sirop de glucose-fructose', 'poudres à lever', 'sel.']"
https://world.openfoodfacts.org/product/5000396033373,Sweet Snacks,,5000396033373,250g,Direktive Biscuits,['Gluten'],e,cee067a82af8,"{'energy_kcal': 483, 'protein_g': 6.9, 'carbohydrates_g': 62.7, 'of_which_sugars_g': 16.8, 'fat_g': 21.3, 'of_which_saturated_fat_g': 10.3, 'dietary_fiber_g': 3.4, 'sodium_mg': 0.592}",,4,Weizenkekse,enriched,['openfoodfacts'],Snacks & Namkeen,McVitie's,"Belgien, Frankreich, Deutschland, Schweiz",openfoodfacts,https://images.openfoodfacts.org/images/products/500/039/603/3373/ingredients_de.41.400.jpg,https://images.openfoodfacts.org/images/products/500/039/603/3373/nutrition_de.44.400.jpg,https://images.openfoodfacts.org/images/products/500/039/603/3373/front_de.52.400.jpg,"['Mehl', 'pflanzliches Öl', 'Vollkornweizenmehl', 'Zucker', 'Invertzuckersirup', 'Backtriebmittel . Salz. Kann enthalten: _Milch_']"
https://world.openfoodfacts.org/product/5000396024753,Sweet Snacks,,5000396024753,400غ,Mcvities Wholesense,['Gluten'],d,90885e16445f,"{'energy_kcal': 467, 'protein_g': 8.1, 'carbohydrates_g': 58.1, 'of_which_sugars_g': 19.1, 'fat_g': 20.8, 'of_which_saturated_fat_g': 4.6, 'dietary_fiber_g': 6.5, 'sodium_mg': 0.244}",,3,,enriched,['openfoodfacts'],Snacks & Namkeen,McVitie's,"France, Morocco",openfoodfacts,https://images.openfoodfacts.org/images/products/500/039/602/4753/ingredients_en.10.400.jpg,https://images.openfoodfacts.org/images/products/500/039/602/4753/nutrition_en.7.400.jpg,https://images.openfoodfacts.org/images/products/500/039/602/4753/front_en.17.400.jpg,"['WHOLEMEAL WHEAT FLOUR', 'VEGETABLE OILS', 'SUGAR', 'RAISING AGENTS', 'PARTIALLY INVERTED SUGAR SYRUP CONTAINS: GLUTEN. MAY ALSO CONTAIN MICK.']"
https://world.openfoodfacts.org/product/5000396037531,Sweet Snacks,,5000396037531,200 g,Mcvities Digestive Milk Chocolate Biscuits,"['Gluten', 'Milk', 'Soybeans']",e,13d11ac00a25,"{'energy_kcal': 496, 'protein_g': 6.7, 'carbohydrates_g': 62.5, 'of_which_sugars_g': 28.5, 'fat_g': 23.6, 'of_which_saturated_fat_g': 12.4, 'dietary_fiber_g': 3, 'sodium_mg': 0.376}",,4,Biscuits nappés de chocolat au lait - Sablés Anglais Chocolat au Lait,enriched,['openfoodfacts'],Snacks & Namkeen,McVitie's,,openfoodfacts,,,https://images.openfoodfacts.org/images/products/500/039/603/7531/front_fr.58.400.jpg,"['wheat flour enriched 39 %', 'milk chocolate 30 %', 'emulsifiers', 'natural flavouring)', 'palm oil', 'wholemeal wheat flour', 'sugar', 'glucose-fructose syrup', 'powders to raising', 'salt']"
https://world.openfoodfacts.org/product/6223003803568,Sweet Snacks,,6223003803568,,Digestive,[],e,0066bd320433,"{'energy_kcal': 496, 'protein_g': 6.7, 'carbohydrates_g': 62.5, 'of_which_sugars_g': 28.5, 'fat_g': 23.6, 'of_which_saturated_fat_g': 12.4, 'dietary_fiber_g': 3, 'sodium_mg': 0.067}",,,,enriched,"['openfoodfacts', 'openfoodfacts']",Snacks & Namkeen,McVitie's,Maroc,openfoodfacts,,https://images.openfoodfacts.org/images/products/622/300/380/3568/nutrition_fr.6.400.jpg,https://images.openfoodfacts.org/images/products/622/300/380/3568/front_fr.3.400.jpg,[]
https://world.openfoodfacts.org/product/5000168040028,Sweet Snacks,,5000168040028,20 cakes,Jaffa Cakes The Original Twin Pack,"['Eggs', 'Gluten', 'Milk', 'Soybeans']",e,f1cabce317e5,"{'energy_kcal': 386.792452830189, 'protein_g': 4.71698113207547, 'carbohydrates_g': 71.6981132075472, 'of_which_sugars_g': 50.9433962264151, 'fat_g': 8.49056603773585, 'of_which_saturated_fat_g': 3.77358490566038, 'dietary_fiber_g': 1.88679245283019, 'sodium_mg': 0.113207547169811}",,4,,enriched,['openfoodfacts'],Snacks & Namkeen,McVitie's,,openfoodfacts,,,https://images.openfoodfacts.org/images/products/500/016/804/0028/front_en.28.400.jpg,"['Glucose-Fructose Syrup', 'Dark Chocolate  [Sugar', 'Cocoa Mass', 'Vegetable Fats', 'Butter Oil', 'Cocoa Butter', 'Emulsifiers', 'Natural Flavouring]', 'Sugar', 'Flour', 'Whole Egg', 'Water', 'Dextrose', 'Concentrated Orange Juice', 'Glucose Syrup', 'Vegetable Oils', 'Humectant', 'Acid', 'Gelling Agent', 'Raising Agents', 'Dried Whole Egg', 'Acidity Regulator', 'Natural Orange Flavouring', 'Colour', 'Emulsifier .']"
https://world.openfoodfacts.org/product/4004198198491,Sweet Snacks,,4004198198491,,sables anglais,[],unknown,26c8f9797ad9,"{'energy_kcal': None, 'protein_g': None, 'carbohydrates_g': None, 'of_which_sugars_g': None, 'fat_g': None, 'of_which_saturated_fat_g': None, 'dietary_fiber_g': None, 'sodium_mg': None}",,,,enriched,['openfoodfacts'],Snacks & Namkeen,McVitie's,France,openfoodfacts,,,https://images.openfoodfacts.org/images/products/400/419/819/8491/front_fr.4.400.jpg,[]
https://world.openfoodfacts.org/product/5000168176833,Sweet Snacks,,5000168176833,262g pack,McVitie's Hobnobs The Oaty One Milk Chocolate,"['Gluten', 'Milk', 'Soybeans']",e,eae44f6bd8f4,"{'energy_kcal': 493.78585086042, 'protein_g': 7, 'carbohydrates_g': 61.4, 'of_which_sugars_g': 32.3, 'fat_g': 23.3, 'of_which_saturated_fat_g': 11.5, 'dietary_fiber_g': 5.2, 'sodium_mg': 0.3}",,4,,enriched,['openfoodfacts'],Snacks & Namkeen,McVitie's,,openfoodfacts,,,https://images.openfoodfacts.org/images/products/500/016/817/6833/front_en.61.400.jpg,"['rolled oats 30%', 'milk chocolate 25%', 'butter oil', 'vegetable fats', 'emulsifiers', 'natural flavouring)', 'wholemeal  wheat  flour 16%', 'sugar', 'vegetable oil', 'glucose-fructose syrup', 'raising agents', 'salt']"
https://world.openfoodfacts.org/product/7004768198491,Sweet Snacks,,7004768198491,400 g,Sablés angais l’original,[],e,531a7a6a5a03,"{'energy_kcal': 483, 'protein_g': 7, 'carbohydrates_g': 63.6, 'of_which_sugars_g': 15.1, 'fat_g': 21.3, 'of_which_saturated_fat_g': 10.1, 'dietary_fiber_g': 3.7, 'sodium_mg': 0.52}",,,,enriched,['openfoodfacts'],Snacks & Namkeen,McVitie's,France,openfoodfacts,,https://images.openfoodfacts.org/images/products/700/476/819/8491/nutrition_fr.16.400.jpg,https://images.openfoodfacts.org/images/products/700/476/819/8491/front_fr.19.400.jpg,[]
https://world.openfoodfacts.org/product/5000168038780,Sweet Snacks,,5000168038780,250 grams,Digestives the light one cookies,[],,88dcc75f849e,{},,,,not_found,['openfoodfacts'],Snacks & Namkeen,McVitie's,,openfoodfacts,,,https://images.openfoodfacts.org/images/products/500/016/803/8780/front_en.3.400.jpg,[]
https://world.openfoodfacts.org/product/5000168040097,Sweet Snacks,,5000168040097,6 x 25 g,Jaffa cakes,"['Eggs', 'Gluten', 'Milk', 'Soybeans']",e,11e14fa6885a,"{'energy_kcal': 376, 'protein_g': 5, 'carbohydrates_g': 69.6, 'of_which_sugars_g': 50, 'fat_g': 8.1, 'of_which_saturated_fat_g': 4, 'dietary_fiber_g': 2.1, 'sodium_mg': 0.106}",,4,,enriched,['openfoodfacts'],Snacks & Namkeen,McVitie's,"Ireland, United Kingdom",openfoodfacts,https://images.openfoodfacts.org/images/products/500/016/804/0097/ingredients_en.11.400.jpg,https://images.openfoodfacts.org/images/products/500/016/804/0097/nutrition_en.13.400.jpg,https://images.openfoodfacts.org/images/products/500/016/804/0097/front_en.41.400.jpg,"['Sugar', 'Flour', 'Whole Egg', 'Water', 'Dextrose', 'Concentrated Orange Juice', 'Glucose Syrup', 'Vegetable Oils', 'Humectant', 'Acid', 'Gelling Agent', 'Raising Agents', 'Dried Whole Egg', 'Acidity Regulator', 'Natural Orange Flavouring', 'Colour', 'Emulsifier']"
https://world.openfoodfacts.org/product/0059290500677,,,0059290500677,250 g,Hobnobs Oats Biscuit,[],,818e4811319e,{},,,,not_found,['openfoodfacts'],Biscuits & Bakery,McVitie's,,openfoodfacts,,,https://images.openfoodfacts.org/images/products/005/929/050/0677/front_en.49.400.jpg,[]
https://world.openfoodfacts.org/product/5000396001730,Sweet Snacks,,5000396001730,400 g,Digestives,['Gluten'],e,269a5df6ee85,"{'energy_kcal': 481, 'protein_g': 7.1, 'carbohydrates_g': 62.9, 'of_which_sugars_g': 16.5, 'fat_g': 21.3, 'of_which_saturated_fat_g': 10.1, 'dietary_fiber_g': 0.5, 'sodium_mg': 0.2136}",,4,,enriched,['openfoodfacts'],Snacks & Namkeen,McVitie's,"France, Morocco, Saudi Arabia, United Kingdom",openfoodfacts,https://images.openfoodfacts.org/images/products/500/039/600/1730/ingredients_ar.22.400.jpg,,https://images.openfoodfacts.org/images/products/500/039/600/1730/front_en.31.400.jpg,"['Wheat Flour', 'Non-Hydrogenated Vegetable Oil', 'Wholemeal Wheat Flour', 'Sugar', 'Partially Inverted Sugar Syrup', 'Raising Agents', 'Salt. Contains: Gluten', 'May also contain Milk.']"
https://world.openfoodfacts.org/product/3061990142979,Sweet Snacks,,3061990142979,,Sable anglais,[],,ad29ec10c3ce,{},,,,not_found,['openfoodfacts'],Snacks & Namkeen,McVitie's,,openfoodfacts,,,https://images.openfoodfacts.org/images/products/306/199/014/2979/front_fr.3.400.jpg,[]
https://world.openfoodfacts.org/product/5000396008791,Sweet Snacks,,5000396008791,,Digestive light 30% reduced fat,[],d,97807c9288f3,"{'energy_kcal': 448, 'protein_g': 7.4, 'carbohydrates_g': 69.9, 'of_which_sugars_g': 20.2, 'fat_g': 14.5, 'of_which_saturated_fat_g': 1.5, 'dietary_fiber_g': 3.6, 'sodium_mg': 0.388}",,,,enriched,['openfoodfacts'],Snacks & Namkeen,McVitie's,"France, Maroc",openfoodfacts,https://images.openfoodfacts.org/images/products/500/039/600/8791/ingredients_fr.9.400.jpg,,https://images.openfoodfacts.org/images/products/500/039/600/8791/front_fr.27.400.jpg,"['Wheat Flour', 'Sugar', 'Wholemeal Wheat Flour', 'Non Hydrogenated Vegetable Oil', 'Glucose-Fructose Syrup', 'Raising Agents', 'Emulsifier', 'Salt']"
https://world.openfoodfacts.org/product/5000168014104,Sweet Snacks,,5000168014104,200g,Toasting Waffles,[],,13554419758e,{},,,,not_found,['openfoodfacts'],Snacks & Namkeen,McVitie's,,openfoodfacts,,,https://images.openfoodfacts.org/images/products/500/016/801/4104/front_en.19.400.jpg,[]
https://world.openfoodfacts.org/product/50137992,Sweet Snacks,,50137992,22 g,Club Orange,"['Gluten', 'Milk', 'Soybeans']",e,ef8900abb875,"{'energy_kcal': 506, 'protein_g': 5.7, 'carbohydrates_g': 61, 'of_which_sugars_g': 40.8, 'fat_g': 26.1, 'of_which_saturated_fat_g': 16, 'dietary_fiber_g': 2.1, 'sodium_mg': 0.25}",,4,Milk chocolate covered crunchy biscuit with an orange flavoured cream,enriched,['openfoodfacts'],Snacks & Namkeen,McVitie's,,openfoodfacts,,,https://images.openfoodfacts.org/images/products/000/005/013/7992/front_en.12.400.jpg,"['_Milk_ chocolate 49%', 'dried skimmed _milk_', 'butter oil', 'vegetable fats', 'emulsifier', 'natural flavouring)', 'flour', 'vegetable oil', 'sugar', 'glucose syrup', 'raising agents', 'salt', 'natural orange flavouring', 'colour', 'acid .']"
https://world.openfoodfacts.org/product/6223003803827,Sweet Snacks,,6223003803827,,Golden Oat,[],e,8de7386ba278,"{'energy_kcal': 471, 'protein_g': 7.3, 'carbohydrates_g': 61.4, 'of_which_sugars_g': 25.5, 'fat_g': 20.3, 'of_which_saturated_fat_g': 8.9, 'dietary_fiber_g': 6.1, 'sodium_mg': 0.332}",,,,enriched,['openfoodfacts'],Snacks & Namkeen,McVitie's,"Égypte, Maroc",openfoodfacts,,https://images.openfoodfacts.org/images/products/622/300/380/3827/nutrition_fr.5.400.jpg,https://images.openfoodfacts.org/images/products/622/300/380/3827/front_fr.3.400.jpg,[]
https://world.openfoodfacts.org/product/5000396026993,Sweet Snacks,,5000396026993,400 g,Digestive Original,['Gluten'],e,be8ca9756eea,"{'energy_kcal': 482.993197278912, 'protein_g': 6.80272108843537, 'carbohydrates_g': 63.265306122449, 'of_which_sugars_g': 14.9659863945578, 'fat_g': 21.0884353741497, 'of_which_saturated_fat_g': 10.2040816326531, 'dietary_fiber_g': 3.40136054421769, 'sodium_mg': 0.537414965986395}","Great Britain, Storbritannien, United Kingdom",3,Vetekex,enriched,['openfoodfacts'],Snacks & Namkeen,McVitie's,Sverige,openfoodfacts,https://images.openfoodfacts.org/images/products/500/039/602/6993/ingredients_sv.37.400.jpg,https://images.openfoodfacts.org/images/products/500/039/602/6993/nutrition_sv.39.400.jpg,https://images.openfoodfacts.org/images/products/500/039/602/6993/front_sv.32.400.jpg,"['Vetemjöl', 'palmolja', 'fullkornsvetemjöl', 'socker', 'inverterad sockersirap', 'bakpulver', 'salt.']"
https://world.openfoodfacts.org/product/8690504081913,Sweet Snacks,,8690504081913,,Thins Milk Chocolate,[],e,073be3023b4f,"{'energy_kcal': 510.810810810811, 'protein_g': 7.2972972972973, 'carbohydrates_g': 51.351351351351, 'of_which_sugars_g': 24.324324324324, 'fat_g': 19.72972972973, 'of_which_saturated_fat_g': 10.810810810811, 'dietary_fiber_g': 2.4324324324324, 'sodium_mg': 0.27837837837838}",,,,enriched,['openfoodfacts'],Snacks & Namkeen,McVitie's,,openfoodfacts,,,https://images.openfoodfacts.org/images/products/869/050/408/1913/front_fr.18.400.jpg,['price 12']
https://world.openfoodfacts.org/product/5000396050158,Sweet Snacks,,5000396050158,160g,Hob'nobs fourré goût chocolat,"['Gluten', 'Milk']",e,d10848436147,"{'energy_kcal': 504, 'protein_g': 6.3, 'carbohydrates_g': 57.1, 'of_which_sugars_g': 26.4, 'fat_g': 26.5, 'of_which_saturated_fat_g': 15.4, 'dietary_fiber_g': 5.5, 'sodium_mg': 0.4}",,4,,enriched,['openfoodfacts'],Snacks & Namkeen,McVitie's,France,openfoodfacts,https://images.openfoodfacts.org/images/products/500/039/605/0158/ingredients_fr.31.400.jpg,https://images.openfoodfacts.org/images/products/500/039/605/0158/nutrition_fr.35.400.jpg,https://images.openfoodfacts.org/images/products/500/039/605/0158/front_fr.36.400.jpg,"[""Flocons d'*avoine*"", 'huile de palme', 'sucre', 'farine complète bde *blé*', 'maltodextrine', 'poudre de cacao maigre', 'sirop de sucre inverti', '*lactose*', ""poudre à lever : carbonates de sodium et d'ammonium"", '*lait* écrémé en poudre', 'sel', 'amidon de *blé*', 'arôme naturel.']"
https://world.openfoodfacts.org/product/5000396037227,Sweet Snacks,,5000396037227,250 g,Digestive light,[],,c0790d067e62,{},,,,not_found,['openfoodfacts'],Snacks & Namkeen,McVitie's,,openfoodfacts,,,https://images.openfoodfacts.org/images/products/500/039/603/7227/front_fr.27.400.jpg,[]
https://world.openfoodfacts.org/product/7622210695406,Sweet Snacks,,7622210695406,250g,Soft Bakes Strawberry Filled,[],,fd14843949c7,{},,,,not_found,['openfoodfacts'],Snacks & Namkeen,belVita,,openfoodfacts,,,https://images.openfoodfacts.org/images/products/762/221/069/5406/front_en.27.400.jpg,[]
https://world.openfoodfacts.org/product/7622201766344,Sweet Snacks,,7622201766344,5 x 50g,SOFT BAKES Red Berries,"['Gluten', 'Soybeans']",c,09ccedc0d3af,"{'energy_kcal': 386, 'protein_g': 5.3, 'carbohydrates_g': 63, 'of_which_sugars_g': 22, 'fat_g': 12, 'of_which_saturated_fat_g': 1.1, 'dietary_fiber_g': 7.2, 'sodium_mg': 0.134}",,4,,enriched,['openfoodfacts'],Snacks & Namkeen,belVita,United Kingdom,openfoodfacts,https://images.openfoodfacts.org/images/products/762/220/176/6344/ingredients_en.5.400.jpg,https://images.openfoodfacts.org/images/products/762/220/176/6344/nutrition_en.22.400.jpg,https://images.openfoodfacts.org/images/products/762/220/176/6344/front_en.20.400.jpg,"['Cereals 46.1 % WHEAT flour 25.5 %', 'wholegrain cereals 18 %  1%', 'wholegrain BARLEY flour 1 %', 'wholegrain WHEAT flour 1 %)', 'rice flour 2.5 %', 'malted WHEAT flour 0.1 %]', 'sugar', 'rapeseed oil', 'modified starch', 'sweetened cranberries 5 %', 'chicory root fibre', 'isomaltulose****', 'humectant', 'mineral blend', 'currants 1 %', 'salt', 'emulsifier', 'raising agent', 'flavourings', 'concentrated redcurrant juice 0.3 %', 'WHEAT gluten', 'dextrose', 'starch. ****Isomaltulose is a source of glucose and fructose. MAY CONTAIN MILK.']"
https://world.openfoodfacts.org/product/8901719101090,Sweet Snacks,,8901719101090,100g,Parle-g Glucose Biscuits,"['Gluten', 'Milk']",e,13c550ef1197,"{'energy_kcal': 454, 'protein_g': 6.9, 'carbohydrates_g': 77.3, 'of_which_sugars_g': 25.5, 'fat_g': 13, 'of_which_saturated_fat_g': 6, 'dietary_fiber_g': None, 'sodium_mg': 0.296}",,4,Glucose biscuits,enriched,['openfoodfacts'],Snacks & Namkeen,Parle,,openfoodfacts,,,https://images.openfoodfacts.org/images/products/890/171/910/1090/front_en.8.400.jpg,"['REFINED WHEAT FLOUR  - 68%', 'SUGAR', 'REFINED PALM OIL', 'INVERT SUGAR SYRUP# [SUGAR', 'CITRIC ACID]', 'IODISED SALT', 'RAISING AGENTS [503', '500 ]', 'MILK SOLIDS', 'FLOUR TREATMENT AGENT [1101 ] AND EMULSIFIER OF VEGETABLE ORIGIN [472e]', 'CONTAINS ADDED FLAVOUR']"
https://world.openfoodfacts.org/product/8901063060333,,,8901063060333,50 g,Tiger glucose biscuits,[],unknown,65de6fe8d0f3,"{'energy_kcal': None, 'protein_g': None, 'carbohydrates_g': None, 'of_which_sugars_g': None, 'fat_g': None, 'of_which_saturated_fat_g': None, 'dietary_fiber_g': None, 'sodium_mg': None}",,,,enriched,['openfoodfacts'],Biscuits & Bakery,Britannia,Canada,openfoodfacts,https://images.openfoodfacts.org/images/products/890/106/306/0333/ingredients_en.5.400.jpg,https://images.openfoodfacts.org/images/products/890/106/306/0333/nutrition_en.7.400.jpg,https://images.openfoodfacts.org/images/products/890/106/306/0333/front_en.3.400.jpg,[]
https://world.openfoodfacts.org/product/8906019662708,,,8906019662708,,GLUCOSE HIGH ENERGY BISCUITS,[],,448e7797b58e,{},,,,not_found,['openfoodfacts'],Biscuits & Bakery,Britannia,,openfoodfacts,,,https://images.openfoodfacts.org/images/products/890/601/966/2708/front_en.3.400.jpg,[]
https://world.openfoodfacts.org/product/7622202023958,Frozen Foods,,7622202023958,110 g e,Monaco Emmental,"['Eggs', 'Gluten', 'Milk', 'Soybeans']",e,7c458818404f,"{'energy_kcal': 553, 'protein_g': 12, 'carbohydrates_g': 45, 'of_which_sugars_g': 5.6, 'fat_g': 36, 'of_which_saturated_fat_g': 18, 'dietary_fiber_g': 2.4, 'sodium_mg': 0.84}",,4,Snacks salées,enriched,['openfoodfacts'],Snacks & Namkeen,Belin,France,openfoodfacts,https://images.openfoodfacts.org/images/products/762/220/202/3958/ingredients_fr.48.400.jpg,https://images.openfoodfacts.org/images/products/762/220/202/3958/nutrition_fr.49.400.jpg,https://images.openfoodfacts.org/images/products/762/220/202/3958/front_fr.47.400.jpg,"['Farine de BLÉ 56 %', 'huiles végétales', 'EMMENTAL râpé séché 17 %', 'sucre', 'sel', 'sirop de glucose-fructose', 'poudres à lever', ""farine d'ORGE malté"", 'lactosérum en poudre', 'levure sèche', 'émulsifiant .\r\n\r\nPEUT CONTENIR ŒUF', 'CÉLERI', 'SÉSAME']"
https://world.openfoodfacts.org/product/3017760595018,Salty Snacks,,3017760595018,340 g,Apéritif Monaco - Biscuits crakers,"['Celery', 'Gluten', 'Milk', 'Sesame Seeds', 'Soybeans']",e,cb3ddd44e746,"{'energy_kcal': 525, 'protein_g': 11, 'carbohydrates_g': 50, 'of_which_sugars_g': 6.1, 'fat_g': 31, 'of_which_saturated_fat_g': 15, 'dietary_fiber_g': 2.8, 'sodium_mg': 0.796}",,4,Biscuits crackers,enriched,['openfoodfacts'],Snacks & Namkeen,Belin,,openfoodfacts,,,https://images.openfoodfacts.org/images/products/301/776/059/5018/front_fr.14.400.jpg,"['Farine de blé', 'huiles végétales', 'emmental râpé séché 10', '5 %', 'sucre', 'sirop de glucose-fructose', 'sel', 'poudre à lever', ""farine d'orge malté"", 'lactosérum en poudre', 'levure sèche', 'graines de sésame 0', '6 %', 'graines de pavot 0', '2 %', 'émulsifiant', 'gluten de blé', 'arôme', 'aromates et épices.']"
https://world.openfoodfacts.org/product/3017760667791,Salty Snacks,,3017760667791,205 g,Box Monaco Emmental,"['Gluten', 'Milk', 'Soybeans']",e,f71f38d1b4ca,"{'energy_kcal': 553, 'protein_g': 12, 'carbohydrates_g': 45, 'of_which_sugars_g': 5.6, 'fat_g': 36, 'of_which_saturated_fat_g': 18, 'dietary_fiber_g': 2.4, 'sodium_mg': 0.84}",France,4,Biscuits crackers à l'emmental,enriched,['openfoodfacts'],Snacks & Namkeen,Belin,"France, Non indiqué",openfoodfacts,https://images.openfoodfacts.org/images/products/301/776/066/7791/ingredients_fr.60.400.jpg,https://images.openfoodfacts.org/images/products/301/776/066/7791/nutrition_fr.62.400.jpg,https://images.openfoodfacts.org/images/products/301/776/066/7791/front_fr.58.400.jpg,"['Farine de _BLÉ_ 56 %', 'huiles végétales', '_EMMENTAL_ râpé séché 17 %', 'sucre', 'sel', 'sirop de glucose-fructose', 'poudres à lever', ""farine d'_ORGE_ malté"", 'lactosérum en poudre', 'levure sèche', 'émulsifiant .']"
https://world.openfoodfacts.org/product/7622210998095,Salty Snacks,,7622210998095,100 g,Monaco,"['Gluten', 'Milk', 'Soybeans']",e,255197673d52,"{'energy_kcal': 553, 'protein_g': 12, 'carbohydrates_g': 45, 'of_which_sugars_g': 5.6, 'fat_g': 36, 'of_which_saturated_fat_g': 18, 'dietary_fiber_g': 2.4, 'sodium_mg': 0.84}","France, La Haye Fouassière",4,Biscuits crackers à l'emmental,enriched,"['openfoodfacts', 'openfoodfacts', 'openfoodfacts']",Snacks & Namkeen,Belin,Farine de blé origine France,openfoodfacts,https://images.openfoodfacts.org/images/products/762/221/099/8095/ingredients_fr.186.400.jpg,https://images.openfoodfacts.org/images/products/762/221/099/8095/nutrition_fr.173.400.jpg,https://images.openfoodfacts.org/images/products/762/221/099/8095/front_fr.184.400.jpg,"['wheat flour 56.1%', 'vegetable oils', 'dried grated emmental 17%', 'sugar', 'salt', 'glucose-fructose syrup', 'lifting powder', 'malted barley flour', 'whey powder', 'dry yeast', 'emulsifier']"
https://world.openfoodfacts.org/product/3017760599993,Salty Snacks,,3017760599993,100 g,Monaco au fromage de Hollande,"['Gluten', 'Milk', 'Soybeans']",e,3b15dece6a01,"{'energy_kcal': 540, 'protein_g': 10, 'carbohydrates_g': 45, 'of_which_sugars_g': 5.2, 'fat_g': 35, 'of_which_saturated_fat_g': 14, 'dietary_fiber_g': 2.4, 'sodium_mg': 0.758952}",,4,Biscuits crackers,enriched,['openfoodfacts'],Snacks & Namkeen,Belin,,openfoodfacts,,,https://images.openfoodfacts.org/images/products/301/776/059/9993/front_fr.8.400.jpg,"[""Farine de blé - matière grasse végétale - fromage de Hollande 5% - protéines de lait et lactose - sucre - sel - sirop de glucose-fructose - poudre à lever : carbonate acide d'ammonium"", ""carbonate acide de sodium - farine d'orge malté - extrait de levure - arômes - amidon transformé - émulsifiants : citrates de sodium"", 'lécithine de soja - colorant E 160b.']"
https://world.openfoodfacts.org/product/3017760801294,Salty Snacks,,3017760801294,340.0 g,Biscuits Crackers Belin Monaco,"['Celery', 'Gluten', 'Milk', 'Sesame Seeds', 'Soybeans']",e,edc7e7120316,"{'energy_kcal': 524, 'protein_g': 11, 'carbohydrates_g': 50, 'of_which_sugars_g': 6.1, 'fat_g': 31, 'of_which_saturated_fat_g': 15, 'dietary_fiber_g': 2.8, 'sodium_mg': 0.8}",,4,,enriched,['openfoodfacts'],Snacks & Namkeen,Belin,"Union européenne, France",openfoodfacts,https://images.openfoodfacts.org/images/products/301/776/080/1294/ingredients_fr.9.400.jpg,https://images.openfoodfacts.org/images/products/301/776/080/1294/nutrition_fr.6.400.jpg,,"['Farine de blé', 'huiles végétales', 'emmental râpé IOS &quot', 'é', 'sucre', 'sirop de glucose-fructose', 'sel', 'poudre à lever', ""farine d'orge malté"", 'lactosérum en poudre', 'levure sèche', 'graines de sésame 0', '6 % graines de 02 émulsifiant', 'gluten de blé', 'aromates et épices Peut contenir oeuf', 'fruits à coque.']"
https://world.openfoodfacts.org/product/7622210164308,Salty Snacks,,7622210164308,680 g,Apéritif Monaco (offre conviviale),"['Celery', 'Gluten', 'Milk', 'Sesame Seeds', 'Soybeans']",e,62a4aa682723,"{'energy_kcal': 530, 'protein_g': 10.5, 'carbohydrates_g': 50, 'of_which_sugars_g': 5.9, 'fat_g': 31, 'of_which_saturated_fat_g': 15, 'dietary_fiber_g': 2.7, 'sodium_mg': 0.752}",,4,Biscuits crackers,enriched,['openfoodfacts'],Snacks & Namkeen,Belin,,openfoodfacts,,,https://images.openfoodfacts.org/images/products/762/221/016/4308/front_fr.6.400.jpg,"['Farine de blé', 'huiles végétales', 'emmental râpé séché 10', '5 %', 'sucre', 'sirop de glucose-fructose', 'sel', 'poudre à lever', ""farine d'orge malté"", 'lactosérum en poudre', 'levure sèche', 'graines de sésame 0', '6 %', 'graines de pavot 0', '2 %', 'émulsifiant', 'gluten de blé', 'arôme', 'aromates et épices. Peut contenir oeuf', 'fruits à coque.']"
https://world.openfoodfacts.org/product/7622210601643,Salty Snacks,,7622210601643,,Belin Monaco Biscuits apéritif à l'emmental 105 g,"['Gluten', 'Milk', 'Soybeans']",e,ec62f36d5367,"{'energy_kcal': 550, 'protein_g': 12, 'carbohydrates_g': 44, 'of_which_sugars_g': 5.6, 'fat_g': 36, 'of_which_saturated_fat_g': 17, 'dietary_fiber_g': 2.4, 'sodium_mg': 0.816}",,4,,enriched,['openfoodfacts'],Snacks & Namkeen,Belin,France,openfoodfacts,https://images.openfoodfacts.org/images/products/762/221/060/1643/ingredients_fr.8.400.jpg,,https://images.openfoodfacts.org/images/products/762/221/060/1643/front_fr.3.400.jpg,"['Farine de biél huiles végétales', 'emmental râpé séché 17 %', 'sucre', 'sel', 'sirop de glucose-fructose', 'poudre lever', ""farine d'orge en poudre"", 'levure sèche', 'émulsifiant . Peut contenir oeuf', 'fruits à coque', 'céleri', 'sésame. JIN ORMATION NUTRITIONNELLE']"
https://world.openfoodfacts.org/product/7622210796301,Salty Snacks,,7622210796301,100g,Monaco - Biscuits crackers à l'emmental,[],,fa725e276114,{},,,,not_found,['openfoodfacts'],Snacks & Namkeen,Belin,,openfoodfacts,,,https://images.openfoodfacts.org/images/products/762/221/079/6301/front_fr.18.400.jpg,[]
https://world.openfoodfacts.org/product/7622300662974,Salty Snacks,,7622300662974,55 g,Monaco à l'emmental,"['Gluten', 'Milk', 'Soybeans']",e,28a346cf2be3,"{'energy_kcal': 555, 'protein_g': 13, 'carbohydrates_g': 44, 'of_which_sugars_g': 5.2, 'fat_g': 36, 'of_which_saturated_fat_g': 18, 'dietary_fiber_g': 2.4, 'sodium_mg': 0.77216}",,4,Gâteaux apéritifs,enriched,"['openfoodfacts', 'openfoodfacts']",Snacks & Namkeen,Belin,France,openfoodfacts,https://images.openfoodfacts.org/images/products/762/230/066/2974/ingredients_fr.9.400.jpg,https://images.openfoodfacts.org/images/products/762/230/066/2974/nutrition_fr.10.400.jpg,https://images.openfoodfacts.org/images/products/762/230/066/2974/front_fr.18.400.jpg,"['Farine de blé - Matière grasse végétale - Emmental râpé', ""séché 17 % - Sucre - Sel - Sirop de glucose-fructose - Poudre à lever : carbonate acide d'ammonium"", ""carbonate acide de sodium - Farine d'orge malté - Extrait de levure - Lactose et protéine de lait - Emulsifiant : lécithine de soja.""]"
https://world.openfoodfacts.org/product/3274664225674,Frozen Foods,,3274664225674,490 g,Glace Vanille Bourbon,[],,7850d9694546,{},,,,not_found,['openfoodfacts'],Desserts & Ice Cream,Nestlé,,openfoodfacts,,,https://images.openfoodfacts.org/images/products/327/466/422/5674/front_fr.40.400.jpg,[]
https://world.openfoodfacts.org/product/3027030013289,Sweet Snacks,,3027030013289,,Flan patissier vanille bourbon,['Eggs'],unknown,b9d67e1ddd64,"{'energy_kcal': 123, 'protein_g': 3, 'carbohydrates_g': 24, 'of_which_sugars_g': 16, 'fat_g': 1.5, 'of_which_saturated_fat_g': 0.9, 'dietary_fiber_g': 0.1, 'sodium_mg': 0.048}",,4,,enriched,['openfoodfacts'],Snacks & Namkeen,Alsa,France,openfoodfacts,https://images.openfoodfacts.org/images/products/302/703/001/3289/ingredients_fr.23.400.jpg,https://images.openfoodfacts.org/images/products/302/703/001/3289/nutrition_fr.29.400.jpg,https://images.openfoodfacts.org/images/products/302/703/001/3289/front_fr.3.400.jpg,['egg']
https://world.openfoodfacts.org/product/3273221098614,Fermented Foods,,3273221098614,125 g,Yaourt à la grecque au lait de brebis sucré à la vanille bourbon,[],,a14293094398,{},,,,not_found,['openfoodfacts'],Dairy,La bergerie,,openfoodfacts,,,https://images.openfoodfacts.org/images/products/327/322/109/8614/front_fr.23.400.jpg,[]
https://world.openfoodfacts.org/product/3433877510278,Frozen Foods,A conserver à -18°C. Ne jamais recongeler un produit décongelé.,3433877510278,"487,5 g",Crème glacée Vanille,"['Eggs', 'Milk']",d,c8d4247928d8,"{'energy_kcal': 194, 'protein_g': 4.68, 'carbohydrates_g': 23.2, 'of_which_sugars_g': 23.15, 'fat_g': 9.11, 'of_which_saturated_fat_g': 5.33, 'dietary_fiber_g': 0.16, 'sodium_mg': 0.048}","France, Isère",4,Crème glacée Vanille Bourbon de Madagascar,enriched,['openfoodfacts'],Desserts & Ice Cream,La Manufacture des Belles Glaces,"France, Madagascar",openfoodfacts,https://images.openfoodfacts.org/images/products/343/387/751/0278/ingredients_fr.31.400.jpg,https://images.openfoodfacts.org/images/products/343/387/751/0278/nutrition_fr.41.400.jpg,https://images.openfoodfacts.org/images/products/343/387/751/0278/front_fr.39.400.jpg,"['LAIT entier 61%', 'sucre', ""jaune d'ŒUF"", 'dextrose', 'BEURRE', 'CREME fraîche 4', '2%', 'LAIT écrémé en poudre', 'extrait de vanille 3', '3%', 'eau', 'stabilisants: gomme de guar et farine de caroube', 'protéines de LAIT', 'graines de vanille 0', '05%.']"
https://world.openfoodfacts.org/product/3250390974697,Snacks,,3250390974697,400 g,Iles flottantes 4x100g,[],,34c88f2baaf2,{},,,,not_found,['openfoodfacts'],Dairy,Pâturages,,openfoodfacts,,,https://images.openfoodfacts.org/images/products/325/039/097/4697/front_fr.39.400.jpg,[]
https://world.openfoodfacts.org/product/6291007901061,Sweet Snacks,,6291007901061,154g,Britannia marie gold,['Milk'],c,916d9f0e5825,"{'energy_kcal': 140, 'protein_g': 2, 'carbohydrates_g': 25, 'of_which_sugars_g': 7, 'fat_g': 2, 'of_which_saturated_fat_g': 2, 'dietary_fiber_g': None, 'sodium_mg': 0.105}",,4,,enriched,['openfoodfacts'],Snacks & Namkeen,Britannia,Qatar,openfoodfacts,https://images.openfoodfacts.org/images/products/629/100/790/1061/ingredients_en.10.400.jpg,https://images.openfoodfacts.org/images/products/629/100/790/1061/nutrition_fr.5.400.jpg,https://images.openfoodfacts.org/images/products/629/100/790/1061/front_en.17.400.jpg,"['WHEAT FL AMMONIUM BICARBONATE ) & SODIUM BICARBONATE )', 'SWEET CONDENSED MILK', 'SALT', 'MONO & DIGLYCERIDES OF FATTY ACIDS', 'ARTIFICIAL FLAVOURS', 'SODIUM META BISULPHITE 223) & PROTEASE )', 'CARAMEL  TAINS SULPHITES). نية ش.م.ع.م ص :ب ۹۷۰ ، المنطقة الصناعية، صحار - سلطنة عمان']"
https://world.openfoodfacts.org/product/6291007902211,,,6291007902211,,Marie gold,[],,f718c3399d8c,{},,,,not_found,"['openfoodfacts', 'openfoodfacts', 'openfoodfacts', 'openfoodfacts', 'openfoodfacts']",Biscuits & Bakery,Britannia,,openfoodfacts,,,https://images.openfoodfacts.org/images/products/629/100/790/2211/front_en.4.400.jpg,[]
https://world.openfoodfacts.org/product/4791034027410,Sweet Snacks,,4791034027410,75 g,Gold Marie,"['Gluten', 'Milk']",d,5bf5cd3432ea,"{'energy_kcal': 453, 'protein_g': 9, 'carbohydrates_g': 75.7, 'of_which_sugars_g': 22, 'fat_g': 0, 'of_which_saturated_fat_g': 0, 'dietary_fiber_g': None, 'sodium_mg': 0.2}",,4,,enriched,"['openfoodfacts', 'openfoodfacts']",Snacks & Namkeen,maliban,,openfoodfacts,,,https://images.openfoodfacts.org/images/products/479/103/402/7410/front_fr.4.400.jpg,"['Farine de blé', 'sucre', 'graisse végétale', 'sirop de sucre', 'farine de riz', 'Raising agents', 'sel', 'poudre de lait', 'humectant', 'arômes artificiels', 'la vitamine prémélang', 'conditionneur de pâte', 'couleurs permises .']"
https://world.openfoodfacts.org/product/8901063136670,Sweet Snacks,,8901063136670,Gold,Marie Gold Biscuits,"['Gluten', 'Milk', 'Sesame Seeds']",e,473f1df76454,"{'energy_kcal': 437.5, 'protein_g': 9.375, 'carbohydrates_g': 78.125, 'of_which_sugars_g': 21.875, 'fat_g': 9.375, 'of_which_saturated_fat_g': 6.25, 'dietary_fiber_g': 0, 'sodium_mg': 0.3125}",,4,,enriched,['openfoodfacts'],Snacks & Namkeen,gold,Canada,openfoodfacts,,https://images.openfoodfacts.org/images/products/890/106/313/6670/nutrition_en.12.400.jpg,https://images.openfoodfacts.org/images/products/890/106/313/6670/front_en.6.400.jpg,"['Wheat flour', 'sugars', 'palm oil', 'invert sugar syrup', 'sweetened condensed milk', 'sesame oil', 'skim milk powder', 'leavening agents', 'salt', 'dough conditioner', 'sodium metabisulphite', 'artificial flavour', 'caramel colour']"
https://world.openfoodfacts.org/product/8901063136274,,,8901063136274,,Tea Time Biscuits,[],unknown,ebc4f4d506cc,"{'energy_kcal': 453.125, 'protein_g': 9.375, 'carbohydrates_g': 78.125, 'of_which_sugars_g': 21.875, 'fat_g': 12.5, 'of_which_saturated_fat_g': 6.25, 'dietary_fiber_g': 0, 'sodium_mg': 0.328125}",,,,enriched,['openfoodfacts'],Biscuits & Bakery,Britannia,United States,openfoodfacts,,https://images.openfoodfacts.org/images/products/890/106/313/6274/nutrition_en.5.400.jpg,https://images.openfoodfacts.org/images/products/890/106/313/6274/front_en.7.400.jpg,[]
https://world.openfoodfacts.org/product/6291007902204,,,6291007902204,,Vita marie gold,"['Gluten', 'Milk']",d,437e81c9a51e,"{'energy_kcal': None, 'protein_g': None, 'carbohydrates_g': None, 'of_which_sugars_g': None, 'fat_g': None, 'of_which_saturated_fat_g': None, 'dietary_fiber_g': None, 'sodium_mg': None}",,4,,enriched,['openfoodfacts'],Biscuits & Bakery,Britannia,,openfoodfacts,,,https://images.openfoodfacts.org/images/products/629/100/790/2204/front_fr.3.400.jpg,"['refined wheat flour', 'sugar', 'edible palm oil', 'milk solids', 'invert syrup', 'leavening agents', 'salt', 'emulsifier', 'dough conditioner', 'yeast', 'edible common salt', 'artificial vanilla flavouring substances']"
https://world.openfoodfacts.org/product/4791034072465,,,4791034072465,240g,Maliban,[],unknown,afa6e1344b33,"{'energy_kcal': None, 'protein_g': None, 'carbohydrates_g': None, 'of_which_sugars_g': None, 'fat_g': None, 'of_which_saturated_fat_g': None, 'dietary_fiber_g': None, 'sodium_mg': None}",,,,enriched,['openfoodfacts'],Other,Gold marie,Sri Lanka,openfoodfacts,,,https://images.openfoodfacts.org/images/products/479/103/407/2465/front_en.5.400.jpg,[]
https://world.openfoodfacts.org/product/6291007914559,,,6291007914559,,Vita Marie Gold Tea time biscuit,[],,302ccf937b01,{},,,,not_found,['openfoodfacts'],Biscuits & Bakery,Britannia,,openfoodfacts,,,https://images.openfoodfacts.org/images/products/629/100/791/4559/front_en.3.400.jpg,[]
https://world.openfoodfacts.org/product/4260663210079,Beverages,,4260663210079,,Ida Marie Brut,[],unknown,41655c2a766a,"{'energy_kcal': None, 'protein_g': None, 'carbohydrates_g': None, 'of_which_sugars_g': None, 'fat_g': None, 'of_which_saturated_fat_g': None, 'dietary_fiber_g': None, 'sodium_mg': None}",,,,enriched,['openfoodfacts'],Beverages,Weingut Gold,Germany,openfoodfacts,,,https://images.openfoodfacts.org/images/products/426/066/321/0079/front_en.3.400.jpg,[]
https://world.openfoodfacts.org/product/0295407902204,,,0295407902204,,Vitamin Marie Gold,[],,275370113382,{},,,,not_found,['openfoodfacts'],Biscuits & Bakery,Britannia,,openfoodfacts,,,,[]
https://world.openfoodfacts.org/product/4791034073554,,,4791034073554,165g,gold marie 165g,[],,08c0849f5ba4,{},,,,not_found,['openfoodfacts'],Other,maliban,,openfoodfacts,,,https://images.openfoodfacts.org/images/products/479/103/407/3554/front_en.3.400.jpg,[]
https://world.openfoodfacts.org/product/7613036680028,Plant Based Foods,,7613036680028,63g,Noodle Cup - Chicken Taste,"['Celery', 'Gluten']",unknown,f29dfc1db3ba,"{'energy_kcal': 103, 'protein_g': 2.2, 'carbohydrates_g': 11.9, 'of_which_sugars_g': 0.9, 'fat_g': 4.9, 'of_which_saturated_fat_g': 0.5, 'dietary_fiber_g': 1, 'sodium_mg': 0.44}",,4,,enriched,['openfoodfacts'],Instant Foods & Noodles,Maggi,"Österreich, Frankreich, Deutschland",openfoodfacts,https://images.openfoodfacts.org/images/products/761/303/668/0028/ingredients_de.66.400.jpg,https://images.openfoodfacts.org/images/products/761/303/668/0028/nutrition_de.78.400.jpg,https://images.openfoodfacts.org/images/products/761/303/668/0028/front_de.76.400.jpg,"['87', '3% frittierte Nudeln [WEIZENMEHL', 'Sonnenblumenöl', 'Salz', 'Backtriebmittel ]', 'Salz', 'Karotten', 'Gewürze [Chili', 'Knoblauch', 'schwarzer Pfeffer', 'Kurkuma)', 'Zwiebeln', 'Kräuter', 'Lauch', 'Zucker', 'Sonnenblumenöl', 'Stärke', 'natürliche Aromen', 'Huhnaromen', 'Hefeextrakt.']"
https://world.openfoodfacts.org/product/7613037683660,Plant Based Foods,,7613037683660,75g,Saucy Noodles Teriyaki,[],,44632f639b30,{},,,,not_found,"['openfoodfacts', 'openfoodfacts']",Instant Foods & Noodles,Maggi,,openfoodfacts,,,https://images.openfoodfacts.org/images/products/761/303/768/3660/front_en.42.400.jpg,[]
https://world.openfoodfacts.org/product/8445291260078,Plant Based Foods,,8445291260078,,Teriyaki Noodles,[],unknown,17cd7d9a8a52,"{'energy_kcal': 462, 'protein_g': 8.4, 'carbohydrates_g': 63, 'of_which_sugars_g': 10.2, 'fat_g': 19, 'of_which_saturated_fat_g': 1.4, 'dietary_fiber_g': 2.5, 'sodium_mg': 3.4}",,,,enriched,['openfoodfacts'],Instant Foods & Noodles,Maggi,"Bulgaria, Romania",openfoodfacts,https://images.openfoodfacts.org/images/products/844/529/126/0078/ingredients_en.7.400.jpg,https://images.openfoodfacts.org/images/products/844/529/126/0078/nutrition_en.4.400.jpg,https://images.openfoodfacts.org/images/products/844/529/126/0078/front_en.10.400.jpg,[]
https://world.openfoodfacts.org/product/8445291259171,Plant Based Foods,,8445291259171,75g,Saucy Noodles,[],,39c14660beb4,{},,,,not_found,['openfoodfacts'],Instant Foods & Noodles,Maggi,,openfoodfacts,,,https://images.openfoodfacts.org/images/products/844/529/125/9171/front_ro.3.400.jpg,[]
https://world.openfoodfacts.org/product/7613036679992,Plant Based Foods,,7613036679992,63g,Noodle cup Curry,"['Gluten', 'Mustard']",unknown,3b9554373ec8,"{'energy_kcal': 103, 'protein_g': 2.19, 'carbohydrates_g': 11.6, 'of_which_sugars_g': 0.73, 'fat_g': 4.9, 'of_which_saturated_fat_g': 0.45, 'dietary_fiber_g': 1.04, 'sodium_mg': 0.368}",,4,,enriched,['openfoodfacts'],Instant Foods & Noodles,Maggi,"France, Germany",openfoodfacts,https://images.openfoodfacts.org/images/products/761/303/667/9992/ingredients_de.57.400.jpg,https://images.openfoodfacts.org/images/products/761/303/667/9992/nutrition_en.44.400.jpg,https://images.openfoodfacts.org/images/products/761/303/667/9992/front_en.55.400.jpg,"['pre-cooked pasta 873% wheat flour', 'salt', 'carrot', 'spices 2% curry', 'garlic', 'coriander', 'onion powder', 'turmeric red hot pepper', 'wild boar', 'piper', 'ginger', 'nutmeg)', 'ardo', 'onion', 'aromatic plants', 'oxointraso)', 'natural flavourings', 'flavourings (containing sritari', 'delajo', 'cáyaon', 'ekyuaigua paylá', 'pixon to contain celery', 'egg milk', 'mustard', 'uram and soy seeds preserved in the cool and cool', 'wheat', 'salt', 'materials', 'starch']"
https://world.openfoodfacts.org/product/9556001137722,Plant Based Foods,,9556001137722,360 g,2 Minute Noodles Chicken Flavour,"['Celery', 'Fish', 'Gluten', 'Milk', 'Soybeans']",unknown,28b2c4e4a756,"{'energy_kcal': 78.620307940022, 'protein_g': 1.89473684210526, 'carbohydrates_g': 10.5263157894737, 'of_which_sugars_g': 0.0692105263157895, 'fat_g': 3, 'of_which_saturated_fat_g': 0.36, 'dietary_fiber_g': None, 'sodium_mg': 0.0647507894736842}",,4,,enriched,"['openfoodfacts', 'openfoodfacts']",Instant Foods & Noodles,Maggi,,openfoodfacts,,,https://images.openfoodfacts.org/images/products/955/600/113/7722/front_en.58.400.jpg,"['nutritional compass® our chosen ingredients nodle cake:wheat flour', 'vegetable oil', 'salt', 'mineral salts  flavour mix sachet lodised salt', 'flavour enhancers', 'mineral salt', 'matodextrin ravours', 'sugar onion powder', 'vegetable fat  parsiley flakes', 'colours iturmeric', 'caramel )', 'spice dsriander', 'cumin', 'cardamom', 'chilli powder', 'ginge con wheat', 'soy and celery maycotain crustacea', 'fish', 'milk and mus']"
https://world.openfoodfacts.org/product/8445291260054,Plant Based Foods,,8445291260054,75g,Saucy Noodles Sweet Chili,[],unknown,b48653d68c31,"{'energy_kcal': 463, 'protein_g': 8.9, 'carbohydrates_g': 62.1, 'of_which_sugars_g': 8.6, 'fat_g': 18.9, 'of_which_saturated_fat_g': 1.1, 'dietary_fiber_g': 2, 'sodium_mg': 1.875}",,,,enriched,"['openfoodfacts', 'openfoodfacts']",Instant Foods & Noodles,Maggi,Romania,openfoodfacts,https://images.openfoodfacts.org/images/products/844/529/126/0054/ingredients_en.7.400.jpg,,https://images.openfoodfacts.org/images/products/844/529/126/0054/front_en.4.400.jpg,"['w Preparat cu taitei in sos dulce-picant. Ingrediente: tăiței 73', '3%', 'zahär', 'amidon din cartuft. ente', 'sare', 'ardei gras rosu', 'rosii', 'extract de drojdie', 'praz 0', '2%', 'ulei de floarea soarelui', 'colerant extract rosu', 'acidifiant acid citric. Poate contine: TELINA', 'OU', 'LAPTE', 'MUSTAR', 'SEMINTE DE SUSAN Спагетини със сладко-пикантен сос изделие от п кантии подправки', 'слънчогледово олио 18', '4%. Съставки: 73', '3% спагетини ПШЕНИЧЕНО брашно', 'слънчогледово олио', 'сол', 'набухватели  0', '1%', 'кориандър)', 'сол', 'червен пипер', 'домати', 'екстракт от мая. 0', '2% праз пук гледово олио', 'оцветител', 'киселина . Може да съдържа КЕЛИНА ЯЙЦА', 'МЛЯКО', 'СИНАП', 'СУСАМ', 'СОЯ. [HR] Dehidriram proizvod za priprop fyo malko ljutom umaku', 'sa suncokretovim uljem  Sastojci: prženi rezang 73 * de)', 'sol', 'crvena paprika', 'rajčica', 'ekstrakt kvasca', 'poriluk 0', '2%', 'suncokretovg ulje', 'bojilo', 'ekstrakt zaini (češnjak', 'čili 0', '3%', 'slatka paprika u prahu 0', '2%', 'dumbir', 'jalapend čili papričice 21', 'kiselina: limunska kiselina. Može sadržavati CELER', 'JAJA', 'MLIJEKO', 'GORUŠICU', 'SEZAM SOJU 75 Mestle. 75ge ALU PP PAP']"
https://world.openfoodfacts.org/product/8585002442567,Plant Based Foods,,8585002442567,130 g,Fusian oriental noodles teriyaki,[],,6e4323784acc,{},,,,not_found,['openfoodfacts'],Instant Foods & Noodles,Maggi,,openfoodfacts,,,https://images.openfoodfacts.org/images/products/858/500/244/2567/front_it.3.400.jpg,[]
https://world.openfoodfacts.org/product/5201219488800,Plant Based Foods,,5201219488800,,Noodles chicken,[],unknown,b43f6dbd002e,"{'energy_kcal': 461, 'protein_g': 9.5, 'carbohydrates_g': 58.8, 'of_which_sugars_g': None, 'fat_g': 20.4, 'of_which_saturated_fat_g': None, 'dietary_fiber_g': None, 'sodium_mg': None}",,,,enriched,['openfoodfacts'],Instant Foods & Noodles,Maggi,"Bulgaria, Greece",openfoodfacts,,,https://images.openfoodfacts.org/images/products/520/121/948/8800/front_en.6.400.jpg,[]
https://world.openfoodfacts.org/product/0055000490955,Plant Based Foods,,0055000490955,70 g,Masala Festive Pack Authentic Indian Noodles,['Gluten'],unknown,360f9438bc03,"{'energy_kcal': 442.857142857143, 'protein_g': 8.57142857142857, 'carbohydrates_g': 61.4285714285714, 'of_which_sugars_g': 5.71428571428571, 'fat_g': 18.5714285714286, 'of_which_saturated_fat_g': 10, 'dietary_fiber_g': 2.85714285714286, 'sodium_mg': 1.38571428571429}",,4,,enriched,['openfoodfacts'],Instant Foods & Noodles,Maggi,,openfoodfacts,,,https://images.openfoodfacts.org/images/products/005/500/049/0955/front_en.60.400.jpg,"['Noodles', 'Masala seasoning .']"
https://world.openfoodfacts.org/product/7613035062795,Plant Based Foods,,7613035062795,59 g,Instant Noodles,"['Celery', 'Gluten']",unknown,c52f895c1c91,"{'energy_kcal': 87, 'protein_g': 2, 'carbohydrates_g': 12.3, 'of_which_sugars_g': 0.6, 'fat_g': 3.2, 'of_which_saturated_fat_g': 0.2, 'dietary_fiber_g': 0.5, 'sodium_mg': 0.00047}",,4,,enriched,['openfoodfacts'],Instant Foods & Noodles,Maggi,"France, United Kingdom",openfoodfacts,https://images.openfoodfacts.org/images/products/761/303/506/2795/ingredients_en.18.400.jpg,https://images.openfoodfacts.org/images/products/761/303/506/2795/nutrition_en.26.400.jpg,https://images.openfoodfacts.org/images/products/761/303/506/2795/front_en.24.400.jpg,"['wheat flour', 'sunflower oil', 'potato starch', 'wheat gluten', 'salt', 'acidity regulator', 'stabiliser']"
https://world.openfoodfacts.org/product/8410100063935,Plant Based Foods,,8410100063935,71 g,Pasta oriental sabor pollo,[],,15215eac3051,{},,,,not_found,['openfoodfacts'],Instant Foods & Noodles,Maggi,,openfoodfacts,,,https://images.openfoodfacts.org/images/products/841/010/006/3935/front_es.63.400.jpg,[]
https://world.openfoodfacts.org/product/9556001171337,Plant Based Foods,,9556001171337,60 g,CHICKEN NOODLES,"['Celery', 'Gluten', 'Soybeans']",c,3c26a0128c8e,"{'energy_kcal': None, 'protein_g': None, 'carbohydrates_g': None, 'of_which_sugars_g': None, 'fat_g': None, 'of_which_saturated_fat_g': None, 'dietary_fiber_g': None, 'sodium_mg': None}",,4,,enriched,"['openfoodfacts', 'openfoodfacts']",Instant Foods & Noodles,Maggi,"Australia, France, French Polynesia, New Zealand",openfoodfacts,https://images.openfoodfacts.org/images/products/955/600/117/1337/ingredients_en.18.400.jpg,https://images.openfoodfacts.org/images/products/955/600/117/1337/nutrition_en.40.400.jpg,https://images.openfoodfacts.org/images/products/955/600/117/1337/front_en.38.400.jpg,"['noodle cake: wheat flour', 'vegetable oil )', 'tapioca starch', 'salt', 'sugar', 'mineral salts', 'vegetable gum', 'colour', 'flavour mix sachet: iodised salt', 'flavour enhancers', 'mineral salt', 'maltodextrin', 'flavours', 'sugar', 'onion powder', 'vegetable fat )', 'parsley flakes', 'colours', 'spices (coriander', 'cumin', 'cardamom', 'chilli powder', 'ginger', 'garnish: carrot']"
https://world.openfoodfacts.org/product/8445291293250,,,8445291293250,,Saucy Noodles Teriyaki Style,[],,8701684838bb,{},,,,not_found,['openfoodfacts'],Instant Foods & Noodles,Maggi,,openfoodfacts,,,https://images.openfoodfacts.org/images/products/844/529/129/3250/front_en.5.400.jpg,[]
https://world.openfoodfacts.org/product/7613031923281,Plant Based Foods,,7613031923281,120 g,Fusian Yakisoba classico noodles,"['Gluten', 'Sesame Seeds', 'Soybeans']",c,f59128413b93,"{'energy_kcal': None, 'protein_g': None, 'carbohydrates_g': None, 'of_which_sugars_g': None, 'fat_g': None, 'of_which_saturated_fat_g': None, 'dietary_fiber_g': None, 'sodium_mg': None}",,4,"Noodles de trigo con salsa, hortalizas deshidratadas y condimento",enriched,['openfoodfacts'],Instant Foods & Noodles,Maggi,España,openfoodfacts,https://images.openfoodfacts.org/images/products/761/303/192/3281/ingredients_fr.7.400.jpg,https://images.openfoodfacts.org/images/products/761/303/192/3281/nutrition_en.42.400.jpg,https://images.openfoodfacts.org/images/products/761/303/192/3281/front_es.58.400.jpg,"['Fideos fritos 76', '7%', 'estabilizante )', 'salsa 12', '5%', 'corrector de acidez', 'aceite de _sésamo_', 'almidón de maíz)', 'hortalizas deshidratadas 6', '6%', 'condimento 4', '2%', 'aroma natural', 'extracto de levadura', 'azúcar caramelizado', 'especias', 'hortalizas deshidratadas', 'aceite de girasol).']"
https://world.openfoodfacts.org/product/7613036884945,Plant Based Foods,,7613036884945,63g,Magic Asia Instant Noodle Cup Chili 63 gr,[],,69ed552a6c8e,{},,,,not_found,['openfoodfacts'],Instant Foods & Noodles,Maggi,,openfoodfacts,,,https://images.openfoodfacts.org/images/products/761/303/688/4945/front_de.36.400.jpg,[]
https://world.openfoodfacts.org/product/7613037683417,Plant Based Foods,,7613037683417,75g,Saucy Noodles Sesame Chicken Taste,"['Eggs', 'Gluten', 'Mustard', 'Soybeans', 'De:Sojasaucenpulver']",unknown,8a8f77b0562e,"{'energy_kcal': 463, 'protein_g': 9.07, 'carbohydrates_g': 62.3, 'of_which_sugars_g': 7.6, 'fat_g': 19.1, 'of_which_saturated_fat_g': 1.47, 'dietary_fiber_g': 2.4, 'sodium_mg': 0.004}",,4,,enriched,['openfoodfacts'],Instant Foods & Noodles,Maggi,Deutschland,openfoodfacts,https://images.openfoodfacts.org/images/products/761/303/768/3417/ingredients_de.10.400.jpg,https://images.openfoodfacts.org/images/products/761/303/768/3417/nutrition_de.13.400.jpg,https://images.openfoodfacts.org/images/products/761/303/768/3417/front_en.22.400.jpg,"['73', '3 %. fritterte Nudeln', '_SOJASAUCENPULVER_', 'Gewürze (Knoblauch', 'Zwiebeln', 'Chili', 'Koriander', 'Ingwer', 'Kümmel', '0', '6% Karotten', '0', '6% Lauch', 'Sonnenblumenöl', 'Salz. Karamellzucker Schnittlauch', 'Hefeextrakt', 'Maltose', 'Maltodextrin.']"
https://world.openfoodfacts.org/product/7613037870046,Plant Based Foods,,7613037870046,60g,Spaghetti Bolognese,[],,f27f4dd63305,{},,,,not_found,['openfoodfacts'],Instant Foods & Noodles,Maggi,,openfoodfacts,,,https://images.openfoodfacts.org/images/products/761/303/787/0046/front_de.21.400.jpg,[]
https://world.openfoodfacts.org/product/7613287588814,Plant Based Foods,,7613287588814,75g,Saucy noodles peanut saté,"['Gluten', 'Milk', 'Soybeans']",unknown,cde164ec0d1b,"{'energy_kcal': 121, 'protein_g': 2.26666666666667, 'carbohydrates_g': 13.7, 'of_which_sugars_g': 1.26666666666667, 'fat_g': 6.33333333333333, 'of_which_saturated_fat_g': 0.666666666666667, 'dietary_fiber_g': None, 'sodium_mg': 0.28}",,4,,enriched,['openfoodfacts'],Instant Foods & Noodles,Maggi,Deutschland,openfoodfacts,https://images.openfoodfacts.org/images/products/761/328/758/8814/ingredients_de.8.400.jpg,https://images.openfoodfacts.org/images/products/761/328/758/8814/nutrition_de.5.400.jpg,https://images.openfoodfacts.org/images/products/761/328/758/8814/front_de.3.400.jpg,"['73', '3% noedels [TARWEbloem', 'zonnebloemolie', 'zout', 'rijsmiddel', 'zonnebloemolie', 'zetmeel', 'specerijen', 'SOJAsauspoeder', '0', '5% paprika', 'suiker', 'zout', 'gistextract', 'lactose', 'melkeiwit', 'gekarameliseerde suiker', ""aroma's"", 'maltose', 'extract van paprika.']"
https://world.openfoodfacts.org/product/5201219488794,Plant Based Foods,,5201219488794,,Beef noodles,[],,c20f6ec7db9e,{},,,,not_found,['openfoodfacts'],Instant Foods & Noodles,Maggi,,openfoodfacts,,,https://images.openfoodfacts.org/images/products/520/121/948/8794/front_en.18.400.jpg,[]
https://world.openfoodfacts.org/product/7613035062771,Plant Based Foods,,7613035062771,59.2g,3 Minute Instant Curry Flavour Noodles,['Gluten'],unknown,b1a20284edad,"{'energy_kcal': 88, 'protein_g': 1.9, 'carbohydrates_g': 12.2, 'of_which_sugars_g': 0.4, 'fat_g': 3.4, 'of_which_saturated_fat_g': 0.2, 'dietary_fiber_g': 0.5, 'sodium_mg': 0.16}",,4,,enriched,['openfoodfacts'],Instant Foods & Noodles,Maggi,"France, United Kingdom",openfoodfacts,https://images.openfoodfacts.org/images/products/761/303/506/2771/ingredients_fr.4.400.jpg,https://images.openfoodfacts.org/images/products/761/303/506/2771/nutrition_en.23.400.jpg,https://images.openfoodfacts.org/images/products/761/303/506/2771/front_en.30.400.jpg,"['noodles: wheat flour', 'palm oil', 'salt', 'flavour enhancer', 'garlic', 'acidity regulator', 'stabiliser', 'turmeric', 'flavour sachet: maltodextrin', 'curry powder 17%', 'hydrolysed soya protein flavour enhancer monosodium glutamate', 'disodium guanylate', 'disodium inosinate)', 'sugar', 'spices', 'vegetables', 'flavouring', 'garlic', 'acidity regulator', 'colour (ammonium caramel', 'sunflower oil', 'may contain traces of milk', 'egg', 'celery', 'mustard and sesame']"
https://world.openfoodfacts.org/product/9300605109575,Plant Based Foods,,9300605109575,80g,Noodles,[],,889981728baa,{},,,,not_found,"['openfoodfacts', 'openfoodfacts']",Instant Foods & Noodles,Maggi,,openfoodfacts,,,https://images.openfoodfacts.org/images/products/930/060/510/9575/front_en.26.400.jpg,[]
https://world.openfoodfacts.org/product/7613036480505,Plant Based Foods,,7613036480505,62 g,NOODLE SNACK CURRY,['Gluten'],unknown,eb58143cf952,"{'energy_kcal': 75.3330234621763, 'protein_g': 1.7, 'carbohydrates_g': 10.4, 'of_which_sugars_g': 0.3, 'fat_g': 2.9, 'of_which_saturated_fat_g': 0.2, 'dietary_fiber_g': 0.6, 'sodium_mg': 0.376}",Deutschland 78221 Singen,4,,enriched,['openfoodfacts'],Instant Foods & Noodles,Maggi,Deutschland,openfoodfacts,https://images.openfoodfacts.org/images/products/761/303/648/0505/ingredients_de.62.400.jpg,https://images.openfoodfacts.org/images/products/761/303/648/0505/nutrition_de.64.400.jpg,https://images.openfoodfacts.org/images/products/761/303/648/0505/front_de.58.400.jpg,"['88.7% fried noodles [ wheat flour', 'sunflower oil', 'wheat gluten', 'salt', 'acidity regulator potassium carbonate', 'stabilizer polyphosphates]', 'salt', 'curry', 'spices', 'onions', 'sunflower oil', 'leeks', 'parsley', 'starch', 'sugar', 'yeast extract', 'flavors']"
https://world.openfoodfacts.org/product/7613036679978,Plant Based Foods,,7613036679978,63 g,Noodle Cup Duck Taste with Black Pepper & Paprika,[],,9bcc7e9d14ef,{},,,,not_found,['openfoodfacts'],Instant Foods & Noodles,Maggi,,openfoodfacts,,,https://images.openfoodfacts.org/images/products/761/303/667/9978/front_en.32.400.jpg,[]
https://world.openfoodfacts.org/product/7613036127097,Plant Based Foods,,7613036127097,,Instant noodles curry flavour,['Gluten'],unknown,88d9ff484b07,"{'energy_kcal': 87, 'protein_g': 2, 'carbohydrates_g': 11.6, 'of_which_sugars_g': 0.4, 'fat_g': 3.4, 'of_which_saturated_fat_g': 1.9, 'dietary_fiber_g': None, 'sodium_mg': 0.16}",,4,,enriched,['openfoodfacts'],Instant Foods & Noodles,Maggi,"Spain, United Kingdom",openfoodfacts,https://images.openfoodfacts.org/images/products/761/303/612/7097/ingredients_en.9.400.jpg,https://images.openfoodfacts.org/images/products/761/303/612/7097/nutrition_es.5.400.jpg,https://images.openfoodfacts.org/images/products/761/303/612/7097/front_en.15.400.jpg,"['hosphate)', 'seasoning sachet: sugar', 'corn starch', 'herbs and spices', 'coriander', 'cumin', 'fennel', 'fenugreek', 'black pepper', 'ginger', 'red cayenne pepper', 'cinnamon', 'parsley aniseed', 'cardamom)', 'salt', 'flavourings', 'garlic', 'yeast extract', 'vegetables', 'sunflower oil']"
https://world.openfoodfacts.org/product/5201219488787,Plant Based Foods,,5201219488787,59.2,Vegetable Noodles,[],,5b77bfba8290,{},,,,not_found,['openfoodfacts'],Instant Foods & Noodles,Maggi,,openfoodfacts,,,https://images.openfoodfacts.org/images/products/520/121/948/8787/front_en.5.400.jpg,[]
https://world.openfoodfacts.org/product/8445291292970,Plant Based Foods,,8445291292970,,Saucy Noodles Pad Thai,[],c,83ae2d108379,"{'energy_kcal': 129, 'protein_g': 2.8, 'carbohydrates_g': 19.1, 'of_which_sugars_g': 2.2, 'fat_g': 4.3, 'of_which_saturated_fat_g': 0.4, 'dietary_fiber_g': 1.1, 'sodium_mg': 0.393}",,,,enriched,['openfoodfacts'],Instant Foods & Noodles,Maggi,Deutschland,openfoodfacts,,,https://images.openfoodfacts.org/images/products/844/529/129/2970/front_de.6.400.jpg,[]
https://world.openfoodfacts.org/product/7613036027182,Plant Based Foods,,7613036027182,0pcs,Gebratene Nudeln,"['Celery', 'Eggs', 'Gluten', 'Mustard', 'Soybeans', 'De:Senföl']",unknown,9729004cd7fa,"{'energy_kcal': 169, 'protein_g': 4.9, 'carbohydrates_g': 26.9, 'of_which_sugars_g': 1.9, 'fat_g': 3.9, 'of_which_saturated_fat_g': 0.5, 'dietary_fiber_g': 3.1, 'sodium_mg': 0.6}",,4,,enriched,['openfoodfacts'],Instant Foods & Noodles,Maggi,,openfoodfacts,,,https://images.openfoodfacts.org/images/products/761/303/602/7182/front_de.58.400.jpg,"['82', '6% Nudeln', 'Aromen', 'Gewürze', '1', '6% Zwiebeln', 'Karotten', 'Weißkraut', '0', '7% Hühnerfleisch', 'Lauch', 'Würze', '0', '4% Gemüsepaprika', 'Hühnerfett', 'Jodsalz', 'Zucker', 'Stärke', 'Hefeextrakt', 'karamellisierter Zucker', 'Salz', 'Säuerungsmittel Citronensäure', 'Antioxidationsmittel Extrakt aus Rosmarin. \nKann enthalten: SELLERIE', 'MILCH', 'SOJA', 'weitere Bestandteile von SENF.']"
https://world.openfoodfacts.org/product/7613036683371,Plant Based Foods,,7613036683371,63g,Noodle cup beef taste,"['Gluten', 'Soybeans']",unknown,1d7d46f1f6ba,"{'energy_kcal': 103, 'protein_g': 2.4, 'carbohydrates_g': 11.7, 'of_which_sugars_g': 0.6, 'fat_g': 5, 'of_which_saturated_fat_g': 2.8, 'dietary_fiber_g': None, 'sodium_mg': 0.4}",,4,,enriched,['openfoodfacts'],Instant Foods & Noodles,Maggi,"Österreich, Frankreich, Deutschland",openfoodfacts,https://images.openfoodfacts.org/images/products/761/303/668/3371/ingredients_de.28.400.jpg,https://images.openfoodfacts.org/images/products/761/303/668/3371/nutrition_de.22.400.jpg,https://images.openfoodfacts.org/images/products/761/303/668/3371/front_de.20.400.jpg,"['87', '3% frittierte Nudeln [WEIZENMEHL', 'Sonnenblumenöl', 'WEIZENGLUTEN', 'Salz', 'Säureregulator Kaliumcarbonat', 'Stabilisator Polyphosphate]', 'Salz', 'Karotten', 'Stärke', 'Gewürze', 'Kräuter', '0', '5% SOJASAUCENPULVER [', 'Maltose]', 'Lauch', 'Zwiebeln', 'Aromen', 'Zucker', 'Hefeextrakt', 'Karamellzuckersirup', 'Sonnenblumenöl. Kann SELLERIE', 'EIER', 'MILCH', 'SENF und SESAM enthalten.']"
https://world.openfoodfacts.org/product/6001068586806,Plant Based Foods,,6001068586806,73g,Chicken flavoured noodle soup,[],,f89df7a77b0a,{},,,,not_found,['openfoodfacts'],Instant Foods & Noodles,Maggi,,openfoodfacts,,,https://images.openfoodfacts.org/images/products/600/106/858/6806/front_en.26.400.jpg,[]
https://world.openfoodfacts.org/product/7613287295347,Plant Based Foods,,7613287295347,75g,Maggi Saucy Noodles Teriyaki,"['Eggs', 'Gluten', 'Mustard', 'Soybeans']",d,71c34224b860,"{'energy_kcal': None, 'protein_g': None, 'carbohydrates_g': None, 'of_which_sugars_g': None, 'fat_g': None, 'of_which_saturated_fat_g': None, 'dietary_fiber_g': None, 'sodium_mg': None}",Ukraine,4,,enriched,['openfoodfacts'],Plant Based Foods And Beverages,Nestlé,"Danmark, Norge",openfoodfacts,https://images.openfoodfacts.org/images/products/761/328/729/5347/ingredients_nb.26.400.jpg,https://images.openfoodfacts.org/images/products/761/328/729/5347/nutrition_nb.27.400.jpg,https://images.openfoodfacts.org/images/products/761/328/729/5347/front_nb.25.400.jpg,"['Stekte nudler', 'stabilisator )', 'sukker', 'stivelse', 'SOYASAUSPULVER', 'krydder', 'gulrot', 'purre', 'SELLERIBLAD', 'karamellisert sukker', 'gjærekstrakt', 'salt', 'solsikkeolje', 'maltose', 'aroma', 'maltodekstrin', 'syre .']"
https://world.openfoodfacts.org/product/8585002443304,,,8585002443304,130 g,Stir Fried Noodles Teriyaki,[],,bbcd4b22ccca,{},,,,not_found,['openfoodfacts'],Instant Foods & Noodles,Maggi,,openfoodfacts,,,https://images.openfoodfacts.org/images/products/858/500/244/3304/front_en.17.400.jpg,[]
https://world.openfoodfacts.org/product/6294017116937,Soups,,6294017116937,60g,Maggi chicken noodle soup,['Gluten'],d,7389d63ed4a7,"{'energy_kcal': 328, 'protein_g': 8.7, 'carbohydrates_g': 66.7, 'of_which_sugars_g': 15.2, 'fat_g': 2.9, 'of_which_saturated_fat_g': 0.7, 'dietary_fiber_g': 2.6, 'sodium_mg': 0.54}",,4,,enriched,['openfoodfacts'],Ready-to-Eat,Maggi,Qatar,openfoodfacts,https://images.openfoodfacts.org/images/products/629/401/711/6937/ingredients_en.7.400.jpg,https://images.openfoodfacts.org/images/products/629/401/711/6937/nutrition_en.11.400.jpg,https://images.openfoodfacts.org/images/products/629/401/711/6937/front_en.23.400.jpg,"['Pasta Vermiceli', 'Maltodextrin', 'lodized Salt', 'Sugar', 'Chicken Fat & Chicken Meat Powder', 'Corn Seasoning', 'Natural Identical Potato Flavor', 'Natural Dried Vegetables*', 'Yeast Extract', 'Natural Herbs & Spices*', 'Natural Coriander Flavor.']"
https://world.openfoodfacts.org/product/8901058011128,Plant Based Foods,,8901058011128,,Maggi,[],,96ce6a8b6660,{},,,,not_found,['openfoodfacts'],Instant Foods & Noodles,Maggi,,openfoodfacts,,,https://images.openfoodfacts.org/images/products/890/105/801/1128/front_en.3.400.jpg,[]
https://world.openfoodfacts.org/product/8585002442710,,,8585002442710,,STIR-FRIED NOODLES TASTE OF DUCK,[],unknown,fe7b3c3dd222,"{'energy_kcal': 358, 'protein_g': 14.8, 'carbohydrates_g': 65.9, 'of_which_sugars_g': 5.4, 'fat_g': 2.6, 'of_which_saturated_fat_g': 0.8, 'dietary_fiber_g': 5.4, 'sodium_mg': 3.1}",,,,enriched,['openfoodfacts'],Instant Foods & Noodles,Maggi,Czech Republic,openfoodfacts,,https://images.openfoodfacts.org/images/products/858/500/244/2710/nutrition_en.7.400.jpg,https://images.openfoodfacts.org/images/products/858/500/244/2710/front_en.5.400.jpg,[]
https://world.openfoodfacts.org/product/8445291187849,,,8445291187849,,Saucy Noodles - Sweet Chilli,[],unknown,433e593ed4dc,"{'energy_kcal': 533.846153846154, 'protein_g': 8.93333333333333, 'carbohydrates_g': 62.1333333333333, 'of_which_sugars_g': 12.4, 'fat_g': 18.9333333333333, 'of_which_saturated_fat_g': 1.86666666666667, 'dietary_fiber_g': 3.6, 'sodium_mg': 0.618666666666667}",,,,enriched,['openfoodfacts'],Instant Foods & Noodles,Maggi,,openfoodfacts,,,https://images.openfoodfacts.org/images/products/844/529/118/7849/front_en.7.400.jpg,[]
https://world.openfoodfacts.org/product/9556001171290,Plant Based Foods,,9556001171290,,BEEF FLAVOUR NOODLES,"['Crustaceans', 'Fish', 'Gluten', 'Milk', 'Mustard', 'Soybeans']",unknown,988be2dcafc1,"{'energy_kcal': 473.684210526316, 'protein_g': 1.39664804469274, 'carbohydrates_g': 9.27374301675978, 'of_which_sugars_g': 0.502793296089385, 'fat_g': 2.70949720670391, 'of_which_saturated_fat_g': 1.31284916201117, 'dietary_fiber_g': 0.474860335195531, 'sodium_mg': 0.347765363128492}",,4,,enriched,['openfoodfacts'],Instant Foods & Noodles,Maggi,"Australia, France, French Polynesia",openfoodfacts,https://images.openfoodfacts.org/images/products/955/600/117/1290/ingredients_fr.7.400.jpg,https://images.openfoodfacts.org/images/products/955/600/117/1290/nutrition_en.27.400.jpg,https://images.openfoodfacts.org/images/products/955/600/117/1290/front_en.24.400.jpg,"['noodle cake: wheat flour', 'vegetable oil )', 'tapioca starch', 'salt', 'mineral salts', 'vegetable gum', 'flavour mix sachet: mineral salt', 'lodised salt', 'flavour enhancers', 'sugar', 'yeast extract', 'flavour', 'colour', 'vegetable fat )', 'onion powder', 'soy sauce powder', 'parsley flakes', 'food acid', 'white pepper', 'rosemary', 'garnish: carrot', 'contains wheat and soy', 'may contain celery', 'crustacea', 'fish', 'milk and mustard']"
https://world.openfoodfacts.org/product/9556001302793,Plant Based Foods,,9556001302793,79g,Instant Noodles Soup with Curry Flavour,"['Chicken', 'Gluten']",unknown,c13f4a024fda,"{'energy_kcal': 92.8759894459103, 'protein_g': 1.95250659630607, 'carbohydrates_g': 12.9023746701847, 'of_which_sugars_g': 0.50131926121372, 'fat_g': 3.72031662269129, 'of_which_saturated_fat_g': 1.74142480211082, 'dietary_fiber_g': 0.79155672823219, 'sodium_mg': 0.000348284960422164}",,4,,enriched,['openfoodfacts'],Instant Foods & Noodles,Maggi,Malaysia,openfoodfacts,https://images.openfoodfacts.org/images/products/955/600/130/2793/ingredients_en.12.400.jpg,https://images.openfoodfacts.org/images/products/955/600/130/2793/nutrition_en.28.400.jpg,https://images.openfoodfacts.org/images/products/955/600/130/2793/front_en.26.400.jpg,"['Noodles Cake', 'Salt', 'Flavor Enhancer', 'Flour Treatment Agents', 'Stabilizer )', 'Seasoning', 'Spices', 'Non Hydrogenated Vegetable Oil', 'Tapioca Starch', 'Sugar', 'Wheat Flour', 'Dried Vegetables', 'Yeast Extract', 'Maltodextrin', 'Natural Identical Flavors', 'Acidity Regulator', 'Caramel Color', 'Anti-Caking Agent', 'Stabilizer )']"
https://world.openfoodfacts.org/product/6009188007386,Plant Based Foods,,6009188007386,68g,Durban Curry Flavoured 2 Minute Noodles,[],,bd42de81c0f2,{},,,,not_found,['openfoodfacts'],Instant Foods & Noodles,Maggi,,openfoodfacts,,,https://images.openfoodfacts.org/images/products/600/918/800/7386/front_en.4.400.jpg,[]
https://world.openfoodfacts.org/product/9300605106581,Plant Based Foods,,9300605106581,5 x 80 g,maggi chicken noodles,[],a,defd24df8466,"{'energy_kcal': 60, 'protein_g': 3, 'carbohydrates_g': 5.7, 'of_which_sugars_g': 1, 'fat_g': 2.4, 'of_which_saturated_fat_g': 1, 'dietary_fiber_g': None, 'sodium_mg': 0.068}",,,,enriched,['openfoodfacts'],Instant Foods & Noodles,Maggi,France,openfoodfacts,https://images.openfoodfacts.org/images/products/930/060/510/6581/ingredients_fr.9.400.jpg,,https://images.openfoodfacts.org/images/products/930/060/510/6581/front_fr.13.400.jpg,[]
https://world.openfoodfacts.org/product/7613036053532,Plant Based Foods,,7613036053532,0pcs,Hochzeitssuppe,[],,e666f72da6c8,{},,,,not_found,['openfoodfacts'],Instant Foods & Noodles,Maggi,,openfoodfacts,,,https://images.openfoodfacts.org/images/products/761/303/605/3532/front_en.41.400.jpg,[]
https://world.openfoodfacts.org/product/7613036480482,Plant Based Foods,,7613036480482,62g,Magic Asia Nudel Snack Ente,[],,439dc5d6fe97,{},,,,not_found,['openfoodfacts'],Instant Foods & Noodles,Maggi,,openfoodfacts,,,https://images.openfoodfacts.org/images/products/761/303/648/0482/front_de.73.400.jpg,[]
https://world.openfoodfacts.org/product/9556001170828,Plant Based Foods,,9556001170828,,Nouilles asiatiques Maggi Mi Goreng soy and mild spice,[],unknown,0a3a0e4867d7,"{'energy_kcal': 351.3, 'protein_g': 6.1, 'carbohydrates_g': 43.8, 'of_which_sugars_g': 4.2, 'fat_g': 17, 'of_which_saturated_fat_g': 7.9, 'dietary_fiber_g': None, 'sodium_mg': 0.865}",,,,enriched,['openfoodfacts'],Instant Foods & Noodles,Maggi,"Australie, Polynésie française, Nouvelle-Zélande",openfoodfacts,,https://images.openfoodfacts.org/images/products/955/600/117/0828/nutrition_fr.12.400.jpg,https://images.openfoodfacts.org/images/products/955/600/117/0828/front_fr.10.400.jpg,[]
https://world.openfoodfacts.org/product/7613034330444,Plant Based Foods,,7613034330444,40g,Makkaroni Lasagne,[],c,1a732b4acf7b,"{'energy_kcal': 177, 'protein_g': 8.9, 'carbohydrates_g': 15.2, 'of_which_sugars_g': 1.4, 'fat_g': 8.9, 'of_which_saturated_fat_g': 4, 'dietary_fiber_g': 1.1, 'sodium_mg': 0.332}",,,,enriched,['openfoodfacts'],Instant Foods & Noodles,Maggi,,openfoodfacts,,,https://images.openfoodfacts.org/images/products/761/303/433/0444/front_en.4.400.jpg,[]
https://world.openfoodfacts.org/product/7613287589156,Getrocknete Produkte Zur Rehydrierung,,7613287589156,,Saucy Noodles Red Curry,"['Gluten', 'Milk', 'Soybeans']",a,697348302611,"{'energy_kcal': None, 'protein_g': None, 'carbohydrates_g': None, 'of_which_sugars_g': None, 'fat_g': None, 'of_which_saturated_fat_g': None, 'dietary_fiber_g': None, 'sodium_mg': None}",,4,,enriched,['openfoodfacts'],Instant Foods & Noodles,Maggi,Deutschland,openfoodfacts,https://images.openfoodfacts.org/images/products/761/328/758/9156/ingredients_de.16.400.jpg,https://images.openfoodfacts.org/images/products/761/328/758/9156/nutrition_de.5.400.jpg,https://images.openfoodfacts.org/images/products/761/328/758/9156/front_de.18.400.jpg,"['73', '3% frittierte Nudeln [WEIZENMEHL', 'Sonnenblumenöl', 'Salz', 'Bactrimittel ]', 'Stärke', 'Zucker', 'Aromen', 'Sonnenblumenöl', 'Gewürze', 'SOJASAUCENPULVER', 'Paprika', 'Lauch', 'Salz', '0', '1% Curry', 'Hefeextrakt', 'MILCHZUCKER MILCHEIWEISS', 'Maltose', 'Farbstoff Paprikaextrakt. Kann enthalten: SELLERIE', 'EIER', 'SENF', 'SESAM. Trocken lagern und vor Wärme schützen.']"
https://world.openfoodfacts.org/product/0070662010020,Plant Based Foods,,0070662010020,3 oz,Top Ramen Beef Flavor,"['Gluten', 'Soybeans']",unknown,c1d630db2ba0,"{'energy_kcal': 447.058823529412, 'protein_g': 10.5882352941176, 'carbohydrates_g': 63.5294117647059, 'of_which_sugars_g': 0, 'fat_g': 16.4705882352941, 'of_which_saturated_fat_g': 8.23529411764706, 'dietary_fiber_g': 2.35294117647059, 'sodium_mg': 1.56470588235294}",,4,,enriched,"['openfoodfacts', 'openfoodfacts', 'openfoodfacts']",Instant Foods & Noodles,Nissin,United States,openfoodfacts,https://images.openfoodfacts.org/images/products/007/066/201/0020/ingredients_en.14.400.jpg,https://images.openfoodfacts.org/images/products/007/066/201/0020/nutrition_en.16.400.jpg,https://images.openfoodfacts.org/images/products/007/066/201/0020/front_en.3.400.jpg,"['Enriched flour', 'palm oil', 'salt', 'contains less than 2% of autolyzed yeast extract', ""baker's yeast extract"", 'beef fat', 'caramel color', 'corn syrup', 'dextrin', 'disodium guanylate', 'disodium inosinate', 'dried leek flake', 'garlic powder', 'hydrolyzed corn protein', 'hydrolyzed soy protein', 'maltodextrin', 'monosodium glutamate', 'onion powder. potassium carbonate', 'powdered beef', 'sodium alginate', 'sodium carbonate', 'sodium tripolyphosphate', 'soy sauce', 'spice', 'sugar. tbhq .']"
https://world.openfoodfacts.org/product/0070662026038,Plant Based Foods,,0070662026038,3.421 oz,Top Ramen Chicken Flavor,[],,bcef2fbf16b2,{},,,,not_found,"['openfoodfacts', 'openfoodfacts', 'openfoodfacts']",Instant Foods & Noodles,Nissin,,openfoodfacts,,,https://images.openfoodfacts.org/images/products/007/066/202/6038/front_en.35.400.jpg,[]
https://world.openfoodfacts.org/product/0070662010174,,,0070662010174,,Top Ramen Chili Flavor,"['Gluten', 'Soybeans']",unknown,bbd0f2eb5c3b,"{'energy_kcal': 447.05882352941, 'protein_g': 10.588235294118, 'carbohydrates_g': 63.529411764706, 'of_which_sugars_g': 1.1764705882353, 'fat_g': 16.470588235294, 'of_which_saturated_fat_g': 8.2352941176471, 'dietary_fiber_g': 2, 'sodium_mg': 1.4588235294118}",,4,,enriched,"['openfoodfacts', 'openfoodfacts', 'openfoodfacts']",Instant Foods & Noodles,Nissin,United States,openfoodfacts,https://images.openfoodfacts.org/images/products/007/066/201/0174/ingredients_en.19.400.jpg,https://images.openfoodfacts.org/images/products/007/066/201/0174/nutrition_en.17.400.jpg,https://images.openfoodfacts.org/images/products/007/066/201/0174/front_en.24.400.jpg,"['ENRICHED FLOUR', 'PALM ACID', 'CRUSHED RED CHILI PEPPER', 'DISODIUM GUANYLATE', 'DISODIUM NOSINATE', 'DISODIUM SUCCINATE', 'DRIED LEEK FLAKE', 'GARLIC POWDER', 'HYDROLYZED CORN PROTEIN', 'MALTODEXTRIN', 'NATURAL FLAVOR', 'ONION POWDER', 'POTASSIUM CARBONATE', 'SILICON DIOXIDE', 'SODIUM ALGINATE', 'SODIUM CARBONATE', 'SODIUM TRIPOLYPHOSPHATE', 'SOYBEAN', 'SPICE AND COLOR', 'SUGAR', 'TBHQ', 'TOMATO POWDER', 'WHEAT. CONTAINS WHEAT AND SOYBEAN. FOODS  CO.', 'INC.']"
https://world.openfoodfacts.org/product/8901014002047,,,8901014002047,,Top Ramen Masala Noodles,[],,5dd060a5cc8d,{},,,,not_found,['openfoodfacts'],Instant Foods & Noodles,Nissin,,openfoodfacts,,,https://images.openfoodfacts.org/images/products/890/101/400/2047/front_en.4.400.jpg,[]
https://world.openfoodfacts.org/product/0070662010013,Plant Based Foods,,0070662010013,85 g,Top Ramen - Soy Sauce Flavor,[],,a8687b15fc71,{},,,,not_found,['openfoodfacts'],Instant Foods & Noodles,Nissin,,openfoodfacts,,,https://images.openfoodfacts.org/images/products/007/066/201/0013/front_en.42.400.jpg,[]
https://world.openfoodfacts.org/product/0070662060025,Soups,,0070662060025,,Top ramen beef flavor ramen noodle soup,"['Gluten', 'Soybeans']",e,3939d94e756b,"{'energy_kcal': 452.38, 'protein_g': 11.9, 'carbohydrates_g': 64.29, 'of_which_sugars_g': 0, 'fat_g': 16.67, 'of_which_saturated_fat_g': 7.14, 'dietary_fiber_g': 4.76, 'sodium_mg': 1.83848}",,4,,enriched,['openfoodfacts'],Ready-to-Eat,Nissin,United States,openfoodfacts,,,https://images.openfoodfacts.org/images/products/007/066/206/0025/front_en.5.400.jpg,"['Enriched flour [wheat flour', 'niacin', 'reduced iron', 'thiamine mononitrate', 'riboflavin', 'folic acid]', 'palm oil', 'salt', 'contains less than 2% of autolyzed yeast extract', 'bakers yeast extract', 'beef fat', 'caramel color', 'corn syrup', 'dextrin', 'disodium guanylate', 'disodium inosinate', 'dried leek flake', 'garlic powder', 'hydrolyzed corn protein', 'hydrolyzed soy protein', 'maltodextrin', 'monosodium glutamate', 'onion powder', 'potassium carbonate', 'powdered beef', 'sodium alginate', 'sodium carbonate', 'sodium tripolyphosphate', 'soy sauce', 'spice', 'sugar', 'tbhq .']"
https://world.openfoodfacts.org/product/0070662010129,,,0070662010129,,Top ramen hot and spicy beef flavor same picante,[],,fff4b2a35717,{},,,,not_found,['openfoodfacts'],Instant Foods & Noodles,Nissin,,openfoodfacts,,,https://images.openfoodfacts.org/images/products/007/066/201/0129/front_es.8.400.jpg,[]
https://world.openfoodfacts.org/product/0070662026106,Soups,,0070662026106,,Top ramen shrimp ramen noodle soup,"['Crustaceans', 'Eggs', 'Gluten', 'Milk', 'Soybeans']",e,77ed031a7e33,"{'energy_kcal': 397.85, 'protein_g': 8.6, 'carbohydrates_g': 58.06, 'of_which_sugars_g': 4.3, 'fat_g': 15.05, 'of_which_saturated_fat_g': 7.53, 'dietary_fiber_g': 2.15, 'sodium_mg': 1.35468}",,4,,enriched,['openfoodfacts'],Ready-to-Eat,Nissin,United States,openfoodfacts,,,https://images.openfoodfacts.org/images/products/007/066/202/6106/front_en.4.400.jpg,"['Enriched flour', 'vegetable oil', 'tapioca starch', 'dried carrot flake', 'salt', ""contains less than 2% of baker's yeast extract"", 'beta carotene color', 'caramel color', 'chicken fat', 'citric acid', 'disodium guanylate', 'disodium inosinate', 'disodium succinate', 'dried corn', 'dried green onion', 'dried leek flake', 'dried red bell pepper', 'egg white', 'garlic powder', 'glucose', 'hydrolyzed corn protein', 'hydrolyzed soy protein', 'lactose', 'maltodextrin', 'natural flavor', 'onion powder', 'potassium carbonate', 'potassium chloride', 'powdered chicken', 'shrimp powder', 'sodium carbonate', 'sodium phosphate', 'sodium tripolyphosphate', 'soybean', 'spice', 'succinic acid', 'sugar', 'tbhq', 'wheat.']"
https://world.openfoodfacts.org/product/0070662026014,Plant Based Foods,,0070662026014,,Top ramen the original soy sauce ramen noodle soup,[],,4da74a1855f1,{},,,,not_found,['openfoodfacts'],Instant Foods & Noodles,Nissin,,openfoodfacts,,,https://images.openfoodfacts.org/images/products/007/066/202/6014/front_en.15.400.jpg,[]
https://world.openfoodfacts.org/product/0070662060100,,,0070662060100,,Top Ramen shrimp noodle soup,[],unknown,d6ec68c3870b,"{'energy_kcal': 190, 'protein_g': 4, 'carbohydrates_g': 27, 'of_which_sugars_g': 0, 'fat_g': 7, 'of_which_saturated_fat_g': 3, 'dietary_fiber_g': None, 'sodium_mg': 0.74}",,,,enriched,['openfoodfacts'],Instant Foods & Noodles,Nissin,United States,openfoodfacts,,https://images.openfoodfacts.org/images/products/007/066/206/0100/nutrition_en.5.400.jpg,https://images.openfoodfacts.org/images/products/007/066/206/0100/front_en.3.400.jpg,[]
https://world.openfoodfacts.org/product/0070662055106,,,0070662055106,,Shrimp Ramen Noodle Soup,[],,f7d0da676db6,{},,,,not_found,['openfoodfacts'],Instant Foods & Noodles,Top Ramen,,openfoodfacts,,,https://images.openfoodfacts.org/images/products/007/066/205/5106/front_en.22.400.jpg,[]
https://world.openfoodfacts.org/product/0070662024133,,,0070662024133,9 lb,"Top Ramen 48 pack, chicken flavor ramen noodle soup",[],unknown,c4f28f7c9e59,"{'energy_kcal': None, 'protein_g': None, 'carbohydrates_g': None, 'of_which_sugars_g': None, 'fat_g': None, 'of_which_saturated_fat_g': None, 'dietary_fiber_g': None, 'sodium_mg': None}",,,,enriched,['openfoodfacts'],Instant Foods & Noodles,Nissin,United States,openfoodfacts,https://images.openfoodfacts.org/images/products/007/066/202/4133/ingredients_en.12.400.jpg,https://images.openfoodfacts.org/images/products/007/066/202/4133/nutrition_en.13.400.jpg,https://images.openfoodfacts.org/images/products/007/066/202/4133/front_en.11.400.jpg,[]
https://world.openfoodfacts.org/product/0414212700656,,,0414212700656,3 oz,Top ramen beef flavor,"['Gluten', 'Soybeans']",unknown,2e05a747fd97,"{'energy_kcal': 447.058823529412, 'protein_g': 10.5882352941176, 'carbohydrates_g': 63.5294117647059, 'of_which_sugars_g': 0, 'fat_g': 16.4705882352941, 'of_which_saturated_fat_g': 8.23529411764706, 'dietary_fiber_g': 2.35294117647059, 'sodium_mg': 1.56470588235294}",,4,,enriched,['openfoodfacts'],Instant Foods & Noodles,Top Ramen,,openfoodfacts,,,https://images.openfoodfacts.org/images/products/041/421/270/0656/front_en.5.400.jpg,"['Enriched flour', 'palm oil', 'salt', 'contains less than 2% of autolyzed yeast extract', ""baker's yeast extract"", 'beef fat', 'caramel color', 'corn syrup', 'dextrin', 'disodium guanylate', 'disodium inosinate', 'dried leek flake', 'garlic powder', 'hydrolyzed corn protein', 'hydrolyzed soy protein', 'maltodextrin', 'monosodium glutamate', 'onion powder. potassium carbonate', 'powdered beef', 'sodium alginate', 'sodium carbonate', 'sodium tripolyphosphate', 'soy sauce', 'spice', 'sugar. tbhq .']"
https://world.openfoodfacts.org/product/8901014002412,,,8901014002412,,Top Ramen chilli,[],unknown,21456eb9267f,"{'energy_kcal': 366.86, 'protein_g': 7.89, 'carbohydrates_g': 42.73, 'of_which_sugars_g': 2.43, 'fat_g': 17.04, 'of_which_saturated_fat_g': 8.57, 'dietary_fiber_g': 0, 'sodium_mg': 1.55302}",,,,enriched,['openfoodfacts'],Instant Foods & Noodles,Nissin,United States,openfoodfacts,https://images.openfoodfacts.org/images/products/890/101/400/2412/ingredients_en.23.400.jpg,https://images.openfoodfacts.org/images/products/890/101/400/2412/nutrition_en.21.400.jpg,https://images.openfoodfacts.org/images/products/890/101/400/2412/front_en.3.400.jpg,[]
https://world.openfoodfacts.org/product/0430632004037,,,0430632004037,,Top Ramen -  Chicken,[],unknown,450c83550652,"{'energy_kcal': 447.058823529412, 'protein_g': 10.5882352941176, 'carbohydrates_g': 62.3529411764706, 'of_which_sugars_g': None, 'fat_g': 16.4705882352941, 'of_which_saturated_fat_g': 8.23529411764706, 'dietary_fiber_g': 2.35294117647059, 'sodium_mg': None}",,,,enriched,['openfoodfacts'],Other,The Original Nissin,,openfoodfacts,,,,[]
https://world.openfoodfacts.org/product/31698085,,,31698085,,Nissin Top Ramen Chili flavor,[],unknown,e6ebf39d350c,"{'energy_kcal': 452.38095238095, 'protein_g': 11.904761904762, 'carbohydrates_g': 61.904761904762, 'of_which_sugars_g': 2.3809523809524, 'fat_g': 16.666666666667, 'of_which_saturated_fat_g': 9.5238095238095, 'dietary_fiber_g': 2.3809523809524, 'sodium_mg': 1.8095238095238}",,,,enriched,['openfoodfacts'],Instant Foods & Noodles,Nissin,Viêt Nam,openfoodfacts,,https://images.openfoodfacts.org/images/products/000/003/169/8085/nutrition_fr.7.400.jpg,https://images.openfoodfacts.org/images/products/000/003/169/8085/front_fr.3.400.jpg,[]
https://world.openfoodfacts.org/product/0040662060325,,,0040662060325,3 oz,Top ramen,"['Gluten', 'Soybeans']",unknown,7e27275e3d02,"{'energy_kcal': 447.058823529412, 'protein_g': 10.5882352941176, 'carbohydrates_g': 63.5294117647059, 'of_which_sugars_g': 0, 'fat_g': 16.4705882352941, 'of_which_saturated_fat_g': 8.23529411764706, 'dietary_fiber_g': 2.35294117647059, 'sodium_mg': 1.56470588235294}",,4,,enriched,['openfoodfacts'],Instant Foods & Noodles,Nissin,,openfoodfacts,,,https://images.openfoodfacts.org/images/products/004/066/206/0325/front_en.3.400.jpg,"['Enriched flour', 'palm oil', 'salt', 'contains less than 2% of autolyzed yeast extract', ""baker's yeast extract"", 'beef fat', 'caramel color', 'corn syrup', 'dextrin', 'disodium guanylate', 'disodium inosinate', 'dried leek flake', 'garlic powder', 'hydrolyzed corn protein', 'hydrolyzed soy protein', 'maltodextrin', 'monosodium glutamate', 'onion powder. potassium carbonate', 'powdered beef', 'sodium alginate', 'sodium carbonate', 'sodium tripolyphosphate', 'soy sauce', 'spice', 'sugar. tbhq .']"
https://world.openfoodfacts.org/product/0001588518826,,,0001588518826,,"Top Ramen, Ramen Noodle Soup, Chicken","['Gluten', 'Soybeans']",unknown,b220a5a54180,"{'energy_kcal': 452, 'protein_g': 11.9, 'carbohydrates_g': 61.9, 'of_which_sugars_g': 2.38, 'fat_g': 16.67, 'of_which_saturated_fat_g': 8.33, 'dietary_fiber_g': 4.8, 'sodium_mg': 2.201672}",,4,,enriched,['openfoodfacts'],Instant Foods & Noodles,Nissin,United States,openfoodfacts,,,,"['Enriched flour', 'palm oil', 'salt', 'contains less than 2% of autolyzed yeast extract', 'calcium silicate', 'citric acid', 'disodium guanylate', 'disodium inosinate', 'dried leek flake', 'garlic powder', 'hydrolyzed corn protein', 'hydrolyzed corn protein', 'hydrolyzed soy protein', 'maltodextrin', 'monosodium glutamate', 'natural and artificial flavor', 'onion powder', 'potassium carbonate', 'powdered chicken', 'rendered chicken fat', 'sodium alginate', 'sodium carbonate', 'sodium tripolyphosphate', 'soybean', 'spice and color', 'sugar', 'tbhq', 'wheat.']"
https://world.openfoodfacts.org/product/0007066201003,,,0007066201003,3.421 oz,nissin top ramen chicken,"['Eggs', 'Gluten', 'Milk', 'Soybeans']",e,4bd03dd441ee,"{'energy_kcal': 381.443298969072, 'protein_g': 9.27835051546392, 'carbohydrates_g': 60.8247422680412, 'of_which_sugars_g': 7.21649484536082, 'fat_g': 14.4329896907216, 'of_which_saturated_fat_g': 7.21649484536082, 'dietary_fiber_g': 2.06185567010309, 'sodium_mg': 1.8659793814433}",,4,,enriched,['openfoodfacts'],Instant Foods & Noodles,Nissin,,openfoodfacts,,,https://images.openfoodfacts.org/images/products/000/706/620/1003/front_en.8.400.jpg,"['enriched flour', 'palm oil', 'tapioca starch', 'salt', 'dried carrot flake', 'water', 'sugar', 'contains less than 2% of autolyzed yeast extract', 'beta carotene color', 'caramel color', 'citric acid', 'concentrated chicken stock', 'corn syrup', 'disodium guanylate', 'disodium inosinate', 'disodium succinate', 'dried corn', 'dried green onion', 'dried leek flake', 'dried red bell pepper', 'egg white', 'garlic powder', 'glucose', 'high fructose corn syrup', 'hydrolyzed corn protein', 'hydrolyzed soy protein', 'lactose', 'maltodextrin', 'natural and artificial flavor', 'onion powder', 'potassium carbonate', 'potassium chloride', 'powdered chicken', 'rendered chicken fat', 'rice', 'silicon dioxide', 'sodium carbonate', 'sodium phosphate', 'sodium tripolyphosphate', 'soybean', 'spice and color', 'succinic acid', 'sucralose', 'tbhq', 'vinegar', 'wheat', 'xanthan gum.']"
https://world.openfoodfacts.org/product/0070662455029,,,0070662455029,42 g,Top Ramen Noodle Soup,['Gluten'],e,608519042bb3,"{'energy_kcal': 612.285714285714, 'protein_g': 28.3333333333333, 'carbohydrates_g': 153.071428571429, 'of_which_sugars_g': 0, 'fat_g': 39.6904761904762, 'of_which_saturated_fat_g': 19.8333333333333, 'dietary_fiber_g': 11.4285714285714, 'sodium_mg': 4.37847619047619}",,4,,enriched,['openfoodfacts'],Instant Foods & Noodles,Nissin,United States,openfoodfacts,,,,"['ENRICHED FLOUR', 'PALM OIL', 'SALT', 'CONTAINS LESS THAN 2% OF AUTOLYZED YEAST EXTRACT', ""BAKER'S YEAST EXTRACT"", 'BEEF FAT', 'CARAMEL COLOR', 'CORN SYRUP', 'DEXTRIN', 'DISODIUM GUANYLATE', 'DI']"
https://world.openfoodfacts.org/product/0070662302019,Soups,,0070662302019,4.8 oz,Hot Pot Fusions Korean Spicy Beef Flavor Ramen Noodle Soup,[],e,934c41ddbb0f,"{'energy_kcal': 425.925925925926, 'protein_g': 11.1111111111111, 'carbohydrates_g': 59.2592592592593, 'of_which_sugars_g': 1.85185185185185, 'fat_g': 16.6666666666667, 'of_which_saturated_fat_g': 6.48148148148148, 'dietary_fiber_g': 3.7037037037037, 'sodium_mg': 2.11111111111111}",,,,enriched,['openfoodfacts'],Ready-to-Eat,Top Ramen,United States,openfoodfacts,https://images.openfoodfacts.org/images/products/007/066/230/2019/ingredients_en.12.400.jpg,https://images.openfoodfacts.org/images/products/007/066/230/2019/nutrition_en.23.400.jpg,https://images.openfoodfacts.org/images/products/007/066/230/2019/front_en.7.400.jpg,[]
https://world.openfoodfacts.org/product/0070662302033,,,0070662302033,,Japanese Garlic Tonkotsu Pork,[],unknown,c7a59d908b5f,"{'energy_kcal': 444.444444444444, 'protein_g': 11.1111111111111, 'carbohydrates_g': 62.962962962963, 'of_which_sugars_g': 3.7037037037037, 'fat_g': 18.5185185185185, 'of_which_saturated_fat_g': 8.33333333333333, 'dietary_fiber_g': 1.85185185185185, 'sodium_mg': 2.18518518518519}",,,,enriched,['openfoodfacts'],Instant Foods & Noodles,Top Ramen,,openfoodfacts,,,,[]
https://world.openfoodfacts.org/product/0070662302026,Soups,,0070662302026,4.8 oz,Thai Coconut Curry Chicken Flavor Ramen Noodle Soup,[],e,f22f43c0b5f3,"{'energy_kcal': 448.529411764706, 'protein_g': 10.2941176470588, 'carbohydrates_g': 63.2352941176471, 'of_which_sugars_g': 4.41176470588235, 'fat_g': 16.9117647058824, 'of_which_saturated_fat_g': 8.82352941176471, 'dietary_fiber_g': 2.20588235294118, 'sodium_mg': 1.96323529411765}",,,,enriched,['openfoodfacts'],Ready-to-Eat,Top Ramen,United States,openfoodfacts,,https://images.openfoodfacts.org/images/products/007/066/230/2026/nutrition_en.5.400.jpg,https://images.openfoodfacts.org/images/products/007/066/230/2026/front_en.3.400.jpg,[]
https://world.openfoodfacts.org/product/0070662027028,,,0070662027028,,Beef Flavor Ramen Noodle Soup With Japanese Sauce,[],,aed1cdacbe7f,{},,,,not_found,['openfoodfacts'],Instant Foods & Noodles,Top Ramen,,openfoodfacts,,,https://images.openfoodfacts.org/images/products/007/066/202/7028/front_en.3.400.jpg,[]
https://world.openfoodfacts.org/product/0070662027035,,,0070662027035,,Japanese BBQ Beef Soup,[],unknown,667de3c9c937,"{'energy_kcal': 391.304347826087, 'protein_g': 8.69565217391304, 'carbohydrates_g': 59.1304347826087, 'of_which_sugars_g': 11.304347826087, 'fat_g': 13.0434782608696, 'of_which_saturated_fat_g': 6.08695652173913, 'dietary_fiber_g': 1.73913043478261, 'sodium_mg': 1.64347826086957}",,,,enriched,['openfoodfacts'],Instant Foods & Noodles,Top Ramen,United States,openfoodfacts,,,,[]
https://world.openfoodfacts.org/product/1059680055021,,,1059680055021,3 oz,top ramen,"['Gluten', 'Soybeans']",unknown,366a40baf22a,"{'energy_kcal': 447.058823529412, 'protein_g': 10.5882352941176, 'carbohydrates_g': 63.5294117647059, 'of_which_sugars_g': 0, 'fat_g': 16.4705882352941, 'of_which_saturated_fat_g': 8.23529411764706, 'dietary_fiber_g': 2.35294117647059, 'sodium_mg': 1.56470588235294}",,4,,enriched,['openfoodfacts'],Instant Foods & Noodles,Top Ramen,,openfoodfacts,,,https://images.openfoodfacts.org/images/products/007/066/201/0020/front_en.3.400.jpg,"['Enriched flour', 'palm oil', 'salt', 'contains less than 2% of autolyzed yeast extract', ""baker's yeast extract"", 'beef fat', 'caramel color', 'corn syrup', 'dextrin', 'disodium guanylate', 'disodium inosinate', 'dried leek flake', 'garlic powder', 'hydrolyzed corn protein', 'hydrolyzed soy protein', 'maltodextrin', 'monosodium glutamate', 'onion powder. potassium carbonate', 'powdered beef', 'sodium alginate', 'sodium carbonate', 'sodium tripolyphosphate', 'soy sauce', 'spice', 'sugar. tbhq .']"
https://world.openfoodfacts.org/product/4549414086638,,,4549414086638,,Cut Vegetables For Ramen Noodles,[],unknown,e5533abfdae1,"{'energy_kcal': 20, 'protein_g': 1.5, 'carbohydrates_g': 4.1, 'of_which_sugars_g': 2.5, 'fat_g': 0.1, 'of_which_saturated_fat_g': None, 'dietary_fiber_g': 1.6, 'sodium_mg': 0.004}",,,,enriched,['openfoodfacts'],Other,Top Valu,United States,openfoodfacts,,https://images.openfoodfacts.org/images/products/454/941/408/6638/nutrition_en.5.400.jpg,https://images.openfoodfacts.org/images/products/454/941/408/6638/front_en.3.400.jpg,[]
https://world.openfoodfacts.org/product/8901725005863,Plant Based Foods,,8901725005863,60g,Magic Masala Noodles,[],,987d039f0f81,{},,,,not_found,['openfoodfacts'],Instant Foods & Noodles,Yippee,,openfoodfacts,,,https://images.openfoodfacts.org/images/products/890/172/500/5863/front_en.5.400.jpg,[]
https://world.openfoodfacts.org/product/8909081005251,Plant Based Foods,,8909081005251,72.6 g,Yippee Noodles,[],unknown,1bb4c08c63c8,"{'energy_kcal': 456, 'protein_g': 9.2, 'carbohydrates_g': 64, 'of_which_sugars_g': 3.2, 'fat_g': 19.2, 'of_which_saturated_fat_g': 10, 'dietary_fiber_g': None, 'sodium_mg': 1.1944}",,,,enriched,"['openfoodfacts', 'openfoodfacts', 'openfoodfacts', 'openfoodfacts', 'openfoodfacts', 'openfoodfacts', 'openfoodfacts']",Biscuits & Bakery,Sunfeast,India,openfoodfacts,https://images.openfoodfacts.org/images/products/890/908/100/5251/ingredients_en.18.400.jpg,https://images.openfoodfacts.org/images/products/890/908/100/5251/nutrition_en.20.400.jpg,https://images.openfoodfacts.org/images/products/890/908/100/5251/front_en.16.400.jpg,[]
https://world.openfoodfacts.org/product/8901725018016,Plant Based Foods,,8901725018016,48,Yippee noodles (snack pack),[],,1a7d409c542b,{},,,,not_found,['openfoodfacts'],Biscuits & Bakery,Sunfeast,,openfoodfacts,,,https://images.openfoodfacts.org/images/products/890/172/501/8016/front_en.8.400.jpg,[]
https://world.openfoodfacts.org/product/8901725005986,Plant Based Foods,,8901725005986,560g,Sunfeast Yippee! masala magic,[],,e7aaf15b6b02,{},,,,not_found,['openfoodfacts'],Biscuits & Bakery,Sunfeast,,openfoodfacts,,,https://images.openfoodfacts.org/images/products/890/172/500/5986/front_en.3.400.jpg,[]
https://world.openfoodfacts.org/product/8901725005924,Plant Based Foods,,8901725005924,280,sunfeast yippee,[],unknown,5f182dc76c31,"{'energy_kcal': None, 'protein_g': None, 'carbohydrates_g': None, 'of_which_sugars_g': None, 'fat_g': None, 'of_which_saturated_fat_g': None, 'dietary_fiber_g': None, 'sodium_mg': None}",,,,enriched,['openfoodfacts'],Biscuits & Bakery,Sunfeast,India,openfoodfacts,,,https://images.openfoodfacts.org/images/products/890/172/500/5924/front_en.3.400.jpg,[]
https://world.openfoodfacts.org/product/8901725019747,,,8901725019747,75,Noodles,[],,7944c409f634,{},,,,not_found,"['openfoodfacts', 'openfoodfacts']",Instant Foods & Noodles,Yippee,,openfoodfacts,,,https://images.openfoodfacts.org/images/products/890/172/501/9747/front_en.4.400.jpg,[]
https://world.openfoodfacts.org/product/8901725019754,Plant Based Foods,,8901725019754,75,Yippee! Korean Fiery Hot,"['Gluten', 'Soybeans']",unknown,ac466a346538,"{'energy_kcal': 439, 'protein_g': 8.5, 'carbohydrates_g': 64.7, 'of_which_sugars_g': 2.7, 'fat_g': 17.1, 'of_which_saturated_fat_g': 8.6, 'dietary_fiber_g': None, 'sodium_mg': 1.7706}",,4,,enriched,['openfoodfacts'],Biscuits & Bakery,Sunfeast,India,openfoodfacts,https://images.openfoodfacts.org/images/products/890/172/501/9754/ingredients_en.14.400.jpg,https://images.openfoodfacts.org/images/products/890/172/501/9754/nutrition_en.15.400.jpg,https://images.openfoodfacts.org/images/products/890/172/501/9754/front_en.3.400.jpg,"['Instant Noodles: Maida', 'Refined Palm Oil', 'Starch', 'Iodized Salt', 'Emulsifier [Mono and diglycerides of fatty acids from Palm Oil)]', 'Wheat Gluten', 'Thickener', 'Acidity Regulators [INS 500)', 'IS 601', 'INS 330)', 'Stabilizers', 'INS 450]. Seasoning: Spices and Condiments', 'Hydrolyzer Vegetable Protein [Soya Protein Isolate', 'Maltodextrin', 'Instant Noodle Powder', 'Refined Palm O Starch', 'lodized Salt', 'Wheat Gluten)', 'Maltodextrin', 'lodized Salt Dehydrated Onion', 'Sugar', 'Soyabean Sauce Powder', 'Flavour Enhancers  Nature Identical Flavouring Substances', 'Yeast Extract', 'Anticaking Agent', 'Natural Flavours and Natural Flavouring Substances', 'Thickener', 'Acidity Regulator  Dehydrated Vegetables /Cabbage  Carrot', 'Spring Onion', 'Beans', 'Zucchini']"
https://world.openfoodfacts.org/product/8901725005214,Plant Based Foods,,8901725005214,280g,Atta Noodles,[],,bcff4049c8d0,{},,,,not_found,['openfoodfacts'],Instant Foods & Noodles,Yippee,,openfoodfacts,,,https://images.openfoodfacts.org/images/products/890/172/500/5214/front_en.11.400.jpg,[]
https://world.openfoodfacts.org/product/8901725181420,,,8901725181420,70 g,Sunfeast Yippee Noodles,[],unknown,c0a9836afb14,"{'energy_kcal': None, 'protein_g': None, 'carbohydrates_g': None, 'of_which_sugars_g': None, 'fat_g': None, 'of_which_saturated_fat_g': None, 'dietary_fiber_g': None, 'sodium_mg': None}",,,Yippee Noodles,enriched,['openfoodfacts'],Snacks & Namkeen,ITC,India,openfoodfacts,https://images.openfoodfacts.org/images/products/890/172/518/1420/ingredients_en.5.400.jpg,,,[]
https://world.openfoodfacts.org/product/8901725119256,Plant Based Foods,,8901725119256,67.5 g,Sunfeast Yippee noodles,[],unknown,c79af1d3c3d4,"{'energy_kcal': 456, 'protein_g': 9.2, 'carbohydrates_g': 64, 'of_which_sugars_g': 3.2, 'fat_g': 19.2, 'of_which_saturated_fat_g': 10, 'dietary_fiber_g': None, 'sodium_mg': 1.1944}",,,,enriched,['openfoodfacts'],Biscuits & Bakery,Sunfeast,,openfoodfacts,,,https://images.openfoodfacts.org/images/products/890/172/511/9256/front_en.4.400.jpg,[]
https://world.openfoodfacts.org/product/8901725116729,Plant Based Foods,,8901725116729,405 g,Sunfeast Yippee! noodles Magic Masala,['Gluten'],unknown,12fdc5d622fe,"{'energy_kcal': 459, 'protein_g': 9, 'carbohydrates_g': 62.6, 'of_which_sugars_g': 3, 'fat_g': 20.1, 'of_which_saturated_fat_g': 10.7, 'dietary_fiber_g': None, 'sodium_mg': 1.26705}",,4,,enriched,['openfoodfacts'],Snacks & Namkeen,ITC,India,openfoodfacts,https://images.openfoodfacts.org/images/products/890/172/511/6729/ingredients_en.7.400.jpg,https://images.openfoodfacts.org/images/products/890/172/511/6729/nutrition_en.10.400.jpg,https://images.openfoodfacts.org/images/products/890/172/511/6729/front_en.4.400.jpg,"['Instant Noodles: Refined Wheat Flour', 'Refined Palm Oil', 'lodized Salt', 'Wheat Gluten', 'Thickeners', 'Stabilizers [INS 170', 'INS 339', 'INS 450', 'INS 452] and Acidity Regulators [INS 501', 'INS 500', 'INS 330]\r\nSeasoning: Masala Mix: Dehydrated Vegetables [Beans', 'Carrot', 'Onion  and Cabbage ]', 'Instant Noodle Powder {Refined Wheat Flour', 'Refined Palm Oil', 'lodized Salt and Wheat Gluten }', 'Spices and Condiments  [Garlic', 'Coriander', 'Cumin', 'Ginger', 'Chilli', 'Aniseed', 'Fenugreek', 'Black Pepper', 'Cardamom', 'Nutmeg', 'Caraway', 'Cinnamon', 'Clove and Turmeric]', 'Sugar', 'lodized Salt', 'Hydrolyzed Vegetable Protein', 'Natural Flavours and Natural Flavouring Substances', 'Nature Identical Flavouring Substances', 'Maltodextrin', 'Yeast Extract', 'Acidity Regulator', 'Flavour Enhancers', 'Anticaking Agent', 'Mineral', 'Vitamins and Starch.']"
https://world.openfoodfacts.org/product/8901725117092,,,8901725117092,,Yippee magic masala noodles four in one pack,[],unknown,8d1087849d09,"{'energy_kcal': 459, 'protein_g': 9, 'carbohydrates_g': 62.6, 'of_which_sugars_g': 3, 'fat_g': 20.1, 'of_which_saturated_fat_g': 10.7, 'dietary_fiber_g': None, 'sodium_mg': 0.3741}",,,,enriched,['openfoodfacts'],Biscuits & Bakery,Sunfeast,,openfoodfacts,,,https://images.openfoodfacts.org/images/products/890/172/511/7092/front_fr.3.400.jpg,[]
https://world.openfoodfacts.org/product/8901725119195,Plant Based Foods,,8901725119195,70 g,Yippee! noodles mood masala,"['Gluten', 'Milk', 'Nuts', 'Soybeans']",unknown,574744eee12b,"{'energy_kcal': None, 'protein_g': None, 'carbohydrates_g': None, 'of_which_sugars_g': None, 'fat_g': None, 'of_which_saturated_fat_g': None, 'dietary_fiber_g': None, 'sodium_mg': None}",India,4,Instant noodles,enriched,['openfoodfacts'],Snacks & Namkeen,ITC,India,openfoodfacts,https://images.openfoodfacts.org/images/products/890/172/511/9195/ingredients_en.9.400.jpg,https://images.openfoodfacts.org/images/products/890/172/511/9195/nutrition_en.11.400.jpg,https://images.openfoodfacts.org/images/products/890/172/511/9195/front_en.3.400.jpg,"['Instant Noodles: Refined Wheat Flour', 'Refined Palm Oil', 'lodized Salt', 'Wheat Gluten', 'Thickeners', 'Stabilizers [INS 170', 'INS 339', 'INS 450  and INS 452] and Acidity Regulators [INS 501', 'INS 500 and INS 330]. Seasoning: Main Masala Mix: Spices and Condiments  [Garlic', 'Red Chilli', 'Coriander', 'Aniseed', 'Ginger', 'Cumin', 'Black Pepper', 'Cassia', 'Cardamom', 'Nutmeg and Clove]', 'Onion Powder', 'Instant Noodle Powder {Refined Wheat Flour', 'Refined Palm Oil', 'lodized Salt and Wheat Gluten)', 'lodized Salt', 'Sugar', 'Hydrolyzed Vegetable Protein', 'Maltodextrín', 'Fat powder', 'Flavour Enhancers', 'Starch', 'Yeast Extract', 'Natural Flavours and Natural Flavouring Substances', 'Nature Identical Flavouring Substances', 'Dairy Whitener', 'Anticaking Agent', 'Acidity Regulator  and Refined Sunflower Oil. Mood Masala Mix: Spices and Condiments  [Garlic', 'Red Chilli', 'Ginger', 'Coriander', 'Black Pepper', 'Aniseed', 'Cumin', 'Cassia and Cardamom]', 'Onion Powder', 'Sugar', 'Instant Noodle Powder', 'Refined Palm Oil', 'lodized Salt and Wheat Gluten)', 'lodized Salt', 'Dairy Whitener', 'Hydrolyzed Vegetable Protein', 'Starch', 'Fat Powder', 'Maltodextrin', 'Flavour Enhancers', 'Nature Identical Flavouring Substances', 'Yeast Extract', 'Anticaking Agent', 'Natural Flavours and Natural Flavouring Substances and Acidity Regulator . Contains Wheat', 'Soy', 'Milk']"
https://world.openfoodfacts.org/product/8901725012830,Plant Based Foods,,8901725012830,,Yippee Noodles Magic Masala,[],,379fb131d2dd,{},,,,not_found,['openfoodfacts'],Biscuits & Bakery,Sunfeast,,openfoodfacts,,,https://images.openfoodfacts.org/images/products/890/172/501/2830/front_en.3.400.jpg,[]
https://world.openfoodfacts.org/product/8901725018917,Plant Based Foods,,8901725018917,60g,Yippee noodles magic masala goat,[],unknown,00f09bf6d7ac,"{'energy_kcal': None, 'protein_g': None, 'carbohydrates_g': None, 'of_which_sugars_g': None, 'fat_g': None, 'of_which_saturated_fat_g': None, 'dietary_fiber_g': None, 'sodium_mg': None}",,,,enriched,['openfoodfacts'],Biscuits & Bakery,Sunfeast,India,openfoodfacts,,,https://images.openfoodfacts.org/images/products/890/172/501/8917/front_en.3.400.jpg,[]
https://world.openfoodfacts.org/product/8714100766576,Plant Based Foods,,8714100766576,1000 ml,Les classiques - Velouté de 9 légumes,[],,a201739387a8,{},,,,not_found,['openfoodfacts'],Instant Foods & Noodles,Knorr,,openfoodfacts,,,https://images.openfoodfacts.org/images/products/871/410/076/6576/front_en.129.400.jpg,[]
https://world.openfoodfacts.org/product/8714100769362,Plant Based Foods,"Le mode de préparation et d'emballage de cette soupe sont la garantie de sa conservation. Avant ouverture, conserver à température ambiante. Après ouverture, conserver au frais et consommer dans les 48 h.",8714100769362,1000 ml,Knorr Soupe Liquide Mouliné de Légumes Variés 1L,"['Celery', 'Milk']",c,ddfdd80d4142,"{'energy_kcal': 26, 'protein_g': 0.8, 'carbohydrates_g': 4, 'of_which_sugars_g': 1.3, 'fat_g': 0.5, 'of_which_saturated_fat_g': 0.2, 'dietary_fiber_g': 1, 'sodium_mg': 0.268}",,4,Soupe.,enriched,['openfoodfacts'],Instant Foods & Noodles,Knorr,"France, Luxembourg",openfoodfacts,https://images.openfoodfacts.org/images/products/871/410/076/9362/ingredients_fr.30.400.jpg,https://images.openfoodfacts.org/images/products/871/410/076/9362/nutrition_fr.38.400.jpg,https://images.openfoodfacts.org/images/products/871/410/076/9362/front_en.69.400.jpg,"['water', 'potato1: 16%', 'carrot1: 13%', 'ceer-rave1: 8', '5%', 'onion1: 3', '2%', 'leek1: 2', '8%', 'broccoli1: 2', '4%', 'green bean1: 2', '4%', 'crème fraîche', 'modified corn starch', 'salt', 'sunflower oil', 'yeast extract', 'whey', 'may contain: gluten', 'mustard', 'egg', 'soy', '1lurate from sustainable agriculture', 'vegetable content1: 48', '3%']"
https://world.openfoodfacts.org/product/8710908961298,Plant Based Foods,,8710908961298,1000 ml,Knorr Soupe Liquide Douceur à l'Italienne Tomates Mozzarella 1L,[],,86a0ca4b8473,{},,,,not_found,['openfoodfacts'],Instant Foods & Noodles,Knorr,,openfoodfacts,,,https://images.openfoodfacts.org/images/products/871/090/896/1298/front_en.82.400.jpg,[]
https://world.openfoodfacts.org/product/8712100368349,Plant Based Foods,"Le mode de préparation et d'emballage de cette soupe sont la garantie de sa conservation. Avant ouverture, conserver à température ambiante. Après ouverture, conserver au frais et consommer dans les 48 h.",8712100368349,1000 ml,Knr dcr automne 1l,"['Celery', 'Milk']",c,937a6faed39f,"{'energy_kcal': 38, 'protein_g': 0.6, 'carbohydrates_g': 5.4, 'of_which_sugars_g': 2.4, 'fat_g': 1.4, 'of_which_saturated_fat_g': 0.8, 'dietary_fiber_g': 0.8, 'sodium_mg': 0.26}",France,3,Soupe de légumes,enriched,['openfoodfacts'],Instant Foods & Noodles,Knorr,Non indiqué,openfoodfacts,https://images.openfoodfacts.org/images/products/871/210/036/8349/ingredients_fr.37.400.jpg,https://images.openfoodfacts.org/images/products/871/210/036/8349/nutrition_fr.66.400.jpg,https://images.openfoodfacts.org/images/products/871/210/036/8349/front_fr.93.400.jpg,"['Eau', 'carotte¹ : 10%', 'pomme de terre¹ : 8', '2%', 'tomate¹', 'courge¹ : 6%', 'CRÈME fraîche : 2', '9%', 'CÉLERI-RAVE¹ : 2', '6%', 'oignon¹ : 2', '4%', 'poireau¹ : 2%', 'amidon de maïs', 'panais¹ : 1', '6%', 'sucre de canne', 'sel', 'BEURRE. Peut contenir : céréales contenant du gluten', 'moutarde', 'œuf', 'soja.']"
https://world.openfoodfacts.org/product/8710908961045,Plant Based Foods,,8710908961045,300 ml,Knorr Soupe Liquide Douceur de 8 Légumes à la Crème Fraîche 30cl,[],,7867f3d3d6ab,{},,,,not_found,['openfoodfacts'],Instant Foods & Noodles,Knorr,,openfoodfacts,,,https://images.openfoodfacts.org/images/products/871/090/896/1045/front_fr.81.400.jpg,[]
https://world.openfoodfacts.org/product/8718114807898,Plant Based Foods,,8718114807898,96 g,Velours de tomate à la mozzarella,"['Gluten', 'Milk', 'Céleri', 'Lait', 'Moutarde', 'Œufs']",c,11b4784165af,"{'energy_kcal': None, 'protein_g': None, 'carbohydrates_g': None, 'of_which_sugars_g': None, 'fat_g': None, 'of_which_saturated_fat_g': None, 'dietary_fiber_g': None, 'sodium_mg': None}",,4,,enriched,['openfoodfacts'],Instant Foods & Noodles,Knorr,France,openfoodfacts,https://images.openfoodfacts.org/images/products/871/811/480/7898/ingredients_en.287.400.jpg,https://images.openfoodfacts.org/images/products/871/811/480/7898/nutrition_en.92.400.jpg,https://images.openfoodfacts.org/images/products/871/811/480/7898/front_en.54.400.jpg,"['légumes )', 'sucre', 'farine de BLÉ', 'graisse de palme', 'mozzarella: 5', '9%', 'fécule de pomme de terre', 'FROMAGES', 'sel', 'lactosérum', 'protéines végétales hydrolysées', 'maltodextrine', 'chlorure de potassium', 'extrait de levure', 'lactose', 'jus de légumes concentrés', 'aromates', ""arômes. Peut contenir: œuf. Tomate issue de l'agriculture durable.""]"
https://world.openfoodfacts.org/product/8711200330775,Plant Based Foods,"Le mode de préparation et d'emballage de cette soupe sont la garantie de sa conservation. Avant ouverture, conserver à température ambiante. Après ouverture, conserver au frais et consommer dans les 48 h.",8711200330775,1000 ml,Knr dcr legumes soleil 1l,['Milk'],b,4128e6689008,"{'energy_kcal': 32, 'protein_g': 0.6, 'carbohydrates_g': 4.3, 'of_which_sugars_g': 2.4, 'fat_g': 1.2, 'of_which_saturated_fat_g': 0.6, 'dietary_fiber_g': 0.7, 'sodium_mg': 0.236}",,3,Soupe.,enriched,['openfoodfacts'],Instant Foods & Noodles,Knorr,,openfoodfacts,,,https://images.openfoodfacts.org/images/products/871/120/033/0775/front_fr.100.400.jpg,"['Eau', 'tomate¹ : 15%', 'poivron rouge¹ : 5', '3%', 'carotte¹', 'courgette¹ : 4', '5%', 'pomme de terre¹', 'aubergine¹ : 3', '4%', 'CRÈME fraîche', 'oignon¹ : 2', '1%', 'amidon de maïs', 'haricot vert¹ : 1', '3%', 'sucre de canne', 'sel', 'épices et aromates . Peut contenir : céleri', 'céréales contenant du gluten', 'moutarde', 'œuf', ""soja. ¹Ingrédients issus de l'agriculture durable : 41%. 41% de légumes¹ .""]"
https://world.openfoodfacts.org/product/8714100769409,Plant Based Foods,"Le mode de préparation et d'emballage de cette soupe sont la garantie de sa conservation. Avant ouverture, conserver à température ambiante. Après ouverture, conserver au frais et consommer dans les 48 h.",8714100769409,500 ml,Knr moul leg var 50cl rl,"['Celery', 'Milk']",c,1f204afef2ca,"{'energy_kcal': 26, 'protein_g': 0.8, 'carbohydrates_g': 4, 'of_which_sugars_g': 1.3, 'fat_g': 0.5, 'of_which_saturated_fat_g': 0.2, 'dietary_fiber_g': 1, 'sodium_mg': 0.268}",,4,Soupe.,enriched,['openfoodfacts'],Instant Foods & Noodles,Knorr,France,openfoodfacts,https://images.openfoodfacts.org/images/products/871/410/076/9409/ingredients_fr.88.400.jpg,https://images.openfoodfacts.org/images/products/871/410/076/9409/nutrition_fr.54.400.jpg,https://images.openfoodfacts.org/images/products/871/410/076/9409/front_fr.69.400.jpg,"['Eau', 'carotte¹ : 14%', 'pomme de terre¹ : 12%', 'CÉLERI-RAVE¹ : 8', '5%', 'oignon¹ : 3', '2%', 'poireau¹ : 3%', 'brocoli¹ : 2', '4%', 'haricot vert¹ : 2', '4%', 'CRÈME fraîche', 'amidon de maïs', 'sel', 'arôme naturel', 'racine de livèche. Peut contenir : céréales contenant du gluten', 'moutarde', 'œuf', ""soja. ¹Légumes issus de l'agriculture durable. 45"", '5% de légumes¹ .']"
https://world.openfoodfacts.org/product/8710908960956,Plant Based Foods,,8710908960956,500 ml,Soupe Douceur 8 Légumes à la Crème Fraîche,[],,40cefca02018,{},,,,not_found,['openfoodfacts'],Instant Foods & Noodles,Knorr,,openfoodfacts,,,https://images.openfoodfacts.org/images/products/871/090/896/0956/front_fr.108.400.jpg,[]
https://world.openfoodfacts.org/product/8712566213757,Plant Based Foods,À conserver entre 2°C et 25°C,8712566213757,1000 ml,Soupe Courgettes,"['Celery', 'Eggs', 'Gluten', 'Milk', 'Mustard']",c,0ba82d77d2be,"{'energy_kcal': 45, 'protein_g': 0.8, 'carbohydrates_g': 5.4, 'of_which_sugars_g': 2.2, 'fat_g': 2.1, 'of_which_saturated_fat_g': 0.8, 'dietary_fiber_g': 0.5, 'sodium_mg': 0.256}",,4,Soupe avec de la courgette aromatisée.,enriched,['openfoodfacts'],Instant Foods & Noodles,Knorr,France,openfoodfacts,,https://images.openfoodfacts.org/images/products/871/256/621/3757/nutrition_fr.63.400.jpg,https://images.openfoodfacts.org/images/products/871/256/621/3757/front_fr.50.400.jpg,"['Eau', 'courgette¹ : 26%', 'oignon¹ : 5', '3%', 'pomme de terre¹ : 4', '2%', 'CRÈME fraîche : 2', '5%', 'amidon modifié de maïs', 'sucre', 'arômes', 'huile de tournesol', 'épinard¹', 'fromage fondu : 0', '5%', 'sel)', 'sel', ""huile d'olive vierge extra"", 'FROMAGE de chèvre frais : 0', '3%', 'lactosérum', 'LAIT en poudre écrémé', 'poivre. Peut contenir : autres céréales contenant du gluten', 'céleri', 'moutarde', 'œuf', ""soja. ¹Légumes issus de l'agriculture durable. 36% de légumes¹ .""]"
https://world.openfoodfacts.org/product/8717163793633,Plant Based Foods,"Avant ouverture, conserver à température ambiante. Après ouverture, conserver au frais et consommer dans les 48 h.",8717163793633,450 ml,"Knorr Soupe Liquide Patate Douce, Carottes et Fromage 45cl",['Milk'],a,13d1f35c3cf2,"{'energy_kcal': None, 'protein_g': None, 'carbohydrates_g': None, 'of_which_sugars_g': None, 'fat_g': None, 'of_which_saturated_fat_g': None, 'dietary_fiber_g': None, 'sodium_mg': None}",,3,Soupe.,enriched,['openfoodfacts'],Instant Foods & Noodles,Knorr,,openfoodfacts,,,https://images.openfoodfacts.org/images/products/871/716/379/3633/front_fr.111.400.jpg,"[""Voici les ingrédients présents dans notre jolie bouteille : de l'eau"", 'de la patate douce¹', 'de la carotte¹', ""de l'oignon¹"", 'du FROMAGE frais', 'une petite noisette de BEURRE', ""de l'amidon de maïs"", 'une pointe de sel', ""une pincée d'épice et d'aromates"", ""le tout rehaussé de curry . ¹Légumes issus de l'agriculture durable. 50% de légumes¹ .""]"
https://world.openfoodfacts.org/product/8720182402097,Plant Based Foods,"Le mode de préparation et d'emballage de cette soupe sont la garantie de sa conservation. Avant ouverture, conserver à température ambiante. Après ouverture, conserver au frais et consommer dans les 48 h.",8720182402097,1000 ml,Knorr Soupe Liquide Velouté de Légumes Français 1L,['Celery'],c,67244438ae74,"{'energy_kcal': 25, 'protein_g': 0.8, 'carbohydrates_g': 4.7, 'of_which_sugars_g': 1.5, 'fat_g': 0.5, 'of_which_saturated_fat_g': 0.1, 'dietary_fiber_g': 1.2, 'sodium_mg': 0.26}",,3,Soupe.,enriched,['openfoodfacts'],Instant Foods & Noodles,Knorr,France,openfoodfacts,https://images.openfoodfacts.org/images/products/872/018/240/2097/ingredients_fr.7.400.jpg,https://images.openfoodfacts.org/images/products/872/018/240/2097/nutrition_fr.15.400.jpg,https://images.openfoodfacts.org/images/products/872/018/240/2097/front_fr.34.400.jpg,"['Eau', 'carotte¹ : 16%', 'pomme de terre¹ : 12%', 'potiron¹ : 6%', 'CÉLERI-RAVE¹ : 5%', 'oignon¹ : 4%', 'poireau¹ : 4%', 'petit pois¹ : 2%', 'amidon de maïs', 'sel', 'racine de livèche. Peut contenir : céréales contenant du gluten', 'lait', 'moutarde', 'œuf', ""soja. ¹Légumes issus de l'agriculture durable. 49% de légumes¹ .""]"
https://world.openfoodfacts.org/product/3274935203028,Plant Based Foods,,3274935203028,1 l,Velouté Patate Douce & Chèvre et Miel,[],,4a81d86749db,{},,,,not_found,['openfoodfacts'],Instant Foods & Noodles,Knorr,,openfoodfacts,,,https://images.openfoodfacts.org/images/products/327/493/520/3028/front_en.3.400.jpg,[]
https://world.openfoodfacts.org/product/8714100742877,Plant Based Foods,"Le mode de préparation et d'emballage de cette soupe sont la garantie de sa conservation. Avant ouverture, conserver à température ambiante. Après ouverture, conserver au frais et consommer dans les 48 h.",8714100742877,1 L,Knorr Soupe Liquide Bio Mouliné de Potiron Carottes 1L,['Milk'],b,28ead8ffb317,"{'energy_kcal': 26, 'protein_g': 0.5, 'carbohydrates_g': 3.9, 'of_which_sugars_g': 1.8, 'fat_g': 0.8, 'of_which_saturated_fat_g': 0.5, 'dietary_fiber_g': 0.7, 'sodium_mg': 0.24}","Alsace, France",,Soupe.,enriched,['openfoodfacts'],Instant Foods & Noodles,Knorr,France,openfoodfacts,https://images.openfoodfacts.org/images/products/871/410/074/2877/ingredients_fr.49.400.jpg,https://images.openfoodfacts.org/images/products/871/410/074/2877/nutrition_fr.44.400.jpg,https://images.openfoodfacts.org/images/products/871/410/074/2877/front_fr.70.400.jpg,"['Eau', 'potiron1', '2 : 25%', 'carotte1', '2 : 13%', 'oignon1', '2', 'pomme de terre1', '2', 'amidon de maïs1', 'CRÈME fraîche1', 'sucre de canne1', 'tomate1', '2', 'sel', 'BEURRE1', 'extrait de levure. Peut contenir : céleri', 'céréales contenant du gluten', 'moutarde', 'œuf', ""soja. 1Ingrédients issus de l'Agriculture Biologique. 2Légumes issus de l'Agriculture Durable. 45"", '3% de légumes1', '2 .']"
https://world.openfoodfacts.org/product/3011360006042,Dried Products,,3011360006042,97 g,Knorr Soupe Déshydratée Paysanne Légumes & Lard 4 Portions,[],,af85ce14bdba,{},,,,not_found,['openfoodfacts'],Ready-to-Eat,Knorr,,openfoodfacts,,,https://images.openfoodfacts.org/images/products/301/136/000/6042/front_fr.86.400.jpg,[]
https://world.openfoodfacts.org/product/8710908948282,Plant Based Foods,"Le mode de préparation et d'emballage de cette soupe sont la garantie de sa conservation. Avant ouverture, conserver à température ambiante. Après ouverture, conserver au frais et consommer dans les 48 h.",8710908948282,1000 ml,KNORR Soupe Liquide Velouté de 12 Légumes Fromage Frais 1L,"['Celery', 'Milk']",c,9f3a5984a633,"{'energy_kcal': 44, 'protein_g': 1.2, 'carbohydrates_g': 6.7, 'of_which_sugars_g': 3.2, 'fat_g': 1.2, 'of_which_saturated_fat_g': 0.3, 'dietary_fiber_g': 0.9, 'sodium_mg': 0.26}",,4,Soupe.,enriched,['openfoodfacts'],Instant Foods & Noodles,Knorr,France,openfoodfacts,https://images.openfoodfacts.org/images/products/871/090/894/8282/ingredients_fr.30.400.jpg,https://images.openfoodfacts.org/images/products/871/090/894/8282/nutrition_fr.48.400.jpg,https://images.openfoodfacts.org/images/products/871/090/894/8282/front_fr.126.400.jpg,"['water', 'carrot¹: 8.9%', 'potato¹: 6.9%', 'tomato¹: 6.6%', 'squash¹: 4.8%', 'fresh cheese: 2.9%', 'onion¹: 2.8%', 'celery root¹: 2.1%', 'pea¹: 2.1%', 'green bean¹: 2.1%', 'leek¹: 2%', 'modified corn starch', 'sugar', 'parsnips¹: 1.1%', 'zucchini¹: 1.1%', 'turnip¹: 1.1%', 'sunflower oil', 'flavourings', 'salt', 'whey', 'skim milk powder', 'garlic', 'may contain: cereals containing gluten', 'mustard', 'egg', 'soy', '¹vegetables from sustainable agriculture', '41.6% vegetables¹']"
https://world.openfoodfacts.org/product/8712566479528,Soups,,8712566479528,112 g,intense rich beef,[],,02ac3ad10a92,{},,,,not_found,['openfoodfacts'],Ready-to-Eat,Knorr,,openfoodfacts,,,https://images.openfoodfacts.org/images/products/871/256/647/9528/front_en.19.400.jpg,[]
https://world.openfoodfacts.org/product/8720182646903,Soups,,8720182646903,"0,3 l",Moulinet de légumes verts,"['Celery', 'Milk']",c,b3a3b859a614,"{'energy_kcal': 28, 'protein_g': 1.1, 'carbohydrates_g': 4.9, 'of_which_sugars_g': 1.4, 'fat_g': 0.5, 'of_which_saturated_fat_g': 0.1, 'dietary_fiber_g': 1.1, 'sodium_mg': 0.268}",,4,,enriched,['openfoodfacts'],Ready-to-Eat,Knorr,France,openfoodfacts,,https://images.openfoodfacts.org/images/products/872/018/264/6903/nutrition_fr.14.400.jpg,https://images.openfoodfacts.org/images/products/872/018/264/6903/front_fr.9.400.jpg,"['Eau', 'pomme de terre : 16%', 'céleri-rave : 6', '7%', 'oignon : 5', '5%', 'haricot vert : 4', '7%', 'brocoli : 4', '3%', 'poireau : 3', '9%', 'épinard : 2', '4%', 'cresson : 2%', 'carotte : 1', '5%', 'amidon de maïs', 'sel', 'sucre de canne', 'aromates', 'arôme naturel', 'oseille : 0', '1%', 'crème fraîche.']"
https://world.openfoodfacts.org/product/8712100567360,Plant Based Foods,,8712100567360,1000 ml,Knorr Soupe Liquide Légumes du Pot-au-Feu 1L,[],,329edf644249,{},,,,not_found,['openfoodfacts'],Instant Foods & Noodles,Knorr,,openfoodfacts,,,https://images.openfoodfacts.org/images/products/871/210/056/7360/front_fr.49.400.jpg,[]
https://world.openfoodfacts.org/product/8710522718636,Plant Based Foods,"Avant ouverture, conserver à température ambiante. Après ouverture, conserver au frais et consommer dans les 48 h.",8710522718636,450 ml,Knorr Soupe Liquide Carottes Jaunes et Lait de Coco 450ml,[],a,6e7e5a25b03e,"{'energy_kcal': None, 'protein_g': None, 'carbohydrates_g': None, 'of_which_sugars_g': None, 'fat_g': None, 'of_which_saturated_fat_g': None, 'dietary_fiber_g': None, 'sodium_mg': None}",,3,Soupe,enriched,['openfoodfacts'],Instant Foods & Noodles,Knorr,France,openfoodfacts,https://images.openfoodfacts.org/images/products/871/052/271/8636/ingredients_fr.38.400.jpg,https://images.openfoodfacts.org/images/products/871/052/271/8636/nutrition_fr.39.400.jpg,https://images.openfoodfacts.org/images/products/871/052/271/8636/front_en.59.400.jpg,"['water', 'yellow carrot 22%', 'carrot 18%', 'potato', 'coconut milk 5%', 'onion', 'rice starch', 'salt', 'spices and aromas', 'curry']"
https://world.openfoodfacts.org/product/8722700268741,Soups,,8722700268741,,Beef stock pot,[],,3788bcb89140,{},,,,not_found,['openfoodfacts'],Ready-to-Eat,Knorr,,openfoodfacts,,,https://images.openfoodfacts.org/images/products/872/270/026/8741/front_en.9.400.jpg,[]
https://world.openfoodfacts.org/product/8720182394422,Plant Based Foods,"Le mode de préparation et d'emballage de cette soupe sont la garantie de sa conservation. Avant ouverture, conserver à température ambiante. Après ouverture, conserver au frais et consommer dans les 48 h.",8720182394422,600 ml,Mouliné de légumes français,['Celery'],c,e415685a1041,"{'energy_kcal': 29, 'protein_g': 0.8, 'carbohydrates_g': 5.6, 'of_which_sugars_g': 1.4, 'fat_g': 0.5, 'of_which_saturated_fat_g': 0.1, 'dietary_fiber_g': 1.1, 'sodium_mg': 0.26}",,3,Soupe.,enriched,['openfoodfacts'],Instant Foods & Noodles,Knorr,France,openfoodfacts,,https://images.openfoodfacts.org/images/products/872/018/239/4422/nutrition_fr.61.400.jpg,https://images.openfoodfacts.org/images/products/872/018/239/4422/front_fr.36.400.jpg,"['Eau', 'pomme de terre¹ : 15%', 'carotte¹ : 15%', 'poireau¹ : 6%', 'CÉLERI-RAVE¹ : 5%', 'oignon¹ : 4%', 'potiron¹ : 4%', 'amidon de maïs', 'sel', 'aromates . Peut contenir : céréales contenant du gluten', 'lait', 'moutarde', 'œuf', ""soja. ¹Légumes issus de l'agriculture durable. 49% de légumes¹ .""]"
https://world.openfoodfacts.org/product/3011360020086,Plant Based Foods,,3011360020086,67 g,Knorr Soupe Déshydratée Tomates aux Vermicelles 4 Portions,[],,1e37ff69b80c,{},,,,not_found,['openfoodfacts'],Instant Foods & Noodles,Knorr,,openfoodfacts,,,https://images.openfoodfacts.org/images/products/301/136/002/0086/front_fr.114.400.jpg,[]
https://world.openfoodfacts.org/product/8712566332090,Dried Products,,8712566332090,1l,Buchstaben Suppe,"['Celery', 'Gluten', 'Soybeans', 'De:Hartweizengriessteigwaren', 'De:Soja   Bohnen']",unknown,cb88f11bb55a,"{'energy_kcal': 39, 'protein_g': 1.5, 'carbohydrates_g': 6.9, 'of_which_sugars_g': 0.5, 'fat_g': 0.5, 'of_which_saturated_fat_g': 0.2, 'dietary_fiber_g': 0.5, 'sodium_mg': 0.336}",,4,,enriched,['openfoodfacts'],Ready-to-Eat,Knorr,"France, Germany",openfoodfacts,https://images.openfoodfacts.org/images/products/871/256/633/2090/ingredients_en.109.400.jpg,https://images.openfoodfacts.org/images/products/871/256/633/2090/nutrition_en.111.400.jpg,https://images.openfoodfacts.org/images/products/871/256/633/2090/front_en.125.400.jpg,"['79% _HARTWEIZENGRIESSTEIGWAREN_', 'Speisesalz', 'Stärke', 'Hefeextrakt', 'Palmöl', 'Kochsalzersatz', 'Speisesalz', '0', '5% Zwiebeln', 'Zucker', '0', '2% Karotten', 'Maltodextrin', 'Palmöl', 'Gewürze', 'Petersilie', 'Fruktose', 'Sojasauce', 'Aromen', 'Gemüsesaftkonzentrat', 'Karamellzuckersirup', 'Sonnenblumenöl.']"
https://world.openfoodfacts.org/product/8714100666838,Plant Based Foods,,8714100666838,61 g,Nudle ser w ziołach,[],,d58a029cad40,{},,,,not_found,['openfoodfacts'],Instant Foods & Noodles,Knorr,,openfoodfacts,,,https://images.openfoodfacts.org/images/products/871/410/066/6838/front_en.31.400.jpg,[]
https://world.openfoodfacts.org/product/8717163905081,Plant Based Foods,,8717163905081,,Crema vichyssoise puerro y patata envase 500 ml,[],c,8abe7198063f,"{'energy_kcal': 54, 'protein_g': 0.7, 'carbohydrates_g': 6.5, 'of_which_sugars_g': 1, 'fat_g': 2.6, 'of_which_saturated_fat_g': 1.6, 'dietary_fiber_g': None, 'sodium_mg': 0.188}",,,,enriched,['openfoodfacts'],Instant Foods & Noodles,Knorr,España,openfoodfacts,,https://images.openfoodfacts.org/images/products/871/716/390/5081/nutrition_es.5.400.jpg,https://images.openfoodfacts.org/images/products/871/716/390/5081/front_es.3.400.jpg,[]
https://world.openfoodfacts.org/product/3274935020403,Soups,,3274935020403,2 x 30 cl,Velouté Potiron & Fourme d'Ambert AOP,[],unknown,b2e6fdd98332,"{'energy_kcal': None, 'protein_g': None, 'carbohydrates_g': None, 'of_which_sugars_g': None, 'fat_g': None, 'of_which_saturated_fat_g': None, 'dietary_fiber_g': None, 'sodium_mg': None}",,,,enriched,['openfoodfacts'],Ready-to-Eat,Knorr,,openfoodfacts,,,https://images.openfoodfacts.org/images/products/327/493/502/0403/front_en.3.400.jpg,[]
https://world.openfoodfacts.org/product/8711200339907,Plant Based Foods,,8711200339907,500ml,Tomatensuppe Toscana,"['Celery', 'Gluten', 'Milk']",unknown,5f113d073558,"{'energy_kcal': 45, 'protein_g': 0.9, 'carbohydrates_g': 6.6, 'of_which_sugars_g': 3.3, 'fat_g': 1.5, 'of_which_saturated_fat_g': 1, 'dietary_fiber_g': 0.8, 'sodium_mg': 0.304}",,4,Tomatensuppe,enriched,['openfoodfacts'],Instant Foods & Noodles,Knorr,Deutschland,openfoodfacts,https://images.openfoodfacts.org/images/products/871/120/033/9907/ingredients_de.7.400.jpg,https://images.openfoodfacts.org/images/products/871/120/033/9907/nutrition_de.34.400.jpg,https://images.openfoodfacts.org/images/products/871/120/033/9907/front_de.43.400.jpg,"['Tomatenpulver 36%', 'Stärke', 'Palmöl', '_Weizenmehl_', 'Zucker', 'jodiertes Speisesalz', 'geröstete Zwiebeln 2', '5%', '_Molkenerzeugnis_', 'Maltodextrin', 'Kochsalzersatz', '_Milchzucker_', 'Speisesalz', 'Rote-Beete-Pulver', 'Kräuter', '_Sellerie_', 'Knoblauch', 'Petersilienwurzel', 'Aromen', 'Hefeextrakt']"
https://world.openfoodfacts.org/product/8712566479726,Soups,,8712566479726,224 g,Slow cooked Beef,[],unknown,556e4d2a2b1c,"{'energy_kcal': None, 'protein_g': None, 'carbohydrates_g': None, 'of_which_sugars_g': None, 'fat_g': None, 'of_which_saturated_fat_g': None, 'dietary_fiber_g': None, 'sodium_mg': None}",,,,enriched,['openfoodfacts'],Ready-to-Eat,Knorr,,openfoodfacts,,,https://images.openfoodfacts.org/images/products/871/256/647/9726/front_en.27.400.jpg,['KO KPOTS BEEF mary & onion 25 GLUTEN FREE x4']
https://world.openfoodfacts.org/product/8712566479405,Dried Products,,8712566479405,112 g,Fish Stock Pot 4 x,['Fish'],unknown,a8998844820c,"{'energy_kcal': 75, 'protein_g': 3.6, 'carbohydrates_g': 9, 'of_which_sugars_g': 2.7, 'fat_g': 2.3, 'of_which_saturated_fat_g': 1.4, 'dietary_fiber_g': 1.7, 'sodium_mg': 6.04}",,4,,enriched,['openfoodfacts'],Ready-to-Eat,Knorr,"France, United Kingdom",openfoodfacts,https://images.openfoodfacts.org/images/products/871/256/647/9405/ingredients_en.29.400.jpg,https://images.openfoodfacts.org/images/products/871/256/647/9405/nutrition_en.22.400.jpg,https://images.openfoodfacts.org/images/products/871/256/647/9405/front_en.20.400.jpg,"['Concentrated FISH stock  )', 'salt', 'onion powder', 'leek', 'am fat', 'potassium chloride', 'garlic powder', 'yeast extract', 'surar', 'tomato powder', 'spices lovage root', 'pepper)', 'flavourings', 'geling agents', 'sunflower oil', 'bay leaves']"
https://world.openfoodfacts.org/product/8720182468239,Plant Based Foods,"Le mode de préparation et d'emballage de cette soupe sont la garantie de sa conservation. Avant ouverture, conserver à température ambiante. Après ouverture, conserver au frais et consommer dans les 48 h.",8720182468239,1000 ml,Mouline légumes variés,"['Celery', 'Milk']",c,68fd5716fbb6,"{'energy_kcal': 27, 'protein_g': 0.9, 'carbohydrates_g': 4.2, 'of_which_sugars_g': 1, 'fat_g': 0.5, 'of_which_saturated_fat_g': 0.3, 'dietary_fiber_g': 1, 'sodium_mg': 0.248}",,4,Soupe.,enriched,['openfoodfacts'],Instant Foods & Noodles,Knorr,,openfoodfacts,,,https://images.openfoodfacts.org/images/products/872/018/246/8239/front_fr.8.400.jpg,"['Eau', 'pomme de terre1', '2 : 16%', 'carotte1', '2 : 12%', 'CÉLERI-RAVE1', '2 : 8', '8%', 'oignon1', '2 : 2', '9%', 'haricot vert1', '2 : 2', '8%', 'brocoli1', '2 : 2', '7%', 'poireau1', '2 : 2', '6%', 'CRÈME fraîche1', 'amidon de maïs1', 'sel', 'arôme naturel de livèche. Peut contenir : céréales contenant du gluten', 'moutarde', 'œuf', ""soja. 1Ingrédients issus de l'Agriculture Biologique. 2Légumes issus de l'Agriculture Durable. 47"", '8% de légumes1', '2 .']"
https://world.openfoodfacts.org/product/8712566332137,Plant Based Foods,,8712566332137,750 ml,Hühnersuppe mit vielen Nudeln,"['Celery', 'Gluten']",unknown,938eb58476b2,"{'energy_kcal': 31, 'protein_g': 1.2, 'carbohydrates_g': 5.9, 'of_which_sugars_g': 0.32, 'fat_g': 0.1, 'of_which_saturated_fat_g': 0, 'dietary_fiber_g': 0.2, 'sodium_mg': 0.3}",,4,,enriched,['openfoodfacts'],Instant Foods & Noodles,Knorr,"Frankreich, Deutschland",openfoodfacts,https://images.openfoodfacts.org/images/products/871/256/633/2137/ingredients_de.72.400.jpg,https://images.openfoodfacts.org/images/products/871/256/633/2137/nutrition_de.77.400.jpg,https://images.openfoodfacts.org/images/products/871/256/633/2137/front_de.75.400.jpg,"['80% Nudeln', 'jodiertes Speisesalz', 'Hefeextrakt', 'Aromen', 'Kaliumchlorid', 'Speisesalz', 'Stärke', '0', '5% Hühnerfett', '_KNOLLENSELLERIE_', '0', '3% Lauch', '0', '3% Petersilie', '0', '2% Karotten', 'Tomaten', 'Zwiebeln', 'Kurkuma', 'Rosmarin', 'Antioxidationsmittel .']"
https://world.openfoodfacts.org/product/8711200350353,Plant Based Foods,,8711200350353,450 ml,Knorr Comme à La Maison Soupe Liquide Courgette Ricotta Parmesan 45cl,[],,c6c2855a7f0c,{},,,,not_found,['openfoodfacts'],Instant Foods & Noodles,Knorr,,openfoodfacts,,,https://images.openfoodfacts.org/images/products/871/120/035/0353/front_en.52.400.jpg,[]
https://world.openfoodfacts.org/product/8712100868306,,,8712100868306,,Cheese Soup,[],unknown,0be18b91db87,"{'energy_kcal': 48, 'protein_g': 1.15, 'carbohydrates_g': 5.5, 'of_which_sugars_g': 1.3, 'fat_g': 2.35, 'of_which_saturated_fat_g': 1.5, 'dietary_fiber_g': 0.25, 'sodium_mg': None}",,,,enriched,['openfoodfacts'],Instant Foods & Noodles,Knorr,"France, Pologne",openfoodfacts,https://images.openfoodfacts.org/images/products/871/210/086/8306/ingredients_fr.9.400.jpg,,https://images.openfoodfacts.org/images/products/871/210/086/8306/front_fr.7.400.jpg,[]
https://world.openfoodfacts.org/product/8720182474063,Plant Based Foods,,8720182474063,1000 ml,Knorr Soupe Liquide Douceur de Légumes du Soleil 1L,[],,1972f84c0ee6,{},,,,not_found,['openfoodfacts'],Instant Foods & Noodles,Knorr,,openfoodfacts,,,https://images.openfoodfacts.org/images/products/872/018/247/4063/front_fr.44.400.jpg,[]
https://world.openfoodfacts.org/product/8714100776742,Plant Based Foods,,8714100776742,,Minestrone,['Celery'],c,bcff59ecd9b8,"{'energy_kcal': 43, 'protein_g': 1.1, 'carbohydrates_g': 5.6, 'of_which_sugars_g': 1.4, 'fat_g': 1.5, 'of_which_saturated_fat_g': 0.2, 'dietary_fiber_g': 1.3, 'sodium_mg': 0.324}",,3,,enriched,['openfoodfacts'],Instant Foods & Noodles,Knorr,Italia,openfoodfacts,https://images.openfoodfacts.org/images/products/871/410/077/6742/ingredients_it.16.400.jpg,https://images.openfoodfacts.org/images/products/871/410/077/6742/nutrition_it.8.400.jpg,https://images.openfoodfacts.org/images/products/871/410/077/6742/front_it.12.400.jpg,"['Verdure 55%', 'acqua', 'fecola di patata', ""olio extravergine d'oliva"", 'sale.']"
https://world.openfoodfacts.org/product/8717163885758,Soups,,8717163885758,545g,Minestrone legumi,"['Celery', 'Eggs', 'Gluten', 'Milk', 'Mustard']",b,b5871889b6ac,"{'energy_kcal': 70, 'protein_g': 4, 'carbohydrates_g': 9.7, 'of_which_sugars_g': 1.7, 'fat_g': 1.4, 'of_which_saturated_fat_g': 0.2, 'dietary_fiber_g': 3, 'sodium_mg': 0.272}",,4,,enriched,['openfoodfacts'],Ready-to-Eat,Knorr,,openfoodfacts,,,https://images.openfoodfacts.org/images/products/871/716/388/5758/front_it.13.400.jpg,"['Acqua', 'legumi 21', '1%', 'carote 3', '5%', 'pomodori', 'cipolle', 'patate 2%', 'SEDANO 1', '5%', 'amido di patata', 'olio extra vergine di oliva', 'purea di pomodoro', 'sale', 'basilico', 'estratto di lievito', 'aglio', 'zucchero', 'fruttosio', 'maltodestrine', 'aromi', 'aceto', 'estratto di vino bianco. Può contenere cereali contenenti glutine', 'latte', 'senape', 'soia e uova.']"
https://world.openfoodfacts.org/product/8717163885796,Plant Based Foods,,8717163885796,545,Zuppa di fagioli,[],b,699c41e15448,"{'energy_kcal': 84, 'protein_g': 5.4, 'carbohydrates_g': 11, 'of_which_sugars_g': 0.8, 'fat_g': 1.4, 'of_which_saturated_fat_g': 0.3, 'dietary_fiber_g': 3.5, 'sodium_mg': 0.32}",,,,enriched,['openfoodfacts'],Instant Foods & Noodles,Knorr,Italia,openfoodfacts,https://images.openfoodfacts.org/images/products/871/716/388/5796/ingredients_it.13.400.jpg,https://images.openfoodfacts.org/images/products/871/716/388/5796/nutrition_it.8.400.jpg,https://images.openfoodfacts.org/images/products/871/716/388/5796/front_it.3.400.jpg,[]
https://world.openfoodfacts.org/product/8712566332175,Plant Based Foods,,8712566332175,750ml,Suppenliebe Frühlingssuppe mit Gemüse,[],,44477fbd33c2,{},,,,not_found,['openfoodfacts'],Instant Foods & Noodles,Knorr,,openfoodfacts,,,https://images.openfoodfacts.org/images/products/871/256/633/2175/front_en.82.400.jpg,[]
https://world.openfoodfacts.org/product/0055220060013,Dried Products,,0055220060013,40g,vegetable soup mix,"['Gluten', 'Soybeans', 'Sulphur Dioxide And Sulphites']",unknown,8ea131607da9,"{'energy_kcal': 300, 'protein_g': 10, 'carbohydrates_g': 60, 'of_which_sugars_g': 20, 'fat_g': 0, 'of_which_saturated_fat_g': 0, 'dietary_fiber_g': 1, 'sodium_mg': 2.4}",,4,,enriched,['openfoodfacts'],Ready-to-Eat,Knorr,"Canada, France, Germany",openfoodfacts,https://images.openfoodfacts.org/images/products/005/522/006/0013/ingredients_fr.19.400.jpg,https://images.openfoodfacts.org/images/products/005/522/006/0013/nutrition_fr.10.400.jpg,https://images.openfoodfacts.org/images/products/005/522/006/0013/front_en.24.400.jpg,"['LEGUMES SECHES', 'EXTRAIT DE LEVURE', 'AROME', 'SUCRE', 'GUANYLATE DISODIQUE', 'INOSINATE DISODIQUE', 'CHLORURE DE POTASSIUM', 'COLORANT', 'DIOXYDE DE SILICUM', 'EPICE CONTIENT:SOJA', 'SULFITES', 'BLÉ.']"
https://world.openfoodfacts.org/product/8720182647061,Meals,,8720182647061,,Douceur italienne,[],,3fb02fc8c69d,{},,,,not_found,['openfoodfacts'],Sauces & Condiments,Knorr,,openfoodfacts,,,https://images.openfoodfacts.org/images/products/872/018/264/7061/front_en.5.400.jpg,[]
https://world.openfoodfacts.org/product/3274935203042,Soups,,3274935203042,1 L,Velouté potiron & fourme d'Ambert,['Milk'],c,b092ef6a9e41,"{'energy_kcal': None, 'protein_g': None, 'carbohydrates_g': None, 'of_which_sugars_g': None, 'fat_g': None, 'of_which_saturated_fat_g': None, 'dietary_fiber_g': None, 'sodium_mg': None}",,3,,enriched,['openfoodfacts'],Ready-to-Eat,Knorr,France,openfoodfacts,https://images.openfoodfacts.org/images/products/327/493/520/3042/ingredients_en.13.400.jpg,https://images.openfoodfacts.org/images/products/327/493/520/3042/nutrition_en.5.400.jpg,https://images.openfoodfacts.org/images/products/327/493/520/3042/front_en.3.400.jpg,"[""La Knorr & Potagere 100% LÉGUMES FRANCE LA RECETTE GOURMANDE DE CETTE SOUPE DU FROMAGER VELOUTÉ DE LÉGUMES ET FOURME D'AMBERT"", 'POTAGE PRÊT À CONSOMMER. INGRÉDIENTS : Eau', 'légumes 45%', ""Fourme d'Ambert AOP* 4%"", 'crème', 'amidon de maïs', 'sel', 'poivre. &quot', ""Appellation d'Origine Protégée. Peut contenir des traces éventuelles de céleri. VALEURS NUTRITIONNELLES 100 ml 1 portion 250 ml MOYENNES POUR : Energie 160 kJ (""]"
https://world.openfoodfacts.org/product/8714100263853,Plant Based Foods,,8714100263853,3 x 16g,Knorr Quick Soup Golden Vegetable,"['Celery', 'Milk']",unknown,80f69912642d,"{'energy_kcal': None, 'protein_g': None, 'carbohydrates_g': None, 'of_which_sugars_g': None, 'fat_g': None, 'of_which_saturated_fat_g': None, 'dietary_fiber_g': None, 'sodium_mg': None}",,,,enriched,['openfoodfacts'],Instant Foods & Noodles,Knorr,,openfoodfacts,,,https://images.openfoodfacts.org/images/products/871/410/026/3853/front_en.10.400.jpg,"['Potato starch', 'maltodextrin', 'potatoes', 'palm fat', 'salt', 'yeast extract', 'glucose syrup', 'tomato puree powder', 'leek', 'carrots', 'pumpkin powder', 'onion powder', 'CELERIAC powder', 'sugar', 'spices', 'CREAM powder', 'green beans', 'MILK proteins', 'vegetable juice concentrates', 'parsley. May contain gluten', 'egg and mustard.']"
https://world.openfoodfacts.org/product/8712100867620,Dried Products,,8712100867620,19 g,Rosół z kury z makaronem,['Gluten'],c,4420411fd75c,"{'energy_kcal': None, 'protein_g': None, 'carbohydrates_g': None, 'of_which_sugars_g': None, 'fat_g': None, 'of_which_saturated_fat_g': None, 'dietary_fiber_g': None, 'sodium_mg': None}",,4,,enriched,['openfoodfacts'],Ready-to-Eat,Knorr,"Germany, Poland",openfoodfacts,https://images.openfoodfacts.org/images/products/871/210/086/7620/ingredients_fr.9.400.jpg,https://images.openfoodfacts.org/images/products/871/210/086/7620/nutrition_fr.12.400.jpg,https://images.openfoodfacts.org/images/products/871/210/086/7620/front_en.35.400.jpg,"['pasta', 'glucose syrup', 'salt', 'starch', 'sugar', 'yeast extract', 'flavourings', 'palm fat', 'carrots', 'chicken fat', 'turmeric', 'pepper', 'parsley root', 'onion', 'parsley', 'chicken meat', 'leek', 'antioxidant: rosemary extracts']"
https://world.openfoodfacts.org/product/0055220060129,Plant Based Foods,,0055220060129,,Oinion soup,[],,18855b01d1e5,{},,,,not_found,['openfoodfacts'],Instant Foods & Noodles,Knorr,,openfoodfacts,,,https://images.openfoodfacts.org/images/products/005/522/006/0129/front_fr.14.400.jpg,[]
https://world.openfoodfacts.org/product/8714100263969,,,8714100263969,,Quick soup mushroom,[],unknown,8dbc6b4f3f06,"{'energy_kcal': 36, 'protein_g': 0.5, 'carbohydrates_g': 5.1, 'of_which_sugars_g': 0.5, 'fat_g': 1.5, 'of_which_saturated_fat_g': 0.9, 'dietary_fiber_g': None, 'sodium_mg': 0.392}",,,,enriched,['openfoodfacts'],Instant Foods & Noodles,Knorr,France,openfoodfacts,https://images.openfoodfacts.org/images/products/871/410/026/3969/ingredients_fr.7.400.jpg,,https://images.openfoodfacts.org/images/products/871/410/026/3969/front_fr.4.400.jpg,[]
https://world.openfoodfacts.org/product/7310390001390,Plant Based Foods,,7310390001390,350g,Soldatens Ärtsoppa,[],,bf9c0e95de95,{},,,,not_found,['openfoodfacts'],Instant Foods & Noodles,Knorr,,openfoodfacts,,,https://images.openfoodfacts.org/images/products/731/039/000/1390/front_sv.14.400.jpg,[]
https://world.openfoodfacts.org/product/8710522627471,Plant Based Foods,,8710522627471,,Noodles,"['Gluten', 'Soybeans']",unknown,0c6d1b7a4877,"{'energy_kcal': 84.6, 'protein_g': 1.77, 'carbohydrates_g': 10.3, 'of_which_sugars_g': 1.06, 'fat_g': 4, 'of_which_saturated_fat_g': 0.49, 'dietary_fiber_g': 0.63, 'sodium_mg': 0.26}",,4,,enriched,['openfoodfacts'],Instant Foods & Noodles,Knorr,"Belgien, Deutschland",openfoodfacts,https://images.openfoodfacts.org/images/products/871/052/262/7471/ingredients_de.35.400.jpg,https://images.openfoodfacts.org/images/products/871/052/262/7471/nutrition_de.37.400.jpg,https://images.openfoodfacts.org/images/products/871/052/262/7471/front_de.43.400.jpg,"['85% asian-style noodles', 'palm oil', 'table salt', 'modified starch', 'sugar', 'turmeric extract)', 'starch', 'sugar', 'flavour enhancers', 'flavourings )', 'palm oil', 'potassium mineral salt', 'garlic', 'black pepper', 'turmeric', 'cayenne pepper', ""laudch'"", 'sweet corn', 'carrots', 'roasted onion powder', 'roasted onion juice concentrate tichelcaft sunflower oil)', ""parsley'"", 'iodized table salt', 'table salt', 'acidifier', 'yeast extract', 'soy sauce powder', 'may contain traces of milk', 'egg', 'sellenie and sent', ""'from sustainable farming"", 'info at: www.morch snack de pâtes instantanée au goût de poulet', 'ingrédients: 85% nouilles à la style asiatique (farine de blé enrichi (farine de blié cabonate de']"
https://world.openfoodfacts.org/product/8712100868054,Dried Products,,8712100868054,,Zupa Borowikowa z grzankami,[],,b134ad5a8700,{},,,,not_found,['openfoodfacts'],Ready-to-Eat,Knorr,,openfoodfacts,,,https://images.openfoodfacts.org/images/products/871/210/086/8054/front_pl.15.400.jpg,[]
https://world.openfoodfacts.org/product/8901595972548,Noodle Seasoning,,8901595972548,"5, 100g",Chowmein hakka noodles masala,"['Gluten', 'Soybeans']",d,276b7d2ddd7c,"{'energy_kcal': 191, 'protein_g': 7.7, 'carbohydrates_g': 31.8, 'of_which_sugars_g': 12.6, 'fat_g': 3.6, 'of_which_saturated_fat_g': 0.6, 'dietary_fiber_g': 6.2, 'sodium_mg': 1.1}",,4,,enriched,['openfoodfacts'],Sauces & Condiments,Ching's Secret,India,openfoodfacts,https://images.openfoodfacts.org/images/products/890/159/597/2548/ingredients_en.12.400.jpg,https://images.openfoodfacts.org/images/products/890/159/597/2548/nutrition_en.9.400.jpg,https://images.openfoodfacts.org/images/products/890/159/597/2548/front_en.3.400.jpg,"['Iodised Salt', 'Mixed Spices  [Chilli', 'Cumin', 'Coriander] Powder', 'Anticaking Agent', 'Acidity Regulators Sugar', 'Garlic Powder', 'Onion Powder', 'Flavour Enhancer', 'Soy Sauce', 'Sunflower Oil', 'Natural Flavouring Substances.']"
https://world.openfoodfacts.org/product/8901595972234,,,8901595972234,,Chilli Chicken Masala Mix,[],,bcdec5a75670,{},,,,not_found,['openfoodfacts'],Sauces & Condiments,Ching's Secret,,openfoodfacts,,,https://images.openfoodfacts.org/images/products/890/159/597/2234/front_fr.4.400.jpg,[]
https://world.openfoodfacts.org/product/8901595972142,Dried Products,,8901595972142,20g,Veg Manchurian masala,"['Gluten', 'Milk', 'Soybeans']",unknown,e85cdf81b74d,"{'energy_kcal': 288, 'protein_g': 5.7, 'carbohydrates_g': 60.8, 'of_which_sugars_g': 15, 'fat_g': 2.4, 'of_which_saturated_fat_g': 0.4, 'dietary_fiber_g': None, 'sodium_mg': 7.734}",,4,,enriched,['openfoodfacts'],Sauces & Condiments,Ching's Secret,"India, United States",openfoodfacts,https://images.openfoodfacts.org/images/products/890/159/597/2142/ingredients_en.10.400.jpg,https://images.openfoodfacts.org/images/products/890/159/597/2142/nutrition_en.16.400.jpg,https://images.openfoodfacts.org/images/products/890/159/597/2142/front_en.5.400.jpg,"['Corn Flour', 'lodised Salt', 'Dehydrated Garlic', 'Sugar', 'Onion Powder', 'Soy Sauce Powder', 'Mixed Spices  [Ginger', 'Cumin', 'Coriander', 'Chilli', 'Pepper]', 'Natural Colour', 'Flavour Enhancer', 'Sunflower Oil', 'Anticaking Agent', 'Thickening & Stabilizing Agent', 'Acidity Regulator', 'Natural Flavouring Substances. ALLERGEN ADVICE: CONTAINS WHEAT AND SOY. May contain Peanuts', 'Tree Nuts', 'Sesame Seeds', 'Mustard and Milk .']"
https://world.openfoodfacts.org/product/0841905090105,,,0841905090105,560 g,Yippee,[],,1fb24a87e1e2,{},,,,not_found,"['openfoodfacts', 'openfoodfacts', 'openfoodfacts', 'openfoodfacts']",Biscuits & Bakery,Sunfeast,,openfoodfacts,,,https://images.openfoodfacts.org/images/products/084/190/509/0105/front_en.3.400.jpg,[]
https://world.openfoodfacts.org/product/0841905090112,,,0841905090112,,Yippee Magic Masala,[],unknown,cdaa26cad33a,"{'energy_kcal': 457.142857142857, 'protein_g': 8.57142857142857, 'carbohydrates_g': 61.4285714285714, 'of_which_sugars_g': 2.85714285714286, 'fat_g': 20, 'of_which_saturated_fat_g': 10, 'dietary_fiber_g': 4.28571428571429, 'sodium_mg': 1.24285714285714}",,,,enriched,"['openfoodfacts', 'openfoodfacts', 'openfoodfacts']",Biscuits & Bakery,Sunfeast,United States,openfoodfacts,,,,[]
https://world.openfoodfacts.org/product/8901725111663,Plant Based Foods,,8901725111663,65g,Yippee Creamy Corn Pasta,[],unknown,7a5ed6550057,"{'energy_kcal': 382, 'protein_g': 10.3, 'carbohydrates_g': 71.4, 'of_which_sugars_g': 11.4, 'fat_g': 6.7, 'of_which_saturated_fat_g': 4.1, 'dietary_fiber_g': None, 'sodium_mg': None}",,,,enriched,['openfoodfacts'],Biscuits & Bakery,Sunfeast,,openfoodfacts,,,https://images.openfoodfacts.org/images/products/890/172/511/1663/front_en.8.400.jpg,[]
https://world.openfoodfacts.org/product/8901725115654,,,8901725115654,37,Sunfeast yippee 70g,[],unknown,8fed0e077c30,"{'energy_kcal': None, 'protein_g': None, 'carbohydrates_g': None, 'of_which_sugars_g': None, 'fat_g': None, 'of_which_saturated_fat_g': None, 'dietary_fiber_g': None, 'sodium_mg': None}",,,,enriched,['openfoodfacts'],Biscuits & Bakery,Sunfeast,India,openfoodfacts,,,https://images.openfoodfacts.org/images/products/890/172/511/5654/front_en.3.400.jpg,[]
https://world.openfoodfacts.org/product/8901725181673,,,8901725181673,5,Sunfeast yippee 280g,[],,4bde2e04341d,{},,,,not_found,['openfoodfacts'],Biscuits & Bakery,Sunfeast,,openfoodfacts,,,https://images.openfoodfacts.org/images/products/890/172/518/1673/front_en.3.400.jpg,[]
https://world.openfoodfacts.org/product/8901725119201,,,8901725119201,280g,yippee!,[],unknown,b554d083e81d,"{'energy_kcal': 488, 'protein_g': 9.6, 'carbohydrates_g': 62.5, 'of_which_sugars_g': 3.6, 'fat_g': 18.6, 'of_which_saturated_fat_g': 9.6, 'dietary_fiber_g': 0, 'sodium_mg': None}",,,,enriched,['openfoodfacts'],Biscuits & Bakery,Sunfeast,India,openfoodfacts,https://images.openfoodfacts.org/images/products/890/172/511/9201/ingredients_en.10.400.jpg,https://images.openfoodfacts.org/images/products/890/172/511/9201/nutrition_en.12.400.jpg,https://images.openfoodfacts.org/images/products/890/172/511/9201/front_en.8.400.jpg,[]
https://world.openfoodfacts.org/product/8901725111168,,,8901725111168,74.7g,Yippee tricolour pasta,[],,c074c8edd768,{},,,,not_found,['openfoodfacts'],Biscuits & Bakery,Sunfeast,,openfoodfacts,,,https://images.openfoodfacts.org/images/products/890/172/511/1168/front_en.3.400.jpg,[]
https://world.openfoodfacts.org/product/8901052004683,Plant Based Foods And Beverages,,8901052004683,,Tata tea premium,[],unknown,3989a8c47742,"{'energy_kcal': 0, 'protein_g': 0, 'carbohydrates_g': None, 'of_which_sugars_g': 0, 'fat_g': 0, 'of_which_saturated_fat_g': 0, 'dietary_fiber_g': 0, 'sodium_mg': 0}",,1,,enriched,"['openfoodfacts', 'openfoodfacts']",Beverages,Tata,Canada,openfoodfacts,https://images.openfoodfacts.org/images/products/890/105/200/4683/ingredients_en.5.400.jpg,https://images.openfoodfacts.org/images/products/890/105/200/4683/nutrition_en.7.400.jpg,https://images.openfoodfacts.org/images/products/890/105/200/4683/front_en.3.400.jpg,['Black tea']
https://world.openfoodfacts.org/product/0011156059156,,,0011156059156,,"Tata, Premium Tea",[],unknown,f7f597f217ef,"{'energy_kcal': 0, 'protein_g': 0, 'carbohydrates_g': 50, 'of_which_sugars_g': None, 'fat_g': 0, 'of_which_saturated_fat_g': None, 'dietary_fiber_g': None, 'sodium_mg': 0}",,,,enriched,['openfoodfacts'],Other,Tetley Usa  Inc.,,openfoodfacts,,,https://images.openfoodfacts.org/images/products/001/115/605/9156/front_en.5.400.jpg,['Fine black tea']
https://world.openfoodfacts.org/product/8901052010417,Plant Based Foods And Beverages,,8901052010417,,Tata Tea Premium,[],unknown,40931e9b2cec,"{'energy_kcal': None, 'protein_g': None, 'carbohydrates_g': None, 'of_which_sugars_g': None, 'fat_g': None, 'of_which_saturated_fat_g': None, 'dietary_fiber_g': None, 'sodium_mg': None}",,,,enriched,['openfoodfacts'],Beverages,Tata Tea,France,openfoodfacts,,,https://images.openfoodfacts.org/images/products/890/105/201/0417/front_fr.7.400.jpg,[]
https://world.openfoodfacts.org/product/4056489648529,Plant Based Foods And Beverages,,4056489648529,750 g,Red Label Tea Bags,[],,3ebf297e1657,{},,,,not_found,"['openfoodfacts', 'openfoodfacts']",Beverages,Knightsbridge,,openfoodfacts,,,https://images.openfoodfacts.org/images/products/405/648/964/8529/front_en.7.400.jpg,[]
https://world.openfoodfacts.org/product/8901030882579,Plant Based Foods And Beverages,,8901030882579,,Red label,[],unknown,c5f961167fcd,"{'energy_kcal': None, 'protein_g': None, 'carbohydrates_g': None, 'of_which_sugars_g': None, 'fat_g': None, 'of_which_saturated_fat_g': None, 'dietary_fiber_g': None, 'sodium_mg': None}",,,,enriched,"['openfoodfacts', 'openfoodfacts']",Beverages,Brooke Bond,United States,openfoodfacts,,,https://images.openfoodfacts.org/images/products/890/103/088/2579/front_en.3.400.jpg,[]
https://world.openfoodfacts.org/product/8720608614820,,,8720608614820,,Loose Leaf Black Tea,[],unknown,5408368d2f81,"{'energy_kcal': None, 'protein_g': None, 'carbohydrates_g': None, 'of_which_sugars_g': None, 'fat_g': None, 'of_which_saturated_fat_g': None, 'dietary_fiber_g': None, 'sodium_mg': None}",,,,enriched,['openfoodfacts'],Tea & Coffee,Red Label,,openfoodfacts,,,https://images.openfoodfacts.org/images/products/872/060/861/4820/front_en.3.400.jpg,[]
https://world.openfoodfacts.org/product/0068400562818,Plant Based Foods And Beverages,,0068400562818,,Red label tea,[],b,0516c0193d4c,"{'energy_kcal': 0, 'protein_g': 0, 'carbohydrates_g': 0, 'of_which_sugars_g': None, 'fat_g': 0, 'of_which_saturated_fat_g': None, 'dietary_fiber_g': None, 'sodium_mg': 0}",,,,enriched,"['openfoodfacts', 'openfoodfacts', 'openfoodfacts']",Beverages,Brooke Bond,United States,openfoodfacts,,,,['Orange pekoe black tea']
https://world.openfoodfacts.org/product/0793573999078,Plant Based Foods And Beverages,,0793573999078,100g ,tea red label,[],,6a9b7b0a4ff5,{},,,,not_found,['openfoodfacts'],Beverages,nhte,,openfoodfacts,,,https://images.openfoodfacts.org/images/products/079/357/399/9078/front_fr.3.400.jpg,[]
https://world.openfoodfacts.org/product/6281006856455,Plant Based Foods And Beverages,,6281006856455,400g,Loose black tea,[],unknown,ed65b8b057cc,"{'energy_kcal': None, 'protein_g': None, 'carbohydrates_g': None, 'of_which_sugars_g': None, 'fat_g': None, 'of_which_saturated_fat_g': None, 'dietary_fiber_g': None, 'sodium_mg': None}",,,,enriched,['openfoodfacts'],Beverages,Red Label,"Germany, United Arab Emirates",openfoodfacts,,,https://images.openfoodfacts.org/images/products/628/100/685/6455/front_en.4.400.jpg,[]
https://world.openfoodfacts.org/product/0068400600336,Plant Based Foods And Beverages,,0068400600336,,Red Label Loose Leaf Black Tea,[],,5a8965b93bce,{},,,,not_found,['openfoodfacts'],Beverages,Brooke Bond,,openfoodfacts,,,https://images.openfoodfacts.org/images/products/006/840/060/0336/front_en.3.400.jpg,[]
https://world.openfoodfacts.org/product/8720608632107,,,8720608632107,400g,Brooke Blond réd label tea powder,[],unknown,df3875ceb903,"{'energy_kcal': None, 'protein_g': None, 'carbohydrates_g': None, 'of_which_sugars_g': None, 'fat_g': None, 'of_which_saturated_fat_g': None, 'dietary_fiber_g': None, 'sodium_mg': None}",,,,enriched,['openfoodfacts'],Other,Brooke Bond,France,openfoodfacts,,,https://images.openfoodfacts.org/images/products/872/060/863/2107/front_fr.3.400.jpg,[]
https://world.openfoodfacts.org/product/0890103008303,,,0890103008303,,"Brooke Bond, Red Label Tea",[],,29677234b152,{},,,,not_found,['openfoodfacts'],Other,Unilever India Exports Limited,,openfoodfacts,,,,[]
https://world.openfoodfacts.org/product/8720608616893,,,8720608616893,400g,Red Label LOOSE BLACK TEA,[],,fedc0ca10689,{},,,,not_found,['openfoodfacts'],Other,Brooke Bond,,openfoodfacts,,,https://images.openfoodfacts.org/images/products/872/060/861/6893/front_en.7.400.jpg,[]
https://world.openfoodfacts.org/product/8901747000433,Plant Based Foods And Beverages,,8901747000433,,Wagh Bakari,[],b,c29bc0463bac,"{'energy_kcal': 1, 'protein_g': 0.1, 'carbohydrates_g': 0.2, 'of_which_sugars_g': 0, 'fat_g': 0, 'of_which_saturated_fat_g': 0, 'dietary_fiber_g': None, 'sodium_mg': 0}",,,,enriched,['openfoodfacts'],Beverages,Wagh Bakri,Deutschland,openfoodfacts,,,https://images.openfoodfacts.org/images/products/890/174/700/0433/front_de.6.400.jpg,[]
https://world.openfoodfacts.org/product/8901747003175,Plant Based Foods And Beverages,,8901747003175,140 g,Instant Masala Tea (Unsweetened),[],,b25d34515234,{},,,,not_found,['openfoodfacts'],Beverages,Wagh Bakri,,openfoodfacts,,,https://images.openfoodfacts.org/images/products/890/174/700/3175/front_en.3.400.jpg,[]
https://world.openfoodfacts.org/product/8901747003687,,,8901747003687,,Black Tea,[],unknown,470cc9066ddb,"{'energy_kcal': None, 'protein_g': None, 'carbohydrates_g': None, 'of_which_sugars_g': None, 'fat_g': None, 'of_which_saturated_fat_g': None, 'dietary_fiber_g': None, 'sodium_mg': None}",,,,enriched,['openfoodfacts'],Tea & Coffee,Wagh Bakri,United States,openfoodfacts,,,,[]
https://world.openfoodfacts.org/product/8901747002840,Plant Based Foods And Beverages,,8901747002840,37.5 g,Mint Green Tea,[],b,0cb919298563,"{'energy_kcal': 0, 'protein_g': 0, 'carbohydrates_g': 0, 'of_which_sugars_g': 0, 'fat_g': 0, 'of_which_saturated_fat_g': 0, 'dietary_fiber_g': 0, 'sodium_mg': 0.0306666666666668}",,4,,enriched,['openfoodfacts'],Beverages,Wagh Bakri,,openfoodfacts,,,https://images.openfoodfacts.org/images/products/890/174/700/2840/front_en.21.400.jpg,['Green tea and natural mint flavour']
https://world.openfoodfacts.org/product/8901747000730,Plant Based Foods And Beverages,,8901747000730,17.43 Oz,premium black tea,[],b,50df8c10a27d,"{'energy_kcal': 1, 'protein_g': 0, 'carbohydrates_g': 0, 'of_which_sugars_g': 0, 'fat_g': 0, 'of_which_saturated_fat_g': 0, 'dietary_fiber_g': 0, 'sodium_mg': 0.003}",,,,enriched,['openfoodfacts'],Beverages,Wagh Bakri,United Arab Emirates,openfoodfacts,https://images.openfoodfacts.org/images/products/890/174/700/0730/ingredients_en.15.400.jpg,https://images.openfoodfacts.org/images/products/890/174/700/0730/nutrition_en.13.400.jpg,https://images.openfoodfacts.org/images/products/890/174/700/0730/front_en.11.400.jpg,[]
https://world.openfoodfacts.org/product/8901747003694,Plant Based Foods And Beverages,,8901747003694,200 g,Masala Chai Tea Bags,[],,a3f2055e620f,{},,,,not_found,['openfoodfacts'],Beverages,Wagh Bakri,,openfoodfacts,,,https://images.openfoodfacts.org/images/products/890/174/700/3694/front_es.3.400.jpg,[]
https://world.openfoodfacts.org/product/8901747002215,Plant Based Foods And Beverages,,8901747002215,37.5g,Green Tea,[],b,04866a747741,"{'energy_kcal': None, 'protein_g': None, 'carbohydrates_g': None, 'of_which_sugars_g': None, 'fat_g': None, 'of_which_saturated_fat_g': None, 'dietary_fiber_g': None, 'sodium_mg': None}",,1,,enriched,['openfoodfacts'],Beverages,Wagh Bakri,India,openfoodfacts,https://images.openfoodfacts.org/images/products/890/174/700/2215/ingredients_en.22.400.jpg,https://images.openfoodfacts.org/images/products/890/174/700/2215/nutrition_en.21.400.jpg,https://images.openfoodfacts.org/images/products/890/174/700/2215/front_en.19.400.jpg,['Green Tea']
https://world.openfoodfacts.org/product/8901747003199,,,8901747003199,140 g,Instant Cardamom Tea,[],,12ca0e0a0224,{},,,,not_found,['openfoodfacts'],Tea & Coffee,Wagh Bakri,,openfoodfacts,,,https://images.openfoodfacts.org/images/products/890/174/700/3199/front_en.3.400.jpg,[]
https://world.openfoodfacts.org/product/8901747002956,Plant Based Foods And Beverages,,8901747002956,,Instant Ginger Tea,[],unknown,1ca2dcee3aab,"{'energy_kcal': None, 'protein_g': None, 'carbohydrates_g': None, 'of_which_sugars_g': None, 'fat_g': None, 'of_which_saturated_fat_g': None, 'dietary_fiber_g': None, 'sodium_mg': None}",,,,enriched,['openfoodfacts'],Beverages,Wagh Bakri,United States,openfoodfacts,,,https://images.openfoodfacts.org/images/products/890/174/700/2956/front_en.3.400.jpg,[]
https://world.openfoodfacts.org/product/8901747002277,,,8901747002277,168g,Instant tea combo pack,[],,c40971b6e11a,{},,,,not_found,['openfoodfacts'],Tea & Coffee,Wagh Bakri,,openfoodfacts,,,https://images.openfoodfacts.org/images/products/890/174/700/2277/front_en.10.400.jpg,[]
https://world.openfoodfacts.org/product/8901747002987,,,8901747002987,,Instant Sugar-free Elaichi Tea,[],unknown,39b08eb85f3d,"{'energy_kcal': 423, 'protein_g': 11, 'carbohydrates_g': 74.5, 'of_which_sugars_g': 12, 'fat_g': 9, 'of_which_saturated_fat_g': 0, 'dietary_fiber_g': None, 'sodium_mg': 0.27}",,,,enriched,['openfoodfacts'],Tea & Coffee,Wagh Bakri,United States,openfoodfacts,,https://images.openfoodfacts.org/images/products/890/174/700/2987/nutrition_en.5.400.jpg,https://images.openfoodfacts.org/images/products/890/174/700/2987/front_en.3.400.jpg,[]
https://world.openfoodfacts.org/product/8901747005599,,,8901747005599,260 g,Instant Saffron Tea,[],,3ead3886a340,{},,,,not_found,['openfoodfacts'],Tea & Coffee,Wagh Bakri,,openfoodfacts,,,https://images.openfoodfacts.org/images/products/890/174/700/5599/front_en.3.400.jpg,[]
https://world.openfoodfacts.org/product/3168930159896,Beverages,"Après ouverture, à conserver au frais et à consommer dans les 3 jours. Les extraits de thé peuvent former un léger dépôt naturel, sans incidence sur la qualité du produit. À consommer de préférence avant le: voir fond de la canette.",3168930159896,330 ml,Ice Tea Pêche,[],d,d86c3157595d,"{'energy_kcal': 13, 'protein_g': 0, 'carbohydrates_g': 3.1, 'of_which_sugars_g': 3, 'fat_g': 0, 'of_which_saturated_fat_g': 0, 'dietary_fiber_g': None, 'sodium_mg': 0.012}",,4,"Boisson rafraîchissante aux extraits de thé goût pêche, avec sucres et édulcorant.",enriched,['openfoodfacts'],Beverages,Lipton,"France, La Réunion",openfoodfacts,https://images.openfoodfacts.org/images/products/316/893/015/9896/ingredients_fr.162.400.jpg,https://images.openfoodfacts.org/images/products/316/893/015/9896/nutrition_fr.166.400.jpg,https://images.openfoodfacts.org/images/products/316/893/015/9896/front_fr.136.400.jpg,"['water', 'sugar frictose', 'acidity regulators', 'extract of the black', 'peach juice based on concentrate', 'an acidity regulator', 'sweetener']"
https://world.openfoodfacts.org/product/3168930170549,Beverages,"Après ouverture, à conserver au frais et à consommer dans les 3 jours. Les extraits de thé peuvent former un léger dépôt naturel, sans incidence sur la qualité du produit. À consommer de préférence avant le: voir fond de la canette.",3168930170549,1250 ml,Ice tea,[],d,5bc756e72884,"{'energy_kcal': 13, 'protein_g': 0, 'carbohydrates_g': 3.1, 'of_which_sugars_g': 3, 'fat_g': 0, 'of_which_saturated_fat_g': 0, 'dietary_fiber_g': None, 'sodium_mg': 0.012}",,4,"Boisson rafraîchissante aux extraits de thé goût pêche, avec sucres et édulcorant.",enriched,"['openfoodfacts', 'openfoodfacts', 'openfoodfacts']",Beverages,Lipton,,openfoodfacts,,,https://images.openfoodfacts.org/images/products/316/893/017/0549/front_fr.36.400.jpg,"['water', 'sugar frictose', 'acidity regulators', 'extract of the black', 'peach juice based on concentrate', 'an acidity regulator', 'sweetener']"
https://world.openfoodfacts.org/product/6111252422428,Beverages,,6111252422428,50cl,Lipton fruit rouges,[],e,eab4ee0576be,"{'energy_kcal': 25, 'protein_g': 0, 'carbohydrates_g': None, 'of_which_sugars_g': 6, 'fat_g': 0, 'of_which_saturated_fat_g': 0, 'dietary_fiber_g': None, 'sodium_mg': 0.027}",,4,,enriched,['openfoodfacts'],Beverages,Lipton,Maroc,openfoodfacts,https://images.openfoodfacts.org/images/products/611/125/242/2428/ingredients_fr.19.400.jpg,https://images.openfoodfacts.org/images/products/611/125/242/2428/nutrition_fr.11.400.jpg,https://images.openfoodfacts.org/images/products/611/125/242/2428/front_fr.34.400.jpg,"['Eau', 'sucre', 'acidulant', 'extrait de thé noir', 'jus de canneberge à base de concentré', 'jus de framboise à base de concentré', 'jus de mûre à base de concentré', 'arome', 'Stabilisant  Conservateur', 'antioxydant', 'édulcorant .. مشروب غير غازى بخلاصات الشاي الأسود و عصير التوت - محلى بالسكر والمحليات. المكونات: ماء سكر مادة 190', '12، عصير التوت البري من مركز ، عصير ) وت العليق عن مركز ، عصير ون 7/10/2024', '17:34 .(%0 LEICA ـود XIAOMI ر التوت الأسود من عصير التوت ثرت (بوني']"
https://world.openfoodfacts.org/product/6111252422411,Beverages,,6111252422411,50cl,Lipton Peche ice tea,[],,f6db0e6ddc95,{},,,,not_found,['openfoodfacts'],Beverages,Lipton,,openfoodfacts,,,https://images.openfoodfacts.org/images/products/611/125/242/2411/front_en.16.400.jpg,[]
https://world.openfoodfacts.org/product/3168930171058,Beverages,"Après ouverture, à conserver au frais et à consommer dans les 3 jours. Les extraits de thé peuvent former un léger dépôt naturel, sans incidence sur la qualité du produit. À consommer de préférence avant le: voir bouteille.",3168930171058,1750 ml,SAVEUR PECHE ICE TEA,[],d,cec964f8716e,"{'energy_kcal': 13, 'protein_g': 0, 'carbohydrates_g': 3.1, 'of_which_sugars_g': 3, 'fat_g': 0, 'of_which_saturated_fat_g': 0, 'dietary_fiber_g': None, 'sodium_mg': 0.012}",,4,"Boisson rafraîchissante aux extraits de thé goût pêche, avec sucres et édulcorant.",enriched,['openfoodfacts'],Beverages,Lipton,"Inde, Sri Lanka",openfoodfacts,https://images.openfoodfacts.org/images/products/316/893/017/1058/ingredients_fr.88.400.jpg,https://images.openfoodfacts.org/images/products/316/893/017/1058/nutrition_fr.86.400.jpg,https://images.openfoodfacts.org/images/products/316/893/017/1058/front_fr.30.400.jpg,"['water', 'sugar', 'fructose', 'acidifiers', 'black tea extract)', 'peach juice from concentrate', 'acidity regulator', 'flavourings', 'antioxidant', 'sweetener', 'rainforest alliance certified', 'more information on ra', 'org']"
https://world.openfoodfacts.org/product/8720608632633,Plant Based Foods And Beverages,,8720608632633,,lipton yellow label tea x25,[],,9a60bfe31816,{},,,,not_found,['openfoodfacts'],Beverages,Lipton,,openfoodfacts,,,https://images.openfoodfacts.org/images/products/872/060/863/2633/front_fr.14.400.jpg,[]
https://world.openfoodfacts.org/product/3168930170570,Beverages,"Après ouverture, à conserver au frais et à consommer dans les 3 jours. Les extraits de thé peuvent former un léger dépôt naturel, sans incidence sur la qualité du produit. À consommer de préférence avant le: voir bouteille.",3168930170570,1250 ml,Ice Tea Saveur Pêche,[],c,ee9d37fd5545,"{'energy_kcal': 1, 'protein_g': 0, 'carbohydrates_g': 0, 'of_which_sugars_g': 0, 'fat_g': 0, 'of_which_saturated_fat_g': 0, 'dietary_fiber_g': None, 'sodium_mg': 0.004}",,4,"Boisson rafraîchissante aux extraits de thé goût pêche, avec édulcorants.",enriched,"['openfoodfacts', 'openfoodfacts']",Beverages,Lipton,"Inde, Sri Lanka, Thé hors UE",openfoodfacts,https://images.openfoodfacts.org/images/products/316/893/017/0570/ingredients_fr.14.400.jpg,https://images.openfoodfacts.org/images/products/316/893/017/0570/nutrition_fr.51.400.jpg,https://images.openfoodfacts.org/images/products/316/893/017/0570/front_fr.33.400.jpg,"['Eau', 'acidifiants', 'extrait de thé noir⁽¹⁾', 'jus de pêche à base de concentré', 'arômes', ""correcteur d'acidité"", 'édulcorants', 'antioxydant', '⁽¹⁾ Certifié Rainforest Alliance.', ""Plus d'informations sur ra.org."", ""People and nature = l'humain et la nature.""]"
https://world.openfoodfacts.org/product/8720608007417,Plant Based Foods And Beverages,,8720608007417,30x2g,Yellow Label,[],unknown,4acd15f57857,"{'energy_kcal': None, 'protein_g': None, 'carbohydrates_g': None, 'of_which_sugars_g': None, 'fat_g': None, 'of_which_saturated_fat_g': None, 'dietary_fiber_g': None, 'sodium_mg': None}",,,,enriched,"['openfoodfacts', 'openfoodfacts']",Beverages,Lipton,,openfoodfacts,,,https://images.openfoodfacts.org/images/products/872/060/800/7417/front_fr.34.400.jpg,"['Ingredients / Ingrédients/gall: Black tea from Kenya', 'Tanzania', 'Rwanda and India / Thé noir du Kenya', 'شاي أسود من كينيا / de Tanzanie', ""du Rwanda et d'Inde ،تنزانيا رواندا والهند Store in a dry and cool place. / Conserver dans un خزن في مكان جاف .و بارد / endroit sec et frais Made in Egypt / Fabriqué en Égypte / as regis مستورد و معبأ بواسطة Imported and packed by Emballé par Lipton Teas and Infusions"", 'New Borg El Arab City', '1st Industrial Zone', 'Plots 3 & 5', 'Block 11', 'Alexandria', 'مستورد و معبأ في مصر بواسطة شركة ليبتون تي اند انفيوشن للتصنيع، مدينة Egypt برج العرب الجديدة ، المنطقة الصناعية الأولى، قطعتين رقم ٣ و ٥ بلوك ،ال، الإسكندرية. REC Ingredients/Ingrédients/gall: Black tea from Kenya', 'Tanzania', 'Rwanda and India / Thé noir du Kenya', 'P RECY شاي أسود من كينيا / de Tanzanie', ""du Rwanda et d'Inde ،تنزانيا رواندا والهند Store in a dry and cool place. / Conserver dans un خزن في مكان جاف وبارد / endroit sec et frais صنع في مصر / Made in Egypt / Fabrique en egypte مستورد و معبأ بواسطة imported and packed by Emballé par Lipton Teas and Infusions"", 'New Borg El Arab City', '1st Industrial Zone', 'Plots 3 & 5', 'Block 11', 'Alexandria', 'مستورد و معبأ ي مصر بواسطة شركة ليبتون تي اند انفيوشن للتصنيع مدينة Egypt . برج العرب الجديدة، المنطقة الصناعية الأولى، قطعتين رقم ٣ و ٥ بلوك الى الإسكندرية .']"
https://world.openfoodfacts.org/product/3168930175483,Beverages,,3168930175483,,Lipton sans sucre,[],c,c18ab947d255,"{'energy_kcal': 1, 'protein_g': 0, 'carbohydrates_g': 0, 'of_which_sugars_g': 0, 'fat_g': 0, 'of_which_saturated_fat_g': 0, 'dietary_fiber_g': None, 'sodium_mg': 0.004}",,4,,enriched,['openfoodfacts'],Beverages,Lipton,France,openfoodfacts,https://images.openfoodfacts.org/images/products/316/893/017/5483/ingredients_fr.12.400.jpg,https://images.openfoodfacts.org/images/products/316/893/017/5483/nutrition_fr.5.400.jpg,https://images.openfoodfacts.org/images/products/316/893/017/5483/front_fr.3.400.jpg,"['Eau', 'acidifiants', 'extrait de thé noir', 'jus de pêche à base de concentré', 'arômes', ""correcteur d'acidité"", 'édulcorants', 'antioxydant .']"
https://world.openfoodfacts.org/product/8720608026586,Plant Based Foods And Beverages,,8720608026586,39 g,Thé vert classique,[],unknown,3544cce82151,"{'energy_kcal': 4, 'protein_g': 0.5, 'carbohydrates_g': 0.5, 'of_which_sugars_g': 0, 'fat_g': 0.5, 'of_which_saturated_fat_g': 0.1, 'dietary_fiber_g': 0, 'sodium_mg': None}",,,,enriched,['openfoodfacts'],Beverages,Lipton,,openfoodfacts,,,https://images.openfoodfacts.org/images/products/872/060/802/6586/front_fr.25.400.jpg,[]
https://world.openfoodfacts.org/product/3168930170938,Beverages,"Après ouverture, à conserver au frais et à consommer dans les 3 jours. Les extraits de thé peuvent former un léger dépôt naturel, sans incidence sur la qualité du produit. À consommer de préférence avant le: voir bouteille.",3168930170938,1250 ml,"Lipton Ice Tea saveur framboise 1,25 L",[],d,6500984bc2db,"{'energy_kcal': 20, 'protein_g': 0, 'carbohydrates_g': 4.6, 'of_which_sugars_g': 4.5, 'fat_g': 0, 'of_which_saturated_fat_g': 0, 'dietary_fiber_g': 0, 'sodium_mg': 0.012}",,4,"Boisson rafraîchissante aux extraits de thé goût framboise, avec sucres et édulcorant.",enriched,['openfoodfacts'],Beverages,Lipton,France,openfoodfacts,,https://images.openfoodfacts.org/images/products/316/893/017/0938/nutrition_fr.10.400.jpg,https://images.openfoodfacts.org/images/products/316/893/017/0938/front_fr.19.400.jpg,"['Eau', 'sucre', 'acidifiant', 'extrait de thé noir⁽¹⁾', 'jus de framboise à base de concentré', 'arômes', ""correcteur d'acidité"", 'antioxydant', 'édulcorant', '⁽¹⁾ Certifié Rainforest Alliance.', ""Plus d'informations sur ra.org."", ""People and nature = l'humain et la nature.""]"
https://world.openfoodfacts.org/product/3168930170600,Beverages,"Après ouverture, à conserver au frais et à consommer dans les 3 jours. Les extraits de thé peuvent former un léger dépôt naturel, sans incidence sur la qualité du produit. À consommer de préférence avant le: voir bouteille.",3168930170600,1250 ml,Citron-citron vert Ice tea,[],d,1672ea27ccc0,"{'energy_kcal': 13, 'protein_g': 0, 'carbohydrates_g': 3.1, 'of_which_sugars_g': 3, 'fat_g': 0, 'of_which_saturated_fat_g': 0, 'dietary_fiber_g': 0, 'sodium_mg': 0.008}",,4,"Boisson rafraîchissante aux extraits de thé goût citron et citron vert, avec sucres et édulcorant.",enriched,['openfoodfacts'],Beverages,Lipton,,openfoodfacts,,,https://images.openfoodfacts.org/images/products/316/893/017/0600/front_fr.11.400.jpg,"['Eau', 'sucre', 'fructose', 'acidifiants', 'extrait de thé noir⁽¹⁾', 'jus de citron à base de concentré', 'arômes', 'antioxydant', ""correcteur d'acidité"", 'édulcorant', '⁽¹⁾ Certifié Rainforest Alliance.', ""Plus d'informations sur ra.org."", ""People and nature = l'humain et la nature.""]"
https://world.openfoodfacts.org/product/3168930175681,Beverages,,3168930175681,"1,25 l",Lipton,[],d,a63923b1a820,"{'energy_kcal': 20, 'protein_g': 0, 'carbohydrates_g': 4.6, 'of_which_sugars_g': 4.5, 'fat_g': 0, 'of_which_saturated_fat_g': 0, 'dietary_fiber_g': None, 'sodium_mg': 0.016}",,4,,enriched,['openfoodfacts'],Beverages,Lipton,France,openfoodfacts,,https://images.openfoodfacts.org/images/products/316/893/017/5681/nutrition_en.8.400.jpg,https://images.openfoodfacts.org/images/products/316/893/017/5681/front_en.6.400.jpg,"['Eau gazéifiée', 'sucre', 'fructose', 'extrait de thé noir', 'acidifiants', 'arômes', ""correcteur d'acidité"", 'antioxydant', 'édulcorant .']"
https://world.openfoodfacts.org/product/5000118047817,Plant Based Foods And Beverages,,5000118047817,500ml,Peach Ice Tea,[],c,2c756700cea4,"{'energy_kcal': 13, 'protein_g': 0, 'carbohydrates_g': 3.1, 'of_which_sugars_g': 3, 'fat_g': 0, 'of_which_saturated_fat_g': 0, 'dietary_fiber_g': 0, 'sodium_mg': 0.012}",,4,,enriched,['openfoodfacts'],Beverages,Lipton,,openfoodfacts,,,https://images.openfoodfacts.org/images/products/500/011/804/7817/front_en.45.400.jpg,"['Water', 'Sugar', 'Acids', 'Malic acid', 'Black tea extract', 'Peach juice from concentrate', 'Flavourings', 'Antioxidant', 'Acidity regulator', 'SW']"
https://world.openfoodfacts.org/product/3502110005403,Plant Based Foods And Beverages,"Après ouverture, à conserver au frais et à consommer dans les 3 jours. Les extraits de thé peuvent former un léger dépôt naturel, sans incidence sur la qualité du produit. À consommer de préférence avant le: voir bouteille.",3502110005403,500 ml,Lipton Ice Tea saveur pêche,[],d,80022ced2932,"{'energy_kcal': 13, 'protein_g': 0, 'carbohydrates_g': 3.1, 'of_which_sugars_g': 3, 'fat_g': 0, 'of_which_saturated_fat_g': 0, 'dietary_fiber_g': None, 'sodium_mg': 0.012}",,4,"Boisson rafraîchissante aux extraits de thé goût pêche, avec sucres et édulcorant.",enriched,['openfoodfacts'],Beverages,Lipton,"Inde, Sri Lanka",openfoodfacts,https://images.openfoodfacts.org/images/products/350/211/000/5403/ingredients_fr.93.400.jpg,https://images.openfoodfacts.org/images/products/350/211/000/5403/nutrition_fr.80.400.jpg,https://images.openfoodfacts.org/images/products/350/211/000/5403/front_fr.98.400.jpg,"['Eau', 'sucre', 'fructose', 'acidifiants', 'extrait de thé noir⁽¹⁾', 'jus de pêche à base de concentré', ""correcteur d'acidité"", 'arômes', 'antioxydant', 'édulcorant', ""⁽¹⁾ Certifié Rainforest Alliance. Plus d'informations sur ra.org. People and nature = l'humain et la nature.""]"
https://world.openfoodfacts.org/product/3168930159988,Plant Based Foods And Beverages,"Après ouverture, à conserver au frais et à consommer dans les 3 jours. Les extraits de thé peuvent former un léger dépôt naturel, sans incidence sur la qualité du produit. À consommer de préférence avant le: voir fond de la canette.",3168930159988,330 ml,ice tea saveur framboise,[],d,c981cc37499a,"{'energy_kcal': 20, 'protein_g': 0, 'carbohydrates_g': 4.6, 'of_which_sugars_g': 4.5, 'fat_g': 0, 'of_which_saturated_fat_g': 0, 'dietary_fiber_g': 0, 'sodium_mg': 0.012}",,4,"Boisson rafraîchissante aux extraits de thé goût framboise, avec sucres et édulcorant.",enriched,['openfoodfacts'],Beverages,Lipton,France,openfoodfacts,https://images.openfoodfacts.org/images/products/316/893/015/9988/ingredients_fr.52.400.jpg,https://images.openfoodfacts.org/images/products/316/893/015/9988/nutrition_fr.50.400.jpg,https://images.openfoodfacts.org/images/products/316/893/015/9988/front_fr.29.400.jpg,"['Eau', 'sucre', 'acidifiant', 'extrait de thé noir⁽¹⁾', 'jus de framboise à base de concentré', 'arômes', ""correcteur d'acidité"", 'antioxydant', 'édulcorant', ""⁽¹⁾ Certifié Rainforest Alliance. Plus d'informations sur ra.org. People and nature = l'humain et la nature.""]"
https://world.openfoodfacts.org/product/8720608025664,Plant Based Foods And Beverages,,8720608025664,32 g,Thé vert myrtille et mûre x 20 sachets,[],,96bb58ce82d4,{},,,,not_found,['openfoodfacts'],Beverages,Lipton,,openfoodfacts,,,https://images.openfoodfacts.org/images/products/872/060/802/5664/front_fr.42.400.jpg,[]
https://world.openfoodfacts.org/product/3168930176367,Beverages,,3168930176367,"1,75 l",Thé glacé pêche sans sucre,[],c,354b4b325d28,"{'energy_kcal': 1, 'protein_g': 0, 'carbohydrates_g': 0.5, 'of_which_sugars_g': 0, 'fat_g': 0, 'of_which_saturated_fat_g': 0, 'dietary_fiber_g': None, 'sodium_mg': 0.004}",,4,,enriched,['openfoodfacts'],Beverages,Lipton,France,openfoodfacts,https://images.openfoodfacts.org/images/products/316/893/017/6367/ingredients_fr.10.400.jpg,https://images.openfoodfacts.org/images/products/316/893/017/6367/nutrition_fr.5.400.jpg,https://images.openfoodfacts.org/images/products/316/893/017/6367/front_fr.3.400.jpg,"['Eau', 'acidifiants', 'extrait de thé noir', 'jus de pêche à base de concentré', 'arômes', ""correcteur d'acidité"", 'édulcorants', 'antioxydant']"
https://world.openfoodfacts.org/product/6111252422985,Beverages,,6111252422985,250ml,lipton-ice-tea,[],,7c21ce712401,{},,,,not_found,['openfoodfacts'],Beverages,Lipton,,openfoodfacts,,,https://images.openfoodfacts.org/images/products/611/125/242/2985/front_fr.13.400.jpg,[]
https://world.openfoodfacts.org/product/3502110010674,Plant Based Foods And Beverages,,3502110010674,500 ml,Lipton Ice Tea saveur framboise,[],,0f93699fe370,{},,,,not_found,['openfoodfacts'],Beverages,Lipton,,openfoodfacts,,,https://images.openfoodfacts.org/images/products/350/211/001/0674/front_fr.55.400.jpg,[]
https://world.openfoodfacts.org/product/8711327574557,Beverages,,8711327574557,330 ml,Lipton Ice Tea Original Sparkling,[],c,1b6f45dcf7d1,"{'energy_kcal': 20.3030303030303, 'protein_g': 0, 'carbohydrates_g': 4.54545454545455, 'of_which_sugars_g': 4.54545454545455, 'fat_g': 0, 'of_which_saturated_fat_g': None, 'dietary_fiber_g': None, 'sodium_mg': 0.0451515151515151}",,,,enriched,['openfoodfacts'],Beverages,Lipton,Bélgica,openfoodfacts,https://images.openfoodfacts.org/images/products/871/132/757/4557/ingredients_en.21.400.jpg,https://images.openfoodfacts.org/images/products/871/132/757/4557/nutrition_en.23.400.jpg,https://images.openfoodfacts.org/images/products/871/132/757/4557/front_en.6.400.jpg,"['100% CLABLE thee-extract zoetstof van houdend water tract  appelzuur atriumcitraat) oncentreerd antioxidant zoetstof en van Stevia). Ice Tea bevat bezinksel is houdbaar tot ante aux extraits wec du sucre et naturelle pellante', 'sucre', 'ethe', 'citrique', 'acide fadidité', 'édulcorant O de la Stévia). le Tea contient In léger dépôt consommer de fin: voir dessous mit Tee-Extrakt', 'Sissungsmittel LOW IN CALORIES Lipton O inal 0 ୦୦୦ 0 0 Sparkling haltiges Wasser', 'Extra', 'Titronensäure', 'neregulator Thronensaft aus 1.1%)', 'Aromen', 'Ascorbinsäure)', 'glykoside aus bar bis zum Dose. Bruis Petill TEA Per blikje Par cannett Pro Dose 281']"
https://world.openfoodfacts.org/product/5063270101766,Plant Based Foods And Beverages,,5063270101766,32 g,Green tea,[],,d54b80e14d1b,{},,,,not_found,['openfoodfacts'],Beverages,Lipton,,openfoodfacts,,,https://images.openfoodfacts.org/images/products/506/327/010/1766/front_en.3.400.jpg,[]
https://world.openfoodfacts.org/product/3502110006844,Plant Based Foods And Beverages,"Après ouverture, à conserver au frais et à consommer dans les 4 jours. Les extraits de thé peuvent former un léger dépôt naturel, sans incidence sur la qualité du produit. A consommer de préférence avant : voir le bouchon ou le col de la bouteille.",3502110006844,1500 ml,Lipton Liptonic l'original,[],d,48cfb8634c73,"{'energy_kcal': 35, 'protein_g': 0, 'carbohydrates_g': 8, 'of_which_sugars_g': 7.9, 'fat_g': 0, 'of_which_saturated_fat_g': 0, 'dietary_fiber_g': None, 'sodium_mg': 0.024}",,4,Boisson rafraîchissante gazeuse aux extraits de thé goût citron vert.,enriched,['openfoodfacts'],Beverages,Lipton,France,openfoodfacts,https://images.openfoodfacts.org/images/products/350/211/000/6844/ingredients_fr.32.400.jpg,https://images.openfoodfacts.org/images/products/350/211/000/6844/nutrition_fr.63.400.jpg,https://images.openfoodfacts.org/images/products/350/211/000/6844/front_fr.45.400.jpg,"['Eau gazéifiée', 'sucre', 'extrait de thé noir', 'acidifiant', ""correcteur d'acidité"", 'arômes', 'antioxydant']"
https://world.openfoodfacts.org/product/8720608026524,Plant Based Foods And Beverages,,8720608026524,80 g,Thé vert Menthe,[],,836f2792f5b2,{},,,,not_found,"['openfoodfacts', 'openfoodfacts']",Beverages,Lipton,,openfoodfacts,,,https://images.openfoodfacts.org/images/products/872/060/802/6524/front_en.8.400.jpg,[]
https://world.openfoodfacts.org/product/8720608003884,Plant Based Foods And Beverages,,8720608003884,30g,Thé vert fleur d’oranger mandarine🍊,[],unknown,db8521d0f2e2,"{'energy_kcal': 4, 'protein_g': 0.5, 'carbohydrates_g': 0.5, 'of_which_sugars_g': 0.5, 'fat_g': 0.5, 'of_which_saturated_fat_g': 0.1, 'dietary_fiber_g': 0, 'sodium_mg': 0.004}",,4,,enriched,['openfoodfacts'],Beverages,Lipton,France,openfoodfacts,https://images.openfoodfacts.org/images/products/872/060/800/3884/ingredients_fr.21.400.jpg,https://images.openfoodfacts.org/images/products/872/060/800/3884/nutrition_fr.5.400.jpg,https://images.openfoodfacts.org/images/products/872/060/800/3884/front_fr.27.400.jpg,"['Thé vert¹ 86%', 'arôme naturel', ""fleur d'oranger 2%"", 'écorce de mandarine 2%.']"
https://world.openfoodfacts.org/product/3168930174431,Beverages,,3168930174431,330 ml,Thé glacé pêche pétillant,[],,3dd3e0844c3b,{},,,,not_found,['openfoodfacts'],Beverages,Lipton,,openfoodfacts,,,https://images.openfoodfacts.org/images/products/316/893/017/4431/front_fr.11.400.jpg,[]
https://world.openfoodfacts.org/product/5000118047794,Plant Based Foods And Beverages,,5000118047794,500 ml,Lemon Ice Tea,[],c,e702ca42e5e8,"{'energy_kcal': 13, 'protein_g': 0, 'carbohydrates_g': 3.1, 'of_which_sugars_g': 3, 'fat_g': 0, 'of_which_saturated_fat_g': 0, 'dietary_fiber_g': None, 'sodium_mg': 0.03}",,4,Still soft drink with tea extract,enriched,['openfoodfacts'],Beverages,Lipton,"France, United Kingdom",openfoodfacts,https://images.openfoodfacts.org/images/products/500/011/804/7794/ingredients_en.7.400.jpg,https://images.openfoodfacts.org/images/products/500/011/804/7794/nutrition_en.8.400.jpg,https://images.openfoodfacts.org/images/products/500/011/804/7794/front_en.33.400.jpg,"['water', 'sugar', 'citric acid', 'black tea extract', 'lemon juice from concentrate', 'flavourings', 'antioxidant', 'acidity regulator']"
https://world.openfoodfacts.org/product/8722700009276,Plant Based Foods And Beverages,,8722700009276,250 ml,Lipton Ice Tea saveur pêche 25 cl,[],,d4ddc73f3a49,{},,,,not_found,['openfoodfacts'],Beverages,Lipton,,openfoodfacts,,,https://images.openfoodfacts.org/images/products/872/270/000/9276/front_fr.53.400.jpg,[]
https://world.openfoodfacts.org/product/8719128117836,Beverages,,8719128117836,440ml,Lipton peach tea,[],d,3cfadef488ca,"{'energy_kcal': 13, 'protein_g': 0, 'carbohydrates_g': 3, 'of_which_sugars_g': 2.9, 'fat_g': 0, 'of_which_saturated_fat_g': 0, 'dietary_fiber_g': 0, 'sodium_mg': 0.08}",,4,,enriched,['openfoodfacts'],Beverages,sodastream,"France, Allemagne",openfoodfacts,https://images.openfoodfacts.org/images/products/871/912/811/7836/ingredients_fr.26.400.jpg,https://images.openfoodfacts.org/images/products/871/912/811/7836/nutrition_fr.49.400.jpg,https://images.openfoodfacts.org/images/products/871/912/811/7836/front_fr.47.400.jpg,"['Sucre', 'eau', 'extrait de thé noir **', 'acidifiants', 'antioxydant', ""correcteur d'acidité"", 'édulcorant', 'anti-moussant .']"
https://world.openfoodfacts.org/product/3168930170662,Beverages,,3168930170662,1250 ml,Duo saveur pêche abricot,[],,f717f622f325,{},,,,not_found,['openfoodfacts'],Beverages,Lipton,,openfoodfacts,,,https://images.openfoodfacts.org/images/products/316/893/017/0662/front_fr.15.400.jpg,[]
https://world.openfoodfacts.org/product/3228881010971,Plant Based Foods And Beverages,Conserver au sec et à température ambiante.,3228881010971,34 g,Lipton Thé 5 Fruits Rouges 20 Sachets,[],b,e69e6f493ce2,"{'energy_kcal': 4, 'protein_g': 0.5, 'carbohydrates_g': 0.5, 'of_which_sugars_g': 0.5, 'fat_g': 0, 'of_which_saturated_fat_g': 0, 'dietary_fiber_g': 0, 'sodium_mg': 0}",,4,Thé aromatisé fruits rouges,enriched,['openfoodfacts'],Beverages,Lipton,"France, Guadeloupe, La Réunion",openfoodfacts,https://images.openfoodfacts.org/images/products/322/888/101/0971/ingredients_fr.59.400.jpg,https://images.openfoodfacts.org/images/products/322/888/101/0971/nutrition_fr.56.400.jpg,https://images.openfoodfacts.org/images/products/322/888/101/0971/front_fr.53.400.jpg,"['Thé', 'arôme', 'fruits rouges  .']"
https://world.openfoodfacts.org/product/3168930170754,Beverages,,3168930170754,1250 ml,Hibiscus saveur framboise facon infusion glacee,[],,88082104de9b,{},,,,not_found,['openfoodfacts'],Beverages,Lipton,,openfoodfacts,,,https://images.openfoodfacts.org/images/products/316/893/017/0754/front_fr.18.400.jpg,[]
https://world.openfoodfacts.org/product/8711327587175,Beverages,,8711327587175,330 ml,Ice tea citron,[],c,7e865e20d2ec,"{'energy_kcal': 13, 'protein_g': 0.5, 'carbohydrates_g': 3.1, 'of_which_sugars_g': 3, 'fat_g': 0.5, 'of_which_saturated_fat_g': 0.1, 'dietary_fiber_g': None, 'sodium_mg': 0.012}",,,,enriched,['openfoodfacts'],Beverages,Lipton,"France, Portugal",openfoodfacts,https://images.openfoodfacts.org/images/products/871/132/758/7175/ingredients_fr.19.400.jpg,https://images.openfoodfacts.org/images/products/871/132/758/7175/nutrition_fr.9.400.jpg,https://images.openfoodfacts.org/images/products/871/132/758/7175/front_fr.13.400.jpg,"['Bebida refrigerante de extrato de chá com sumo de limão. Contém açúcares e edulcorante. Deve beber-se fresco. Bebida sem gás. Ingredientes: Chá  )', 'açúcar', 'frutose', 'acidificantes', 'sumo de limão obtido a partir de um produto concentrado', 'regulador de acidez', 'aromas', 'antioxidante', 'edulcorante']"
https://world.openfoodfacts.org/product/5063270105818,Plant Based Foods And Beverages,,5063270105818,20 sachets (34 g),Thé noir citron,[],unknown,cc7ef76d6bbf,"{'energy_kcal': 4, 'protein_g': 0, 'carbohydrates_g': 0, 'of_which_sugars_g': 0, 'fat_g': 0, 'of_which_saturated_fat_g': 0, 'dietary_fiber_g': 0, 'sodium_mg': 0}",,4,,enriched,['openfoodfacts'],Beverages,Lipton,,openfoodfacts,,,https://images.openfoodfacts.org/images/products/506/327/010/5818/front_en.3.400.jpg,"['thé noir', 'arômes naturels de citron', 'écorce de citron .']"
https://world.openfoodfacts.org/product/3502110003119,Plant Based Foods And Beverages,"Les extraits de thé peuvent former un léger dépôt naturel, sans incidence sur la qualité du produit. A consommer de préférence avant fin : voir le fond de la canette.",3502110003119,150 ml,Lipton Ice Tea saveur pêche 15 cl,[],d,173e7c243656,"{'energy_kcal': 19, 'protein_g': 0, 'carbohydrates_g': 4.6, 'of_which_sugars_g': 4.5, 'fat_g': 0, 'of_which_saturated_fat_g': 0, 'dietary_fiber_g': None, 'sodium_mg': 0.012}",,4,"Boisson rafraîchissante aux extraits de thé goût pêche, avec sucres et édulcorant.",enriched,['openfoodfacts'],Beverages,Lipton,France,openfoodfacts,https://images.openfoodfacts.org/images/products/350/211/000/3119/ingredients_fr.17.400.jpg,https://images.openfoodfacts.org/images/products/350/211/000/3119/nutrition_fr.63.400.jpg,https://images.openfoodfacts.org/images/products/350/211/000/3119/front_fr.68.400.jpg,"['Eau', 'sucre', 'fructose', 'acidifiants', 'extrait de thé noir', 'jus de pêche à base de concentré', ""correcteur d'acidité"", 'arômes', 'antioxydant', 'édulcorant']"
https://world.openfoodfacts.org/product/4062139009978,Beverages,,4062139009978,1.25l,Pfirsich Ice Tea,[],c,6d76c3de432b,"{'energy_kcal': 1, 'protein_g': 0, 'carbohydrates_g': 0, 'of_which_sugars_g': None, 'fat_g': 0, 'of_which_saturated_fat_g': None, 'dietary_fiber_g': None, 'sodium_mg': 8e-05}",,4,,enriched,['openfoodfacts'],Beverages,Lipton,,openfoodfacts,,,https://images.openfoodfacts.org/images/products/406/213/900/9978/front_en.28.400.jpg,"['Wasser', 'Säuerungsmittel Apfelsäure', 'Schwarzer Tee-Extrakt', 'Pfirsichsaft aus Pfirsichsaftkonzentrat', 'Aroma', 'Säureregulator Trinatriumcitrat', 'Antioxidationsmittel Ascorbinsäure', 'Süßungsmittel . (Rainforest Alliance Certified. Mehr Informationen unter ra.org.']"
https://world.openfoodfacts.org/product/8720608015450,Plant Based Foods And Beverages,,8720608015450,200g,LIPTON TEA YELLOW,[],unknown,b7ba8b519dbb,"{'energy_kcal': None, 'protein_g': None, 'carbohydrates_g': None, 'of_which_sugars_g': None, 'fat_g': None, 'of_which_saturated_fat_g': None, 'dietary_fiber_g': None, 'sodium_mg': None}",,,,enriched,['openfoodfacts'],Beverages,Lipton,"Italy, Morocco",openfoodfacts,,,https://images.openfoodfacts.org/images/products/872/060/801/5450/front_en.3.400.jpg,[]
https://world.openfoodfacts.org/product/5063270109557,Plant Based Foods And Beverages,,5063270109557,,Lipton Forest fruits,[],,35a2125bbf04,{},,,,not_found,['openfoodfacts'],Beverages,Lipton,,openfoodfacts,,,https://images.openfoodfacts.org/images/products/506/327/010/9557/front_el.4.400.jpg,[]
https://world.openfoodfacts.org/product/4060800168344,Beverages,,4060800168344,1.26L,Peach Iced Tea,[],c,c93694dbb0da,"{'energy_kcal': None, 'protein_g': None, 'carbohydrates_g': None, 'of_which_sugars_g': None, 'fat_g': None, 'of_which_saturated_fat_g': None, 'dietary_fiber_g': None, 'sodium_mg': None}",,4,,enriched,['openfoodfacts'],Beverages,Lipton,"France, United Kingdom",openfoodfacts,https://images.openfoodfacts.org/images/products/406/080/016/8344/ingredients_en.29.400.jpg,https://images.openfoodfacts.org/images/products/406/080/016/8344/nutrition_en.7.400.jpg,https://images.openfoodfacts.org/images/products/406/080/016/8344/front_en.20.400.jpg,"['Water', 'Sugars', 'Acids', 'Black Tea Extract', 'Peach Juice from Concentrate', 'Acidity Regulator', 'Flavourings', 'Antioxidant', 'Sweetener .']"
https://world.openfoodfacts.org/product/5063270105856,Plant Based Foods And Beverages,,5063270105856,32g,Thé  noir earl grey bergamote,[],,215b78fd3a35,{},,,,not_found,['openfoodfacts'],Beverages,Lipton,,openfoodfacts,,,https://images.openfoodfacts.org/images/products/506/327/010/5856/front_fr.4.400.jpg,[]
https://world.openfoodfacts.org/product/3168930166016,Beverages,"Après ouverture, à conserver au frais et à consommer dans les 3 jours. Les extraits de thé peuvent former un léger dépôt naturel, sans incidence sur la qualité du produit. À consommer de préférence avant le: voir bouteille.",3168930166016,500 ml,Lipton Ice Tea saveur pêche sans sucres,[],c,ebf9f5bddaeb,"{'energy_kcal': 1, 'protein_g': 0, 'carbohydrates_g': 0, 'of_which_sugars_g': 0, 'fat_g': 0, 'of_which_saturated_fat_g': 0, 'dietary_fiber_g': None, 'sodium_mg': 0.004}",,4,"Boisson rafraîchissante aux extraits de thé goût pêche, avec édulcorants.",enriched,['openfoodfacts'],Beverages,Lipton,France,openfoodfacts,,https://images.openfoodfacts.org/images/products/316/893/016/6016/nutrition_fr.39.400.jpg,https://images.openfoodfacts.org/images/products/316/893/016/6016/front_fr.28.400.jpg,"['Eau', 'acidifiants', 'extrait de thé noir⁽¹⁾', 'jus de pêche à base de concentré', 'arômes', ""correcteur d'acidité"", 'édulcorants', 'antioxydant', ""⁽¹⁾ Certifié Rainforest Alliance. Plus d'informations sur ra.org. People and nature = l'humain et la nature.""]"
https://world.openfoodfacts.org/product/8711327501461,Plant Based Foods And Beverages,,8711327501461,1.5 l,Green iced tea,[],,4f4033c318b7,{},,,,not_found,['openfoodfacts'],Beverages,Lipton,,openfoodfacts,,,https://images.openfoodfacts.org/images/products/871/132/750/1461/front_fr.3.400.jpg,[]
https://world.openfoodfacts.org/product/3168930175711,Beverages,,3168930175711,,Lipton Ice Tea PÉTILLANT Citron Citron Vert,[],d,af3b414bdeb1,"{'energy_kcal': 19, 'protein_g': 0, 'carbohydrates_g': 4.5, 'of_which_sugars_g': 4.4, 'fat_g': 0, 'of_which_saturated_fat_g': 0, 'dietary_fiber_g': None, 'sodium_mg': 0.012}",,4,,enriched,['openfoodfacts'],Beverages,Lipton,France,openfoodfacts,,https://images.openfoodfacts.org/images/products/316/893/017/5711/nutrition_fr.17.400.jpg,https://images.openfoodfacts.org/images/products/316/893/017/5711/front_fr.15.400.jpg,"['Eau gazéifiée', 'sucre', 'fructose', 'acidifiants', ""extra de thé noir'&quot"", 'jus de citron à base de concentré', 'arômes', 'correcteur d’acidité', 'antioxydant', 'édulcorant']"
https://world.openfoodfacts.org/product/8711327587205,Beverages,,8711327587205,2 l,Ice Tea Pêssego,[],unknown,30779e16b234,"{'energy_kcal': None, 'protein_g': None, 'carbohydrates_g': None, 'of_which_sugars_g': None, 'fat_g': None, 'of_which_saturated_fat_g': None, 'dietary_fiber_g': None, 'sodium_mg': None}",,,,enriched,['openfoodfacts'],Beverages,Lipton,,openfoodfacts,,,https://images.openfoodfacts.org/images/products/871/132/758/7205/front_pt.3.400.jpg,[]
https://world.openfoodfacts.org/product/6111018903161,Plant Based Foods And Beverages,,6111018903161,45 g (25 dh),Nescafé Classic,[],unknown,400bfb0b721e,"{'energy_kcal': 267, 'protein_g': 8, 'carbohydrates_g': 34, 'of_which_sugars_g': 3.7, 'fat_g': 0.5, 'of_which_saturated_fat_g': 0.2, 'dietary_fiber_g': 17, 'sodium_mg': 0.01}",Maroc,,,enriched,"['openfoodfacts', 'openfoodfacts', 'openfoodfacts', 'openfoodfacts', 'openfoodfacts', 'openfoodfacts', 'openfoodfacts']",Beverages,Nescafe,Maroc,openfoodfacts,https://images.openfoodfacts.org/images/products/611/101/890/3161/ingredients_fr.15.400.jpg,https://images.openfoodfacts.org/images/products/611/101/890/3161/nutrition_ar.22.400.jpg,https://images.openfoodfacts.org/images/products/611/101/890/3161/front_fr.48.400.jpg,['Good Food Godf Neste. تحدث إلي نستله 080 105 10 10 82 100 800 ig صنع من طرف نستله المغرب الطقة الصناعية الجديدة 2440 ONSSAN CTC 53-05-13 vasi ستورد من طرف نستله تونس لتوزيع، ب زغوان - تونس تورد من طرف نستله الجزائرش. درة الزوار - 1531 الجزائر www.nestlemaghreb.com NUTRITIONAL COMPASS علامة تجارية مسجلة لشركة']
https://world.openfoodfacts.org/product/6111018903185,Plant Based Foods And Beverages,,6111018903185,90g,Nescafe classic,[],,bdb9a8eba4d9,{},,,,not_found,"['openfoodfacts', 'openfoodfacts', 'openfoodfacts']",Beverages,Nescafe,,openfoodfacts,,,https://images.openfoodfacts.org/images/products/611/101/890/3185/front_ar.19.400.jpg,[]
https://world.openfoodfacts.org/product/8410100020549,Plant Based Foods And Beverages,,8410100020549,200 g,café soluble Nescafé,[],unknown,87893e876ecc,"{'energy_kcal': 2, 'protein_g': 0.2, 'carbohydrates_g': 0.1, 'of_which_sugars_g': 0.1, 'fat_g': 0, 'of_which_saturated_fat_g': 0, 'dietary_fiber_g': 0.7, 'sodium_mg': 0.004}",,1,Café soluble,enriched,['openfoodfacts'],Beverages,Nestlé,"Francia, Alemania, Marruecos, España",openfoodfacts,https://images.openfoodfacts.org/images/products/841/010/002/0549/ingredients_en.7.400.jpg,https://images.openfoodfacts.org/images/products/841/010/002/0549/nutrition_es.58.400.jpg,https://images.openfoodfacts.org/images/products/841/010/002/0549/front_en.8.400.jpg,['soluble coffee']
https://world.openfoodfacts.org/product/8410100021553,Plant Based Foods And Beverages,,8410100021553,100 g,Nescafé classic descafeinado,[],unknown,240a6731800f,"{'energy_kcal': None, 'protein_g': None, 'carbohydrates_g': None, 'of_which_sugars_g': None, 'fat_g': None, 'of_which_saturated_fat_g': None, 'dietary_fiber_g': None, 'sodium_mg': None}",,1,Café soluble descafeinado,enriched,"['openfoodfacts', 'openfoodfacts']",Beverages,Nestlé,,openfoodfacts,,,https://images.openfoodfacts.org/images/products/841/010/002/1553/front_es.45.400.jpg,['Café soluble.']
https://world.openfoodfacts.org/product/5201219046154,Plant Based Foods And Beverages,,5201219046154,200g,Frappe,[],unknown,84c5d6dd98dd,"{'energy_kcal': None, 'protein_g': None, 'carbohydrates_g': None, 'of_which_sugars_g': None, 'fat_g': None, 'of_which_saturated_fat_g': None, 'dietary_fiber_g': None, 'sodium_mg': None}",,1,,enriched,['openfoodfacts'],Beverages,Nescafe,"Cyprus, France, Greece, United Kingdom",openfoodfacts,,https://images.openfoodfacts.org/images/products/520/121/904/6154/nutrition_en.19.400.jpg,https://images.openfoodfacts.org/images/products/520/121/904/6154/front_en.13.400.jpg,['100% coffee']
https://world.openfoodfacts.org/product/8445291259331,Plant Based Foods And Beverages,,8445291259331,1pcs,NESCAFE 3 in 1 Classic,[],,905e23070773,{},,,,not_found,['openfoodfacts'],Beverages,Nescafe,,openfoodfacts,,,https://images.openfoodfacts.org/images/products/844/529/125/9331/front_de.26.400.jpg,[]
https://world.openfoodfacts.org/product/80000822,Plant Based Foods And Beverages,,80000822,100 g,Nescafe' Classic,[],unknown,9cbd8b41d8aa,"{'energy_kcal': 1, 'protein_g': 0.2, 'carbohydrates_g': 0.3, 'of_which_sugars_g': 0, 'fat_g': 0, 'of_which_saturated_fat_g': 0, 'dietary_fiber_g': 23.8, 'sodium_mg': 0}",,1,Caffè solubile,enriched,['openfoodfacts'],Beverages,Nescafe,"Italia, Spagna",openfoodfacts,https://images.openfoodfacts.org/images/products/000/008/000/0822/ingredients_it.36.400.jpg,https://images.openfoodfacts.org/images/products/000/008/000/0822/nutrition_it.25.400.jpg,https://images.openfoodfacts.org/images/products/000/008/000/0822/front_it.23.400.jpg,['Caffè solubile']
https://world.openfoodfacts.org/product/6111018501503,Plant Based Foods And Beverages,,6111018501503,1.8g,Nescafe classic,[],,f398d44a2962,{},,,,not_found,"['openfoodfacts', 'openfoodfacts']",Beverages,Nestlé,,openfoodfacts,,,https://images.openfoodfacts.org/images/products/611/101/850/1503/front_en.7.400.jpg,[]
https://world.openfoodfacts.org/product/8410100082028,Plant Based Foods And Beverages,,8410100082028,,Nescafe classic natural,[],unknown,fef679b2c0bb,"{'energy_kcal': None, 'protein_g': None, 'carbohydrates_g': None, 'of_which_sugars_g': None, 'fat_g': None, 'of_which_saturated_fat_g': None, 'dietary_fiber_g': None, 'sodium_mg': None}",,,,enriched,['openfoodfacts'],Beverages,Nestlé,"Marruecos, España",openfoodfacts,,,https://images.openfoodfacts.org/images/products/841/010/008/2028/front_es.3.400.jpg,[]
https://world.openfoodfacts.org/product/7613033835018,Plant Based Foods And Beverages,,7613033835018,,Classic crema,[],,b8e8bf52bedc,{},,,,not_found,['openfoodfacts'],Beverages,Nestlé,,openfoodfacts,,,https://images.openfoodfacts.org/images/products/761/303/383/5018/front_es.12.400.jpg,[]
https://world.openfoodfacts.org/product/6111018909484,Plant Based Foods And Beverages,,6111018909484,30g,Nescafé classic 30g,[],unknown,c0cec5bbe212,"{'energy_kcal': None, 'protein_g': None, 'carbohydrates_g': None, 'of_which_sugars_g': None, 'fat_g': None, 'of_which_saturated_fat_g': None, 'dietary_fiber_g': None, 'sodium_mg': None}",,,,enriched,['openfoodfacts'],Beverages,Nescafe,Morocco,openfoodfacts,https://images.openfoodfacts.org/images/products/611/101/890/9484/ingredients_en.5.400.jpg,https://images.openfoodfacts.org/images/products/611/101/890/9484/nutrition_en.7.400.jpg,https://images.openfoodfacts.org/images/products/611/101/890/9484/front_en.3.400.jpg,['قهوة سريعة التحضير']
https://world.openfoodfacts.org/product/4606272038763,Plant Based Foods And Beverages,,4606272038763,95g,Натуральный растворимый порошкообразный кофе NESCAFÉ® CLASSIC CREMA,[],,ab0317e6f7d5,{},,,,not_found,['openfoodfacts'],Beverages,Nescafe,,openfoodfacts,,,,[]
https://world.openfoodfacts.org/product/8410100020570,Plant Based Foods And Beverages,,8410100020570,20 g (10 x 2 g),Nescafé Classic,[],unknown,2bf9724d1b00,"{'energy_kcal': None, 'protein_g': None, 'carbohydrates_g': None, 'of_which_sugars_g': None, 'fat_g': None, 'of_which_saturated_fat_g': None, 'dietary_fiber_g': None, 'sodium_mg': None}",España,,,enriched,"['openfoodfacts', 'openfoodfacts']",Beverages,Nestlé,Spanje,openfoodfacts,https://images.openfoodfacts.org/images/products/841/010/002/0570/ingredients_es.10.400.jpg,https://images.openfoodfacts.org/images/products/841/010/002/0570/nutrition_ar.35.400.jpg,https://images.openfoodfacts.org/images/products/841/010/002/0570/front_nl.40.400.jpg,['100% café']
https://world.openfoodfacts.org/product/8410100021577,Plant Based Foods And Beverages,,8410100021577,"10 X 2g  1,19€ 16/09/22",Classic descafeinado,[],unknown,2cde3e8d09cf,"{'energy_kcal': None, 'protein_g': None, 'carbohydrates_g': None, 'of_which_sugars_g': None, 'fat_g': None, 'of_which_saturated_fat_g': None, 'dietary_fiber_g': None, 'sodium_mg': None}",,1,,enriched,"['openfoodfacts', 'openfoodfacts']",Beverages,Nestlé,"France, Espagne",openfoodfacts,,https://images.openfoodfacts.org/images/products/841/010/002/1577/nutrition_fr.11.400.jpg,https://images.openfoodfacts.org/images/products/841/010/002/1577/front_fr.5.400.jpg,['Café']
https://world.openfoodfacts.org/product/7891000255049,Plant Based Foods And Beverages,,7891000255049,100 g,Nescafé classic- café instantáneo,[],unknown,0262650ae220,"{'energy_kcal': None, 'protein_g': None, 'carbohydrates_g': None, 'of_which_sugars_g': None, 'fat_g': None, 'of_which_saturated_fat_g': None, 'dietary_fiber_g': None, 'sodium_mg': None}",,1,,enriched,['openfoodfacts'],Beverages,Nescafe,,openfoodfacts,,,https://images.openfoodfacts.org/images/products/789/100/025/5049/front_es.3.400.jpg,['Разтворимо кафе']
https://world.openfoodfacts.org/product/7613036457712,Plant Based Foods And Beverages,,7613036457712,200g,Nescafe Classic Crema,[],unknown,9f1cbdce3434,"{'energy_kcal': None, 'protein_g': None, 'carbohydrates_g': None, 'of_which_sugars_g': None, 'fat_g': None, 'of_which_saturated_fat_g': None, 'dietary_fiber_g': None, 'sodium_mg': None}",,,,enriched,['openfoodfacts'],Beverages,Nestlé,Deutschland,openfoodfacts,https://images.openfoodfacts.org/images/products/761/303/645/7712/ingredients_de.28.400.jpg,,https://images.openfoodfacts.org/images/products/761/303/645/7712/front_de.21.400.jpg,['instant bean coffee']
https://world.openfoodfacts.org/product/5201219046109,Plant Based Foods And Beverages,,5201219046109,100 γρ,NESCAFE CLASSIC 100G TIN EXP 10 / 18 (GR),[],unknown,789fbde96860,"{'energy_kcal': None, 'protein_g': None, 'carbohydrates_g': None, 'of_which_sugars_g': None, 'fat_g': None, 'of_which_saturated_fat_g': None, 'dietary_fiber_g': None, 'sodium_mg': None}",,,,enriched,['openfoodfacts'],Beverages,Nescafe,,openfoodfacts,,,https://images.openfoodfacts.org/images/products/520/121/904/6109/front_en.17.400.jpg,[]
https://world.openfoodfacts.org/product/7613034025340,Plant Based Foods And Beverages,,7613034025340,100 tazas,Classic crème café soluble natural con crema,[],unknown,79ea385bfed0,"{'energy_kcal': 1, 'protein_g': 0.2, 'carbohydrates_g': 0.3, 'of_which_sugars_g': 0, 'fat_g': 0, 'of_which_saturated_fat_g': 0, 'dietary_fiber_g': None, 'sodium_mg': 0}",,1,Café soluble,enriched,['openfoodfacts'],Beverages,Nestlé,España,openfoodfacts,,,https://images.openfoodfacts.org/images/products/761/303/402/5340/front_en.4.400.jpg,['Café soluble']
https://world.openfoodfacts.org/product/7613031514793,Plant Based Foods And Beverages,,7613031514793,200g,Nescafé Classic Classic Mild Instantkaffee,[],,d4a7acaa991e,{},,,,not_found,['openfoodfacts'],Beverages,Nescafe,,openfoodfacts,,,https://images.openfoodfacts.org/images/products/761/303/151/4793/front_en.15.400.jpg,[]
https://world.openfoodfacts.org/product/8410100020563,Plant Based Foods And Beverages,,8410100020563,,Classic natural,[],unknown,a085b685c568,"{'energy_kcal': 118, 'protein_g': 7.8, 'carbohydrates_g': 3.1, 'of_which_sugars_g': 3.1, 'fat_g': 0.2, 'of_which_saturated_fat_g': None, 'dietary_fiber_g': 34.1, 'sodium_mg': None}",,1,,enriched,['openfoodfacts'],Beverages,Nescafe,"France, Espagne",openfoodfacts,https://images.openfoodfacts.org/images/products/841/010/002/0563/ingredients_fr.7.400.jpg,,https://images.openfoodfacts.org/images/products/841/010/002/0563/front_fr.22.400.jpg,['Café soluble']
https://world.openfoodfacts.org/product/7613031236480,Plant Based Foods And Beverages,,7613031236480,,Classic café soluble natural,[],,d8c2a1504465,{},,,,not_found,['openfoodfacts'],Beverages,Nescafe,,openfoodfacts,,,https://images.openfoodfacts.org/images/products/761/303/123/6480/front_es.15.400.jpg,[]
https://world.openfoodfacts.org/product/7613037043914,Plant Based Foods And Beverages,,7613037043914,100 g,Nescafé classic decaf,[],unknown,66b93af191ce,"{'energy_kcal': None, 'protein_g': None, 'carbohydrates_g': None, 'of_which_sugars_g': None, 'fat_g': None, 'of_which_saturated_fat_g': None, 'dietary_fiber_g': None, 'sodium_mg': None}",,,,enriched,['openfoodfacts'],Beverages,Nescafe,"Italy, Portugal",openfoodfacts,https://images.openfoodfacts.org/images/products/761/303/704/3914/ingredients_en.13.400.jpg,,https://images.openfoodfacts.org/images/products/761/303/704/3914/front_en.11.400.jpg,['Café']
https://world.openfoodfacts.org/product/7613033677724,Plant Based Foods,,7613033677724,,Nescafe Classic coffee,[],,883367b76ecc,{},,,,not_found,['openfoodfacts'],Plant Based Foods And Beverages,Nestlé,,openfoodfacts,,,https://images.openfoodfacts.org/images/products/761/303/367/7724/front_en.9.400.jpg,[]
https://world.openfoodfacts.org/product/4800361339568,Plant Based Foods And Beverages,,4800361339568,1.9g,nescafe stick (r) classic 1.9g,['Milk'],unknown,c6068d67d740,"{'energy_kcal': 5, 'protein_g': 0.2, 'carbohydrates_g': 2, 'of_which_sugars_g': None, 'fat_g': None, 'of_which_saturated_fat_g': None, 'dietary_fiber_g': 1, 'sodium_mg': None}",Philippines,,Nescafe Stick (Nescafe Classic Stick),enriched,['openfoodfacts'],Beverages,Nescafe,Philippines,openfoodfacts,https://images.openfoodfacts.org/images/products/480/036/133/9568/ingredients_en.42.400.jpg,https://images.openfoodfacts.org/images/products/480/036/133/9568/nutrition_en.34.400.jpg,https://images.openfoodfacts.org/images/products/480/036/133/9568/front_en.38.400.jpg,['100% Pure and Natural coffee']
https://world.openfoodfacts.org/product/7613031918867,,,7613031918867,,Nescafe Classic Instant Coffee 100g Glass,[],,c134babc569a,{},,,,not_found,['openfoodfacts'],Tea & Coffee,Nescafe,,openfoodfacts,,,https://images.openfoodfacts.org/images/products/761/303/191/8867/front_fr.3.400.jpg,[]
https://world.openfoodfacts.org/product/4600680017099,Plant Based Foods,,4600680017099,190gr,Nescafi,[],b,341f255486a8,"{'energy_kcal': 1, 'protein_g': 0.1, 'carbohydrates_g': 0, 'of_which_sugars_g': 0, 'fat_g': 0, 'of_which_saturated_fat_g': 0, 'dietary_fiber_g': 0, 'sodium_mg': 0}",,,,enriched,['openfoodfacts'],Tea & Coffee,Nescafe,France,openfoodfacts,https://images.openfoodfacts.org/images/products/460/068/001/7099/ingredients_fr.8.400.jpg,,https://images.openfoodfacts.org/images/products/460/068/001/7099/front_fr.3.400.jpg,[]
https://world.openfoodfacts.org/product/7891000361252,Plant Based Foods And Beverages,,7891000361252,47.5g,Coffee Classic,[],unknown,935eb0015dd2,"{'energy_kcal': None, 'protein_g': None, 'carbohydrates_g': None, 'of_which_sugars_g': None, 'fat_g': None, 'of_which_saturated_fat_g': None, 'dietary_fiber_g': None, 'sodium_mg': None}",,,,enriched,['openfoodfacts'],Beverages,Nescafe,Bahrain,openfoodfacts,,,https://images.openfoodfacts.org/images/products/789/100/036/1252/front_en.3.400.jpg,[]
https://world.openfoodfacts.org/product/6294003562083,,,6294003562083,24x20,Nescafe classic 3 in 1,['Milk'],unknown,6d985ee0347d,"{'energy_kcal': 213.548387096774, 'protein_g': 1.3, 'carbohydrates_g': 75, 'of_which_sugars_g': 55.9, 'fat_g': 13.6, 'of_which_saturated_fat_g': 12.4, 'dietary_fiber_g': 2.5, 'sodium_mg': 0}",,4,,enriched,['openfoodfacts'],Tea & Coffee,Nescafe,,openfoodfacts,,,https://images.openfoodfacts.org/images/products/629/400/356/2083/front_fr.25.400.jpg,"['Захар', 'глюкозен сироп', 'напълно хидрогенирано масло от палмови ядки', 'разтворимо кафе', 'стабилизатори', 'сол', 'МЛЕЧЕН протеин', 'емулгатори', 'ароматизанти.']"
https://world.openfoodfacts.org/product/7891000071823,Plant Based Foods,,7891000071823,0.03 kg,Nescafé Clásico,[],b,abbeb2f10fa3,"{'energy_kcal': 0, 'protein_g': 0, 'carbohydrates_g': 0, 'of_which_sugars_g': 0, 'fat_g': 0, 'of_which_saturated_fat_g': 0, 'dietary_fiber_g': None, 'sodium_mg': 0}",,,,enriched,['openfoodfacts'],Tea & Coffee,Nescafe,"Brésil, France",openfoodfacts,https://images.openfoodfacts.org/images/products/789/100/007/1823/ingredients_fr.4.400.jpg,,https://images.openfoodfacts.org/images/products/789/100/007/1823/front_en.12.400.jpg,[]
https://world.openfoodfacts.org/product/9002100112417,Plant Based Foods And Beverages,,9002100112417,200g,Kaffee - Classic Kräftig - löslicher Kaffee,[],,a021a67bfed7,{},,,,not_found,['openfoodfacts'],Beverages,Nescafe,,openfoodfacts,,,https://images.openfoodfacts.org/images/products/900/210/011/2417/front_en.5.400.jpg,[]
https://world.openfoodfacts.org/product/46247902,Plant Based Foods And Beverages,,46247902,190 г,Кофе Crema,[],unknown,258b251b4d68,"{'energy_kcal': None, 'protein_g': None, 'carbohydrates_g': None, 'of_which_sugars_g': None, 'fat_g': None, 'of_which_saturated_fat_g': None, 'dietary_fiber_g': None, 'sodium_mg': None}",,,,enriched,['openfoodfacts'],Beverages,Nescafe,Россия,openfoodfacts,,,https://images.openfoodfacts.org/images/products/000/004/624/7902/front_ru.3.400.jpg,[]
https://world.openfoodfacts.org/product/8445290774316,Beverage Preparations,,8445290774316,75 g,Nescafé classic natural,[],unknown,e1d2287443e5,"{'energy_kcal': 2, 'protein_g': 0.2, 'carbohydrates_g': 0.1, 'of_which_sugars_g': 0.1, 'fat_g': 0, 'of_which_saturated_fat_g': 0, 'dietary_fiber_g': 0.7, 'sodium_mg': 0.004}",,1,Café soluble,enriched,['openfoodfacts'],Beverages,Nestlé,,openfoodfacts,,,https://images.openfoodfacts.org/images/products/844/529/077/4316/front_fr.3.400.jpg,['soluble coffee']
https://world.openfoodfacts.org/product/8445290303080,Plant Based Foods And Beverages,,8445290303080,200g,Nescafe classic 200g,[],unknown,7f270f8b4e53,"{'energy_kcal': None, 'protein_g': None, 'carbohydrates_g': None, 'of_which_sugars_g': None, 'fat_g': None, 'of_which_saturated_fat_g': None, 'dietary_fiber_g': None, 'sodium_mg': None}",,,,enriched,['openfoodfacts'],Beverages,Nescafe,Latvia,openfoodfacts,https://images.openfoodfacts.org/images/products/844/529/030/3080/ingredients_lv.5.400.jpg,,https://images.openfoodfacts.org/images/products/844/529/030/3080/front_en.3.400.jpg,[]
https://world.openfoodfacts.org/product/8901030373930,Beverage Preparations,,8901030373930,100 g,Bru gold,[],unknown,cb836460804e,"{'energy_kcal': 300, 'protein_g': 0, 'carbohydrates_g': 0, 'of_which_sugars_g': 0, 'fat_g': 0, 'of_which_saturated_fat_g': 0, 'dietary_fiber_g': None, 'sodium_mg': 0}",,,,enriched,['openfoodfacts'],Beverages,Bru,,openfoodfacts,,,https://images.openfoodfacts.org/images/products/890/103/037/3930/front_en.3.400.jpg,[]
https://world.openfoodfacts.org/product/8901030815812,,,8901030815812,200 g,Coffee,['Eggs'],unknown,30f993452d54,"{'energy_kcal': None, 'protein_g': 0, 'carbohydrates_g': 0, 'of_which_sugars_g': 0, 'fat_g': 0, 'of_which_saturated_fat_g': 0, 'dietary_fiber_g': 0, 'sodium_mg': None}",,,,enriched,"['openfoodfacts', 'openfoodfacts']",Tea & Coffee,Bru,United States,openfoodfacts,,,https://images.openfoodfacts.org/images/products/890/103/081/5812/front_en.3.400.jpg,"['Coffee 53%', 'Chicory 47% milk', 'eggs']"
https://world.openfoodfacts.org/product/0068400564454,Plant Based Foods,,0068400564454,7 oz,Coffee bottle,[],e,3cbfe7f7452e,"{'energy_kcal': 250, 'protein_g': 0, 'carbohydrates_g': 50, 'of_which_sugars_g': 0, 'fat_g': 0, 'of_which_saturated_fat_g': 0, 'dietary_fiber_g': 0, 'sodium_mg': 0}",,1,,enriched,['openfoodfacts'],Tea & Coffee,Bru,United States,openfoodfacts,,,https://images.openfoodfacts.org/images/products/006/840/056/4454/front_en.5.400.jpg,"['Instant coffee', 'roasted chicory']"
https://world.openfoodfacts.org/product/8901030084188,,,8901030084188,200g,Coffee Powder,[],unknown,c7b0c959911b,"{'energy_kcal': None, 'protein_g': None, 'carbohydrates_g': None, 'of_which_sugars_g': None, 'fat_g': None, 'of_which_saturated_fat_g': None, 'dietary_fiber_g': None, 'sodium_mg': None}",,,,enriched,"['openfoodfacts', 'openfoodfacts']",Tea & Coffee,Bru,,openfoodfacts,,,https://images.openfoodfacts.org/images/products/890/103/008/4188/front_en.6.400.jpg,['INSTANT COFFEE-CHICORY MIXTURE']
https://world.openfoodfacts.org/product/8909106024199,Beverages,,8909106024199,,Bru Coffee 3rs Sachet,[],unknown,725e6aca13c9,"{'energy_kcal': None, 'protein_g': None, 'carbohydrates_g': None, 'of_which_sugars_g': None, 'fat_g': None, 'of_which_saturated_fat_g': None, 'dietary_fiber_g': None, 'sodium_mg': None}",,,,enriched,['openfoodfacts'],Beverages,Bru,"Germany, United States",openfoodfacts,,,https://images.openfoodfacts.org/images/products/890/910/602/4199/front_en.3.400.jpg,[]
https://world.openfoodfacts.org/product/4901038934656,Plant Based Foods,,4901038934656,1,BRU GOLD Edition,[],unknown,7c1014de445f,"{'energy_kcal': None, 'protein_g': None, 'carbohydrates_g': None, 'of_which_sugars_g': None, 'fat_g': None, 'of_which_saturated_fat_g': None, 'dietary_fiber_g': None, 'sodium_mg': None}",Mumbai India,,BRU GOLD Edition,enriched,['openfoodfacts'],Plant Based Foods And Beverages,Fssai,Nepal,openfoodfacts,,,https://images.openfoodfacts.org/images/products/490/103/893/4656/front_en.3.400.jpg,[]
https://world.openfoodfacts.org/product/8901036162514,Plant Based Foods And Beverages,,8901036162514,50 g,Super Strong Blend Coffee,[],unknown,20f17da5b2da,"{'energy_kcal': None, 'protein_g': None, 'carbohydrates_g': None, 'of_which_sugars_g': None, 'fat_g': None, 'of_which_saturated_fat_g': None, 'dietary_fiber_g': None, 'sodium_mg': None}",,1,,enriched,['openfoodfacts'],Beverages,Continental,,openfoodfacts,,,https://images.openfoodfacts.org/images/products/890/103/616/2514/front_en.7.400.jpg,['Coffee & chicory']
https://world.openfoodfacts.org/product/8901036173459,Plant Based Foods And Beverages,,8901036173459,100g,Continental Xtra 200g Jar | Instant Coffee | South Indian Blend with Chicory,[],unknown,e59cc637bfab,"{'energy_kcal': 360, 'protein_g': None, 'carbohydrates_g': None, 'of_which_sugars_g': None, 'fat_g': None, 'of_which_saturated_fat_g': None, 'dietary_fiber_g': None, 'sodium_mg': None}",India,1,Instant Coffee,enriched,['openfoodfacts'],Beverages,CCL Products (India) Limited,India,openfoodfacts,https://images.openfoodfacts.org/images/products/890/103/617/3459/ingredients_en.6.400.jpg,,https://images.openfoodfacts.org/images/products/890/103/617/3459/front_en.3.400.jpg,"['Coffee beans 70%', 'Chicory 30%']"
https://world.openfoodfacts.org/product/8901036163351,Plant Based Foods And Beverages,,8901036163351,,Continental Xtra Coffee Powder,[],,9c0ad30a9b97,{},,,,not_found,['openfoodfacts'],Beverages,Continental,,openfoodfacts,,,https://images.openfoodfacts.org/images/products/890/103/616/3351/front_en.15.400.jpg,[]
https://world.openfoodfacts.org/product/8901036173435,Plant Based Foods And Beverages,,8901036173435,25g,Xtra instant coffee,[],unknown,032b3fef40d1,"{'energy_kcal': None, 'protein_g': None, 'carbohydrates_g': None, 'of_which_sugars_g': None, 'fat_g': None, 'of_which_saturated_fat_g': None, 'dietary_fiber_g': None, 'sodium_mg': None}",,1,,enriched,['openfoodfacts'],Beverages,Continental,India,openfoodfacts,https://images.openfoodfacts.org/images/products/890/103/617/3435/ingredients_en.3.400.jpg,,https://images.openfoodfacts.org/images/products/890/103/617/3435/front_en.5.400.jpg,['Coffee Beans & Chicory']
https://world.openfoodfacts.org/product/2000000133525,Plant Based Foods And Beverages,,2000000133525,50g,Continental Strong,[],unknown,636a88101d4b,"{'energy_kcal': None, 'protein_g': None, 'carbohydrates_g': None, 'of_which_sugars_g': None, 'fat_g': None, 'of_which_saturated_fat_g': None, 'dietary_fiber_g': None, 'sodium_mg': None}",,,Super Strong Blend,enriched,['openfoodfacts'],Beverages,Continental,India,openfoodfacts,,,https://images.openfoodfacts.org/images/products/200/000/013/3525/front_en.3.400.jpg,['Coffee beans \r\nchicory']
https://world.openfoodfacts.org/product/96831434,Plant Based Foods,,96831434,22g,Continental This is Caramel coffee,['Milk'],e,17d9fb57ea94,"{'energy_kcal': 92.3, 'protein_g': 0.79, 'carbohydrates_g': 15.3, 'of_which_sugars_g': 11.6, 'fat_g': 3, 'of_which_saturated_fat_g': 3, 'dietary_fiber_g': 1.5, 'sodium_mg': 0.063908}",,4,,enriched,['openfoodfacts'],Tea & Coffee,Continental,,openfoodfacts,,,https://images.openfoodfacts.org/images/products/000/009/683/1434/front_en.10.400.jpg,"['Coffee creamer [Glucose syrup', 'Hydrogenated vegetable fat', 'Sodium caseinate', 'Emuisifier', 'Stabilizer  Anti-caking agent', 'Dairy Flavour)', 'Sugar', 'Instant Coffee  & Salt. CONTAINS ADDED FLAVOURS  Ingredients after reconstitution: Water', 'Coffee creamer [Glucose syrup', 'Hydrogenated vegetable fat', 'Sodium Caseinate', 'Emulsfer', 'Sttabilizer340.337.452)', 'Anti-caking agent 551)', 'Dairy Flavour)', 'Sugar', 'Instant Coffee & Salt']"
https://world.openfoodfacts.org/product/8901036393185,Plant Based Foods,,8901036393185,500g,Malgudi fresh filter coffee,[],b,6782ac682e9c,"{'energy_kcal': None, 'protein_g': None, 'carbohydrates_g': None, 'of_which_sugars_g': None, 'fat_g': None, 'of_which_saturated_fat_g': None, 'dietary_fiber_g': None, 'sodium_mg': None}",,1,Filter Coffee Powder,enriched,['openfoodfacts'],Tea & Coffee,Continental,India,openfoodfacts,,,https://images.openfoodfacts.org/images/products/890/103/639/3185/front_en.3.400.jpg,"['coffee 80%', 'Chicory 20%']"
https://world.openfoodfacts.org/product/8901036124246,Beverage Preparations,,8901036124246,,Cappuccino,[],,8ffd8ceeb925,{},,,,not_found,['openfoodfacts'],Beverages,Continental,,openfoodfacts,,,https://images.openfoodfacts.org/images/products/890/103/612/4246/front_en.3.400.jpg,[]
https://world.openfoodfacts.org/product/8901036161609,Beverage Preparations,,8901036161609,1 kg,Super Strong Blend Instant Coffee Chicory Mixture,[],unknown,58a1c2f2e87a,"{'energy_kcal': None, 'protein_g': None, 'carbohydrates_g': None, 'of_which_sugars_g': None, 'fat_g': None, 'of_which_saturated_fat_g': None, 'dietary_fiber_g': None, 'sodium_mg': None}",,1,,enriched,['openfoodfacts'],Beverages,Continental,India,openfoodfacts,,,https://images.openfoodfacts.org/images/products/890/103/616/1609/front_en.3.400.jpg,"['Coffee', 'Chicory']"
https://world.openfoodfacts.org/product/8901036393192,,,8901036393192,500gm,Continental Malgudi Coffee  53',[],,53b89bb23839,{},,,,not_found,['openfoodfacts'],Tea & Coffee,Continental,,openfoodfacts,,,https://images.openfoodfacts.org/images/products/890/103/639/3192/front_en.3.400.jpg,[]
https://world.openfoodfacts.org/product/8909106052185,Beverage Preparations,,8909106052185,15g,Classic Malt,"['Gluten', 'Milk', 'Soybeans']",unknown,b2fa358b6821,"{'energy_kcal': 377, 'protein_g': 11, 'carbohydrates_g': 79, 'of_which_sugars_g': 46, 'fat_g': 2, 'of_which_saturated_fat_g': 1.4, 'dietary_fiber_g': 0, 'sodium_mg': 0}",,4,,enriched,"['openfoodfacts', 'openfoodfacts', 'openfoodfacts', 'openfoodfacts']",Beverages,Horlicks,India,openfoodfacts,https://images.openfoodfacts.org/images/products/890/910/605/2185/ingredients_en.5.400.jpg,https://images.openfoodfacts.org/images/products/890/910/605/2185/nutrition_en.13.400.jpg,https://images.openfoodfacts.org/images/products/890/910/605/2185/front_en.3.400.jpg,"['Malt  [Barley', 'Wheat Flour', 'wwear', 'Millet]', 'Milk Solids', 'Sugar', 'Wheat Gluten', 'Minerals', 'Edible lodized Salt', 'Soy Protein Isolate', 'Acidity Regulators [INS 501', 'INS 500]', 'Vitamins. Allergen Information: Contains Wheat', 'Barley', 'Milk & Soy.']"
https://world.openfoodfacts.org/product/8901030976100,Beverage Preparations,,8901030976100,,Horlicks classic Malt 500g,[],unknown,a3733f3c2f2e,"{'energy_kcal': None, 'protein_g': None, 'carbohydrates_g': None, 'of_which_sugars_g': None, 'fat_g': None, 'of_which_saturated_fat_g': None, 'dietary_fiber_g': None, 'sodium_mg': None}",,,,enriched,['openfoodfacts'],Beverages,Horlicks,India,openfoodfacts,,,https://images.openfoodfacts.org/images/products/890/103/097/6100/front_en.3.400.jpg,[]
https://world.openfoodfacts.org/product/8901030976179,Plant Based Foods And Beverages,,8901030976179,750g,Horlicks Classic Malt,[],,55f68b5df191,{},,,,not_found,"['openfoodfacts', 'openfoodfacts', 'openfoodfacts', 'openfoodfacts', 'openfoodfacts', 'openfoodfacts', 'openfoodfacts', 'openfoodfacts', 'openfoodfacts', 'openfoodfacts']",Beverages,Horlicks,,openfoodfacts,,,https://images.openfoodfacts.org/images/products/890/103/097/6179/front_en.6.400.jpg,[]
https://world.openfoodfacts.org/product/8901030976056,Beverages,,8901030976056,1 kg,Horlicks Classic Malt,[],unknown,dd672255e559,"{'energy_kcal': None, 'protein_g': None, 'carbohydrates_g': None, 'of_which_sugars_g': None, 'fat_g': None, 'of_which_saturated_fat_g': None, 'dietary_fiber_g': None, 'sodium_mg': None}",,,,enriched,['openfoodfacts'],Beverages,Horlics,India,openfoodfacts,,,https://images.openfoodfacts.org/images/products/890/103/097/6056/front_en.3.400.jpg,[]
https://world.openfoodfacts.org/product/8901030795824,,,8901030795824,4,Horlicks Classic Malt 500g Cbd,[],,e6aeeaad1cfe,{},,,,not_found,['openfoodfacts'],Other,Hindustan Unilever Ltd,,openfoodfacts,,,https://images.openfoodfacts.org/images/products/890/103/079/5824/front_hi.6.400.jpg,[]
https://world.openfoodfacts.org/product/7622201679187,,,7622201679187,,BournVita,[],unknown,d4f4d015bc41,"{'energy_kcal': 393.33333333333, 'protein_g': 6.6666666666667, 'carbohydrates_g': 83.333333333333, 'of_which_sugars_g': 70, 'fat_g': 3.3333333333333, 'of_which_saturated_fat_g': 3.3333333333333, 'dietary_fiber_g': 3.3333333333333, 'sodium_mg': 0.46666666666668}",,,,enriched,"['openfoodfacts', 'openfoodfacts', 'openfoodfacts']",Chocolates & Confectionery,Cadbury,United States,openfoodfacts,,https://images.openfoodfacts.org/images/products/762/220/167/9187/nutrition_en.5.400.jpg,https://images.openfoodfacts.org/images/products/762/220/167/9187/front_en.3.400.jpg,[]
https://world.openfoodfacts.org/product/7622201766283,,,7622201766283,,Bournvita 1kg pet,[],,2a9d3d057dd3,{},,,,not_found,['openfoodfacts'],Chocolates & Confectionery,Cadbury,,openfoodfacts,,,https://images.openfoodfacts.org/images/products/762/220/176/6283/front_en.4.400.jpg,[]
https://world.openfoodfacts.org/product/7622201781187,,,7622201781187,6,Bournvita Biscuits 250,[],unknown,2e5e468fe2fb,"{'energy_kcal': 459, 'protein_g': 7.2, 'carbohydrates_g': 73.4, 'of_which_sugars_g': 30.2, 'fat_g': 15.3, 'of_which_saturated_fat_g': 6, 'dietary_fiber_g': None, 'sodium_mg': 0.3}",,,,enriched,['openfoodfacts'],Chocolates & Confectionery,Cadbury,France,openfoodfacts,,https://images.openfoodfacts.org/images/products/762/220/178/1187/nutrition_en.6.400.jpg,https://images.openfoodfacts.org/images/products/762/220/178/1187/front_en.3.400.jpg,[]
https://world.openfoodfacts.org/product/7622210492081,,,7622210492081,500gm,Bournvita 500G,[],,23316f85840b,{},,,,not_found,['openfoodfacts'],Chocolates & Confectionery,Cadbury,,openfoodfacts,,,https://images.openfoodfacts.org/images/products/762/221/049/2081/front_en.16.400.jpg,[]
https://world.openfoodfacts.org/product/8901233023748,,,8901233023748,,"Cadbury Bournvita Original Refill,500G",[],unknown,d3fdc178a8c8,"{'energy_kcal': 385, 'protein_g': 7, 'carbohydrates_g': 85.5, 'of_which_sugars_g': 71, 'fat_g': 2, 'of_which_saturated_fat_g': 1, 'dietary_fiber_g': 0, 'sodium_mg': 0}",,,,enriched,['openfoodfacts'],Chocolates & Confectionery,Cadbury,France,openfoodfacts,,https://images.openfoodfacts.org/images/products/890/123/302/3748/nutrition_fr.5.400.jpg,https://images.openfoodfacts.org/images/products/890/123/302/3748/front_fr.3.400.jpg,[]
https://world.openfoodfacts.org/product/5000218003195,,,5000218003195,450g,Complan,[],unknown,d1a1c769f617,"{'energy_kcal': None, 'protein_g': None, 'carbohydrates_g': None, 'of_which_sugars_g': None, 'fat_g': None, 'of_which_saturated_fat_g': None, 'dietary_fiber_g': None, 'sodium_mg': None}",,,,enriched,['openfoodfacts'],Breakfast Cereals,Complan,,openfoodfacts,,,https://images.openfoodfacts.org/images/products/500/021/800/3195/front_en.3.400.jpg,[]
https://world.openfoodfacts.org/product/8901542003028,,,8901542003028,,Strawberry,[],unknown,7cf3b65caa29,"{'energy_kcal': None, 'protein_g': None, 'carbohydrates_g': None, 'of_which_sugars_g': None, 'fat_g': None, 'of_which_saturated_fat_g': None, 'dietary_fiber_g': None, 'sodium_mg': None}",,,,enriched,['openfoodfacts'],Health & Nutrition,Complan,New Zealand,openfoodfacts,https://images.openfoodfacts.org/images/products/890/154/200/3028/ingredients_en.7.400.jpg,https://images.openfoodfacts.org/images/products/890/154/200/3028/nutrition_en.5.400.jpg,https://images.openfoodfacts.org/images/products/890/154/200/3028/front_en.3.400.jpg,[]
https://world.openfoodfacts.org/product/8710428015853,Suplementos Dietéticos,,8710428015853,,PediaSure sabor vainilla,[],not-applicable,ed682c022a32,"{'energy_kcal': None, 'protein_g': None, 'carbohydrates_g': None, 'of_which_sugars_g': None, 'fat_g': None, 'of_which_saturated_fat_g': None, 'dietary_fiber_g': None, 'sodium_mg': None}",,,,enriched,['openfoodfacts'],Health & Nutrition,Abbott,,openfoodfacts,,,https://images.openfoodfacts.org/images/products/871/042/801/5853/front_es.3.400.jpg,[]
https://world.openfoodfacts.org/product/0070074669540,,,0070074669540,,PediaSure Grow & Gain,"['Milk', 'Soybeans']",unknown,b744235c6f43,"{'energy_kcal': None, 'protein_g': None, 'carbohydrates_g': None, 'of_which_sugars_g': 0, 'fat_g': None, 'of_which_saturated_fat_g': 0, 'dietary_fiber_g': None, 'sodium_mg': None}",,4,,enriched,['openfoodfacts'],Health & Nutrition,Abbott,United States,openfoodfacts,,,https://images.openfoodfacts.org/images/products/007/007/466/9540/front_en.7.400.jpg,"['CORN SYRUP', 'BLEND OF VEGETABLE OILS', 'CORN MALTODEXTRIN', 'SUGAR', 'MILK PROTEIN CONCENTRATE', 'SOY PROTEIN ISOLATE', 'SHORT-CHAM', 'FRUCTOOLIGOSACCHARIDES', 'LESS THAN 2% OF: VITAMINS AND MINERALS', '+ MEDIUM CHAIN TRIGLYCERIDES', 'NATURAL AND ARTIFICIAL FLAVORS', 'SALT', 'SOY LECITHIN', 'TAURINE', 'INOSITOL', 'SCHIZOCHYTRIUM SP. OIL', 'L-CARNITINE TARTRATE.', 'VITAMINS AND MINERALS: POTASSIUM PHOSPHATE', 'POTASSIUM CITRATE', 'SODIUM CITRATE', 'CALCUM', 'PHOSPHATE', 'POTASSIUM CHLORIDE.', 'MAGNESIUM CHLORIDE.', 'CALCIUM CARBONATE', 'MAGNESIUM', 'PHOSPHATE', 'CHOLINE CHLORIDE.', 'POTASSIUM HYDROXIDE.', 'ASCORBYL PALMITATE', 'ASCORBIC ACID', 'FERROUS', 'SULFATE', 'MIXED TOCOPHEROLS', 'ZINC SULFATE', 'DI-ALPHA-TOCOPHERYL ACETATE', 'NIACINAMIDE', 'CALCIUM', 'PANTOTHENATE.', 'THIAMINE HYDROCHLORIDE.', 'MANGANESE SULFATE', 'PYRIDOXINE HYDROCHLORIDE', 'RIBOFLAVIN', 'COPPER SULFATE', 'VITAMIN A PALMITATE.', 'FOLIC ACID', 'POTASSIUM IODIDE.', 'CHROMIUM CHLORIDE', 'SODIUM SELENTE', 'PHYLLOQUINONE', 'SODIUM MOLYBDATE', 'BIOTIN', 'VITAMIN D3.', 'MENAQUINONE-7', 'VITAMIN B12.']"
https://world.openfoodfacts.org/product/0070074690520,,,0070074690520,,Vanilla Shake,[],,807de8811f3a,{},,,,not_found,['openfoodfacts'],Health & Nutrition,PediaSure,,openfoodfacts,,,https://images.openfoodfacts.org/images/products/007/007/469/0520/front_en.5.400.jpg,[]
https://world.openfoodfacts.org/product/8710428015877,,,8710428015877,,Pediasure chocolate,[],not-applicable,91147ce7c699,"{'energy_kcal': 226, 'protein_g': 6.82, 'carbohydrates_g': 29.24, 'of_which_sugars_g': 11.06, 'fat_g': 8.72, 'of_which_saturated_fat_g': 1.57, 'dietary_fiber_g': None, 'sodium_mg': 0.124}",,,,enriched,['openfoodfacts'],Health & Nutrition,PediaSure,España,openfoodfacts,,https://images.openfoodfacts.org/images/products/871/042/801/5877/nutrition_es.5.400.jpg,https://images.openfoodfacts.org/images/products/871/042/801/5877/front_es.3.400.jpg,[]
https://world.openfoodfacts.org/product/8427030014012,,,8427030014012,,Pediasure,[],,89dac3c5b778,{},,,,not_found,"['openfoodfacts', 'openfoodfacts', 'openfoodfacts', 'openfoodfacts', 'openfoodfacts', 'openfoodfacts', 'openfoodfacts', 'openfoodfacts', 'openfoodfacts', 'openfoodfacts', 'openfoodfacts', 'openfoodfacts', 'openfoodfacts', 'openfoodfacts', 'openfoodfacts', 'openfoodfacts', 'openfoodfacts', 'openfoodfacts']",Health & Nutrition,Abbott,,openfoodfacts,,,https://images.openfoodfacts.org/images/products/842/703/001/4012/front_es.7.400.jpg,[]
https://world.openfoodfacts.org/product/0070074580562,,,0070074580562,,Strawberry Shake,"['Milk', 'Soybeans']",c,cc32800c9b9f,"{'energy_kcal': 243, 'protein_g': 7, 'carbohydrates_g': 33, 'of_which_sugars_g': 9, 'fat_g': 9, 'of_which_saturated_fat_g': 1.5, 'dietary_fiber_g': 1, 'sodium_mg': 0.09}",,4,,enriched,['openfoodfacts'],Health & Nutrition,PediaSure,United States,openfoodfacts,,https://images.openfoodfacts.org/images/products/007/007/458/0562/nutrition_en.10.400.jpg,https://images.openfoodfacts.org/images/products/007/007/458/0562/front_en.18.400.jpg,"['WATER', 'CORN MALTODEXTRIN', 'BLEND OF VEGETABLE OILS', 'SUGAR', 'MILK PROTEIN CONCENTRATE', 'SOY PROTEIN ISOLATE', 'LESS THAN 0.5% OF: VITAMINS AND MINERALS', 'NATURAL AND ARTIFICIAL FLAVORS', 'CELLULOSE GEL', 'TUNA OIL', 'CELLULOSE GUM', 'MONOGLYCERIDES', 'SOY LECITHIN', 'CARRAGEENAN', 'INOSITOL', 'SALT', 'TAURINE', 'STEVIA LEAF EXTRACT', 'L-CARNITINE', 'AND LUTEIN', 'VITAMINS AND MINERALS: POTASSIUM CITRATE', 'CALCIUM PHOSPHATE', 'POTASSIUM CHLORIDE', 'MAGNESIUM PHOSPHATE', 'POTASSIUM PHOSPHATE', 'CALCIUM CARBONATE', 'ASCORBIC ACID', 'CHOLINE CHLORIDE', 'POTASSIUM HYDROXIDE', 'FERROUS SULFATE', 'dl-ALPHA-TOCOPHERYL ACETATE', 'ZINC SULFATE', 'NIACINAMIDE', 'CALCIUM PANTOTHENATE', 'MANGANESE SULFATE', 'THIAMINE HYDROCHLORIDE', 'PYRIDOXINE HYDROCHLORIDE', 'RIBOFLAVIN', 'VITAMIN A PALMITATE', 'COPPER SULFATE', 'FOLIC ACID', 'CHROMIUM CHLORIDE', 'POTASSIUM IODIDE', 'SODIUM MOLYBDATE', 'SODIUM SELENATE', 'BIOTIN', 'PHYLLOQUINONE', 'VITAMIN D3', 'VITAMIN B12', 'MENAQUINONE-7']"
https://world.openfoodfacts.org/product/0055325594956,,,0055325594956,4 x 235 ml,PediaSure Complete,[],,aa98f8620729,{},,,,not_found,"['openfoodfacts', 'openfoodfacts', 'openfoodfacts']",Health & Nutrition,Abbott,,openfoodfacts,,,https://images.openfoodfacts.org/images/products/005/532/559/4956/front_en.5.400.jpg,[]
https://world.openfoodfacts.org/product/0070074690490,,,0070074690490,,Grow & Gain,[],unknown,23c1f1324611,"{'energy_kcal': 101.26582278481, 'protein_g': 2.9535864978903, 'carbohydrates_g': 13.9240506329114, 'of_which_sugars_g': 3.79746835443038, 'fat_g': 3.79746835443038, 'of_which_saturated_fat_g': 0.632911392405063, 'dietary_fiber_g': 0.421940928270042, 'sodium_mg': 0.0379746835443038}",,,,enriched,['openfoodfacts'],Health & Nutrition,PediaSure,United States,openfoodfacts,,,https://images.openfoodfacts.org/images/products/007/007/469/0490/front_en.5.400.jpg,[]
https://world.openfoodfacts.org/product/8427030012636,,,8427030012636,,Pediasure sabor vainilla,[],,4308c52b25cc,{},,,,not_found,['openfoodfacts'],Health & Nutrition,PediaSure,,openfoodfacts,,,https://images.openfoodfacts.org/images/products/842/703/001/2636/front_es.7.400.jpg,[]
https://world.openfoodfacts.org/product/8710428015976,,,8710428015976,,Pediasure drink,[],unknown,09549b18f476,"{'energy_kcal': 101, 'protein_g': 3, 'carbohydrates_g': 13.5, 'of_which_sugars_g': 6, 'fat_g': 3.8, 'of_which_saturated_fat_g': 0.7, 'dietary_fiber_g': None, 'sodium_mg': 0.04}",,,,enriched,['openfoodfacts'],Health & Nutrition,Abbott,France,openfoodfacts,,https://images.openfoodfacts.org/images/products/871/042/801/5976/nutrition_en.11.400.jpg,https://images.openfoodfacts.org/images/products/871/042/801/5976/front_en.14.400.jpg,[]
https://world.openfoodfacts.org/product/8710428015969,,,8710428015969,,Pediasure drink,[],,da04930686f2,{},,,,not_found,['openfoodfacts'],Health & Nutrition,PediaSure,,openfoodfacts,,,https://images.openfoodfacts.org/images/products/871/042/801/5969/front_es.3.400.jpg,[]
https://world.openfoodfacts.org/product/8427030012865,,,8427030012865,,Pediasure Vainilla Polvo 850G,[],unknown,e6728c0eba0a,"{'energy_kcal': 0, 'protein_g': None, 'carbohydrates_g': None, 'of_which_sugars_g': None, 'fat_g': None, 'of_which_saturated_fat_g': None, 'dietary_fiber_g': None, 'sodium_mg': 0}",,,,enriched,['openfoodfacts'],Health & Nutrition,Abbott,France,openfoodfacts,,,,[]
https://world.openfoodfacts.org/product/8427030012773,,,8427030012773,,Pediasure fiber vainilla,[],not-applicable,038c7c178dd5,"{'energy_kcal': 101, 'protein_g': 2.8, 'carbohydrates_g': 10.93, 'of_which_sugars_g': 3.75, 'fat_g': 4.98, 'of_which_saturated_fat_g': 1.3, 'dietary_fiber_g': None, 'sodium_mg': 0.06}",,,,enriched,['openfoodfacts'],Health & Nutrition,Abbott,,openfoodfacts,,,https://images.openfoodfacts.org/images/products/842/703/001/2773/front_es.3.400.jpg,[]
https://world.openfoodfacts.org/product/8710428603425,,,8710428603425,,Fibre Feed,[],unknown,f100cbc25c65,"{'energy_kcal': None, 'protein_g': None, 'carbohydrates_g': None, 'of_which_sugars_g': None, 'fat_g': None, 'of_which_saturated_fat_g': None, 'dietary_fiber_g': None, 'sodium_mg': None}",,,,enriched,['openfoodfacts'],Health & Nutrition,PediaSure,Australia,openfoodfacts,,,,[]
https://world.openfoodfacts.org/product/8886451002860,Baby Foods,,8886451002860,850g,Pediasure Vanilla,"['Milk', 'Soybeans']",not-applicable,59f26404bbae,"{'energy_kcal': 454, 'protein_g': 14.1, 'carbohydrates_g': 64.74, 'of_which_sugars_g': 37, 'fat_g': 15, 'of_which_saturated_fat_g': 4.14, 'dietary_fiber_g': None, 'sodium_mg': 0.181}",,4,,enriched,['openfoodfacts'],Health & Nutrition,PediaSure,,openfoodfacts,,,https://images.openfoodfacts.org/images/products/888/645/100/2860/front_en.6.400.jpg,"['SKIM MILK POWDER', 'MALTODEXTRIN', 'SUCROSE', 'EDIBLE VEGETABLE OIL', 'LACTOSE', 'FRUCTO-OLIGOSACCHARIDE', 'MEDIUM CHAIN TRIGLYCERIDE  OIL', 'FLAVORING', 'L-ARGININE HCL', 'MINERALS VITAMINS', 'M-INOSITOL', 'TAURINE', 'L-CARNITINE LACTOBACILLUS ACIDOPHILUS  CONTAINS MILK']"
https://world.openfoodfacts.org/product/8886451006035,,,8886451006035,1,pediasure,[],unknown,3566b44308e1,"{'energy_kcal': None, 'protein_g': None, 'carbohydrates_g': None, 'of_which_sugars_g': None, 'fat_g': None, 'of_which_saturated_fat_g': None, 'dietary_fiber_g': None, 'sodium_mg': None}",,,,enriched,['openfoodfacts'],Other,abott,United Arab Emirates,openfoodfacts,,,,[]
https://world.openfoodfacts.org/product/0070074675367,,,0070074675367,,Pediasure Grow & Gane,[],unknown,66b07bb80dc7,"{'energy_kcal': 101.26582278481, 'protein_g': 2.9535864978903, 'carbohydrates_g': 13.924050632911, 'of_which_sugars_g': 3.7974683544304, 'fat_g': 3.7974683544304, 'of_which_saturated_fat_g': 0.63291139240506, 'dietary_fiber_g': 0.42194092827004, 'sodium_mg': 0.037974683544304}",,,,enriched,['openfoodfacts'],Health & Nutrition,Abbott,United States,openfoodfacts,,https://images.openfoodfacts.org/images/products/007/007/467/5367/nutrition_en.16.400.jpg,https://images.openfoodfacts.org/images/products/007/007/467/5367/front_en.14.400.jpg,[]
https://world.openfoodfacts.org/product/7501033962875,,,7501033962875,900 g,Fórmula para alimentación Pediasure enteral especializada sabor chocolate,[],,eb6bec039db6,{},,,,not_found,['openfoodfacts'],Health & Nutrition,PediaSure,,openfoodfacts,,,https://images.openfoodfacts.org/images/products/750/103/396/2875/front_es.4.400.jpg,[]
https://world.openfoodfacts.org/product/0070074675329,,,0070074675329,400g,PediaSure Vanilla,"['Milk', 'Soybeans']",not-applicable,a9e0612bf612,"{'energy_kcal': 454, 'protein_g': 14.1, 'carbohydrates_g': 64.74, 'of_which_sugars_g': 37, 'fat_g': 15, 'of_which_saturated_fat_g': 4.14, 'dietary_fiber_g': None, 'sodium_mg': 0.181}",,4,,enriched,"['openfoodfacts', 'openfoodfacts', 'openfoodfacts']",Health & Nutrition,Abbott,,openfoodfacts,,,https://images.openfoodfacts.org/images/products/007/007/467/5329/front_en.3.400.jpg,"['SKIM MILK POWDER', 'MALTODEXTRIN', 'SUCROSE', 'EDIBLE VEGETABLE OIL', 'LACTOSE', 'FRUCTO-OLIGOSACCHARIDE', 'MEDIUM CHAIN TRIGLYCERIDE  OIL', 'FLAVORING', 'L-ARGININE HCL', 'MINERALS VITAMINS', 'M-INOSITOL', 'TAURINE', 'L-CARNITINE LACTOBACILLUS ACIDOPHILUS  CONTAINS MILK']"
https://world.openfoodfacts.org/product/0070074675268,,,0070074675268,,PediaSure Grow&Gain,[],unknown,88c23d2fceaf,"{'energy_kcal': None, 'protein_g': None, 'carbohydrates_g': None, 'of_which_sugars_g': 0, 'fat_g': None, 'of_which_saturated_fat_g': 0, 'dietary_fiber_g': None, 'sodium_mg': None}",,,,enriched,['openfoodfacts'],Health & Nutrition,Abbott,United States,openfoodfacts,,,https://images.openfoodfacts.org/images/products/007/007/467/5268/front_en.3.400.jpg,[]
https://world.openfoodfacts.org/product/8710428015938,Beverages,,8710428015938,200ml,PediaSure vainilla,"['Milk', 'Soybeans']",unknown,3c5de0ac2081,"{'energy_kcal': None, 'protein_g': None, 'carbohydrates_g': None, 'of_which_sugars_g': None, 'fat_g': None, 'of_which_saturated_fat_g': None, 'dietary_fiber_g': None, 'sodium_mg': None}",,4,,enriched,"['openfoodfacts', 'openfoodfacts']",Beverages,Abbott,España,openfoodfacts,https://images.openfoodfacts.org/images/products/871/042/801/5938/ingredients_es.7.400.jpg,,https://images.openfoodfacts.org/images/products/871/042/801/5938/front_es.3.400.jpg,"['&lt', 'Agua', 'sacarosa', 'maltodextrina', 'aceites vegetales', 'concentrado de proteínas de la leche', 'cacao en polvo', 'fructooligosacáridos', 'minerales [cloruro potásico', 'fosfato potásico dibásico', 'citrato sódico', 'fosfato cálcico tribásico', 'fosfato de magnesio dibásico', 'sulfato ferroso', 'sulfato de zinc', 'citrato potásico', 'sulfato de manganeso', 'sulfato cúprico', 'yoduro potásico', 'molibdato sódico', 'cloruro de cromo', 'selenito sódico)', 'aislado de proteínas de soja', 'aislado de proteínas de guisante', 'aromas', 'emulsionantes', 'bitartrato de colina', 'estabilizante: E415', 'vitaminas', 'mioinositol', 'taurina', 'ácido docosahexaenoico [DHA] de aceite de C. Cohnii', 'ácido araquidónico [AA] de aceite de M. Alpina.']"
https://world.openfoodfacts.org/product/0070074679631,,,0070074679631,,Pediasure Harvest,[],,623c1b7fc178,{},,,,not_found,['openfoodfacts'],Health & Nutrition,Abbott,,openfoodfacts,,,https://images.openfoodfacts.org/images/products/007/007/467/9631/front_en.3.400.jpg,[]
https://world.openfoodfacts.org/product/8710428003591,,,8710428003591,,PediaSure Strawberry,[],unknown,f1b4d6b77598,"{'energy_kcal': None, 'protein_g': None, 'carbohydrates_g': None, 'of_which_sugars_g': 0, 'fat_g': None, 'of_which_saturated_fat_g': 0, 'dietary_fiber_g': None, 'sodium_mg': None}",,,,enriched,['openfoodfacts'],Health & Nutrition,Abbott,Australia,openfoodfacts,,,https://images.openfoodfacts.org/images/products/871/042/800/3591/front_en.3.400.jpg,[]
https://world.openfoodfacts.org/product/8886451004987,Dietary Supplements,,8886451004987,900 g,Pedia Sure,"['Milk', 'Soybeans']",not-applicable,fbc96ceb6b31,"{'energy_kcal': 454, 'protein_g': 14.1, 'carbohydrates_g': 64.74, 'of_which_sugars_g': 37, 'fat_g': 15, 'of_which_saturated_fat_g': 4.14, 'dietary_fiber_g': None, 'sodium_mg': 0.181}",,4,,enriched,['openfoodfacts'],Baby Food,Abbott,,openfoodfacts,,,https://images.openfoodfacts.org/images/products/888/645/100/4987/front_fr.3.400.jpg,"['SKIM MILK POWDER', 'MALTODEXTRIN', 'SUCROSE', 'EDIBLE VEGETABLE OIL', 'LACTOSE', 'FRUCTO-OLIGOSACCHARIDE', 'MEDIUM CHAIN TRIGLYCERIDE  OIL', 'FLAVORING', 'L-ARGININE HCL', 'MINERALS VITAMINS', 'M-INOSITOL', 'TAURINE', 'L-CARNITINE LACTOBACILLUS ACIDOPHILUS  CONTAINS MILK']"
https://world.openfoodfacts.org/product/8710428021151,,,8710428021151,,PediaSure plus fiber,[],unknown,19092530f031,"{'energy_kcal': None, 'protein_g': None, 'carbohydrates_g': None, 'of_which_sugars_g': 0, 'fat_g': None, 'of_which_saturated_fat_g': 0, 'dietary_fiber_g': None, 'sodium_mg': None}",,,,enriched,['openfoodfacts'],Health & Nutrition,Abbott,España,openfoodfacts,,,https://images.openfoodfacts.org/images/products/871/042/802/1151/front_es.6.400.jpg,['Enfamil NeuroPro Sensitive Infant Formula Milk Powder!The right nutrition is crucial for our little ones and still it can be difficult to manage. Found this website to buy Enfamil NeuroPro Sensitive Infant Formula today at amazing price!\r\n\r\n https://babypowdermilk.com/product/enfamil-neuropro-sensitive-infant-formula-powder-19-5-oz-tub/']
https://world.openfoodfacts.org/product/8427030015248,,,8427030015248,,PediaSure sabor chocolate,[],unknown,c81577e5c325,"{'energy_kcal': 100, 'protein_g': 3.03, 'carbohydrates_g': 12.9, 'of_which_sugars_g': 11.1, 'fat_g': 3.87, 'of_which_saturated_fat_g': 0.7, 'dietary_fiber_g': None, 'sodium_mg': 0.056}",,,,enriched,['openfoodfacts'],Health & Nutrition,Abbott,,openfoodfacts,,,https://images.openfoodfacts.org/images/products/842/703/001/5248/front_es.3.400.jpg,[]
https://world.openfoodfacts.org/product/0070074687605,,,0070074687605,,Pediasure Grow and Gain,[],unknown,3ad2826c1750,"{'energy_kcal': None, 'protein_g': None, 'carbohydrates_g': None, 'of_which_sugars_g': None, 'fat_g': None, 'of_which_saturated_fat_g': None, 'dietary_fiber_g': None, 'sodium_mg': None}",,,,enriched,['openfoodfacts'],Health & Nutrition,Abbott,United States,openfoodfacts,,,https://images.openfoodfacts.org/images/products/007/007/468/7605/front_en.3.400.jpg,[]
https://world.openfoodfacts.org/product/8851359984525,Bodybuilding Supplements,,8851359984525,400 g,Protinex Vanilla flavor,[],unknown,90149372e289,"{'energy_kcal': None, 'protein_g': None, 'carbohydrates_g': None, 'of_which_sugars_g': None, 'fat_g': None, 'of_which_saturated_fat_g': None, 'dietary_fiber_g': None, 'sodium_mg': None}",,,,enriched,['openfoodfacts'],Health & Nutrition,Protinex,,openfoodfacts,,,https://images.openfoodfacts.org/images/products/885/135/998/4525/front_fr.4.400.jpg,[]
https://world.openfoodfacts.org/product/8851359985157,,,8851359985157,,Protinex,[],unknown,e3fb8d351b07,"{'energy_kcal': 110, 'protein_g': 10, 'carbohydrates_g': 8, 'of_which_sugars_g': 8, 'fat_g': 4, 'of_which_saturated_fat_g': 0.5, 'dietary_fiber_g': None, 'sodium_mg': None}",,,,enriched,"['openfoodfacts', 'openfoodfacts']",Health & Nutrition,Protinex,Thailand,openfoodfacts,,,https://images.openfoodfacts.org/images/products/885/135/998/5157/front_en.3.400.jpg,[]
https://world.openfoodfacts.org/product/8906048500835,Bodybuilding Supplements,,8906048500835,250 g,Protinex Original,[],not-applicable,c2b854672ad8,"{'energy_kcal': 354, 'protein_g': 34, 'carbohydrates_g': 53.3, 'of_which_sugars_g': 32, 'fat_g': 0.5, 'of_which_saturated_fat_g': 0.42, 'dietary_fiber_g': None, 'sodium_mg': 245}",,4,,enriched,['openfoodfacts'],Health & Nutrition,Protinex,,openfoodfacts,,,https://images.openfoodfacts.org/images/products/890/604/850/0835/front_en.4.400.jpg,"['Peanut protein hydrolysate', 'Sugar', 'Malt extract', 'Maltodextrin', 'Minerals', 'Vitamins', 'Natural colour', 'Artificial flavouring substances']"
https://world.openfoodfacts.org/product/8906048501382,Bodybuilding Supplements,,8906048501382,18g,Protinex Chocolate Flavour,[],not-applicable,8f18fffac965,"{'energy_kcal': 359, 'protein_g': 34, 'carbohydrates_g': 51.8, 'of_which_sugars_g': 18, 'fat_g': 1.7, 'of_which_saturated_fat_g': 1.5, 'dietary_fiber_g': 0, 'sodium_mg': 0.3}",,,,enriched,"['openfoodfacts', 'openfoodfacts']",Health & Nutrition,Protinex,India,openfoodfacts,https://images.openfoodfacts.org/images/products/890/604/850/1382/ingredients_en.18.400.jpg,https://images.openfoodfacts.org/images/products/890/604/850/1382/nutrition_en.20.400.jpg,https://images.openfoodfacts.org/images/products/890/604/850/1382/front_en.15.400.jpg,[]
https://world.openfoodfacts.org/product/8906048500651,,,8906048500651,250 g,Protinex Chocolate Flavour,[],,c20f003f6a0e,{},,,,not_found,['openfoodfacts'],Health & Nutrition,Nutrica,,openfoodfacts,,,https://images.openfoodfacts.org/images/products/890/604/850/0651/front_en.4.400.jpg,[]
https://world.openfoodfacts.org/product/7622201148782,Sweet Snacks,,7622201148782,,DAIRY MILK,['Milk'],e,c4c0b13943d8,"{'energy_kcal': 535, 'protein_g': 7.5, 'carbohydrates_g': 55, 'of_which_sugars_g': 55, 'fat_g': 30.5, 'of_which_saturated_fat_g': 17.5, 'dietary_fiber_g': 2, 'sodium_mg': 0.00025}",,4,,enriched,"['openfoodfacts', 'openfoodfacts', 'openfoodfacts', 'openfoodfacts', 'openfoodfacts', 'openfoodfacts', 'openfoodfacts', 'openfoodfacts', 'openfoodfacts', 'openfoodfacts', 'openfoodfacts']",Snacks & Namkeen,Cadbury,United Kingdom,openfoodfacts,https://images.openfoodfacts.org/images/products/762/220/114/8782/ingredients_en.11.400.jpg,https://images.openfoodfacts.org/images/products/762/220/114/8782/nutrition_en.29.400.jpg,https://images.openfoodfacts.org/images/products/762/220/114/8782/front_en.27.400.jpg,"['milk', 'sugar', 'cocoa butter', 'cocoa mass', 'vegetable fats', 'emulsifiers', 'flavourings may contain nuts', 'wheat', 'quot', 'the equivalent of 426 ml of fresh liquid milk in every 227 g of milk chocolate', 'milk solids 20% minimum', 'actual 23 %', 'cocoa solids 20% minimum contains vegetable fats in addition to cocoa butter', 'uk']"
https://world.openfoodfacts.org/product/0072417161575,Sweet Snacks,,0072417161575,114 g,Milk Chocolate Biscuits,[],,a21c41fc297c,{},,,,not_found,['openfoodfacts'],Snacks & Namkeen,Cadbury,,openfoodfacts,,,https://images.openfoodfacts.org/images/products/007/241/716/1575/front_en.30.400.jpg,[]
https://world.openfoodfacts.org/product/96119341,Sweet Snacks,,96119341,,Little Bar,['Milk'],e,176da6351454,"{'energy_kcal': 533.333333333333, 'protein_g': 7.3, 'carbohydrates_g': 57, 'of_which_sugars_g': 56, 'fat_g': 30, 'of_which_saturated_fat_g': 18, 'dietary_fiber_g': 2.1, 'sodium_mg': 0.096}",,4,,enriched,['openfoodfacts'],Snacks & Namkeen,Cadbury,"France, United Kingdom, United States",openfoodfacts,https://images.openfoodfacts.org/images/products/000/009/611/9341/ingredients_en.45.400.jpg,https://images.openfoodfacts.org/images/products/000/009/611/9341/nutrition_en.43.400.jpg,https://images.openfoodfacts.org/images/products/000/009/611/9341/front_en.41.400.jpg,"['Milk chocolate. ents: Milk', 'sugar', 'cocoa butter', 'cocoa mass', 'vegetable fats', 'emulsifiers', 'flavourings. May contain nuts', 'wheat']"
https://world.openfoodfacts.org/product/7622201770419,Sweet Snacks,,7622201770419,160g,Marvellous Creations Dairy Milk Jelly Popping Candy,['Milk'],e,c1126e1d255b,"{'energy_kcal': 520.59925093633, 'protein_g': 6.3, 'carbohydrates_g': 60, 'of_which_sugars_g': 57, 'fat_g': 28, 'of_which_saturated_fat_g': 16, 'dietary_fiber_g': 2, 'sodium_mg': 0.088}",,4,,enriched,['openfoodfacts'],Snacks & Namkeen,Cadbury,United Kingdom,openfoodfacts,https://images.openfoodfacts.org/images/products/762/220/177/0419/ingredients_en.22.400.jpg,https://images.openfoodfacts.org/images/products/762/220/177/0419/nutrition_en.24.400.jpg,https://images.openfoodfacts.org/images/products/762/220/177/0419/front_en.20.400.jpg,"['MILK', 'sugar', 'cocoa butter', 'cocoa mass', 'vegetable fats', 'glucose syrup', 'modified starch', 'whole MILK powder', 'emulsifiers', 'carbon dioxide', 'factose', 'rice starch', 'glazing agents', 'flavourings', 'colours', 'acidity regulator', 'maize protein. MAY CONTAIN NUTS', 'WHEAT.']"
https://world.openfoodfacts.org/product/7622201149611,Sweet Snacks,,7622201149611,,Dairy Milk Fruit & Nut,"['Milk', 'Nuts']",e,04d34dff8aed,"{'energy_kcal': 500, 'protein_g': 7.8, 'carbohydrates_g': 55, 'of_which_sugars_g': 54, 'fat_g': 27, 'of_which_saturated_fat_g': 13, 'dietary_fiber_g': 3.2, 'sodium_mg': 0.076}",,4,,enriched,"['openfoodfacts', 'openfoodfacts']",Snacks & Namkeen,Cadbury,,openfoodfacts,,,https://images.openfoodfacts.org/images/products/762/220/114/9611/front_en.3.400.jpg,"['milk', 'sugar', 'dried grapes', 'cocoa butter', 'almonds', 'cocoa mass', 'vegetable fats', 'emulsifiers', 'flavourings']"
https://world.openfoodfacts.org/product/7622201149574,Sweet Snacks,,7622201149574,,DAIRY MILK WHOLE NUT,"['Milk', 'Nuts']",e,11e0591bda98,"{'energy_kcal': 552.103250478011, 'protein_g': 8.6, 'carbohydrates_g': 49, 'of_which_sugars_g': 48, 'fat_g': 35, 'of_which_saturated_fat_g': 15, 'dietary_fiber_g': 3.3, 'sodium_mg': 0.079}",,4,,enriched,['openfoodfacts'],Snacks & Namkeen,Cadbury,"Spain, United Kingdom",openfoodfacts,https://images.openfoodfacts.org/images/products/762/220/114/9574/ingredients_en.13.400.jpg,https://images.openfoodfacts.org/images/products/762/220/114/9574/nutrition_en.24.400.jpg,https://images.openfoodfacts.org/images/products/762/220/114/9574/front_en.22.400.jpg,"['Milk**', 'sugar', 'roasted hazelnuts', 'cocoa butter', 'cocoa mass', 'vegetable fats', 'emulsifiers', 'flavourings. May contain other nuts', 'wheat. **The equivalent of 426 ml of fresh liquid milk in every 227 g of milk chocolate. MILK CHOCOLATE: MILK SOLIDS 20% MINIMUM', 'ACTUAL 23 %. COCOA SOLIDS 20% MINIMUM. CONTAINS VEGETABLE FATS IN ADDITION TO COCOA BUTTER. 7 W']"
https://world.openfoodfacts.org/product/7622202258480,Sweet Snacks,,7622202258480,100g,DAIRY MILK buttons,[],,23896a49779f,{},,,,not_found,"['openfoodfacts', 'openfoodfacts', 'openfoodfacts']",Snacks & Namkeen,Cadbury,,openfoodfacts,,,https://images.openfoodfacts.org/images/products/762/220/225/8480/front_en.19.400.jpg,[]
https://world.openfoodfacts.org/product/5034660521877,Sweet Snacks,,5034660521877,120g,Dairy Milk Wholenut,"['Gluten', 'Milk', 'Nuts']",e,338f0089787a,"{'energy_kcal': 550, 'protein_g': 8.8, 'carbohydrates_g': 49, 'of_which_sugars_g': 48, 'fat_g': 35.5, 'of_which_saturated_fat_g': 16.5, 'dietary_fiber_g': 1.7, 'sodium_mg': 0.08}",,4,Tableta de chocolate con leche y avellanas,enriched,"['openfoodfacts', 'openfoodfacts']",Snacks & Namkeen,Cadbury,"Malta, España",openfoodfacts,https://images.openfoodfacts.org/images/products/503/466/052/1877/ingredients_ar.17.400.jpg,https://images.openfoodfacts.org/images/products/503/466/052/1877/nutrition_es.5.400.jpg,https://images.openfoodfacts.org/images/products/503/466/052/1877/front_es.3.400.jpg,"['YONE Family milk chocolate with hazelnuts . Ingredients: MILK**', 'sugar', 'roasted HAZELNUTS', 'cocoa butter', 'cocoa mass', 'vegetable fats', 'emulsifiers', 'flavourings. MAY CONTAIN OTHER NUTS', 'WHEAT. **The equivalent of 426ml of fresh liquid milk in every 227g of family milk chocolate. FAMILY MILK CHOCOLATE: MILK SOLIDS 20% MINIMUM', 'ACTUAL 23 %. COCOA SOLIDS 20% MINIMUM. CONTAINS VEGETABLE FATS IN ADDITION TO COCOA BUTTER. GR Σοκολάτα γάλακτος οικιακής χρήσης με φουντούκια . Συστατικά: ΓΑΛΑ**', 'ζάχαρη', 'ψημμένα ΦΟΥΝΤΟΥΚΙΑ', 'βούτυρο κακάο', 'κακαόμαζα', 'φυτικά λιπαρά', 'αρωματικές ύλες. ΜΠΟΡΕΙ ΝΑ ΠΕΡΙΕΧΕΙ ΑΛΛΟΥΣ ΞΗΡΟΥΣ ΚΑΡΠΟΥΣ ΚΑΙ ΣΙΤΑΡΙ. **Ισοδυναμεί με 426ml φρέσκου γάλακτος ανά 227g σοκολάτα γάλακτος οικιακής χρήσης. Η ΣΟΚΟΛΑΤΑ ΓΑΛΑΚΤΟΣ ΟΙΚΙΑΚΗΣ ΧΡΗΣΗΣ ΠΕΡΙΕΧΕΙ: ΣΤΕΡΕΑ ΚΑΚΑΟ 20% ΤΟΥΛΑΧΙΣΤΟΝ. ΠΕΡΙΕΧΕΙ ΦΥΤΙΚΑ ΛΙΠΑΡΑ ΕΠΙΠΛΕΟΝ ΤΟΥ ΒΟΥΤΥΡΟΥ ΤΟΥ ΚΑΚΑΟ. Huishoudmelkchocolade met hazelnoten . Ingrediënten: MELK suiker', 'geroosterde HAZELNOTEN', 'cacaoboter', 'cacaomassa', 'plantaardige vetten', 'emulgatoren', ""aroma's. KAN ANDERE NOTEN EN TARWE BEVATTEN **Gelijk aan 426ml verse melk in elke 227g huishoudmelkchocolade. HUISHOUDMELKCHOCOLADE: CACAO TENMINSTE 20% ANDERE PLANTAARDIGE VETTEN. CD Chocolate de leite familiar com avelãs . Ingredientes: LEITE cacau"", 'pasta de cacau', 'gorduras vegetais', 'emulsionantes', 'aromas. PODE CONTER OU TRIGO. **0 equivalente a 426ml de leite em cada 227g de chocolate de leite familiar CHOCOLATE DE LEITE FA OUTRAS GORDURAS VEGETAIS ALEM DA MANTEIGA DE CACAU. Chocolate familiar con leche c LECHE**', 'azúcar', 'AVELLANAS tostadas', 'manteca de cacao', 'pasta de cacao', 'grasas vegetales (palma', 'sh El equivalente a 426ml de leche en cada 227g de chocolate familiar con leche CHOCOLATE FAMILI των οποίων σάκχαρα / waarvan suikers / los cuales azúcares 5 034660 5 Store in a dry place. Protect Διατηρείται σε ξηρό μέρος. Η Droog en uit de warmte bew Conservar em lugar seco. Pr Conservar en lugar seco. Pro 2009 ατάνθρακες / Koolhydraten/ haratos de compone 48 g 7', '0g 8% 90g Vezels/Fibra/Fibra alimentaria 3', '3g 0', '59 Eiwitten/Proteínas 8.69 1', '3g 3% 50g 0', '20 g 0.039 7% 69']"
https://world.openfoodfacts.org/product/7622300737931,Sweet Snacks,,7622300737931,120g,Dairy Milk Caramel,['Milk'],e,a2d507d8af83,"{'energy_kcal': 485, 'protein_g': 4.8, 'carbohydrates_g': 62, 'of_which_sugars_g': 48, 'fat_g': 24, 'of_which_saturated_fat_g': 14, 'dietary_fiber_g': 1.3, 'sodium_mg': 0.157}",,4,,enriched,"['openfoodfacts', 'openfoodfacts', 'openfoodfacts', 'openfoodfacts']",Snacks & Namkeen,Cadbury,,openfoodfacts,,,https://images.openfoodfacts.org/images/products/762/230/073/7931/front_en.34.400.jpg,"['milk**', 'sugar', 'glucose syrup', 'cocoa butter', 'vegetable fats', 'glucose-fructose syrup', 'cocoa mass', 'whey powder', 'emulsifiers', 'salt', 'sodium carbonate', 'flavourings', '**the equivalent of 426ml of fresh liquid milk in every 227g of milk chocolatemilk chocolate: milk solids 20% minimum', 'actual 23%', 'contains vegetable fats in addition to cocoa butter', 'may contain nuts', 'wheat']"
https://world.openfoodfacts.org/product/7622300754136,Sweet Snacks,,7622300754136,120 g,Dairy Milk Oreo,"['Gluten', 'Milk', 'Soybeans']",e,6aa33c13135b,"{'energy_kcal': 560, 'protein_g': 5.3, 'carbohydrates_g': 55.3333333333333, 'of_which_sugars_g': 50, 'fat_g': 35, 'of_which_saturated_fat_g': 19, 'dietary_fiber_g': 1.5, 'sodium_mg': 0.122}",,4,,enriched,['openfoodfacts'],Snacks & Namkeen,Cadbury,"France, United Kingdom, United States",openfoodfacts,https://images.openfoodfacts.org/images/products/762/230/075/4136/ingredients_de.17.400.jpg,,https://images.openfoodfacts.org/images/products/762/230/075/4136/front_en.13.400.jpg,"['milk**', 'sugar', 'vegetable fats', 'cocoa butter', 'wheat flour', 'whey powder', 'skimmed milk powder', 'cocoa mass', 'milk fat', 'reduced fat cocoa powder', 'emulsifiers', 'glucose syrup', 'wheat starch', 'salt', 'acidity regulators', 'raising agent', 'flavourings', 'glucose-fructose syrup', '**the equivalent of 426ml of fresh liquid milk in every 227g of milk chocolate', 'milk chocolate: milk solids 20% minimum', 'actual 23%', 'contains vegetable fats in addition to cocoa butter', 'may contain nuts']"
https://world.openfoodfacts.org/product/6001065601069,Sweet Snacks,,6001065601069,,Dairy milk chocolate,"['Gluten', 'Milk']",e,4c3ca3a8edf2,"{'energy_kcal': 521.032504698, 'protein_g': 7.7, 'carbohydrates_g': 59, 'of_which_sugars_g': 58.5, 'fat_g': 27.5, 'of_which_saturated_fat_g': 16.5, 'dietary_fiber_g': 2.5, 'sodium_mg': 0.085}",,4,,enriched,"['openfoodfacts', 'openfoodfacts']",Snacks & Namkeen,Cadbury,"Germany, South Africa",openfoodfacts,https://images.openfoodfacts.org/images/products/600/106/560/1069/ingredients_en.27.400.jpg,https://images.openfoodfacts.org/images/products/600/106/560/1069/nutrition_en.13.400.jpg,https://images.openfoodfacts.org/images/products/600/106/560/1069/front_en.26.400.jpg,"['sugar', 'full cream milk powder', 'cocoa mass', 'cocoa butter', 'vegetable fats palm fruit', 'sunflower seed', 'shea nut', 'lipe seed', 'sal seed soyal', 'emulsifiers', 'tree nuis']"
https://world.openfoodfacts.org/product/6001065601243,Sweet Snacks,,6001065601243,0.01 kg,Dairy Milk Silk Chocolate,['Milk'],e,b86cbe42c897,"{'energy_kcal': 545, 'protein_g': 7.5, 'carbohydrates_g': 58.5, 'of_which_sugars_g': 55, 'fat_g': 30, 'of_which_saturated_fat_g': 20, 'dietary_fiber_g': None, 'sodium_mg': 0.125}",,4,,enriched,['openfoodfacts'],Snacks & Namkeen,Cadbury,,openfoodfacts,,,https://images.openfoodfacts.org/images/products/600/106/560/1243/front_en.18.400.jpg,"['Sugar', 'Milk solids', 'Cocoa butter', 'Cocoa solids', 'Emulisifiers', 'Flavours flavouring substances)']"
https://world.openfoodfacts.org/product/7622201746384,Sweet Snacks,,7622201746384,,dairy milk giant chocolate buttons,['Milk'],e,077722a1d2c7,"{'energy_kcal': 535, 'protein_g': 7.3, 'carbohydrates_g': 57, 'of_which_sugars_g': 56, 'fat_g': 30, 'of_which_saturated_fat_g': 18, 'dietary_fiber_g': 2.1, 'sodium_mg': 0.096}",,4,,enriched,['openfoodfacts'],Snacks & Namkeen,Cadbury,"France, United Kingdom",openfoodfacts,https://images.openfoodfacts.org/images/products/762/220/174/6384/ingredients_en.12.400.jpg,https://images.openfoodfacts.org/images/products/762/220/174/6384/nutrition_fr.31.400.jpg,https://images.openfoodfacts.org/images/products/762/220/174/6384/front_en.23.400.jpg,"['milk**', 'sugar', 'cocoa butter', 'cocoa mass', 'vegetable fats', 'emulsifier', 'flavourings', '**the equivalent of 426 ml of fresh liquid milk in every 227 g of milk chocolate', 'milk solids 20 % minimum', 'actual 23 %', 'cocoa solids 20% minimum', 'contains vegetable fats in addition to cocoa butter']"
https://world.openfoodfacts.org/product/7622202257940,Sweet Snacks,,7622202257940,100g,Dairy Milk Caramel nibbles,['Milk'],e,4e93a1b0471a,"{'energy_kcal': 497, 'protein_g': 5.7, 'carbohydrates_g': 59, 'of_which_sugars_g': 52, 'fat_g': 26, 'of_which_saturated_fat_g': 15, 'dietary_fiber_g': 1.6, 'sodium_mg': 0.122}",,4,,enriched,['openfoodfacts'],Snacks & Namkeen,Cadbury,,openfoodfacts,,,https://images.openfoodfacts.org/images/products/762/220/225/7940/front_en.44.400.jpg,"['MILK**', 'sugar', 'cocoa butter', 'glucose syrup', 'vegetable fats', 'glucose-fructose syrup', 'cocoa mass', 'whey powder', 'emulsifier', 'flavourings', 'salt', 'acidity regulator .']"
https://world.openfoodfacts.org/product/4025500278342,Snacks,,4025500278342,75 g,Dairy Milk with Flake,['Milk'],unknown,f778ad11ea71,"{'energy_kcal': 278.666666666667, 'protein_g': 4.66666666666667, 'carbohydrates_g': 30.4, 'of_which_sugars_g': 27.4666666666667, 'fat_g': 14.1333333333333, 'of_which_saturated_fat_g': 7.86666666666667, 'dietary_fiber_g': 1.33333333333333, 'sodium_mg': None}",,4,,enriched,['openfoodfacts'],Dairy,Cadbury,"Germany, United Kingdom",openfoodfacts,https://images.openfoodfacts.org/images/products/402/550/027/8342/ingredients_en.18.400.jpg,https://images.openfoodfacts.org/images/products/402/550/027/8342/nutrition_en.6.400.jpg,https://images.openfoodfacts.org/images/products/402/550/027/8342/front_en.4.400.jpg,"['Water', 'milk chocolate', 'emulsifier', 'flavourings)', 'concentrated skimmed milk', 'sugar', 'palm oil', 'cream', 'fat reduced cocoa powder', 'modified Maize Starch', 'Emulsifier', 'pork gelatine', 'dried whey', 'stabilisers', 'dried glucose Syrup', 'Acidity regulators']"
https://world.openfoodfacts.org/product/7622201681548,Sweet Snacks,,7622201681548,,Cadbury dairy milk Freddo easter egg,[],,9e5852a959e6,{},,,,not_found,['openfoodfacts'],Snacks & Namkeen,Cadbury,,openfoodfacts,,,https://images.openfoodfacts.org/images/products/762/220/168/1548/front_en.8.400.jpg,[]
https://world.openfoodfacts.org/product/7622201682378,Sweet Snacks,,7622201682378,120 g,Dairy Milk Salted Caramel,['Milk'],e,614ff5b60160,"{'energy_kcal': 485, 'protein_g': 4.9, 'carbohydrates_g': 62, 'of_which_sugars_g': 48, 'fat_g': 24, 'of_which_saturated_fat_g': 13, 'dietary_fiber_g': 1.3, 'sodium_mg': 0.244}",,4,,enriched,['openfoodfacts'],Snacks & Namkeen,Cadbury,United Kingdom,openfoodfacts,https://images.openfoodfacts.org/images/products/762/220/168/2378/ingredients_en.8.400.jpg,https://images.openfoodfacts.org/images/products/762/220/168/2378/nutrition_en.14.400.jpg,https://images.openfoodfacts.org/images/products/762/220/168/2378/front_en.19.400.jpg,"['da life helps farmers get the most their cocoa trees ough environmentally 7 622201 682378 &gt', 'iendly farming coalife', 'org e 120 g milk chocolate with salted caramel centre', 'redients: milk**', 'sugar', 'glucose syrup', 'vegetable fats', 'cocoa mass', 'cocoa butter', 'glucose - whey powder', 'emulsifiers', 'salt', 'flavourings', 'acidity regulator (sodium may contain nuts', 'wheat', '**the equivalent of 426 ml of fresh liquid milk in every 227 g of milk chocolate', 'milk chocolate: milk solids 20 % minimum', 'actual 23 %', 'contains vegetable fats in addition to cocoa butter', '* seed glu']"
https://world.openfoodfacts.org/product/7622300750367,Sweet Snacks,,7622300750367,90 g,Dairy Milk Chocolate Advent Calendar,[],,749c21b80a5f,{},,,,not_found,['openfoodfacts'],Snacks & Namkeen,Cadbury,,openfoodfacts,,,https://images.openfoodfacts.org/images/products/762/230/075/0367/front_en.39.400.jpg,[]
https://world.openfoodfacts.org/product/9300617064879,Sweet Snacks,,9300617064879,180g,Milk Chocolate,"['Milk', 'Soybeans']",e,c41d0cab0f01,"{'energy_kcal': 542.065009560229, 'protein_g': 7.2, 'carbohydrates_g': 57.2, 'of_which_sugars_g': 56, 'fat_g': 30.4, 'of_which_saturated_fat_g': 19.2, 'dietary_fiber_g': None, 'sodium_mg': 0.08}",,4,,enriched,['openfoodfacts'],Snacks & Namkeen,Cadbury,"Australia, New Zealand",openfoodfacts,https://images.openfoodfacts.org/images/products/930/061/706/4879/ingredients_en.7.400.jpg,https://images.openfoodfacts.org/images/products/930/061/706/4879/nutrition_en.52.400.jpg,https://images.openfoodfacts.org/images/products/930/061/706/4879/front_en.50.400.jpg,"['FULL CREAM MILK', 'SUGAR', 'COCOA BUTTER', 'COCOA MASS', 'MILK SOLIDS', 'EMULSIFIERS', 'FLAVOURS. MILK CHOCOLATE CONTAINS COCOA SOLIDS 27%', 'MILK SOLIDS MINIMUM 24%. ALLERGEN STATEMENT: CONTAINS MILK AND SOY. MAY CONTAIN TRACES OF WHEAT', 'PEANUTS AND TREE NUTS.']"
https://world.openfoodfacts.org/product/4025500278366,Sweet Snacks,,4025500278366,75g,Dairy milk buttons dessert,['Milk'],e,cd7c8e0045bf,"{'energy_kcal': 288, 'protein_g': 4.53333333333333, 'carbohydrates_g': 32.2666666666667, 'of_which_sugars_g': 29.2, 'fat_g': 15.4666666666667, 'of_which_saturated_fat_g': 8.66666666666667, 'dietary_fiber_g': 1.2, 'sodium_mg': 0.0466666666666667}",,4,,enriched,['openfoodfacts'],Snacks & Namkeen,Cadbury,United Kingdom,openfoodfacts,https://images.openfoodfacts.org/images/products/402/550/027/8366/ingredients_en.17.400.jpg,https://images.openfoodfacts.org/images/products/402/550/027/8366/nutrition_en.5.400.jpg,https://images.openfoodfacts.org/images/products/402/550/027/8366/front_en.3.400.jpg,"['ingredients water', 'milk chocolate  milk sugar cuckoo butter cuckumas vegetable fats and  emulsifier  gelatin dried way stabilizers pectin e412 dry glucose syrup acidity regulator sodium citrates salt. may contain nuts egg and cereals containing gluten']"
https://world.openfoodfacts.org/product/7622201148973,Sweet Snacks,,7622201148973,,Dairy Milk crunchie bits,[],,38bf5961de8f,{},,,,not_found,['openfoodfacts'],Snacks & Namkeen,Cadbury,,openfoodfacts,,,https://images.openfoodfacts.org/images/products/762/220/114/8973/front_en.3.400.jpg,[]
https://world.openfoodfacts.org/product/7622210400604,Sweet Snacks,,7622210400604,6 x 18 g,Dairy milk little bar,['Milk'],e,932723e03d14,"{'energy_kcal': 550, 'protein_g': 8.8, 'carbohydrates_g': 49, 'of_which_sugars_g': 48, 'fat_g': 36, 'of_which_saturated_fat_g': 17, 'dietary_fiber_g': 1.7, 'sodium_mg': 0.02}",,4,,enriched,['openfoodfacts'],Snacks & Namkeen,Cadbury,"United Kingdom, United States",openfoodfacts,https://images.openfoodfacts.org/images/products/762/221/040/0604/ingredients_en.26.400.jpg,https://images.openfoodfacts.org/images/products/762/221/040/0604/nutrition_en.22.400.jpg,https://images.openfoodfacts.org/images/products/762/221/040/0604/front_en.44.400.jpg,"['milk**', 'sugar', 'cocoa butter', 'cocoa mass', 'vegetable fats', 'emulsifiers', 'flavourings', 'sugar', 'cocoa: traded in compliance with fairtrade standards', 'total 70%', 'visit www', 'info', 'fairtrade', 'netmilk solids 20% minimum', 'actual 23%', 'cocoa solids 20% minimum', 'contains vegetable fats in addition to cocoa butter', '**the equivalent of 426ml of fresh liquid milk in every 227g of milk chocolatefairtrade means fairer trading conditions and opportunities for producers in developing countries to   invest in their businesses and communities for a sustainable future']"
https://world.openfoodfacts.org/product/5034660003960,Sweet Snacks,,5034660003960,,Cadbury dairy milk chocolate bar wholenut,[],,de8ec646219c,{},,,,not_found,['openfoodfacts'],Snacks & Namkeen,Cadbury,,openfoodfacts,,,https://images.openfoodfacts.org/images/products/503/466/000/3960/front_en.5.400.jpg,[]
https://world.openfoodfacts.org/product/7622210154125,Sweet Snacks,,7622210154125,120g,Cadbury dairy milk daim120g,"['Milk', 'Nuts', 'Soybeans']",e,ff583a1a8f86,"{'energy_kcal': 536.666666666667, 'protein_g': 6.33333333333333, 'carbohydrates_g': 56.6666666666667, 'of_which_sugars_g': 56.6666666666667, 'fat_g': 30.6666666666667, 'of_which_saturated_fat_g': 17, 'dietary_fiber_g': 1.66666666666667, 'sodium_mg': 0.17}",,4,,enriched,['openfoodfacts'],Snacks & Namkeen,Cadbury,"France, Ireland, Pakistan, United Kingdom, United States",openfoodfacts,https://images.openfoodfacts.org/images/products/762/221/015/4125/ingredients_en.21.400.jpg,https://images.openfoodfacts.org/images/products/762/221/015/4125/nutrition_en.23.400.jpg,https://images.openfoodfacts.org/images/products/762/221/015/4125/front_en.75.400.jpg,"['milk', 'sugar', 'cocoa butter', 'cocoa mass', 'blanched almonds', 'sweetened condensed skimmed milk', 'emulsifiers', 'salt', 'whey powder', 'skimmed milk powder', 'milk fat', 'whey permeate powder', 'flavourings']"
https://world.openfoodfacts.org/product/7622210295743,Sweet Snacks,,7622210295743,90 g,DAIRY MILK Freddo,['Milk'],e,7949419bbc4d,"{'energy_kcal': 536, 'protein_g': 7.3, 'carbohydrates_g': 57, 'of_which_sugars_g': 56, 'fat_g': 31, 'of_which_saturated_fat_g': 18, 'dietary_fiber_g': 2.1, 'sodium_mg': 0.096}",,4,,enriched,['openfoodfacts'],Snacks & Namkeen,Cadbury,,openfoodfacts,,,https://images.openfoodfacts.org/images/products/762/221/029/5743/front_en.26.400.jpg,"['milk**', 'sugar', 'cocoa butter', 'cocoa mass', 'vegetable fats', 'emulsifiers', 'flavourings', 'may contain nuts', '**the equivalent of 426 ml of sh liquid milk in every 227 g of milk chocolate', 'milk solids 20% minimum', 'actual 23 %', 'cocoa solids 20% minimum', 'contains vegetable fats in addition to cocoa butter', 'energy fat']"
https://world.openfoodfacts.org/product/7622201508524,Snacks,,7622201508524,35g,Dairy milk original,[],unknown,3e04bf698b82,"{'energy_kcal': None, 'protein_g': None, 'carbohydrates_g': None, 'of_which_sugars_g': None, 'fat_g': None, 'of_which_saturated_fat_g': None, 'dietary_fiber_g': None, 'sodium_mg': None}",,,,enriched,['openfoodfacts'],Dairy,Cadbury,Egypt,openfoodfacts,,,https://images.openfoodfacts.org/images/products/762/220/150/8524/front_en.4.400.jpg,[]
https://world.openfoodfacts.org/product/7622201681005,Sweet Snacks,,7622201681005,,Cream egg Easter egg,[],,73b316350f23,{},,,,not_found,['openfoodfacts'],Snacks & Namkeen,Cadbury,,openfoodfacts,,,https://images.openfoodfacts.org/images/products/762/220/168/1005/front_en.12.400.jpg,[]
https://world.openfoodfacts.org/product/7622201680978,,,7622201680978,,dairy milk egg,['Milk'],unknown,d1e8c1411356,"{'energy_kcal': None, 'protein_g': None, 'carbohydrates_g': None, 'of_which_sugars_g': None, 'fat_g': None, 'of_which_saturated_fat_g': None, 'dietary_fiber_g': None, 'sodium_mg': None}",,4,,enriched,['openfoodfacts'],Chocolates & Confectionery,Cadbury,Ireland,openfoodfacts,https://images.openfoodfacts.org/images/products/762/220/168/0978/ingredients_en.4.400.jpg,,https://images.openfoodfacts.org/images/products/762/220/168/0978/front_en.8.400.jpg,"['milk**', 'sugar', 'cocoa butter', 'cocoa mass', 'vegetable fats', 'emulsifier', 'flavourings', '*the equivalent of 426 ml of fresh liquid milk in every 227 g of milk chocolate', 'milk solids 20% minimum', 'actual 23 %', 'cocoa solids 20 % minimum', 'contains vegetable fats in addition to cocoa butter', 'energy fat of which saturat carbohydrate of which sugars fibre protein salt each 20 g contains fat saturates energy']"
https://world.openfoodfacts.org/product/4025500267346,Beverages,,4025500267346,250ml,Cadbury Creamy Chocolate Milkshake,['Milk'],e,4a32377a138c,"{'energy_kcal': 111, 'protein_g': 4.2, 'carbohydrates_g': 13.7, 'of_which_sugars_g': 10.3, 'fat_g': 4.5, 'of_which_saturated_fat_g': 2.7, 'dietary_fiber_g': 0.6, 'sodium_mg': 0.072}",,4,,enriched,['openfoodfacts'],Beverages,Cadbury,,openfoodfacts,,,https://images.openfoodfacts.org/images/products/402/550/026/7346/front_en.22.400.jpg,"['Whole milk', 'semi-skimmed milk', 'sugar syrup', 'milk chocolate powder', 'emulsifier )', 'cocoa powder', 'buttermilk powder', 'modified maize starch', 'stabilisers', 'flavouring', 'salt.']"
https://world.openfoodfacts.org/product/4025500278427,,,4025500278427,,DAIRY MILK WITH Mini eggs,[],unknown,a953549bdbca,"{'energy_kcal': 285.532186105799, 'protein_g': 4.2, 'carbohydrates_g': 37, 'of_which_sugars_g': 32.4, 'fat_g': 13.3, 'of_which_saturated_fat_g': 7.5, 'dietary_fiber_g': 1, 'sodium_mg': 0.047}",,,,enriched,['openfoodfacts'],Chocolates & Confectionery,Cadbury,United Kingdom,openfoodfacts,https://images.openfoodfacts.org/images/products/402/550/027/8427/ingredients_en.10.400.jpg,https://images.openfoodfacts.org/images/products/402/550/027/8427/nutrition_en.14.400.jpg,https://images.openfoodfacts.org/images/products/402/550/027/8427/front_en.7.400.jpg,"['b )  had to be as a Cadbury IS&quot', 'Кәм рәир и тәтем :иәрәбир assap aejoop crunchie pot']"
https://world.openfoodfacts.org/product/7622202293092,Sweet Snacks,,7622202293092,105g,Dairy Milk Lotus Biscoff,"['Gluten', 'Milk']",e,f6feb02bdf39,"{'energy_kcal': 525.714285714286, 'protein_g': 7.1, 'carbohydrates_g': 59, 'of_which_sugars_g': 53, 'fat_g': 28, 'of_which_saturated_fat_g': 16, 'dietary_fiber_g': 2, 'sodium_mg': 0.142}",,4,,enriched,['openfoodfacts'],Snacks & Namkeen,Cadbury,United Kingdom,openfoodfacts,https://images.openfoodfacts.org/images/products/762/220/229/3092/ingredients_en.96.400.jpg,https://images.openfoodfacts.org/images/products/762/220/229/3092/nutrition_en.111.400.jpg,https://images.openfoodfacts.org/images/products/762/220/229/3092/front_en.109.400.jpg,"['MILK**', 'sugar', 'cocoa mass', 'cocoa butter', 'WHEAT flour', 'vegetable fats', 'rapeseed oil', 'emulsifiers', 'candy sugar syrup', 'raising agent', 'cinnamon', 'salt', 'flavourings.']"
https://world.openfoodfacts.org/product/9300605002593,Plant Based Foods,,9300605002593,350g,Nestlé Milo Breakfast Cereal,"['Gluten', 'Milk', 'Soybeans']",c,580d432b7319,"{'energy_kcal': 382.409177820267, 'protein_g': 8.33333333333333, 'carbohydrates_g': 71.6666666666667, 'of_which_sugars_g': 24, 'fat_g': 4.66666666666667, 'of_which_saturated_fat_g': 1.66666666666667, 'dietary_fiber_g': 8.66666666666667, 'sodium_mg': 0.12}",,4,,enriched,['openfoodfacts'],Plant Based Foods And Beverages,Nestlé,,openfoodfacts,,,https://images.openfoodfacts.org/images/products/930/060/500/2593/front_en.35.400.jpg,"['i V Contains gluten containing ingredients milk and soy as indicated in bold type. Wholeqrain Cereals  [Wheat ) Sugar', 'Formulated Supplementary Food Base: MILO  [Malt Extract', 'Milk Powder', 'Sugar', 'Cocoal Emulsitier', 'Minerals Vitamins', 'Flavours', 'Salt. Vitamins and Minerals Minerals  Vitamins (C/ Niacin', 'E', 'Bli B6 and folic. May contain Other gluten containing ingredients.']"
https://world.openfoodfacts.org/product/5063089631607,,,5063089631607,75g,Chocolate chip stars,"['Milk', 'Soybeans']",unknown,1646abc9491d,"{'energy_kcal': 477, 'protein_g': 5.9, 'carbohydrates_g': 62, 'of_which_sugars_g': 27, 'fat_g': 22, 'of_which_saturated_fat_g': 13, 'dietary_fiber_g': 3.4, 'sodium_mg': 0.272}",,4,,enriched,['openfoodfacts'],Other,Asda free from gluten,United Kingdom,openfoodfacts,https://images.openfoodfacts.org/images/products/506/308/963/1607/ingredients_en.5.400.jpg,https://images.openfoodfacts.org/images/products/506/308/963/1607/nutrition_en.7.400.jpg,https://images.openfoodfacts.org/images/products/506/308/963/1607/front_en.3.400.jpg,"['Gluten Free Oat Flour', 'Salted Butter  [Butter', 'Salt]', 'Sugar', 'Dark Chocolate Chips  [Sugar', 'Cocoa Mass*', 'Cocoa Butter*', 'Flavouring', 'Emulsifier ]', 'Cornflour', 'Rice Flour', 'Raising Agent', 'Cane Molasses.']"
https://world.openfoodfacts.org/product/9556439886636,Sweet Snacks,,9556439886636,55g,captain munch,[],e,ce8e413316cb,"{'energy_kcal': 504, 'protein_g': 6, 'carbohydrates_g': 66.2, 'of_which_sugars_g': 34, 'fat_g': 23.9, 'of_which_saturated_fat_g': 13, 'dietary_fiber_g': 4, 'sodium_mg': 0.2}",,,,enriched,['openfoodfacts'],Snacks & Namkeen,munchy's,,openfoodfacts,,,https://images.openfoodfacts.org/images/products/955/643/988/6636/front_en.4.400.jpg,[]
https://world.openfoodfacts.org/product/9415559051365,Plant Based Foods,,9415559051365,,Skinny coated almonds,"['Gluten', 'Milk', 'Nuts', 'Sesame Seeds', 'Soybeans']",unknown,1cb466d8fe85,"{'energy_kcal': None, 'protein_g': None, 'carbohydrates_g': 35.7, 'of_which_sugars_g': 23.7, 'fat_g': 37.6, 'of_which_saturated_fat_g': 12.9, 'dietary_fiber_g': None, 'sodium_mg': 0.004}",,4,,enriched,['openfoodfacts'],Plant Based Foods And Beverages,Munch,New Zealand,openfoodfacts,https://images.openfoodfacts.org/images/products/941/555/905/1365/ingredients_en.5.400.jpg,https://images.openfoodfacts.org/images/products/941/555/905/1365/nutrition_en.7.400.jpg,https://images.openfoodfacts.org/images/products/941/555/905/1365/front_en.3.400.jpg,"['Roasted Almonds', 'Dark Chocolate', 'Natural Vanilla Flavour', 'Milk)', 'Freeze-Dried Raspberry Powder', 'Icing Sugar', 'Acidity Regulators  Dark Chocolate contains 55% Cocoa Solids Contains Almond', 'Soy', 'Milk This product is packaged in a facility where nut', 'gluten', 'milk', 'sesame', 'and soy-based products are packaged. This product may contain traces of peanuts', 'other nuts', 'gluten and sesame.']"
https://world.openfoodfacts.org/product/8901719130854,Sweet Snacks,,8901719130854,,Melody Chocolate,[],unknown,f4a246321769,"{'energy_kcal': 451, 'protein_g': 2.5, 'carbohydrates_g': 71, 'of_which_sugars_g': 54, 'fat_g': 17.4, 'of_which_saturated_fat_g': 7.2, 'dietary_fiber_g': None, 'sodium_mg': None}",,,,enriched,['openfoodfacts'],Snacks & Namkeen,Parle,"Canada, India",openfoodfacts,,,,[]
https://world.openfoodfacts.org/product/8901719220173,Sweet Snacks,,8901719220173,,Melody Chocolaty,"['Milk', 'Soybeans']",e,ad704a6ad83a,"{'energy_kcal': 428, 'protein_g': 2.9, 'carbohydrates_g': 75.3, 'of_which_sugars_g': 53.8, 'fat_g': 12.8, 'of_which_saturated_fat_g': 6.6, 'dietary_fiber_g': None, 'sodium_mg': 0.241}",,4,,enriched,"['openfoodfacts', 'openfoodfacts']",Snacks & Namkeen,Parle,,openfoodfacts,,,https://images.openfoodfacts.org/images/products/890/171/922/0173/front_en.5.400.jpg,"['SUGAR', 'LIQUID GLUCOSE', 'REFINED PALM OIL', 'COCOA SOLIDS', 'MILK SOLIDS', 'IODISED SALT AND EMULSIFIER OF VEGETABLE ORIGIN . CONTAINS ADDED FLAVOURS  CONTAINS: MILK & SOY MANUFACTURED FOR: Issai LIC. No.: 10013022002253 BPARLE BISCUITS PVT LTD NORTH LEVEL CROSSING', 'VILE PARLE EAST', 'MUMBAI', 'MH-40005 MFD. BY: -PARLE BISCUITS PVT LTD', '464', 'GONDE DUMALA', 'IGATPURI', 'NASHIK', 'MH-422403 LIC. No.: 10012022000125 -PARLE BISCUITS PVT LTD', '131/2', 'KIRKHINDI KHOPOLI-PEN ROAD', 'RAIGAD', 'MH-410202 LIC. No.: 10012022000118 -DHANANJAY CONFECTIONERIES PVT LTD', '42-53 LIC. No.: 10012026000035 SECTOR-F INDL AREA', 'SANWER ROAD', 'MP-452 -PARLE BISCUITS PVT LTD', 'E-7  & E-8. R AREA', 'NEEMRANA', 'ALWAR', 'RJ-301705 LIC. No.: 10012013000086 PARLE BISCUITS PVT LTD', '17', 'UDL-II APC 517432 RAM', 'CHITTOOR 13-508218 2084']"
https://world.openfoodfacts.org/product/7622210117779,Sweet Snacks,,7622210117779,130g,Eclairs Classic Chocolate Bag,"['Milk', 'Nuts']",e,31df584b67da,"{'energy_kcal': 450, 'protein_g': 4, 'carbohydrates_g': 71, 'of_which_sugars_g': 48, 'fat_g': 16, 'of_which_saturated_fat_g': 8.5, 'dietary_fiber_g': None, 'sodium_mg': 0.2}",,4,,enriched,['openfoodfacts'],Snacks & Namkeen,Cadbury,"France, United Kingdom, United States",openfoodfacts,https://images.openfoodfacts.org/images/products/762/221/011/7779/ingredients_fr.7.400.jpg,https://images.openfoodfacts.org/images/products/762/221/011/7779/nutrition_en.15.400.jpg,https://images.openfoodfacts.org/images/products/762/221/011/7779/front_en.13.400.jpg,"['glucose syrup', 'sugar', 'dried whole milk', 'palm oil', 'cocoa butter', 'cocoa mass', 'dried skimmed milk', 'dried whey', 'milk fat', 'emulsifiers', 'salt', 'acidity regulator', 'flavourings', 'may contain nuts']"
https://world.openfoodfacts.org/product/4099100115437,,,4099100115437,,Mini Éclairs Dessert Pastry,[],,74f3978cfcbb,{},,,,not_found,['openfoodfacts'],Other,Specially Selected,,openfoodfacts,,,https://images.openfoodfacts.org/images/products/409/910/011/5437/front_en.3.400.jpg,[]
https://world.openfoodfacts.org/product/7610449010800,Sweet Snacks,,7610449010800,165 g,Bricelets plats,"['Eggs', 'Gluten', 'Milk']",e,68d65587b080,"{'energy_kcal': 423, 'protein_g': 9.2, 'carbohydrates_g': 79, 'of_which_sugars_g': 34, 'fat_g': 7.3, 'of_which_saturated_fat_g': 3.7, 'dietary_fiber_g': 2.2, 'sodium_mg': 0.44}",Suisse,4,,enriched,['openfoodfacts'],Snacks & Namkeen,Eclair,Suisse,openfoodfacts,https://images.openfoodfacts.org/images/products/761/044/901/0800/ingredients_fr.18.400.jpg,https://images.openfoodfacts.org/images/products/761/044/901/0800/nutrition_fr.19.400.jpg,https://images.openfoodfacts.org/images/products/761/044/901/0800/front_fr.17.400.jpg,"['wheat flour', 'water', 'sugar', 'non-hydrogenated vegetable margarine', 'skimmed milk powder', 'eggs', '1% iodized cooking salt', 'emulsifier: soy lecithin', 'natural lemon flavor']"
https://world.openfoodfacts.org/product/7613269674061,Sweet Snacks,,7613269674061,260 g,Delicatesse,[],,b95cf446d4a6,{},,,,not_found,['openfoodfacts'],Snacks & Namkeen,Eclair,,openfoodfacts,,,https://images.openfoodfacts.org/images/products/761/326/967/4061/front_fr.23.400.jpg,[]
https://world.openfoodfacts.org/product/8714601009660,,,8714601009660,,Chocolate eclair,"['Milk', 'Soybeans']",unknown,d598f199c1d2,"{'energy_kcal': 490, 'protein_g': 2.8, 'carbohydrates_g': 70, 'of_which_sugars_g': 55, 'fat_g': 22, 'of_which_saturated_fat_g': 11, 'dietary_fiber_g': None, 'sodium_mg': 0.2}",,4,,enriched,['openfoodfacts'],Other,Chocolate eclairs,France,openfoodfacts,https://images.openfoodfacts.org/images/products/871/460/100/9660/ingredients_fr.9.400.jpg,,https://images.openfoodfacts.org/images/products/871/460/100/9660/front_fr.4.400.jpg,"['Sirop de glucose', 'sucre', 'graisse de palme', 'lait entier en poudre', 'chocolat 3', '5%', 'lactosérum en poudre', 'cacao maigre', 'beurre', 'sel', 'émulsifiant', 'arôme.']"
https://world.openfoodfacts.org/product/9556001601001,Sauces,,9556001601001,500,Maggi chilli sauce 500g,[],,84d92b77cee7,{},,,,not_found,['openfoodfacts'],Sauces & Condiments,Maggi,,openfoodfacts,,,https://images.openfoodfacts.org/images/products/955/600/160/1001/front_en.45.400.jpg,[]
https://world.openfoodfacts.org/product/8901058895773,,,8901058895773,1 kg,Maggi Hot & Sweet tomato chilli sauce,[],unknown,f461852d61a9,"{'energy_kcal': 122.222222222222, 'protein_g': 1.11111111111111, 'carbohydrates_g': 31.1111111111111, 'of_which_sugars_g': 28.8888888888889, 'fat_g': 0, 'of_which_saturated_fat_g': None, 'dietary_fiber_g': 1.11111111111111, 'sodium_mg': 0.79}",,4,,enriched,"['openfoodfacts', 'openfoodfacts']",Instant Foods & Noodles,Maggi,United States,openfoodfacts,,https://images.openfoodfacts.org/images/products/890/105/889/5773/nutrition_en.18.400.jpg,https://images.openfoodfacts.org/images/products/890/105/889/5773/front_en.16.400.jpg,"['Water', 'Sugar', 'Tomato', 'Red Chilli Puree', 'Iodised Salt', 'Acetic Acid', 'Starch', 'Mixed Spices', 'Garlic Powder', 'Xanthan Gum', 'Onion Powder', 'Sodium Benzoate']"
https://world.openfoodfacts.org/product/0028000811525,,,0028000811525,,Hot and Sweet tomato chili sauce,[],unknown,5d6cebf0b221,"{'energy_kcal': 50, 'protein_g': 0, 'carbohydrates_g': 13, 'of_which_sugars_g': 12, 'fat_g': 0, 'of_which_saturated_fat_g': 0, 'dietary_fiber_g': None, 'sodium_mg': 0.28}",,4,,enriched,['openfoodfacts'],Instant Foods & Noodles,Maggi,United States,openfoodfacts,https://images.openfoodfacts.org/images/products/002/800/081/1525/ingredients_en.14.400.jpg,https://images.openfoodfacts.org/images/products/002/800/081/1525/nutrition_en.12.400.jpg,https://images.openfoodfacts.org/images/products/002/800/081/1525/front_en.6.400.jpg,"['WATER', 'SUGAR TOMATO PASTE', 'CHILLI PUREE SALT', 'AND LESS THAN 2% OF TAPIOCA STARCH', 'CHILI POWDER', 'GARLIC POWDER', 'GINGER POWDER', 'RED ONION POWDER', 'NATURAL FLAVORS', 'POTASSIUM IODATE', 'ACETIC ACID', 'SODIUM BENZOATE', 'XANTHAN GUM.']"
https://world.openfoodfacts.org/product/8901058867398,,,8901058867398,500 g,Hot and sweet sauce,[],e,328f34d631af,"{'energy_kcal': 135, 'protein_g': 0.4, 'carbohydrates_g': 33.8, 'of_which_sugars_g': 33.3, 'fat_g': 0, 'of_which_saturated_fat_g': None, 'dietary_fiber_g': None, 'sodium_mg': 0.8077}",,4,,enriched,['openfoodfacts'],Instant Foods & Noodles,Maggi,,openfoodfacts,,,https://images.openfoodfacts.org/images/products/890/105/886/7398/front_en.3.400.jpg,"['Water', 'Sugar', 'Tomato paste', 'Red chilli puree', 'lodized salt', 'Acidity regulator', 'Starch', 'Mixed Spices', 'Garlic powder', 'Thickener', 'Onion powder and Preservative .']"
https://world.openfoodfacts.org/product/8901058904949,Plant Based Foods,,8901058904949,80g,Maggi HOT & Sweet Tamato chilli sauce,"['Milk', 'Nuts']",d,3dcfadd588c1,"{'energy_kcal': 127, 'protein_g': 0.6, 'carbohydrates_g': 31.5, 'of_which_sugars_g': 28.6, 'fat_g': 0, 'of_which_saturated_fat_g': 0, 'dietary_fiber_g': None, 'sodium_mg': 0.7896}",,4,,enriched,['openfoodfacts'],Instant Foods & Noodles,Maggi,,openfoodfacts,https://images.openfoodfacts.org/images/products/890/105/890/4949/ingredients_en.5.400.jpg,https://images.openfoodfacts.org/images/products/890/105/890/4949/nutrition_en.7.400.jpg,https://images.openfoodfacts.org/images/products/890/105/890/4949/front_en.3.400.jpg,"['Water', 'Sugar', 'Tomato paste', 'Red chilli puree', 'iodised salt', 'Acidity regulator-E260', 'Starch', 'Mixed Spices', 'Garlic powder', 'Thickener-E415', 'Onion powder', 'Preservative-E211', 'May contains _Milk_ & _Nut_.']"
https://world.openfoodfacts.org/product/8901030660283,Plant Based Foods,,8901030660283,500 g,Chilli Tomato Sauce,[],,1f96f89fce38,{},,,,not_found,['openfoodfacts'],Sauces & Condiments,Kissan,,openfoodfacts,,,https://images.openfoodfacts.org/images/products/890/103/066/0283/front_en.3.400.jpg,[]
https://world.openfoodfacts.org/product/8901030921667,Plant Based Foods,,8901030921667,1,kissan,['None'],e,320c9ab63c5d,"{'energy_kcal': 133.333333333333, 'protein_g': 1.33333333333333, 'carbohydrates_g': 30.6666666666667, 'of_which_sugars_g': 29.3333333333333, 'fat_g': 0.666666666666667, 'of_which_saturated_fat_g': 0, 'dietary_fiber_g': 0.666666666666667, 'sodium_mg': 0.946666666666667}",,4,tomato ketchup,enriched,['openfoodfacts'],Sauces & Condiments,Kissan,India,openfoodfacts,https://images.openfoodfacts.org/images/products/890/103/092/1667/ingredients_en.17.400.jpg,https://images.openfoodfacts.org/images/products/890/103/092/1667/nutrition_en.19.400.jpg,https://images.openfoodfacts.org/images/products/890/103/092/1667/front_en.39.400.jpg,"['WATER', 'TOMATO PASTE*', 'SUGAR', 'IODISED SALT', 'ACIDITY REGULATOR - E260', 'STABILIZERS - E1422', 'E415', 'PRESERVATIVE - E211', 'ONION POWDER', 'GARLIC POWDER', 'SPICES AND CONDIMENTS.']"
https://world.openfoodfacts.org/product/8901030897542,Plant Based Foods,,8901030897542,90g,kissan fresh tomato,[],,9f8957f01b47,{},,,,not_found,"['openfoodfacts', 'openfoodfacts']",Sauces & Condiments,Kissan,,openfoodfacts,,,https://images.openfoodfacts.org/images/products/890/103/089/7542/front_en.22.400.jpg,[]
https://world.openfoodfacts.org/product/8901030902932,Plant Based Foods,,8901030902932,850 g,Fresh Tomato Ketchup,[],e,7161985cbc4a,"{'energy_kcal': 133.333333333333, 'protein_g': 1.33333333333333, 'carbohydrates_g': 30.6666666666667, 'of_which_sugars_g': 26, 'fat_g': 0.666666666666667, 'of_which_saturated_fat_g': 0, 'dietary_fiber_g': 0.666666666666667, 'sodium_mg': 378.666666666667}",,4,,enriched,"['openfoodfacts', 'openfoodfacts', 'openfoodfacts', 'openfoodfacts']",Sauces & Condiments,Kissan,India,openfoodfacts,https://images.openfoodfacts.org/images/products/890/103/090/2932/ingredients_en.12.400.jpg,,https://images.openfoodfacts.org/images/products/890/103/090/2932/front_en.5.400.jpg,"['WATER', 'TOMATO PASTE', 'SUGAR', 'IODISED SALT ACIDITY REGULATOR-E260', 'STABILIZERS-E1422', 'E415', 'PRESERVATIVE-E211', 'ONION POWDER', 'GARLIC POWDER', 'SPICES AND CONDIMENTS.']"
https://world.openfoodfacts.org/product/8901030532719,Plant Based Foods,,8901030532719,500 g,kissan fresh Tamato,[],e,b9360be5a294,"{'energy_kcal': 133.333333333333, 'protein_g': 1.33333333333333, 'carbohydrates_g': 30.6666666666667, 'of_which_sugars_g': 29.3333333333333, 'fat_g': 0.666666666666667, 'of_which_saturated_fat_g': 0, 'dietary_fiber_g': 0.666666666666667, 'sodium_mg': 0.96}",,4,,enriched,['openfoodfacts'],Sauces & Condiments,Kissan,India,openfoodfacts,https://images.openfoodfacts.org/images/products/890/103/053/2719/ingredients_en.9.400.jpg,https://images.openfoodfacts.org/images/products/890/103/053/2719/nutrition_en.5.400.jpg,https://images.openfoodfacts.org/images/products/890/103/053/2719/front_en.27.400.jpg,"['WATER', 'TOMATO PASTE', 'SUGAR', 'IODISED SALT', 'ACIDITY REGULATOR - 260', 'STABILIZERS - 1422', '415', 'PRESERVATIVE - 211', 'ONION POWDER', 'GARLIC POWDER', 'SPICES AND CONDIMENTS.']"
https://world.openfoodfacts.org/product/8901030699085,Plant Based Foods,,8901030699085,1 kg,Tomato Ketchup Kissan,[],,026e2404162c,{},,,,not_found,['openfoodfacts'],Sauces & Condiments,Kissan,,openfoodfacts,,,https://images.openfoodfacts.org/images/products/890/103/069/9085/front_en.22.400.jpg,[]
https://world.openfoodfacts.org/product/8901030653407,Plant Based Foods,,8901030653407,950gm,Kissan Fresh Tomato Ketchup,[],unknown,f39a0f86ece1,"{'energy_kcal': None, 'protein_g': None, 'carbohydrates_g': None, 'of_which_sugars_g': None, 'fat_g': None, 'of_which_saturated_fat_g': None, 'dietary_fiber_g': None, 'sodium_mg': None}",Punjab,3,,enriched,"['openfoodfacts', 'openfoodfacts']",Sauces & Condiments,Kissan,India,openfoodfacts,https://images.openfoodfacts.org/images/products/890/103/065/3407/ingredients_en.9.400.jpg,https://images.openfoodfacts.org/images/products/890/103/065/3407/nutrition_en.12.400.jpg,https://images.openfoodfacts.org/images/products/890/103/065/3407/front_en.6.400.jpg,"['TOMATO KETCHUP INGREDIENTS: WATER', 'TOMATO PASTE', 'SUGAR', 'SALT', 'ACIDITY REGULATOR-260', 'STABILIZERS-1422', '415', 'PRESERVATIVE-211', 'ONION POWDER', 'GARLIC POWDER', 'SPICES AND CONDIMENTS CONTAINS PERMITTED CLASS II PRESERVATIVE']"
https://world.openfoodfacts.org/product/8901030865237,Plant Based Foods,,8901030865237,weight: 1.2 kg,Tomato Ketchup,['None'],e,fdf727b1ef9c,"{'energy_kcal': 133.333333333333, 'protein_g': 1.33333333333333, 'carbohydrates_g': 30.6666666666667, 'of_which_sugars_g': 29.3333333333333, 'fat_g': 0.666666666666667, 'of_which_saturated_fat_g': 0, 'dietary_fiber_g': 0.666666666666667, 'sodium_mg': 0.946666666666667}",,4,tomato ketchup,enriched,['openfoodfacts'],Sauces & Condiments,Kissan,,openfoodfacts,,,https://images.openfoodfacts.org/images/products/890/103/086/5237/front_fr.3.400.jpg,"['WATER', 'TOMATO PASTE*', 'SUGAR', 'IODISED SALT', 'ACIDITY REGULATOR - E260', 'STABILIZERS - E1422', 'E415', 'PRESERVATIVE - E211', 'ONION POWDER', 'GARLIC POWDER', 'SPICES AND CONDIMENTS.']"
https://world.openfoodfacts.org/product/8901808000419,,,8901808000419,,Drinking Chocolate,[],unknown,35485d0ba777,"{'energy_kcal': 400, 'protein_g': 4.2, 'carbohydrates_g': 91.3, 'of_which_sugars_g': 81.5, 'fat_g': 2, 'of_which_saturated_fat_g': 1.4, 'dietary_fiber_g': None, 'sodium_mg': None}",,,,enriched,['openfoodfacts'],Sauces & Condiments,Weikfield,Canada,openfoodfacts,,,https://images.openfoodfacts.org/images/products/890/180/800/0419/front_en.4.400.jpg,[]
https://world.openfoodfacts.org/product/8901808004912,,,8901808004912,265 g,Red Chilli Sauce,[],,4f9da299dc57,{},,,,not_found,['openfoodfacts'],Sauces & Condiments,Weikfield,,openfoodfacts,,,https://images.openfoodfacts.org/images/products/890/180/800/4912/front_es.3.400.jpg,[]
https://world.openfoodfacts.org/product/8901808003045,,,8901808003045,75g,mango jelly,[],unknown,56d76453f5cb,"{'energy_kcal': None, 'protein_g': None, 'carbohydrates_g': None, 'of_which_sugars_g': None, 'fat_g': None, 'of_which_saturated_fat_g': None, 'dietary_fiber_g': None, 'sodium_mg': None}",,,,enriched,['openfoodfacts'],Sauces & Condiments,Weikfield,United Kingdom,openfoodfacts,https://images.openfoodfacts.org/images/products/890/180/800/3045/ingredients_en.5.400.jpg,,https://images.openfoodfacts.org/images/products/890/180/800/3045/front_en.12.400.jpg,[]
https://world.openfoodfacts.org/product/7901809007715,,,7901809007715,500 g,Cornflower,[],,d9fbac59dc45,{},,,,not_found,['openfoodfacts'],Sauces & Condiments,Weikfield,,openfoodfacts,,,https://images.openfoodfacts.org/images/products/790/180/900/7715/front_en.3.400.jpg,[]
https://world.openfoodfacts.org/product/8901808007616,,,8901808007616,265 g,Peri peri sauce,[],unknown,502da7f78c58,"{'energy_kcal': None, 'protein_g': None, 'carbohydrates_g': None, 'of_which_sugars_g': None, 'fat_g': None, 'of_which_saturated_fat_g': None, 'dietary_fiber_g': None, 'sodium_mg': None}",,,,enriched,['openfoodfacts'],Sauces & Condiments,Weikfield,United Kingdom,openfoodfacts,,,https://images.openfoodfacts.org/images/products/890/180/800/7616/front_en.3.400.jpg,[]
https://world.openfoodfacts.org/product/8901808007593,,,8901808007593,,Green Chilli Sauce,[],,96aad482e6f4,{},,,,not_found,['openfoodfacts'],Sauces & Condiments,Weikfield,,openfoodfacts,,,https://images.openfoodfacts.org/images/products/890/180/800/7593/front_en.3.400.jpg,[]
https://world.openfoodfacts.org/product/8901808007715,,,8901808007715,500 g,Corn Flour,[],unknown,36049653a74f,"{'energy_kcal': 350, 'protein_g': 0, 'carbohydrates_g': 87, 'of_which_sugars_g': 0, 'fat_g': 0, 'of_which_saturated_fat_g': 0, 'dietary_fiber_g': 10, 'sodium_mg': 0}",,,,enriched,['openfoodfacts'],Sauces & Condiments,Weikfield,United Kingdom,openfoodfacts,,,https://images.openfoodfacts.org/images/products/890/180/800/7715/front_en.4.400.jpg,[]
https://world.openfoodfacts.org/product/5000157079947,Snacks And Desserts For Babies,,5000157079947,100g (1 pouch),"Strawberry, Banana, Raspberry and Apple","['Apple', 'Banana']",not-applicable,081ac2af932f,"{'energy_kcal': 61, 'protein_g': 0.4, 'carbohydrates_g': 12.9, 'of_which_sugars_g': 11.6, 'fat_g': 0.3, 'of_which_saturated_fat_g': 0.1, 'dietary_fiber_g': 2.3, 'sodium_mg': None}",,1,,enriched,['openfoodfacts'],Baby Food,Heinz,,openfoodfacts,,,https://images.openfoodfacts.org/images/products/500/015/707/9947/front_en.5.400.jpg,"['Apple', 'Strawberries', 'Banana', 'Raspberries', 'Concentrated Lemon Juice', 'Vitamin C.']"
https://world.openfoodfacts.org/product/5000157079923,Snacks And Desserts For Babies,,5000157079923,,Apple & Blueberries Pouch,[],not-applicable,cc7594bb5daf,"{'energy_kcal': 55, 'protein_g': 0.4, 'carbohydrates_g': 12, 'of_which_sugars_g': 11, 'fat_g': 0.1, 'of_which_saturated_fat_g': 0.1, 'dietary_fiber_g': 2.3, 'sodium_mg': 0.004}",,1,,enriched,['openfoodfacts'],Baby Food,Heinz,United Kingdom,openfoodfacts,https://images.openfoodfacts.org/images/products/500/015/707/9923/ingredients_en.11.400.jpg,https://images.openfoodfacts.org/images/products/500/015/707/9923/nutrition_en.3.400.jpg,,"['Packed with nuts goodness for youde and gently Apple', 'Blueberry', 'Concentrated Lemon Juice', 'Vitamin C. tal to A smooth blend & blueberries wi c serveme nutrition 1 pouch = 1 serving or straight on Squeeze conte per 100g store me Energy 224kJ Once opened', '/']"
https://world.openfoodfacts.org/product/5000157152633,From 12 Months Old,,5000157152633,200g,Sweet and Sour chicken,['Chicken'],not-applicable,9d15294bbd38,"{'energy_kcal': 72, 'protein_g': 2.9, 'carbohydrates_g': 11, 'of_which_sugars_g': 4, 'fat_g': 1.5, 'of_which_saturated_fat_g': 0.3, 'dietary_fiber_g': 1.2, 'sodium_mg': 0.04}",,3,,enriched,['openfoodfacts'],Baby Food,Heinz,United Kingdom,openfoodfacts,https://images.openfoodfacts.org/images/products/500/015/715/2633/ingredients_en.5.400.jpg,https://images.openfoodfacts.org/images/products/500/015/715/2633/nutrition_en.7.400.jpg,https://images.openfoodfacts.org/images/products/500/015/715/2633/front_en.3.400.jpg,"['Vegetables', 'Tomato', 'Onion', 'Red Pepper )', 'Rice', 'Chicken', 'Water', 'Pineapple', 'Cornflour', 'Raisins', 'Extra Virgin Olive Oil']"
https://world.openfoodfacts.org/product/8001040093665,,,8001040093665,160gr,omogenizzati manzo nipiol,[],,cb32a8fbcf2c,{},,,,not_found,['openfoodfacts'],Baby Food,Kraft Heinz,,openfoodfacts,,,,[]
https://world.openfoodfacts.org/product/0735051000487,,,0735051000487,105,Caldo de Pera Pear Baby Food,[],unknown,b2aab85f11e2,"{'energy_kcal': 96.4761904761905, 'protein_g': 0.180952380952381, 'carbohydrates_g': 22.247619047619, 'of_which_sugars_g': 11.6285714285714, 'fat_g': 0.10952380952381, 'of_which_saturated_fat_g': 0, 'dietary_fiber_g': 0, 'sodium_mg': 0.00724761904761905}",,,,enriched,['openfoodfacts'],Baby Food,Heinz,Costa Rica,openfoodfacts,,https://images.openfoodfacts.org/images/products/073/505/100/0487/nutrition_en.8.400.jpg,https://images.openfoodfacts.org/images/products/073/505/100/0487/front_en.6.400.jpg,[]
https://world.openfoodfacts.org/product/5000157140487,,,5000157140487,200g,Heinz By Nature Cottage Pie baby food,"['Beef', 'Milk']",not-applicable,f0fbb29dc9c7,"{'energy_kcal': 57, 'protein_g': 2.4, 'carbohydrates_g': 6.4, 'of_which_sugars_g': 1.8, 'fat_g': 2, 'of_which_saturated_fat_g': 0.7, 'dietary_fiber_g': 1.7, 'sodium_mg': 0.024}",,3,,enriched,['openfoodfacts'],Baby Food,Heinz,,openfoodfacts,,,https://images.openfoodfacts.org/images/products/500/015/714/0487/front_en.4.400.jpg,"['Vegetables', 'Potato', 'Onion', 'Peas )', 'Water', 'Whole Milk', 'Beef', 'Cornflour', 'Extra Virgin Olive Oil', 'Pa?']"
https://world.openfoodfacts.org/product/8001040093788,,,8001040093788,160g,Nipiol Vitello,[],not-applicable,05e124d244db,"{'energy_kcal': None, 'protein_g': None, 'carbohydrates_g': None, 'of_which_sugars_g': None, 'fat_g': None, 'of_which_saturated_fat_g': None, 'dietary_fiber_g': None, 'sodium_mg': None}",,,Omogeneizzato,enriched,['openfoodfacts'],Baby Food,Kraft Heinz,Italia,openfoodfacts,,,,[]
https://world.openfoodfacts.org/product/5000157140555,,,5000157140555,100g (1 pouch),heinz baby food,"['Apple', 'Banana']",not-applicable,f1a3c84eeda9,"{'energy_kcal': 61, 'protein_g': 0.4, 'carbohydrates_g': 12.9, 'of_which_sugars_g': 11.6, 'fat_g': 0.3, 'of_which_saturated_fat_g': 0.1, 'dietary_fiber_g': 2.3, 'sodium_mg': None}",,1,,enriched,['openfoodfacts'],Baby Food,Heinz,,openfoodfacts,,,https://images.openfoodfacts.org/images/products/500/015/707/9947/front_en.5.400.jpg,"['Apple', 'Strawberries', 'Banana', 'Raspberries', 'Concentrated Lemon Juice', 'Vitamin C.']"
https://world.openfoodfacts.org/product/5000157140456,,,5000157140456,120,Heinz cheesy tomato pasta baby food imp,[],unknown,c386851240fc,"{'energy_kcal': None, 'protein_g': None, 'carbohydrates_g': None, 'of_which_sugars_g': None, 'fat_g': None, 'of_which_saturated_fat_g': None, 'dietary_fiber_g': None, 'sodium_mg': None}",,,,enriched,['openfoodfacts'],Baby Food,Heinz,United Kingdom,openfoodfacts,https://images.openfoodfacts.org/images/products/500/015/714/0456/ingredients_en.9.400.jpg,,https://images.openfoodfacts.org/images/products/500/015/714/0456/front_en.13.400.jpg,"['55 heinz easy prep: best served worm and from a bowl. to wam st contains gluten vegeriorian cheddor cheese )', 'woter', 'posto (14% woter', 'durum wheat semi smooth cheese&fomato posto']"
https://world.openfoodfacts.org/product/93657488,,,93657488,110 g,HNZ FRUITY PEARS 110GM,[],not-applicable,510ec1d26ac7,"{'energy_kcal': 60.83783, 'protein_g': 0.4, 'carbohydrates_g': 12.3, 'of_which_sugars_g': 9.3, 'fat_g': 0.3, 'of_which_saturated_fat_g': 0, 'dietary_fiber_g': None, 'sodium_mg': 0.0008}",,1,,enriched,['openfoodfacts'],Baby Food,Heinz,Australia,openfoodfacts,https://images.openfoodfacts.org/images/products/000/009/365/7488/ingredients_en.22.400.jpg,https://images.openfoodfacts.org/images/products/000/009/365/7488/nutrition_en.19.400.jpg,https://images.openfoodfacts.org/images/products/000/009/365/7488/front_en.3.400.jpg,['pear puree']
https://world.openfoodfacts.org/product/9300657132231,Main Meals For Babies,,9300657132231,170g,Heinz bb food lamb pumpkin 170g,[],,67052efa7b57,{},,,,not_found,['openfoodfacts'],Baby Food,Heinz,,openfoodfacts,,,https://images.openfoodfacts.org/images/products/930/065/713/2231/front_en.3.400.jpg,[]
https://world.openfoodfacts.org/product/6290090002006,,,6290090002006,,Rusks original,[],not-applicable,ee39200d88d0,"{'energy_kcal': 397, 'protein_g': 6, 'carbohydrates_g': 79.4, 'of_which_sugars_g': 27.5, 'fat_g': 6.2, 'of_which_saturated_fat_g': 3.6, 'dietary_fiber_g': 2, 'sodium_mg': None}",,,,enriched,['openfoodfacts'],Baby Food,Heinz,Émirats arabes unis,openfoodfacts,,https://images.openfoodfacts.org/images/products/629/009/000/2006/nutrition_fr.5.400.jpg,https://images.openfoodfacts.org/images/products/629/009/000/2006/front_fr.3.400.jpg,[]
https://world.openfoodfacts.org/product/9300657160340,,,9300657160340,120g,HNZ VAN CUSTARD 120GM,[],not-applicable,b24c27f2dbce,"{'energy_kcal': 49.792861666667, 'protein_g': 1, 'carbohydrates_g': 7, 'of_which_sugars_g': 4.9166666666667, 'fat_g': 1.9166666666667, 'of_which_saturated_fat_g': 0, 'dietary_fiber_g': None, 'sodium_mg': None}",,,,enriched,['openfoodfacts'],Baby Food,Heinz,,openfoodfacts,,,https://images.openfoodfacts.org/images/products/930/065/716/0340/front_en.3.400.jpg,[]
https://world.openfoodfacts.org/product/8001040023358,,,8001040023358,,Plasmon Biscotto Cofanetto GR 720,[],not-applicable,ee06365d9330,"{'energy_kcal': 412, 'protein_g': 8.7, 'carbohydrates_g': 75, 'of_which_sugars_g': 23, 'fat_g': 8, 'of_which_saturated_fat_g': 1.5, 'dietary_fiber_g': 2.7, 'sodium_mg': 0.24}",,,,enriched,['openfoodfacts'],Baby Food,Kraft Heinz,France,openfoodfacts,https://images.openfoodfacts.org/images/products/800/104/002/3358/ingredients_fr.4.400.jpg,,,"['Scelto dalle manitne in Italia dal 1902 *Plasmon Biscotto INGREDIENTI•. Farina di frumento', 'zuccheroy oti vegetali } latte scremato in polvere', 'amido di frumento', 'estratto di malto da orzn agenti lievitanti', 'calcio carbonato. emulsionant lecitina di girasole', 'aromi', 'ferro fumarato. niacina. riboflavtna', 'tiamina', 'vitamina B6. Per gli allergeni vedere gli ingredienti in grassetto. Prodotto indicato a partire dal 60 mese compiuto', 'sa', 'vo diverso parerc del Pediatra. Valori nutrizionali medi 100 g']"
https://world.openfoodfacts.org/product/8001040025406,,,8001040025406,,Plasmon - Biscottino Biberon (450 GR),[],,ae9da1629387,{},,,,not_found,['openfoodfacts'],Baby Food,Kraft Heinz,,openfoodfacts,,,,[]
https://world.openfoodfacts.org/product/5000256015112,Plant Based Foods,,5000256015112,440g,Baby Beetroot in Sweet Vinegar,['Gluten'],a,89b51fb78c47,"{'energy_kcal': 44, 'protein_g': 1.2, 'carbohydrates_g': 8.7, 'of_which_sugars_g': 7.2, 'fat_g': 0.1, 'of_which_saturated_fat_g': 0, 'dietary_fiber_g': 16, 'sodium_mg': 0.08}",,3,,enriched,['openfoodfacts'],Baby Food,Heinz,United Kingdom,openfoodfacts,https://images.openfoodfacts.org/images/products/500/025/601/5112/ingredients_en.19.400.jpg,https://images.openfoodfacts.org/images/products/500/025/601/5112/nutrition_en.33.400.jpg,https://images.openfoodfacts.org/images/products/500/025/601/5112/front_en.31.400.jpg,"['Beetroot', 'Water', 'Barley Malt Vinegar', 'Sugar', 'Salt', 'Preservative: Potassium Sorbate.']"
https://world.openfoodfacts.org/product/9300657231767,Snacks And Desserts For Babies,,9300657231767,90g,Little kids,[],,7650b064a285,{},,,,not_found,['openfoodfacts'],Baby Food,Heinz,,openfoodfacts,,,https://images.openfoodfacts.org/images/products/930/065/723/1767/front_en.23.400.jpg,[]
https://world.openfoodfacts.org/product/93657723,,,93657723,,Little treats vanilla custard,['Milk'],not-applicable,3d65bfe1a0c7,"{'energy_kcal': 154.18181818182, 'protein_g': 2.3636363636364, 'carbohydrates_g': 24.181818181818, 'of_which_sugars_g': 14.363636363636, 'fat_g': 5.2727272727273, 'of_which_saturated_fat_g': 0, 'dietary_fiber_g': 0, 'sodium_mg': None}",,4,,enriched,['openfoodfacts'],Baby Food,Heinz,Australia,openfoodfacts,,https://images.openfoodfacts.org/images/products/000/009/365/7723/nutrition_en.6.400.jpg,https://images.openfoodfacts.org/images/products/000/009/365/7723/front_en.4.400.jpg,['water  \nfull Scream milk \nsugar \ncornflour \nunsalted Butter\nNatural Vanilla Flavour']
https://world.openfoodfacts.org/product/9300657130886,,,9300657130886,120g,Mango & Vanilla Custard,[],not-applicable,c91f3189540e,"{'energy_kcal': 99.6667, 'protein_g': 2, 'carbohydrates_g': 13.6667, 'of_which_sugars_g': 9.8333, 'fat_g': 3.8333, 'of_which_saturated_fat_g': 0, 'dietary_fiber_g': None, 'sodium_mg': None}",,,,enriched,['openfoodfacts'],Baby Food,Heinz,,openfoodfacts,,,https://images.openfoodfacts.org/images/products/930/065/713/0886/front_en.3.400.jpg,[]
https://world.openfoodfacts.org/product/9300657130916,,,9300657130916,120 g,Hnz Straw &van custard 120g,[],not-applicable,9093e5291a1f,"{'energy_kcal': 101.5, 'protein_g': 2, 'carbohydrates_g': 14, 'of_which_sugars_g': 9.8333, 'fat_g': 3.8333, 'of_which_saturated_fat_g': 2.1667, 'dietary_fiber_g': None, 'sodium_mg': None}",,,,enriched,['openfoodfacts'],Baby Food,Heinz,Australia,openfoodfacts,,https://images.openfoodfacts.org/images/products/930/065/713/0916/nutrition_en.5.400.jpg,https://images.openfoodfacts.org/images/products/930/065/713/0916/front_en.3.400.jpg,[]
https://world.openfoodfacts.org/product/8001040093610,,,8001040093610,,Coniglio omogeneizzato,[],,7f49db2ebf4d,{},,,,not_found,['openfoodfacts'],Baby Food,Kraft Heinz,,openfoodfacts,,,https://images.openfoodfacts.org/images/products/800/104/009/3610/front_fr.3.400.jpg,[]
https://world.openfoodfacts.org/product/05722608,,,05722608,,Baby food,[],unknown,23164035be95,"{'energy_kcal': 78.125, 'protein_g': 0.78125, 'carbohydrates_g': 17.96875, 'of_which_sugars_g': 12.5, 'fat_g': 0.078125001164156, 'of_which_saturated_fat_g': 0, 'dietary_fiber_g': None, 'sodium_mg': None}",,,,enriched,"['openfoodfacts', 'openfoodfacts']",Baby Food,Heinz,Canada,openfoodfacts,,https://images.openfoodfacts.org/images/products/000/000/572/2608/nutrition_fr.5.400.jpg,https://images.openfoodfacts.org/images/products/000/000/572/2608/front_fr.6.400.jpg,[]
https://world.openfoodfacts.org/product/0735051016853,,,0735051016853,,Baby food banana,[],,084b265c6d97,{},,,,not_found,['openfoodfacts'],Baby Food,Heinz,,openfoodfacts,,,https://images.openfoodfacts.org/images/products/073/505/101/6853/front_fr.3.400.jpg,[]
https://world.openfoodfacts.org/product/9300657131050,,,9300657131050,,"Chicken, sweet corn & mango",[],not-applicable,3e3df439da0f,"{'energy_kcal': 70.705866666667, 'protein_g': 2.9166666666667, 'carbohydrates_g': 9.0833333333333, 'of_which_sugars_g': 4.3333333333333, 'fat_g': 2.0833333333333, 'of_which_saturated_fat_g': 0, 'dietary_fiber_g': None, 'sodium_mg': None}",,,,enriched,['openfoodfacts'],Baby Food,Heinz,Australia,openfoodfacts,,https://images.openfoodfacts.org/images/products/930/065/713/1050/nutrition_en.5.400.jpg,https://images.openfoodfacts.org/images/products/930/065/713/1050/front_en.3.400.jpg,[]
https://world.openfoodfacts.org/product/9300657161538,,,9300657161538,170 grams,Heinz bb food Apple & Oatmeal 170g,[],not-applicable,7bf1d3716039,"{'energy_kcal': 57.642557647059, 'protein_g': 0.82352941176471, 'carbohydrates_g': 11.058823529412, 'of_which_sugars_g': 5.7647058823529, 'fat_g': 0.70588235294118, 'of_which_saturated_fat_g': 0, 'dietary_fiber_g': None, 'sodium_mg': None}",,,,enriched,['openfoodfacts'],Baby Food,Heinz,,openfoodfacts,,,https://images.openfoodfacts.org/images/products/930/065/716/1538/front_en.3.400.jpg,"['Apple Puree', 'Water', 'Oatmeal', 'Cinnamon Flavour']"
https://world.openfoodfacts.org/product/8001040091876,Sweet Snacks,,8001040091876,,Biscotto,[],not-applicable,0b873ab4ec0d,"{'energy_kcal': None, 'protein_g': None, 'carbohydrates_g': None, 'of_which_sugars_g': None, 'fat_g': None, 'of_which_saturated_fat_g': None, 'dietary_fiber_g': None, 'sodium_mg': None}",,,,enriched,['openfoodfacts'],Snacks & Namkeen,Kraft Heinz,România,openfoodfacts,https://images.openfoodfacts.org/images/products/800/104/009/1876/ingredients_ro.5.400.jpg,https://images.openfoodfacts.org/images/products/800/104/009/1876/nutrition_ro.7.400.jpg,https://images.openfoodfacts.org/images/products/800/104/009/1876/front_ro.3.400.jpg,[]
https://world.openfoodfacts.org/product/9300657130763,,,9300657130763,120 g,smoothie pear betty & oat,[],,ecd6b53e7065,{},,,,not_found,['openfoodfacts'],Baby Food,Heinz,,openfoodfacts,,,https://images.openfoodfacts.org/images/products/930/065/713/0763/front_en.3.400.jpg,[]
https://world.openfoodfacts.org/product/93772020,,,93772020,,Pumpkin potato and beef baby food,[],not-applicable,4f18e278160e,"{'energy_kcal': 58.556404, 'protein_g': 32, 'carbohydrates_g': 6.6, 'of_which_sugars_g': 2.9, 'fat_g': 1.8, 'of_which_saturated_fat_g': 0, 'dietary_fiber_g': None, 'sodium_mg': None}",,,,enriched,['openfoodfacts'],Baby Food,Heinz,Australia,openfoodfacts,,https://images.openfoodfacts.org/images/products/000/009/377/2020/nutrition_en.12.400.jpg,https://images.openfoodfacts.org/images/products/000/009/377/2020/front_en.3.400.jpg,[]
https://world.openfoodfacts.org/product/9300657132484,,,9300657132484,,heinz tropical baby food,[],not-applicable,8fdb527c8d0b,"{'energy_kcal': None, 'protein_g': None, 'carbohydrates_g': None, 'of_which_sugars_g': 0, 'fat_g': None, 'of_which_saturated_fat_g': 0, 'dietary_fiber_g': None, 'sodium_mg': None}",,,,enriched,['openfoodfacts'],Baby Food,Heinz,Australia,openfoodfacts,,,https://images.openfoodfacts.org/images/products/930/065/713/2484/front_en.3.400.jpg,[]
https://world.openfoodfacts.org/product/9300657130961,,,9300657130961,120 g,Hnz app/bry/pass 120g,[],,499a9380c349,{},,,,not_found,['openfoodfacts'],Baby Food,Heinz,,openfoodfacts,,,https://images.openfoodfacts.org/images/products/930/065/713/0961/front_en.3.400.jpg,[]
https://world.openfoodfacts.org/product/9300657161569,,,9300657161569,170 g,Heinz bb food Beef  Vegetable 170g,[],not-applicable,a1101e48a598,"{'energy_kcal': 78.028341176471, 'protein_g': 3.8235294117647, 'carbohydrates_g': 11.176470588235, 'of_which_sugars_g': 3.1764705882353, 'fat_g': 1.5294117647059, 'of_which_saturated_fat_g': 0, 'dietary_fiber_g': None, 'sodium_mg': None}",,,,enriched,['openfoodfacts'],Baby Food,Heinz,Australia,openfoodfacts,,https://images.openfoodfacts.org/images/products/930/065/716/1569/nutrition_en.5.400.jpg,https://images.openfoodfacts.org/images/products/930/065/716/1569/front_en.3.400.jpg,[]
https://world.openfoodfacts.org/product/9300657130954,,,9300657130954,120 g,"Apple, Blueberry & Strawberry",[],not-applicable,a9c070072681,"{'energy_kcal': 47.8011472275334, 'protein_g': 0.33333, 'carbohydrates_g': 12.33333, 'of_which_sugars_g': 10.83333, 'fat_g': 0.2, 'of_which_saturated_fat_g': 0, 'dietary_fiber_g': None, 'sodium_mg': 0.001}",,1,,enriched,['openfoodfacts'],Baby Food,Heinz,,openfoodfacts,,,https://images.openfoodfacts.org/images/products/930/065/713/0954/front_en.3.400.jpg,"['apple puree 90%', 'blueberry puree 6.3%', 'strawberry puree 3.7%']"
https://world.openfoodfacts.org/product/5000157140319,,,5000157140319,120g,Heinz creamed porridge imp,[],not-applicable,78abd59b8161,"{'energy_kcal': None, 'protein_g': None, 'carbohydrates_g': None, 'of_which_sugars_g': None, 'fat_g': None, 'of_which_saturated_fat_g': None, 'dietary_fiber_g': None, 'sodium_mg': None}",,,,enriched,['openfoodfacts'],Baby Food,Heinz,United Kingdom,openfoodfacts,,,https://images.openfoodfacts.org/images/products/500/015/714/0319/front_en.4.400.jpg,[]
https://world.openfoodfacts.org/product/5000157144126,,,5000157144126,120,Heinz carrot potato baby food imp,[],unknown,1357fc1d418c,"{'energy_kcal': 27, 'protein_g': 0.6, 'carbohydrates_g': 5, 'of_which_sugars_g': 1.5, 'fat_g': 0.2, 'of_which_saturated_fat_g': 0.05, 'dietary_fiber_g': 1.5, 'sodium_mg': None}",,,,enriched,['openfoodfacts'],Baby Food,Heinz,,openfoodfacts,,,https://images.openfoodfacts.org/images/products/500/015/714/4126/front_en.3.400.jpg,[]
https://world.openfoodfacts.org/product/0608875003258,,,0608875003258,4 oz,Heinz baby food Tropical Fruits,[],unknown,349e0b39a629,"{'energy_kcal': 79.646017699115, 'protein_g': 0, 'carbohydrates_g': 21.238938053097, 'of_which_sugars_g': 15.929203539823, 'fat_g': 0, 'of_which_saturated_fat_g': 0, 'dietary_fiber_g': 0, 'sodium_mg': 0}",,,,enriched,['openfoodfacts'],Baby Food,Heinz,Canada,openfoodfacts,,https://images.openfoodfacts.org/images/products/060/887/500/3258/nutrition_fr.5.400.jpg,https://images.openfoodfacts.org/images/products/060/887/500/3258/front_fr.3.400.jpg,[]
https://world.openfoodfacts.org/product/9300657002343,Plant Based Foods,,9300657002343,100g,Theething rusks,[],,7aee0ed43291,{},,,,not_found,['openfoodfacts'],Baby Food,Heinz,,openfoodfacts,,,https://images.openfoodfacts.org/images/products/930/065/700/2343/front_en.5.400.jpg,[]
https://world.openfoodfacts.org/product/9300657130770,,,9300657130770,120 g,Hnz Smth ban&oat ygt 120g,[],not-applicable,f4f6b482e514,"{'energy_kcal': 91.6188625, 'protein_g': 1.6666666666667, 'carbohydrates_g': 12.916666666667, 'of_which_sugars_g': 8.4166666666667, 'fat_g': 3.0833333333333, 'of_which_saturated_fat_g': 0, 'dietary_fiber_g': None, 'sodium_mg': None}",,,,enriched,['openfoodfacts'],Baby Food,Heinz,Australia,openfoodfacts,,https://images.openfoodfacts.org/images/products/930/065/713/0770/nutrition_en.5.400.jpg,https://images.openfoodfacts.org/images/products/930/065/713/0770/front_en.3.400.jpg,[]
https://world.openfoodfacts.org/product/9300657132477,,,9300657132477,120 g,Pear and BlackBerry Custard,[],,ccd7d5698f2a,{},,,,not_found,['openfoodfacts'],Baby Food,Heinz,,openfoodfacts,,,https://images.openfoodfacts.org/images/products/930/065/713/2477/front_en.3.400.jpg,[]
https://world.openfoodfacts.org/product/8001040002087,Fermented Foods,,8001040002087,,Formaggino fuso omogeneizzato,[],not-applicable,373602e959e0,"{'energy_kcal': 138, 'protein_g': 12, 'carbohydrates_g': 5.5, 'of_which_sugars_g': 0, 'fat_g': 7.5, 'of_which_saturated_fat_g': 5.5, 'dietary_fiber_g': None, 'sodium_mg': 0.36}",,,,enriched,['openfoodfacts'],Dairy,Kraft Heinz,"France, Italie",openfoodfacts,,https://images.openfoodfacts.org/images/products/800/104/000/2087/nutrition_fr.5.400.jpg,https://images.openfoodfacts.org/images/products/800/104/000/2087/front_fr.3.400.jpg,[]
https://world.openfoodfacts.org/product/8001040016541,Meats,,8001040016541,2 x 80 g,Pollo Plasmon,[],not-applicable,8ee0efafc72a,"{'energy_kcal': None, 'protein_g': None, 'carbohydrates_g': None, 'of_which_sugars_g': None, 'fat_g': None, 'of_which_saturated_fat_g': None, 'dietary_fiber_g': None, 'sodium_mg': None}",,,omogenizzato,enriched,['openfoodfacts'],Meat & Seafood,Kraft Heinz,,openfoodfacts,,,https://images.openfoodfacts.org/images/products/800/104/001/6541/front_fr.8.400.jpg,[]
https://world.openfoodfacts.org/product/93657037,,,93657037,110g,HNZ bb food  APPLE 110g,[],not-applicable,1a3993b7a113,"{'energy_kcal': 65.72658, 'protein_g': 0.3, 'carbohydrates_g': 14.5, 'of_which_sugars_g': 12.7, 'fat_g': 0.2, 'of_which_saturated_fat_g': 0, 'dietary_fiber_g': None, 'sodium_mg': None}",,,,enriched,['openfoodfacts'],Baby Food,Heinz,Australia,openfoodfacts,,https://images.openfoodfacts.org/images/products/000/009/365/7037/nutrition_en.5.400.jpg,https://images.openfoodfacts.org/images/products/000/009/365/7037/front_en.3.400.jpg,[]
https://world.openfoodfacts.org/product/9300657225759,Snacks And Desserts For Babies,,9300657225759,120 g,Heinz For Baby - Beef Bolognese & Vegetables,[],,bd200f48ad32,{},,,,not_found,['openfoodfacts'],Baby Food,Heinz,,openfoodfacts,,,https://images.openfoodfacts.org/images/products/930/065/722/5759/front_en.4.400.jpg,[]
https://world.openfoodfacts.org/product/8001040089200,,,8001040089200,,Omogeneizzati di pollo,[],not-applicable,5ebb453ac099,"{'energy_kcal': None, 'protein_g': None, 'carbohydrates_g': None, 'of_which_sugars_g': None, 'fat_g': None, 'of_which_saturated_fat_g': None, 'dietary_fiber_g': None, 'sodium_mg': None}",,,,enriched,['openfoodfacts'],Baby Food,Kraft Heinz,Italia,openfoodfacts,,,https://images.openfoodfacts.org/images/products/800/104/008/9200/front_it.4.400.jpg,[]
https://world.openfoodfacts.org/product/8001040012413,,,8001040012413,340 g,La pastina,[],,d217ce63f93d,{},,,,not_found,['openfoodfacts'],Baby Food,Kraft Heinz,,openfoodfacts,,,https://images.openfoodfacts.org/images/products/800/104/001/2413/front_en.8.400.jpg,[]
https://world.openfoodfacts.org/product/8001040093634,,,8001040093634,160gr,omogenizzati frutta mista nipiol,[],not-applicable,5ed3a0a4d51f,"{'energy_kcal': None, 'protein_g': None, 'carbohydrates_g': None, 'of_which_sugars_g': None, 'fat_g': None, 'of_which_saturated_fat_g': None, 'dietary_fiber_g': None, 'sodium_mg': None}",,,omogenizzato,enriched,['openfoodfacts'],Baby Food,Kraft Heinz,Italia,openfoodfacts,,,,[]
https://world.openfoodfacts.org/product/8001040093627,,,8001040093627,160gr,Omogenizzati frutta,[],not-applicable,f13cefcdb49c,"{'energy_kcal': None, 'protein_g': None, 'carbohydrates_g': None, 'of_which_sugars_g': None, 'fat_g': None, 'of_which_saturated_fat_g': None, 'dietary_fiber_g': None, 'sodium_mg': None}",,,omogenizzato,enriched,['openfoodfacts'],Baby Food,Kraft Heinz,,openfoodfacts,,,https://images.openfoodfacts.org/images/products/800/104/009/3627/front_it.3.400.jpg,[]
https://world.openfoodfacts.org/product/8001040093566,,,8001040093566,,Omogeneizzato agnello,[],not-applicable,e98c72dbe873,"{'energy_kcal': None, 'protein_g': None, 'carbohydrates_g': None, 'of_which_sugars_g': None, 'fat_g': None, 'of_which_saturated_fat_g': None, 'dietary_fiber_g': None, 'sodium_mg': None}",,,,enriched,['openfoodfacts'],Baby Food,Kraft Heinz,Italia,openfoodfacts,,,https://images.openfoodfacts.org/images/products/800/104/009/3566/front_it.3.400.jpg,[]
https://world.openfoodfacts.org/product/0735051000579,,,0735051000579,,pear baby food,[],,5dda58e320b2,{},,,,not_found,['openfoodfacts'],Baby Food,Heinz,,openfoodfacts,,,https://images.openfoodfacts.org/images/products/073/505/100/0579/front_en.3.400.jpg,[]
https://world.openfoodfacts.org/product/0735051000647,,,0735051000647,105g,Guava Baby Food,[],unknown,5f76d9ec27f0,"{'energy_kcal': None, 'protein_g': None, 'carbohydrates_g': None, 'of_which_sugars_g': None, 'fat_g': None, 'of_which_saturated_fat_g': None, 'dietary_fiber_g': None, 'sodium_mg': None}",,,,enriched,['openfoodfacts'],Baby Food,Heinz,United States,openfoodfacts,,https://images.openfoodfacts.org/images/products/073/505/100/0647/nutrition_en.5.400.jpg,https://images.openfoodfacts.org/images/products/073/505/100/0647/front_en.3.400.jpg,[]
https://world.openfoodfacts.org/product/8904043901268,,,8904043901268,,TATA Salt,[],,52327fdc710d,{},,,,not_found,"['openfoodfacts', 'openfoodfacts', 'openfoodfacts']",Other,Tata,,openfoodfacts,,,https://images.openfoodfacts.org/images/products/890/404/390/1268/front_en.3.400.jpg,[]
https://world.openfoodfacts.org/product/8901052010295,,,8901052010295,,salt,[],unknown,9bd7bde7fbef,"{'energy_kcal': None, 'protein_g': None, 'carbohydrates_g': None, 'of_which_sugars_g': None, 'fat_g': None, 'of_which_saturated_fat_g': None, 'dietary_fiber_g': None, 'sodium_mg': None}",,,,enriched,"['openfoodfacts', 'openfoodfacts']",Other,Tata,United Kingdom,openfoodfacts,,,https://images.openfoodfacts.org/images/products/890/105/201/0295/front_en.3.400.jpg,[]
https://world.openfoodfacts.org/product/8904043926612,Salts,,8904043926612,1 kg,Himalayan Rock Salt,[],not-applicable,a365c24d5f56,"{'energy_kcal': 0, 'protein_g': 0, 'carbohydrates_g': 0, 'of_which_sugars_g': 0, 'fat_g': 0, 'of_which_saturated_fat_g': 0, 'dietary_fiber_g': 0, 'sodium_mg': 37.4}",,,Pink Salt,enriched,"['openfoodfacts', 'openfoodfacts']",Sauces & Condiments,Tata Salt,,openfoodfacts,,,https://images.openfoodfacts.org/images/products/890/404/392/6612/front_en.24.400.jpg,"['Rock Salt', 'Potassium lodate']"
https://world.openfoodfacts.org/product/8904043901077,Salts,,8904043901077,1 kg,Salt LITE,[],not-applicable,89f6f7068c4d,"{'energy_kcal': 0, 'protein_g': 0, 'carbohydrates_g': 0, 'of_which_sugars_g': 0, 'fat_g': 0, 'of_which_saturated_fat_g': 0, 'dietary_fiber_g': None, 'sodium_mg': 32.8}",,4,,enriched,['openfoodfacts'],Sauces & Condiments,Tata,India,openfoodfacts,https://images.openfoodfacts.org/images/products/890/404/390/1077/ingredients_en.14.400.jpg,https://images.openfoodfacts.org/images/products/890/404/390/1077/nutrition_en.11.400.jpg,https://images.openfoodfacts.org/images/products/890/404/390/1077/front_en.9.400.jpg,"['Edible Common Salt', 'Potassium Chloride', 'Anticaking Agents', 'Potassium lodate']"
https://world.openfoodfacts.org/product/4088600398693,,,4088600398693,,Poisson salt et pepper,[],,5aaca59ff99f,{},,,,not_found,['openfoodfacts'],Other,The tasty catch,,openfoodfacts,,,,[]
