2026-06-05 15:42:42.084 | INFO     | nure.image_sources:collect_amazon_images:178 - Amazon 'Aashirvaad Atta with Millets': 2 URLs
2026-06-05 15:42:44.131 | INFO     | nure.image_sources:collect_bing_images:149 - Bing 'Aashirvaad Atta with Millets': 0 URLs
2026-06-05 15:42:55.310 | INFO     | __main__:process_urls_for_product:190 - Verified Source Attribution | Product: 5d53efe46c3b | File: 5d53efe46c3b_000.jpg | Source: amazon | URL: https://m.media-amazon.com/images/I/31Ip4aURUpL.png
2026-06-05 15:42:55.713 | INFO     | __main__:process_urls_for_product:190 - Verified Source Attribution | Product: 5d53efe46c3b | File: 5d53efe46c3b_001.jpg | Source: amazon | URL: https://m.media-amazon.com/images/I/617eOW2cNOL.jpg
2026-06-05 15:42:55.865 | INFO     | __main__:download_product_images:223 - Product 5d53efe46c3b has 2 images (min 10). Using Playwright fallback.
2026-06-05 15:43:01.491 | DEBUG    | nure.playwright_sources:collect_playwright_images:95 - Playwright timeout for blinkit on Aashirvaad Atta with Millets
2026-06-05 15:43:01.492 | INFO     | nure.playwright_sources:collect_playwright_images:99 - Playwright blinkit 'Aashirvaad Atta with Millets': 0 URLs
2026-06-05 15:43:07.113 | DEBUG    | nure.playwright_sources:collect_playwright_images:95 - Playwright timeout for bigbasket on Aashirvaad Atta with Millets
2026-06-05 15:43:07.113 | INFO     | nure.playwright_sources:collect_playwright_images:99 - Playwright bigbasket 'Aashirvaad Atta with Millets': 0 URLs
2026-06-05 15:43:09.601 | INFO     | nure.playwright_sources:collect_playwright_images:99 - Playwright jiomart 'Aashirvaad Atta with Millets': 1 URLs
2026-06-05 15:43:11.936 | INFO     | nure.playwright_sources:collect_playwright_images:99 - Playwright flipkart 'Aashirvaad Atta with Millets': 0 URLs
2026-06-05 15:43:20.992 | INFO     | __main__:download_product_images:223 - Product 5dc7a65f2d43 has 0 images (min 10). Using Playwright fallback.
2026-06-05 15:43:24.067 | INFO     | nure.playwright_sources:collect_playwright_images:99 - Playwright blinkit 'Pillsbury Chakki atta': 15 URLs
2026-06-05 15:43:27.426 | DEBUG    | nure.playwright_sources:collect_playwright_images:95 - Playwright timeout for bigbasket on Pillsbury Chakki atta
2026-06-05 15:43:27.426 | INFO     | nure.playwright_sources:collect_playwright_images:99 - Playwright bigbasket 'Pillsbury Chakki atta': 0 URLs
2026-06-05 15:43:29.932 | INFO     | nure.playwright_sources:collect_playwright_images:99 - Playwright jiomart 'Pillsbury Chakki atta': 1 URLs
2026-06-05 15:43:32.257 | INFO     | nure.playwright_sources:collect_playwright_images:99 - Playwright flipkart 'Pillsbury Chakki atta 1 kg': 0 URLs
2026-06-05 15:43:32.830 | INFO     | __main__:process_urls_for_product:190 - Verified Source Attribution | Product: 5dc7a65f2d43 | File: 5dc7a65f2d43_000.jpg | Source: blinkit | URL: https://cdn.grofers.com/cdn-cgi/image/f=auto,fit=scale-down,q=70,metadata=none,w=270/da/cms-assets/cms/product/rc-upload-1772776645620-163.png
2026-06-05 15:43:33.197 | INFO     | __main__:process_urls_for_product:190 - Verified Source Attribution | Product: 5dc7a65f2d43 | File: 5dc7a65f2d43_001.jpg | Source: blinkit | URL: https://cdn.grofers.com/cdn-cgi/image/f=auto,fit=scale-down,q=70,metadata=none,w=270/da/cms-assets/cms/product/e05e6ce1-50c8-4790-8f4e-586b946bad2a.png
2026-06-05 15:43:33.433 | INFO     | __main__:process_urls_for_product:190 - Verified Source Attribution | Product: 5dc7a65f2d43 | File: 5dc7a65f2d43_002.jpg | Source: blinkit | URL: https://cdn.grofers.com/cdn-cgi/image/f=auto,fit=scale-down,q=70,metadata=none,w=270/da/cms-assets/cms/product/63708712-d1dd-4676-9da1-8ad476fe29ac.png
2026-06-05 15:43:33.669 | INFO     | __main__:process_urls_for_product:190 - Verified Source Attribution | Product: 5dc7a65f2d43 | File: 5dc7a65f2d43_003.jpg | Source: blinkit | URL: https://cdn.grofers.com/cdn-cgi/image/f=auto,fit=scale-down,q=70,metadata=none,w=270/da/cms-assets/cms/product/rc-upload-1769779424274-242.png
2026-06-05 15:43:33.900 | INFO     | __main__:process_urls_for_product:190 - Verified Source Attribution | Product: 5dc7a65f2d43 | File: 5dc7a65f2d43_004.jpg | Source: blinkit | URL: https://cdn.grofers.com/cdn-cgi/image/f=auto,fit=scale-down,q=70,metadata=none,w=270/da/cms-assets/cms/product/rc-upload-1776471758958-226.png
2026-06-05 15:43:34.138 | INFO     | __main__:process_urls_for_product:190 - Verified Source Attribution | Product: 5dc7a65f2d43 | File: 5dc7a65f2d43_005.jpg | Source: blinkit | URL: https://cdn.grofers.com/cdn-cgi/image/f=auto,fit=scale-down,q=70,metadata=none,w=270/da/cms-assets/cms/product/5a934f90-7342-41d6-a084-b1cb5b2d751d.png
2026-06-05 15:43:34.370 | INFO     | __main__:process_urls_for_product:190 - Verified Source Attribution | Product: 5dc7a65f2d43 | File: 5dc7a65f2d43_006.jpg | Source: blinkit | URL: https://cdn.grofers.com/cdn-cgi/image/f=auto,fit=scale-down,q=70,metadata=none,w=270/da/cms-assets/cms/product/rc-upload-1771857678119-83.png
2026-06-05 15:43:34.658 | INFO     | __main__:process_urls_for_product:190 - Verified Source Attribution | Product: 5dc7a65f2d43 | File: 5dc7a65f2d43_007.jpg | Source: blinkit | URL: https://cdn.grofers.com/cdn-cgi/image/f=auto,fit=scale-down,q=70,metadata=none,w=270/da/cms-assets/cms/product/rc-upload-1773209973109-467.png
2026-06-05 15:43:34.874 | INFO     | __main__:process_urls_for_product:190 - Verified Source Attribution | Product: 5dc7a65f2d43 | File: 5dc7a65f2d43_008.jpg | Source: blinkit | URL: https://cdn.grofers.com/cdn-cgi/image/f=auto,fit=scale-down,q=70,metadata=none,w=270/da/cms-assets/cms/product/746acb1d-c5df-4db7-b7cb-0ea059d61488.png
2026-06-05 15:43:35.131 | INFO     | __main__:process_urls_for_product:190 - Verified Source Attribution | Product: 5dc7a65f2d43 | File: 5dc7a65f2d43_009.jpg | Source: blinkit | URL: https://cdn.grofers.com/cdn-cgi/image/f=auto,fit=scale-down,q=70,metadata=none,w=270/da/cms-assets/cms/product/1b665fa0-cf61-4007-bed2-14cf2ee4baae.png
2026-06-05 15:43:38.186 | INFO     | nure.image_sources:collect_amazon_images:178 - Amazon 'Pillsbury Pilsbry chakki fresh atta 2kg': 2 URLs
2026-06-05 15:43:40.111 | INFO     | nure.image_sources:collect_bing_images:149 - Bing 'Pillsbury Pilsbry chakki fresh atta 2kg': 0 URLs
2026-06-05 15:43:49.215 | INFO     | __main__:process_urls_for_product:190 - Verified Source Attribution | Product: e1137dfd0f23 | File: e1137dfd0f23_000.jpg | Source: amazon | URL: https://m.media-amazon.com/images/I/31Ip4aURUpL.png
2026-06-05 15:43:49.902 | INFO     | __main__:process_urls_for_product:190 - Verified Source Attribution | Product: e1137dfd0f23 | File: e1137dfd0f23_001.jpg | Source: amazon | URL: https://m.media-amazon.com/images/I/71mcCaGpPLL.jpg
2026-06-05 15:43:50.058 | INFO     | __main__:download_product_images:223 - Product e1137dfd0f23 has 2 images (min 10). Using Playwright fallback.
2026-06-05 15:43:53.473 | INFO     | nure.playwright_sources:collect_playwright_images:99 - Playwright blinkit 'Pillsbury Pilsbry chakki fresh': 15 URLs
2026-06-05 15:43:56.846 | DEBUG    | nure.playwright_sources:collect_playwright_images:95 - Playwright timeout for bigbasket on Pillsbury Pilsbry chakki fresh
2026-06-05 15:43:56.846 | INFO     | nure.playwright_sources:collect_playwright_images:99 - Playwright bigbasket 'Pillsbury Pilsbry chakki fresh': 0 URLs
2026-06-05 15:43:59.317 | INFO     | nure.playwright_sources:collect_playwright_images:99 - Playwright jiomart 'Pillsbury Pilsbry chakki fresh': 1 URLs
2026-06-05 15:44:02.125 | INFO     | nure.playwright_sources:collect_playwright_images:99 - Playwright flipkart 'Pillsbury Pilsbry chakki fresh': 0 URLs
2026-06-05 15:44:02.244 | INFO     | __main__:process_urls_for_product:190 - Verified Source Attribution | Product: e1137dfd0f23 | File: e1137dfd0f23_002.jpg | Source: blinkit | URL: https://cdn.grofers.com/cdn-cgi/image/f=auto,fit=scale-down,q=70,metadata=none,w=270/da/cms-assets/cms/product/1b665fa0-cf61-4007-bed2-14cf2ee4baae.png
2026-06-05 15:44:02.645 | INFO     | __main__:process_urls_for_product:190 - Verified Source Attribution | Product: e1137dfd0f23 | File: e1137dfd0f23_003.jpg | Source: blinkit | URL: https://cdn.grofers.com/cdn-cgi/image/f=auto,fit=scale-down,q=70,metadata=none,w=270/da/cms-assets/cms/product/rc-upload-1769779424274-242.png
2026-06-05 15:44:02.879 | INFO     | __main__:process_urls_for_product:190 - Verified Source Attribution | Product: e1137dfd0f23 | File: e1137dfd0f23_004.jpg | Source: blinkit | URL: https://cdn.grofers.com/cdn-cgi/image/f=auto,fit=scale-down,q=70,metadata=none,w=270/da/cms-assets/cms/product/3fe9b01f-a34f-4ccd-8980-9ccdf602ba4a.png
2026-06-05 15:44:03.121 | INFO     | __main__:process_urls_for_product:190 - Verified Source Attribution | Product: e1137dfd0f23 | File: e1137dfd0f23_005.jpg | Source: blinkit | URL: https://cdn.grofers.com/cdn-cgi/image/f=auto,fit=scale-down,q=70,metadata=none,w=270/da/cms-assets/cms/product/rc-upload-1771857678119-83.png
2026-06-05 15:44:03.358 | INFO     | __main__:process_urls_for_product:190 - Verified Source Attribution | Product: e1137dfd0f23 | File: e1137dfd0f23_006.jpg | Source: blinkit | URL: https://cdn.grofers.com/cdn-cgi/image/f=auto,fit=scale-down,q=70,metadata=none,w=270/da/cms-assets/cms/product/rc-upload-1776471758958-226.png
2026-06-05 15:44:03.805 | INFO     | __main__:process_urls_for_product:190 - Verified Source Attribution | Product: e1137dfd0f23 | File: e1137dfd0f23_007.jpg | Source: blinkit | URL: https://cdn.grofers.com/cdn-cgi/image/f=auto,fit=scale-down,q=70,metadata=none,w=270/da/cms-assets/cms/product/e05e6ce1-50c8-4790-8f4e-586b946bad2a.png
2026-06-05 15:44:04.194 | INFO     | __main__:process_urls_for_product:190 - Verified Source Attribution | Product: e1137dfd0f23 | File: e1137dfd0f23_008.jpg | Source: blinkit | URL: https://cdn.grofers.com/cdn-cgi/image/f=auto,fit=scale-down,q=70,metadata=none,w=270/da/cms-assets/cms/product/3ad02d45-0cde-4394-9ab7-20d362df31b0.png
2026-06-05 15:44:04.425 | INFO     | __main__:process_urls_for_product:190 - Verified Source Attribution | Product: e1137dfd0f23 | File: e1137dfd0f23_009.jpg | Source: blinkit | URL: https://cdn.grofers.com/cdn-cgi/image/f=auto,fit=scale-down,q=70,metadata=none,w=270/da/cms-assets/cms/product/rc-upload-1779094500636-525.png
2026-06-05 15:44:04.660 | INFO     | __main__:process_urls_for_product:190 - Verified Source Attribution | Product: e1137dfd0f23 | File: e1137dfd0f23_010.jpg | Source: blinkit | URL: https://cdn.grofers.com/cdn-cgi/image/f=auto,fit=scale-down,q=70,metadata=none,w=270/da/cms-assets/cms/product/6650cacf-5347-4108-a653-4355531be4fa.png
2026-06-05 15:44:04.933 | INFO     | __main__:process_urls_for_product:190 - Verified Source Attribution | Product: e1137dfd0f23 | File: e1137dfd0f23_011.jpg | Source: blinkit | URL: https://cdn.grofers.com/cdn-cgi/image/f=auto,fit=scale-down,q=70,metadata=none,w=270/da/cms-assets/cms/product/9df11473-ce29-47ab-92f7-271c56b40ec1.png
2026-06-05 15:44:05.198 | INFO     | __main__:process_urls_for_product:190 - Verified Source Attribution | Product: e1137dfd0f23 | File: e1137dfd0f23_012.jpg | Source: blinkit | URL: https://cdn.grofers.com/cdn-cgi/image/f=auto,fit=scale-down,q=70,metadata=none,w=270/da/cms-assets/cms/product/6a686d20-03df-40df-82ce-0c8049d69a60.png
2026-06-05 15:44:05.422 | INFO     | __main__:process_urls_for_product:190 - Verified Source Attribution | Product: e1137dfd0f23 | File: e1137dfd0f23_013.jpg | Source: blinkit | URL: https://cdn.grofers.com/cdn-cgi/image/f=auto,fit=scale-down,q=70,metadata=none,w=270/da/cms-assets/cms/product/rc-upload-1773209973109-467.png
2026-06-05 15:44:07.527 | INFO     | __main__:process_urls_for_product:190 - Verified Source Attribution | Product: 1128aeb0775f | File: 1128aeb0775f_000.jpg | Source: openfoodfacts | URL: https://images.openfoodfacts.org/images/products/890/600/021/0291/front_en.3.400.jpg
2026-06-05 15:44:08.179 | INFO     | __main__:process_urls_for_product:190 - Verified Source Attribution | Product: 1128aeb0775f | File: 1128aeb0775f_001.jpg | Source: openfoodfacts | URL: https://images.openfoodfacts.org/images/products/890/600/021/0291/ingredients_en.7.400.jpg
2026-06-05 15:44:09.056 | INFO     | __main__:process_urls_for_product:190 - Verified Source Attribution | Product: 1128aeb0775f | File: 1128aeb0775f_002.jpg | Source: openfoodfacts | URL: https://images.openfoodfacts.org/images/products/890/600/021/0291/nutrition_en.5.400.jpg
2026-06-05 15:44:09.863 | INFO     | __main__:process_urls_for_product:190 - Verified Source Attribution | Product: 1128aeb0775f | File: 1128aeb0775f_003.jpg | Source: openfoodfacts | URL: https://images.openfoodfacts.org/images/products/890/600/021/0291/packaging_en.9.400.jpg
2026-06-05 15:44:58.913 | INFO     | __main__:download_product_images:223 - Product 1128aeb0775f has 4 images (min 10). Using Playwright fallback.
2026-06-05 15:45:02.316 | INFO     | nure.playwright_sources:collect_playwright_images:99 - Playwright blinkit 'Pillsbury Chakki Fresh Atta': 15 URLs
2026-06-05 15:45:05.669 | DEBUG    | nure.playwright_sources:collect_playwright_images:95 - Playwright timeout for bigbasket on Pillsbury Chakki Fresh Atta
2026-06-05 15:45:05.669 | INFO     | nure.playwright_sources:collect_playwright_images:99 - Playwright bigbasket 'Pillsbury Chakki Fresh Atta': 0 URLs
2026-06-05 15:45:08.103 | INFO     | nure.playwright_sources:collect_playwright_images:99 - Playwright jiomart 'Pillsbury Chakki Fresh Atta': 1 URLs
2026-06-05 15:45:10.456 | INFO     | nure.playwright_sources:collect_playwright_images:99 - Playwright flipkart 'Pillsbury Chakki Fresh Atta 1k': 0 URLs
2026-06-05 15:45:10.567 | INFO     | __main__:process_urls_for_product:190 - Verified Source Attribution | Product: 1128aeb0775f | File: 1128aeb0775f_004.jpg | Source: blinkit | URL: https://cdn.grofers.com/cdn-cgi/image/f=auto,fit=scale-down,q=70,metadata=none,w=270/da/cms-assets/cms/product/e05e6ce1-50c8-4790-8f4e-586b946bad2a.png
2026-06-05 15:45:10.842 | INFO     | __main__:process_urls_for_product:190 - Verified Source Attribution | Product: 1128aeb0775f | File: 1128aeb0775f_005.jpg | Source: blinkit | URL: https://cdn.grofers.com/cdn-cgi/image/f=auto,fit=scale-down,q=70,metadata=none,w=270/da/cms-assets/cms/product/rc-upload-1769779424274-242.png
2026-06-05 15:45:11.068 | INFO     | __main__:process_urls_for_product:190 - Verified Source Attribution | Product: 1128aeb0775f | File: 1128aeb0775f_006.jpg | Source: blinkit | URL: https://cdn.grofers.com/cdn-cgi/image/f=auto,fit=scale-down,q=70,metadata=none,w=270/da/cms-assets/cms/product/63708712-d1dd-4676-9da1-8ad476fe29ac.png
2026-06-05 15:45:11.288 | INFO     | __main__:process_urls_for_product:190 - Verified Source Attribution | Product: 1128aeb0775f | File: 1128aeb0775f_007.jpg | Source: blinkit | URL: https://cdn.grofers.com/cdn-cgi/image/f=auto,fit=scale-down,q=70,metadata=none,w=270/da/cms-assets/cms/product/rc-upload-1776471758958-226.png
2026-06-05 15:45:11.517 | INFO     | __main__:process_urls_for_product:190 - Verified Source Attribution | Product: 1128aeb0775f | File: 1128aeb0775f_008.jpg | Source: blinkit | URL: https://cdn.grofers.com/cdn-cgi/image/f=auto,fit=scale-down,q=70,metadata=none,w=270/da/cms-assets/cms/product/rc-upload-1771857678119-83.png
2026-06-05 15:45:11.732 | INFO     | __main__:process_urls_for_product:190 - Verified Source Attribution | Product: 1128aeb0775f | File: 1128aeb0775f_009.jpg | Source: blinkit | URL: https://cdn.grofers.com/cdn-cgi/image/f=auto,fit=scale-down,q=70,metadata=none,w=270/da/cms-assets/cms/product/6650cacf-5347-4108-a653-4355531be4fa.png
2026-06-05 15:45:12.102 | INFO     | __main__:process_urls_for_product:190 - Verified Source Attribution | Product: 1128aeb0775f | File: 1128aeb0775f_010.jpg | Source: blinkit | URL: https://cdn.grofers.com/cdn-cgi/image/f=auto,fit=scale-down,q=70,metadata=none,w=270/da/cms-assets/cms/product/746acb1d-c5df-4db7-b7cb-0ea059d61488.png
2026-06-05 15:45:12.413 | INFO     | __main__:process_urls_for_product:190 - Verified Source Attribution | Product: 1128aeb0775f | File: 1128aeb0775f_011.jpg | Source: blinkit | URL: https://cdn.grofers.com/cdn-cgi/image/f=auto,fit=scale-down,q=70,metadata=none,w=270/da/cms-assets/cms/product/5a934f90-7342-41d6-a084-b1cb5b2d751d.png
2026-06-05 15:45:12.652 | INFO     | __main__:process_urls_for_product:190 - Verified Source Attribution | Product: 1128aeb0775f | File: 1128aeb0775f_012.jpg | Source: blinkit | URL: https://cdn.grofers.com/cdn-cgi/image/f=auto,fit=scale-down,q=70,metadata=none,w=270/da/cms-assets/cms/product/rc-upload-1773209973109-467.png
2026-06-05 15:45:12.885 | INFO     | __main__:process_urls_for_product:190 - Verified Source Attribution | Product: 1128aeb0775f | File: 1128aeb0775f_013.jpg | Source: blinkit | URL: https://cdn.grofers.com/cdn-cgi/image/f=auto,fit=scale-down,q=70,metadata=none,w=270/da/cms-assets/cms/product/1b665fa0-cf61-4007-bed2-14cf2ee4baae.png
2026-06-05 15:45:13.156 | INFO     | __main__:process_urls_for_product:190 - Verified Source Attribution | Product: 1128aeb0775f | File: 1128aeb0775f_014.jpg | Source: blinkit | URL: https://cdn.grofers.com/cdn-cgi/image/f=auto,fit=scale-down,q=70,metadata=none,w=270/da/cms-assets/cms/product/rc-upload-1779170469365-17.png
2026-06-05 15:46:09.423 | INFO     | __main__:download_product_images:223 - Product 7a153cff90aa has 0 images (min 10). Using Playwright fallback.
2026-06-05 15:46:12.907 | INFO     | nure.playwright_sources:collect_playwright_images:99 - Playwright blinkit 'Pillsbury Multigrain Atta': 15 URLs
2026-06-05 15:46:16.224 | DEBUG    | nure.playwright_sources:collect_playwright_images:95 - Playwright timeout for bigbasket on Pillsbury Multigrain Atta
2026-06-05 15:46:16.224 | INFO     | nure.playwright_sources:collect_playwright_images:99 - Playwright bigbasket 'Pillsbury Multigrain Atta': 0 URLs
2026-06-05 15:46:18.617 | INFO     | nure.playwright_sources:collect_playwright_images:99 - Playwright jiomart 'Pillsbury Multigrain Atta': 1 URLs
2026-06-05 15:46:21.029 | INFO     | nure.playwright_sources:collect_playwright_images:99 - Playwright flipkart 'Pillsbury Multigrain Atta 5kg': 0 URLs
2026-06-05 15:46:21.206 | INFO     | __main__:process_urls_for_product:190 - Verified Source Attribution | Product: 7a153cff90aa | File: 7a153cff90aa_000.jpg | Source: blinkit | URL: https://cdn.grofers.com/cdn-cgi/image/f=auto,fit=scale-down,q=70,metadata=none,w=270/da/cms-assets/cms/product/rc-upload-1772776645620-163.png
2026-06-05 15:46:21.560 | INFO     | __main__:process_urls_for_product:190 - Verified Source Attribution | Product: 7a153cff90aa | File: 7a153cff90aa_001.jpg | Source: blinkit | URL: https://cdn.grofers.com/cdn-cgi/image/f=auto,fit=scale-down,q=70,metadata=none,w=270/da/cms-assets/cms/product/1b665fa0-cf61-4007-bed2-14cf2ee4baae.png
2026-06-05 15:46:21.795 | INFO     | __main__:process_urls_for_product:190 - Verified Source Attribution | Product: 7a153cff90aa | File: 7a153cff90aa_002.jpg | Source: blinkit | URL: https://cdn.grofers.com/cdn-cgi/image/f=auto,fit=scale-down,q=70,metadata=none,w=270/da/cms-assets/cms/product/99c07f65-9c5b-4fc4-927b-7be3f2bea854.png
2026-06-05 15:46:22.021 | INFO     | __main__:process_urls_for_product:190 - Verified Source Attribution | Product: 7a153cff90aa | File: 7a153cff90aa_003.jpg | Source: blinkit | URL: https://cdn.grofers.com/cdn-cgi/image/f=auto,fit=scale-down,q=70,metadata=none,w=270/da/cms-assets/cms/product/e05e6ce1-50c8-4790-8f4e-586b946bad2a.png
2026-06-05 15:46:22.263 | INFO     | __main__:process_urls_for_product:190 - Verified Source Attribution | Product: 7a153cff90aa | File: 7a153cff90aa_004.jpg | Source: blinkit | URL: https://cdn.grofers.com/cdn-cgi/image/f=auto,fit=scale-down,q=70,metadata=none,w=270/da/cms-assets/cms/product/f61dc7f1-ed4b-45d1-864c-2446a8de1959.png
2026-06-05 15:46:22.584 | INFO     | __main__:process_urls_for_product:190 - Verified Source Attribution | Product: 7a153cff90aa | File: 7a153cff90aa_005.jpg | Source: blinkit | URL: https://cdn.grofers.com/cdn-cgi/image/f=auto,fit=scale-down,q=70,metadata=none,w=270/da/cms-assets/cms/product/3fe9b01f-a34f-4ccd-8980-9ccdf602ba4a.png
2026-06-05 15:46:22.886 | INFO     | __main__:process_urls_for_product:190 - Verified Source Attribution | Product: 7a153cff90aa | File: 7a153cff90aa_006.jpg | Source: blinkit | URL: https://cdn.grofers.com/cdn-cgi/image/f=auto,fit=scale-down,q=70,metadata=none,w=270/da/cms-assets/cms/product/rc-upload-1773230735506-159.png
2026-06-05 15:46:23.111 | INFO     | __main__:process_urls_for_product:190 - Verified Source Attribution | Product: 7a153cff90aa | File: 7a153cff90aa_007.jpg | Source: blinkit | URL: https://cdn.grofers.com/cdn-cgi/image/f=auto,fit=scale-down,q=70,metadata=none,w=270/da/cms-assets/cms/product/94a662e0-1865-4641-8543-77d39cc95e6b.png
2026-06-05 15:46:23.399 | INFO     | __main__:process_urls_for_product:190 - Verified Source Attribution | Product: 7a153cff90aa | File: 7a153cff90aa_008.jpg | Source: blinkit | URL: https://cdn.grofers.com/cdn-cgi/image/f=auto,fit=scale-down,q=70,metadata=none,w=270/da/cms-assets/cms/product/aa8f771a-c46e-4bf6-849b-912c2d270fcf.png
2026-06-05 15:47:20.273 | INFO     | __main__:download_product_images:223 - Product 26217a80532e has 0 images (min 10). Using Playwright fallback.
2026-06-05 15:47:23.393 | INFO     | nure.playwright_sources:collect_playwright_images:99 - Playwright blinkit 'Pillsbury Gold Atta': 15 URLs
2026-06-05 15:47:26.700 | DEBUG    | nure.playwright_sources:collect_playwright_images:95 - Playwright timeout for bigbasket on Pillsbury Gold Atta
2026-06-05 15:47:26.700 | INFO     | nure.playwright_sources:collect_playwright_images:99 - Playwright bigbasket 'Pillsbury Gold Atta': 0 URLs
2026-06-05 15:47:29.080 | INFO     | nure.playwright_sources:collect_playwright_images:99 - Playwright jiomart 'Pillsbury Gold Atta': 1 URLs
2026-06-05 15:47:31.525 | INFO     | nure.playwright_sources:collect_playwright_images:99 - Playwright flipkart 'Pillsbury Gold Atta 400 g': 0 URLs
2026-06-05 15:47:31.723 | INFO     | __main__:process_urls_for_product:190 - Verified Source Attribution | Product: 26217a80532e | File: 26217a80532e_000.jpg | Source: blinkit | URL: https://cdn.grofers.com/cdn-cgi/image/f=auto,fit=scale-down,q=70,metadata=none,w=270/da/cms-assets/cms/product/746acb1d-c5df-4db7-b7cb-0ea059d61488.png
2026-06-05 15:47:32.072 | INFO     | __main__:process_urls_for_product:190 - Verified Source Attribution | Product: 26217a80532e | File: 26217a80532e_001.jpg | Source: blinkit | URL: https://cdn.grofers.com/cdn-cgi/image/f=auto,fit=scale-down,q=70,metadata=none,w=270/da/cms-assets/cms/product/e05e6ce1-50c8-4790-8f4e-586b946bad2a.png
2026-06-05 15:47:32.294 | INFO     | __main__:process_urls_for_product:190 - Verified Source Attribution | Product: 26217a80532e | File: 26217a80532e_002.jpg | Source: blinkit | URL: https://cdn.grofers.com/cdn-cgi/image/f=auto,fit=scale-down,q=70,metadata=none,w=270/da/cms-assets/cms/product/1b665fa0-cf61-4007-bed2-14cf2ee4baae.png
2026-06-05 15:47:32.583 | INFO     | __main__:process_urls_for_product:190 - Verified Source Attribution | Product: 26217a80532e | File: 26217a80532e_003.jpg | Source: blinkit | URL: https://cdn.grofers.com/cdn-cgi/image/f=auto,fit=scale-down,q=70,metadata=none,w=270/da/cms-assets/cms/product/rc-upload-1776471758958-226.png
2026-06-05 15:47:32.813 | INFO     | __main__:process_urls_for_product:190 - Verified Source Attribution | Product: 26217a80532e | File: 26217a80532e_004.jpg | Source: blinkit | URL: https://cdn.grofers.com/cdn-cgi/image/f=auto,fit=scale-down,q=70,metadata=none,w=270/da/cms-assets/cms/product/rc-upload-1773209973109-467.png
2026-06-05 15:47:33.050 | INFO     | __main__:process_urls_for_product:190 - Verified Source Attribution | Product: 26217a80532e | File: 26217a80532e_005.jpg | Source: blinkit | URL: https://cdn.grofers.com/cdn-cgi/image/f=auto,fit=scale-down,q=70,metadata=none,w=270/da/cms-assets/cms/product/rc-upload-1769779424274-242.png
2026-06-05 15:47:33.283 | INFO     | __main__:process_urls_for_product:190 - Verified Source Attribution | Product: 26217a80532e | File: 26217a80532e_006.jpg | Source: blinkit | URL: https://cdn.grofers.com/cdn-cgi/image/f=auto,fit=scale-down,q=70,metadata=none,w=270/da/cms-assets/cms/product/b9bb083d-b44f-42a7-922c-39abd37a446c.png
2026-06-05 15:47:33.504 | INFO     | __main__:process_urls_for_product:190 - Verified Source Attribution | Product: 26217a80532e | File: 26217a80532e_007.jpg | Source: blinkit | URL: https://cdn.grofers.com/cdn-cgi/image/f=auto,fit=scale-down,q=70,metadata=none,w=270/da/cms-assets/cms/product/rc-upload-1771857678119-98.png
2026-06-05 15:47:33.727 | INFO     | __main__:process_urls_for_product:190 - Verified Source Attribution | Product: 26217a80532e | File: 26217a80532e_008.jpg | Source: blinkit | URL: https://cdn.grofers.com/cdn-cgi/image/f=auto,fit=scale-down,q=70,metadata=none,w=270/da/cms-assets/cms/product/a6be257d-8d32-4b37-9f15-a72398d6a2fd.png
2026-06-05 15:47:33.943 | INFO     | __main__:process_urls_for_product:190 - Verified Source Attribution | Product: 26217a80532e | File: 26217a80532e_009.jpg | Source: blinkit | URL: https://cdn.grofers.com/cdn-cgi/image/f=auto,fit=scale-down,q=70,metadata=none,w=270/da/cms-assets/cms/product/63708712-d1dd-4676-9da1-8ad476fe29ac.png
2026-06-05 15:47:34.221 | INFO     | __main__:process_urls_for_product:190 - Verified Source Attribution | Product: 26217a80532e | File: 26217a80532e_010.jpg | Source: blinkit | URL: https://cdn.grofers.com/cdn-cgi/image/f=auto,fit=scale-down,q=70,metadata=none,w=270/da/cms-assets/cms/product/5a934f90-7342-41d6-a084-b1cb5b2d751d.png
2026-06-05 15:48:30.504 | INFO     | __main__:download_product_images:223 - Product 452a85ddb5c2 has 0 images (min 10). Using Playwright fallback.
2026-06-05 15:48:33.992 | INFO     | nure.playwright_sources:collect_playwright_images:99 - Playwright blinkit 'Pillsbury Pillsbury gold atta ': 15 URLs
2026-06-05 15:48:37.394 | DEBUG    | nure.playwright_sources:collect_playwright_images:95 - Playwright timeout for bigbasket on Pillsbury Pillsbury gold atta 
2026-06-05 15:48:37.394 | INFO     | nure.playwright_sources:collect_playwright_images:99 - Playwright bigbasket 'Pillsbury Pillsbury gold atta ': 0 URLs
2026-06-05 15:48:39.733 | INFO     | nure.playwright_sources:collect_playwright_images:99 - Playwright jiomart 'Pillsbury Pillsbury gold atta ': 1 URLs
2026-06-05 15:48:42.056 | INFO     | nure.playwright_sources:collect_playwright_images:99 - Playwright flipkart 'Pillsbury Pillsbury gold atta ': 0 URLs
2026-06-05 15:48:42.177 | INFO     | __main__:process_urls_for_product:190 - Verified Source Attribution | Product: 452a85ddb5c2 | File: 452a85ddb5c2_000.jpg | Source: blinkit | URL: https://cdn.grofers.com/cdn-cgi/image/f=auto,fit=scale-down,q=70,metadata=none,w=270/da/cms-assets/cms/product/3fe9b01f-a34f-4ccd-8980-9ccdf602ba4a.png
2026-06-05 15:48:42.482 | INFO     | __main__:process_urls_for_product:190 - Verified Source Attribution | Product: 452a85ddb5c2 | File: 452a85ddb5c2_001.jpg | Source: blinkit | URL: https://cdn.grofers.com/cdn-cgi/image/f=auto,fit=scale-down,q=70,metadata=none,w=270/da/cms-assets/cms/product/1b665fa0-cf61-4007-bed2-14cf2ee4baae.png
2026-06-05 15:48:42.701 | INFO     | __main__:process_urls_for_product:190 - Verified Source Attribution | Product: 452a85ddb5c2 | File: 452a85ddb5c2_002.jpg | Source: blinkit | URL: https://cdn.grofers.com/cdn-cgi/image/f=auto,fit=scale-down,q=70,metadata=none,w=270/da/cms-assets/cms/product/e05e6ce1-50c8-4790-8f4e-586b946bad2a.png
2026-06-05 15:48:42.994 | INFO     | __main__:process_urls_for_product:190 - Verified Source Attribution | Product: 452a85ddb5c2 | File: 452a85ddb5c2_003.jpg | Source: blinkit | URL: https://cdn.grofers.com/cdn-cgi/image/f=auto,fit=scale-down,q=70,metadata=none,w=270/da/cms-assets/cms/product/rc-upload-1776471758958-226.png
2026-06-05 15:48:43.222 | INFO     | __main__:process_urls_for_product:190 - Verified Source Attribution | Product: 452a85ddb5c2 | File: 452a85ddb5c2_004.jpg | Source: blinkit | URL: https://cdn.grofers.com/cdn-cgi/image/f=auto,fit=scale-down,q=70,metadata=none,w=270/da/cms-assets/cms/product/rc-upload-1771857678119-83.png
2026-06-05 15:48:43.456 | INFO     | __main__:process_urls_for_product:190 - Verified Source Attribution | Product: 452a85ddb5c2 | File: 452a85ddb5c2_005.jpg | Source: blinkit | URL: https://cdn.grofers.com/cdn-cgi/image/f=auto,fit=scale-down,q=70,metadata=none,w=270/da/cms-assets/cms/product/rc-upload-1769779424274-242.png
2026-06-05 15:48:43.685 | INFO     | __main__:process_urls_for_product:190 - Verified Source Attribution | Product: 452a85ddb5c2 | File: 452a85ddb5c2_006.jpg | Source: blinkit | URL: https://cdn.grofers.com/cdn-cgi/image/f=auto,fit=scale-down,q=70,metadata=none,w=270/da/cms-assets/cms/product/63708712-d1dd-4676-9da1-8ad476fe29ac.png
2026-06-05 15:48:43.932 | INFO     | __main__:process_urls_for_product:190 - Verified Source Attribution | Product: 452a85ddb5c2 | File: 452a85ddb5c2_007.jpg | Source: blinkit | URL: https://cdn.grofers.com/cdn-cgi/image/f=auto,fit=scale-down,q=70,metadata=none,w=270/da/cms-assets/cms/product/rc-upload-1779248476545-170.png
2026-06-05 15:48:44.167 | INFO     | __main__:process_urls_for_product:190 - Verified Source Attribution | Product: 452a85ddb5c2 | File: 452a85ddb5c2_008.jpg | Source: blinkit | URL: https://cdn.grofers.com/cdn-cgi/image/f=auto,fit=scale-down,q=70,metadata=none,w=270/da/cms-assets/cms/product/99c07f65-9c5b-4fc4-927b-7be3f2bea854.png
2026-06-05 15:48:44.414 | INFO     | __main__:process_urls_for_product:190 - Verified Source Attribution | Product: 452a85ddb5c2 | File: 452a85ddb5c2_009.jpg | Source: blinkit | URL: https://cdn.grofers.com/cdn-cgi/image/f=auto,fit=scale-down,q=70,metadata=none,w=270/da/cms-assets/cms/product/6650cacf-5347-4108-a653-4355531be4fa.png
2026-06-05 15:48:44.679 | INFO     | __main__:process_urls_for_product:190 - Verified Source Attribution | Product: 452a85ddb5c2 | File: 452a85ddb5c2_010.jpg | Source: blinkit | URL: https://cdn.grofers.com/cdn-cgi/image/f=auto,fit=scale-down,q=70,metadata=none,w=270/da/cms-assets/cms/product/2496ea2d-786f-4f6f-b8a1-3c8adae5d142.png
2026-06-05 15:48:44.916 | INFO     | __main__:process_urls_for_product:190 - Verified Source Attribution | Product: 452a85ddb5c2 | File: 452a85ddb5c2_011.jpg | Source: blinkit | URL: https://cdn.grofers.com/cdn-cgi/image/f=auto,fit=scale-down,q=70,metadata=none,w=270/da/cms-assets/cms/product/fc1a2841-870b-4921-862d-efc8890a3448.png
2026-06-05 15:48:45.167 | INFO     | __main__:process_urls_for_product:190 - Verified Source Attribution | Product: 452a85ddb5c2 | File: 452a85ddb5c2_012.jpg | Source: blinkit | URL: https://cdn.grofers.com/cdn-cgi/image/f=auto,fit=scale-down,q=70,metadata=none,w=270/da/cms-assets/cms/product/bc0577fb-33d8-4fff-80f7-61596307537c.png
2026-06-05 15:49:44.597 | INFO     | __main__:download_product_images:223 - Product e52f60e68438 has 0 images (min 10). Using Playwright fallback.
2026-06-05 15:49:48.087 | INFO     | nure.playwright_sources:collect_playwright_images:99 - Playwright blinkit 'Fortune Fortune Atta': 15 URLs
2026-06-05 15:49:51.396 | DEBUG    | nure.playwright_sources:collect_playwright_images:95 - Playwright timeout for bigbasket on Fortune Fortune Atta
2026-06-05 15:49:51.396 | INFO     | nure.playwright_sources:collect_playwright_images:99 - Playwright bigbasket 'Fortune Fortune Atta': 0 URLs
2026-06-05 15:49:54.366 | INFO     | nure.playwright_sources:collect_playwright_images:99 - Playwright jiomart 'Fortune Fortune Atta': 1 URLs
2026-06-05 15:49:56.717 | INFO     | nure.playwright_sources:collect_playwright_images:99 - Playwright flipkart 'Fortune Fortune Atta 1kg': 0 URLs
2026-06-05 15:49:56.836 | INFO     | __main__:process_urls_for_product:190 - Verified Source Attribution | Product: e52f60e68438 | File: e52f60e68438_000.jpg | Source: blinkit | URL: https://cdn.grofers.com/cdn-cgi/image/f=auto,fit=scale-down,q=70,metadata=none,w=270/da/cms-assets/cms/product/rc-upload-1769779424274-242.png
2026-06-05 15:49:57.207 | INFO     | __main__:process_urls_for_product:190 - Verified Source Attribution | Product: e52f60e68438 | File: e52f60e68438_001.jpg | Source: blinkit | URL: https://cdn.grofers.com/cdn-cgi/image/f=auto,fit=scale-down,q=70,metadata=none,w=270/da/cms-assets/cms/product/fc1a2841-870b-4921-862d-efc8890a3448.png
2026-06-05 15:49:57.447 | INFO     | __main__:process_urls_for_product:190 - Verified Source Attribution | Product: e52f60e68438 | File: e52f60e68438_002.jpg | Source: blinkit | URL: https://cdn.grofers.com/cdn-cgi/image/f=auto,fit=scale-down,q=70,metadata=none,w=270/da/cms-assets/cms/product/rc-upload-1772169697746-169.png
2026-06-05 15:49:57.683 | INFO     | __main__:process_urls_for_product:190 - Verified Source Attribution | Product: e52f60e68438 | File: e52f60e68438_003.jpg | Source: blinkit | URL: https://cdn.grofers.com/cdn-cgi/image/f=auto,fit=scale-down,q=70,metadata=none,w=270/da/cms-assets/cms/product/rc-upload-1776471758958-226.png
2026-06-05 15:49:57.916 | INFO     | __main__:process_urls_for_product:190 - Verified Source Attribution | Product: e52f60e68438 | File: e52f60e68438_004.jpg | Source: blinkit | URL: https://cdn.grofers.com/cdn-cgi/image/f=auto,fit=scale-down,q=70,metadata=none,w=270/da/cms-assets/cms/product/63708712-d1dd-4676-9da1-8ad476fe29ac.png
2026-06-05 15:49:58.162 | INFO     | __main__:process_urls_for_product:190 - Verified Source Attribution | Product: e52f60e68438 | File: e52f60e68438_005.jpg | Source: blinkit | URL: https://cdn.grofers.com/cdn-cgi/image/f=auto,fit=scale-down,q=70,metadata=none,w=270/da/cms-assets/cms/product/rc-upload-1779248476545-170.png
2026-06-05 15:49:58.395 | INFO     | __main__:process_urls_for_product:190 - Verified Source Attribution | Product: e52f60e68438 | File: e52f60e68438_006.jpg | Source: blinkit | URL: https://cdn.grofers.com/cdn-cgi/image/f=auto,fit=scale-down,q=70,metadata=none,w=270/da/cms-assets/cms/product/rc-upload-1773209973109-467.png
2026-06-05 15:49:58.635 | INFO     | __main__:process_urls_for_product:190 - Verified Source Attribution | Product: e52f60e68438 | File: e52f60e68438_007.jpg | Source: blinkit | URL: https://cdn.grofers.com/cdn-cgi/image/f=auto,fit=scale-down,q=70,metadata=none,w=270/da/cms-assets/cms/product/99c07f65-9c5b-4fc4-927b-7be3f2bea854.png
2026-06-05 15:49:58.870 | INFO     | __main__:process_urls_for_product:190 - Verified Source Attribution | Product: e52f60e68438 | File: e52f60e68438_008.jpg | Source: blinkit | URL: https://cdn.grofers.com/cdn-cgi/image/f=auto,fit=scale-down,q=70,metadata=none,w=270/da/cms-assets/cms/product/5a934f90-7342-41d6-a084-b1cb5b2d751d.png
2026-06-05 15:49:59.133 | INFO     | __main__:process_urls_for_product:190 - Verified Source Attribution | Product: e52f60e68438 | File: e52f60e68438_009.jpg | Source: blinkit | URL: https://cdn.grofers.com/cdn-cgi/image/f=auto,fit=scale-down,q=70,metadata=none,w=270/da/cms-assets/cms/product/a6be257d-8d32-4b37-9f15-a72398d6a2fd.png
2026-06-05 15:49:59.369 | INFO     | __main__:process_urls_for_product:190 - Verified Source Attribution | Product: e52f60e68438 | File: e52f60e68438_010.jpg | Source: blinkit | URL: https://cdn.grofers.com/cdn-cgi/image/f=auto,fit=scale-down,q=70,metadata=none,w=270/da/cms-assets/cms/product/e81f3825-8c8f-4b04-92a9-6a17ba01e4b8.png
2026-06-05 15:49:59.600 | INFO     | __main__:process_urls_for_product:190 - Verified Source Attribution | Product: e52f60e68438 | File: e52f60e68438_011.jpg | Source: blinkit | URL: https://cdn.grofers.com/cdn-cgi/image/f=auto,fit=scale-down,q=70,metadata=none,w=270/da/cms-assets/cms/product/b9bb083d-b44f-42a7-922c-39abd37a446c.png
2026-06-05 15:49:59.846 | INFO     | __main__:process_urls_for_product:190 - Verified Source Attribution | Product: e52f60e68438 | File: e52f60e68438_012.jpg | Source: blinkit | URL: https://cdn.grofers.com/cdn-cgi/image/f=auto,fit=scale-down,q=70,metadata=none,w=270/da/cms-assets/cms/product/6650cacf-5347-4108-a653-4355531be4fa.png
2026-06-05 15:51:23.813 | INFO     | __main__:download_product_images:223 - Product 0faff70a3743 has 0 images (min 10). Using Playwright fallback.
2026-06-05 15:51:27.758 | INFO     | nure.playwright_sources:collect_playwright_images:99 - Playwright blinkit 'India Gate Basmati Aged 1kg (I': 15 URLs
2026-06-05 15:51:31.071 | DEBUG    | nure.playwright_sources:collect_playwright_images:95 - Playwright timeout for bigbasket on India Gate Basmati Aged 1kg (I
2026-06-05 15:51:31.071 | INFO     | nure.playwright_sources:collect_playwright_images:99 - Playwright bigbasket 'India Gate Basmati Aged 1kg (I': 0 URLs
2026-06-05 15:51:33.283 | INFO     | nure.playwright_sources:collect_playwright_images:99 - Playwright jiomart 'India Gate Basmati Aged 1kg (I': 1 URLs
2026-06-05 15:51:35.751 | INFO     | nure.playwright_sources:collect_playwright_images:99 - Playwright flipkart 'India Gate Basmati Aged 1kg (I': 0 URLs
2026-06-05 15:51:35.870 | INFO     | __main__:process_urls_for_product:190 - Verified Source Attribution | Product: 0faff70a3743 | File: 0faff70a3743_000.jpg | Source: blinkit | URL: https://cdn.grofers.com/cdn-cgi/image/f=auto,fit=scale-down,q=70,metadata=none,w=270/da/cms-assets/cms/product/rc-upload-1776915617603-116.png
2026-06-05 15:51:36.150 | INFO     | __main__:process_urls_for_product:190 - Verified Source Attribution | Product: 0faff70a3743 | File: 0faff70a3743_001.jpg | Source: blinkit | URL: https://cdn.grofers.com/cdn-cgi/image/f=auto,fit=scale-down,q=70,metadata=none,w=270/da/cms-assets/cms/product/rc-upload-1776915617603-17.png
2026-06-05 15:51:36.375 | INFO     | __main__:process_urls_for_product:190 - Verified Source Attribution | Product: 0faff70a3743 | File: 0faff70a3743_002.jpg | Source: blinkit | URL: https://cdn.grofers.com/cdn-cgi/image/f=auto,fit=scale-down,q=70,metadata=none,w=270/da/cms-assets/cms/product/875ffd87-6efe-4b2d-9619-63f596ea7837.png
2026-06-05 15:51:36.590 | INFO     | __main__:process_urls_for_product:190 - Verified Source Attribution | Product: 0faff70a3743 | File: 0faff70a3743_003.jpg | Source: blinkit | URL: https://cdn.grofers.com/cdn-cgi/image/f=auto,fit=scale-down,q=70,metadata=none,w=270/da/cms-assets/cms/product/rc-upload-1776915617603-27.png
2026-06-05 15:51:36.814 | INFO     | __main__:process_urls_for_product:190 - Verified Source Attribution | Product: 0faff70a3743 | File: 0faff70a3743_004.jpg | Source: blinkit | URL: https://cdn.grofers.com/cdn-cgi/image/f=auto,fit=scale-down,q=70,metadata=none,w=270/da/cms-assets/cms/product/rc-upload-1776915617603-4.png
2026-06-05 15:51:37.148 | INFO     | __main__:process_urls_for_product:190 - Verified Source Attribution | Product: 0faff70a3743 | File: 0faff70a3743_005.jpg | Source: blinkit | URL: https://cdn.grofers.com/cdn-cgi/image/f=auto,fit=scale-down,q=70,metadata=none,w=270/da/cms-assets/cms/product/rc-upload-1776915617603-61.png
2026-06-05 15:51:37.429 | INFO     | __main__:process_urls_for_product:190 - Verified Source Attribution | Product: 0faff70a3743 | File: 0faff70a3743_006.jpg | Source: blinkit | URL: https://cdn.grofers.com/cdn-cgi/image/f=auto,fit=scale-down,q=70,metadata=none,w=270/da/cms-assets/cms/product/rc-upload-1776915617603-104.png
2026-06-05 15:51:37.675 | INFO     | __main__:process_urls_for_product:190 - Verified Source Attribution | Product: 0faff70a3743 | File: 0faff70a3743_007.jpg | Source: blinkit | URL: https://cdn.grofers.com/cdn-cgi/image/f=auto,fit=scale-down,q=70,metadata=none,w=270/da/cms-assets/cms/product/541a9151-720d-4193-b373-f98990e242c2.png
2026-06-05 15:51:37.950 | INFO     | __main__:process_urls_for_product:190 - Verified Source Attribution | Product: 0faff70a3743 | File: 0faff70a3743_008.jpg | Source: blinkit | URL: https://cdn.grofers.com/cdn-cgi/image/f=auto,fit=scale-down,q=70,metadata=none,w=270/da/cms-assets/cms/product/ae139802-2cb4-49ec-8bd6-a00bce982864.png
2026-06-05 15:51:38.329 | INFO     | __main__:process_urls_for_product:190 - Verified Source Attribution | Product: 0faff70a3743 | File: 0faff70a3743_009.jpg | Source: blinkit | URL: https://cdn.grofers.com/cdn-cgi/image/f=auto,fit=scale-down,q=70,metadata=none,w=270/da/cms-assets/cms/product/rc-upload-1776915617603-188.png
2026-06-05 15:51:38.572 | INFO     | __main__:process_urls_for_product:190 - Verified Source Attribution | Product: 0faff70a3743 | File: 0faff70a3743_010.jpg | Source: blinkit | URL: https://cdn.grofers.com/cdn-cgi/image/f=auto,fit=scale-down,q=70,metadata=none,w=270/da/cms-assets/cms/product/6acc5213-bb40-4404-9c70-2fb0737d2c70.png?bg_token=Colour%2Fsurface%2F00FFFFFF
2026-06-05 15:51:38.797 | INFO     | __main__:process_urls_for_product:190 - Verified Source Attribution | Product: 0faff70a3743 | File: 0faff70a3743_011.jpg | Source: blinkit | URL: https://cdn.grofers.com/cdn-cgi/image/f=auto,fit=scale-down,q=70,metadata=none,w=270/da/cms-assets/cms/product/381e1978-2bbf-4aa4-9251-9111fad05e9b.png
2026-06-05 15:52:35.164 | INFO     | __main__:download_product_images:223 - Product cef23127f2af has 0 images (min 10). Using Playwright fallback.
2026-06-05 15:52:38.566 | INFO     | nure.playwright_sources:collect_playwright_images:99 - Playwright blinkit 'India Gate Basmati rice': 15 URLs
2026-06-05 15:52:41.893 | DEBUG    | nure.playwright_sources:collect_playwright_images:95 - Playwright timeout for bigbasket on India Gate Basmati rice
2026-06-05 15:52:41.893 | INFO     | nure.playwright_sources:collect_playwright_images:99 - Playwright bigbasket 'India Gate Basmati rice': 0 URLs
2026-06-05 15:52:44.103 | INFO     | nure.playwright_sources:collect_playwright_images:99 - Playwright jiomart 'India Gate Basmati rice': 1 URLs
2026-06-05 15:52:46.549 | INFO     | nure.playwright_sources:collect_playwright_images:99 - Playwright flipkart 'India Gate Basmati rice': 0 URLs
2026-06-05 15:52:46.910 | INFO     | __main__:process_urls_for_product:190 - Verified Source Attribution | Product: cef23127f2af | File: cef23127f2af_000.jpg | Source: blinkit | URL: https://cdn.grofers.com/cdn-cgi/image/f=auto,fit=scale-down,q=70,metadata=none,w=270/da/cms-assets/cms/product/rc-upload-1779094500636-1995.png
2026-06-05 15:52:47.230 | INFO     | __main__:process_urls_for_product:190 - Verified Source Attribution | Product: cef23127f2af | File: cef23127f2af_001.jpg | Source: blinkit | URL: https://cdn.grofers.com/cdn-cgi/image/f=auto,fit=scale-down,q=70,metadata=none,w=270/da/cms-assets/cms/product/rc-upload-1776915617603-4.png
2026-06-05 15:52:47.455 | INFO     | __main__:process_urls_for_product:190 - Verified Source Attribution | Product: cef23127f2af | File: cef23127f2af_002.jpg | Source: blinkit | URL: https://cdn.grofers.com/cdn-cgi/image/f=auto,fit=scale-down,q=70,metadata=none,w=270/da/cms-assets/cms/product/rc-upload-1776915617603-27.png
2026-06-05 15:52:47.678 | INFO     | __main__:process_urls_for_product:190 - Verified Source Attribution | Product: cef23127f2af | File: cef23127f2af_003.jpg | Source: blinkit | URL: https://cdn.grofers.com/cdn-cgi/image/f=auto,fit=scale-down,q=70,metadata=none,w=270/da/cms-assets/cms/product/rc-upload-1776915617603-61.png
2026-06-05 15:52:47.892 | INFO     | __main__:process_urls_for_product:190 - Verified Source Attribution | Product: cef23127f2af | File: cef23127f2af_004.jpg | Source: blinkit | URL: https://cdn.grofers.com/cdn-cgi/image/f=auto,fit=scale-down,q=70,metadata=none,w=270/da/cms-assets/cms/product/a4a34e79-307e-4d8f-8f05-b04d22b92770.png
2026-06-05 15:52:48.115 | INFO     | __main__:process_urls_for_product:190 - Verified Source Attribution | Product: cef23127f2af | File: cef23127f2af_005.jpg | Source: blinkit | URL: https://cdn.grofers.com/cdn-cgi/image/f=auto,fit=scale-down,q=70,metadata=none,w=270/da/cms-assets/cms/product/rc-upload-1776915617603-104.png
2026-06-05 15:52:48.385 | INFO     | __main__:process_urls_for_product:190 - Verified Source Attribution | Product: cef23127f2af | File: cef23127f2af_006.jpg | Source: blinkit | URL: https://cdn.grofers.com/cdn-cgi/image/f=auto,fit=scale-down,q=70,metadata=none,w=270/da/cms-assets/cms/product/8e4c3bb8-37e3-4255-8cc6-58281062e43b.png
2026-06-05 15:52:48.611 | INFO     | __main__:process_urls_for_product:190 - Verified Source Attribution | Product: cef23127f2af | File: cef23127f2af_007.jpg | Source: blinkit | URL: https://cdn.grofers.com/cdn-cgi/image/f=auto,fit=scale-down,q=70,metadata=none,w=270/da/cms-assets/cms/product/875ffd87-6efe-4b2d-9619-63f596ea7837.png
2026-06-05 15:52:48.843 | INFO     | __main__:process_urls_for_product:190 - Verified Source Attribution | Product: cef23127f2af | File: cef23127f2af_008.jpg | Source: blinkit | URL: https://cdn.grofers.com/cdn-cgi/image/f=auto,fit=scale-down,q=70,metadata=none,w=270/da/cms-assets/cms/product/rc-upload-1776915617603-17.png
2026-06-05 15:54:15.706 | INFO     | __main__:download_product_images:223 - Product 6d9f29dcfbff has 0 images (min 10). Using Playwright fallback.
2026-06-05 15:54:18.790 | INFO     | nure.playwright_sources:collect_playwright_images:99 - Playwright blinkit 'India Gate Rice India Gate unc': 15 URLs
2026-06-05 15:54:22.117 | DEBUG    | nure.playwright_sources:collect_playwright_images:95 - Playwright timeout for bigbasket on India Gate Rice India Gate unc
2026-06-05 15:54:22.117 | INFO     | nure.playwright_sources:collect_playwright_images:99 - Playwright bigbasket 'India Gate Rice India Gate unc': 0 URLs
2026-06-05 15:54:24.865 | INFO     | nure.playwright_sources:collect_playwright_images:99 - Playwright jiomart 'India Gate Rice India Gate unc': 1 URLs
2026-06-05 15:54:27.343 | INFO     | nure.playwright_sources:collect_playwright_images:99 - Playwright flipkart 'India Gate Rice India Gate unc': 0 URLs
2026-06-05 15:54:27.458 | INFO     | __main__:process_urls_for_product:190 - Verified Source Attribution | Product: 6d9f29dcfbff | File: 6d9f29dcfbff_000.jpg | Source: blinkit | URL: https://cdn.grofers.com/cdn-cgi/image/f=auto,fit=scale-down,q=70,metadata=none,w=270/da/cms-assets/cms/product/rc-upload-1776915617603-116.png
2026-06-05 15:54:27.727 | INFO     | __main__:process_urls_for_product:190 - Verified Source Attribution | Product: 6d9f29dcfbff | File: 6d9f29dcfbff_001.jpg | Source: blinkit | URL: https://cdn.grofers.com/cdn-cgi/image/f=auto,fit=scale-down,q=70,metadata=none,w=270/da/cms-assets/cms/product/rc-upload-1776915617603-4.png
2026-06-05 15:54:27.952 | INFO     | __main__:process_urls_for_product:190 - Verified Source Attribution | Product: 6d9f29dcfbff | File: 6d9f29dcfbff_002.jpg | Source: blinkit | URL: https://cdn.grofers.com/cdn-cgi/image/f=auto,fit=scale-down,q=70,metadata=none,w=270/da/cms-assets/cms/product/875ffd87-6efe-4b2d-9619-63f596ea7837.png
2026-06-05 15:54:28.206 | INFO     | __main__:process_urls_for_product:190 - Verified Source Attribution | Product: 6d9f29dcfbff | File: 6d9f29dcfbff_003.jpg | Source: blinkit | URL: https://cdn.grofers.com/cdn-cgi/image/f=auto,fit=scale-down,q=70,metadata=none,w=270/da/cms-assets/cms/product/541a9151-720d-4193-b373-f98990e242c2.png
2026-06-05 15:54:28.427 | INFO     | __main__:process_urls_for_product:190 - Verified Source Attribution | Product: 6d9f29dcfbff | File: 6d9f29dcfbff_004.jpg | Source: blinkit | URL: https://cdn.grofers.com/cdn-cgi/image/f=auto,fit=scale-down,q=70,metadata=none,w=270/da/cms-assets/cms/product/rc-upload-1776915617603-61.png
2026-06-05 15:54:28.654 | INFO     | __main__:process_urls_for_product:190 - Verified Source Attribution | Product: 6d9f29dcfbff | File: 6d9f29dcfbff_005.jpg | Source: blinkit | URL: https://cdn.grofers.com/cdn-cgi/image/f=auto,fit=scale-down,q=70,metadata=none,w=270/da/cms-assets/cms/product/rc-upload-1776915617603-104.png
2026-06-05 15:54:28.883 | INFO     | __main__:process_urls_for_product:190 - Verified Source Attribution | Product: 6d9f29dcfbff | File: 6d9f29dcfbff_006.jpg | Source: blinkit | URL: https://cdn.grofers.com/cdn-cgi/image/f=auto,fit=scale-down,q=70,metadata=none,w=270/da/cms-assets/cms/product/rc-upload-1776915617603-27.png
2026-06-05 15:54:29.118 | INFO     | __main__:process_urls_for_product:190 - Verified Source Attribution | Product: 6d9f29dcfbff | File: 6d9f29dcfbff_007.jpg | Source: blinkit | URL: https://cdn.grofers.com/cdn-cgi/image/f=auto,fit=scale-down,q=70,metadata=none,w=270/da/cms-assets/cms/product/rc-upload-1780561719340-4.png
2026-06-05 15:54:29.346 | INFO     | __main__:process_urls_for_product:190 - Verified Source Attribution | Product: 6d9f29dcfbff | File: 6d9f29dcfbff_008.jpg | Source: blinkit | URL: https://cdn.grofers.com/cdn-cgi/image/f=auto,fit=scale-down,q=70,metadata=none,w=270/da/cms-assets/cms/product/6983bf44-3800-4b29-87a2-4ac862af5bf9.png
2026-06-05 15:54:29.656 | INFO     | __main__:process_urls_for_product:190 - Verified Source Attribution | Product: 6d9f29dcfbff | File: 6d9f29dcfbff_009.jpg | Source: blinkit | URL: https://cdn.grofers.com/cdn-cgi/image/f=auto,fit=scale-down,q=70,metadata=none,w=270/da/cms-assets/cms/product/8e4c3bb8-37e3-4255-8cc6-58281062e43b.png
2026-06-05 15:54:29.908 | INFO     | __main__:process_urls_for_product:190 - Verified Source Attribution | Product: 6d9f29dcfbff | File: 6d9f29dcfbff_010.jpg | Source: blinkit | URL: https://cdn.grofers.com/cdn-cgi/image/f=auto,fit=scale-down,q=70,metadata=none,w=270/da/cms-assets/cms/product/c90acd63-c5fc-4388-8cc0-e407882459eb.png
2026-06-05 15:54:30.184 | INFO     | __main__:process_urls_for_product:190 - Verified Source Attribution | Product: 6d9f29dcfbff | File: 6d9f29dcfbff_011.jpg | Source: blinkit | URL: https://cdn.grofers.com/cdn-cgi/image/f=auto,fit=scale-down,q=70,metadata=none,w=270/da/cms-assets/cms/product/rc-upload-1780561719340-29.png
2026-06-05 15:55:41.829 | INFO     | __main__:download_product_images:223 - Product c42aaee0858a has 0 images (min 10). Using Playwright fallback.
2026-06-05 15:55:45.254 | INFO     | nure.playwright_sources:collect_playwright_images:99 - Playwright blinkit 'India Gate Riz basmati - Rosan': 15 URLs
2026-06-05 15:55:48.623 | DEBUG    | nure.playwright_sources:collect_playwright_images:95 - Playwright timeout for bigbasket on India Gate Riz basmati - Rosan
2026-06-05 15:55:48.623 | INFO     | nure.playwright_sources:collect_playwright_images:99 - Playwright bigbasket 'India Gate Riz basmati - Rosan': 0 URLs
2026-06-05 15:55:51.618 | INFO     | nure.playwright_sources:collect_playwright_images:99 - Playwright jiomart 'India Gate Riz basmati - Rosan': 1 URLs
2026-06-05 15:55:54.109 | INFO     | nure.playwright_sources:collect_playwright_images:99 - Playwright flipkart 'India Gate Riz basmati - Rosan': 0 URLs
2026-06-05 15:55:54.377 | INFO     | __main__:process_urls_for_product:190 - Verified Source Attribution | Product: c42aaee0858a | File: c42aaee0858a_000.jpg | Source: blinkit | URL: https://cdn.grofers.com/cdn-cgi/image/f=auto,fit=scale-down,q=70,metadata=none,w=270/da/cms-assets/cms/product/875ffd87-6efe-4b2d-9619-63f596ea7837.png
2026-06-05 15:55:54.643 | INFO     | __main__:process_urls_for_product:190 - Verified Source Attribution | Product: c42aaee0858a | File: c42aaee0858a_001.jpg | Source: blinkit | URL: https://cdn.grofers.com/cdn-cgi/image/f=auto,fit=scale-down,q=70,metadata=none,w=270/da/cms-assets/cms/product/541a9151-720d-4193-b373-f98990e242c2.png
2026-06-05 15:55:54.858 | INFO     | __main__:process_urls_for_product:190 - Verified Source Attribution | Product: c42aaee0858a | File: c42aaee0858a_002.jpg | Source: blinkit | URL: https://cdn.grofers.com/cdn-cgi/image/f=auto,fit=scale-down,q=70,metadata=none,w=270/da/cms-assets/cms/product/6983bf44-3800-4b29-87a2-4ac862af5bf9.png
2026-06-05 15:55:55.087 | INFO     | __main__:process_urls_for_product:190 - Verified Source Attribution | Product: c42aaee0858a | File: c42aaee0858a_003.jpg | Source: blinkit | URL: https://cdn.grofers.com/cdn-cgi/image/f=auto,fit=scale-down,q=70,metadata=none,w=270/da/cms-assets/cms/product/rc-upload-1776915617603-116.png
2026-06-05 15:55:55.316 | INFO     | __main__:process_urls_for_product:190 - Verified Source Attribution | Product: c42aaee0858a | File: c42aaee0858a_004.jpg | Source: blinkit | URL: https://cdn.grofers.com/cdn-cgi/image/f=auto,fit=scale-down,q=70,metadata=none,w=270/da/cms-assets/cms/product/rc-upload-1776915617603-104.png
2026-06-05 15:55:55.585 | INFO     | __main__:process_urls_for_product:190 - Verified Source Attribution | Product: c42aaee0858a | File: c42aaee0858a_005.jpg | Source: blinkit | URL: https://cdn.grofers.com/cdn-cgi/image/f=auto,fit=scale-down,q=70,metadata=none,w=270/da/cms-assets/cms/product/a36272bb-1bfd-49c7-94e2-cc784b9a11c2.png
2026-06-05 15:55:55.824 | INFO     | __main__:process_urls_for_product:190 - Verified Source Attribution | Product: c42aaee0858a | File: c42aaee0858a_006.jpg | Source: blinkit | URL: https://cdn.grofers.com/cdn-cgi/image/f=auto,fit=scale-down,q=70,metadata=none,w=270/da/cms-assets/cms/product/381e1978-2bbf-4aa4-9251-9111fad05e9b.png
2026-06-05 15:55:56.057 | INFO     | __main__:process_urls_for_product:190 - Verified Source Attribution | Product: c42aaee0858a | File: c42aaee0858a_007.jpg | Source: blinkit | URL: https://cdn.grofers.com/cdn-cgi/image/f=auto,fit=scale-down,q=70,metadata=none,w=270/da/cms-assets/cms/product/rc-upload-1776915617603-27.png
2026-06-05 15:55:56.289 | INFO     | __main__:process_urls_for_product:190 - Verified Source Attribution | Product: c42aaee0858a | File: c42aaee0858a_008.jpg | Source: blinkit | URL: https://cdn.grofers.com/cdn-cgi/image/f=auto,fit=scale-down,q=70,metadata=none,w=270/da/cms-assets/cms/product/rc-upload-1776915617603-61.png
2026-06-05 15:55:56.516 | INFO     | __main__:process_urls_for_product:190 - Verified Source Attribution | Product: c42aaee0858a | File: c42aaee0858a_009.jpg | Source: blinkit | URL: https://cdn.grofers.com/cdn-cgi/image/f=auto,fit=scale-down,q=70,metadata=none,w=270/da/cms-assets/cms/product/rc-upload-1776915617603-4.png
2026-06-05 15:55:56.749 | INFO     | __main__:process_urls_for_product:190 - Verified Source Attribution | Product: c42aaee0858a | File: c42aaee0858a_010.jpg | Source: blinkit | URL: https://cdn.grofers.com/cdn-cgi/image/f=auto,fit=scale-down,q=70,metadata=none,w=270/da/cms-assets/cms/product/8e4c3bb8-37e3-4255-8cc6-58281062e43b.png
2026-06-05 15:55:57.513 | DEBUG    | nure.image_sources:_get:46 - GET failed: HTTPSConnectionPool(host='world.openfoodfacts.org', port=443): Max retries exceeded with url: /api/v2/product/0690225108973.json?fields=images%2Cimage_front_url%2Cimage_front_small_url%2Cimage_ingredients_url%2Cimage_nutrition_url%2Cimage_packaging_url (Caused by SSLError(SSLCertVerificationError(1, "[SSL: CERTIFICATE_VERIFY_FAILED] certificate verify failed: Hostname mismatch, certificate is not valid for 'world.openfoodfacts.org'. (_ssl.c:1007)")))
2026-06-05 15:55:59.537 | INFO     | nure.image_sources:collect_amazon_images:178 - Amazon 'India Gate White basmati rice excel': 3 URLs
2026-06-05 15:56:37.846 | INFO     | __main__:process_urls_for_product:190 - Verified Source Attribution | Product: fbcdc8771279 | File: fbcdc8771279_000.jpg | Source: amazon | URL: https://m.media-amazon.com/images/I/31Ip4aURUpL.png
2026-06-05 15:56:38.451 | INFO     | __main__:process_urls_for_product:190 - Verified Source Attribution | Product: fbcdc8771279 | File: fbcdc8771279_001.jpg | Source: amazon | URL: https://m.media-amazon.com/images/I/71RFN5sSVjL.jpg
2026-06-05 15:56:39.168 | INFO     | __main__:process_urls_for_product:190 - Verified Source Attribution | Product: fbcdc8771279 | File: fbcdc8771279_002.jpg | Source: amazon | URL: https://m.media-amazon.com/images/I/81a4jn0f9gL.jpg
2026-06-05 15:56:39.332 | INFO     | __main__:download_product_images:223 - Product fbcdc8771279 has 3 images (min 10). Using Playwright fallback.
2026-06-05 15:56:42.852 | INFO     | nure.playwright_sources:collect_playwright_images:99 - Playwright blinkit 'India Gate White basmati rice ': 15 URLs
2026-06-05 15:56:46.188 | DEBUG    | nure.playwright_sources:collect_playwright_images:95 - Playwright timeout for bigbasket on India Gate White basmati rice 
2026-06-05 15:56:46.188 | INFO     | nure.playwright_sources:collect_playwright_images:99 - Playwright bigbasket 'India Gate White basmati rice ': 0 URLs
2026-06-05 15:56:48.539 | INFO     | nure.playwright_sources:collect_playwright_images:99 - Playwright jiomart 'India Gate White basmati rice ': 1 URLs
2026-06-05 15:56:50.948 | INFO     | nure.playwright_sources:collect_playwright_images:99 - Playwright flipkart 'India Gate White basmati rice ': 0 URLs
2026-06-05 15:56:51.053 | INFO     | __main__:process_urls_for_product:190 - Verified Source Attribution | Product: fbcdc8771279 | File: fbcdc8771279_003.jpg | Source: blinkit | URL: https://cdn.grofers.com/cdn-cgi/image/f=auto,fit=scale-down,q=70,metadata=none,w=270/da/cms-assets/cms/product/rc-upload-1776915617603-116.png
2026-06-05 15:56:51.350 | INFO     | __main__:process_urls_for_product:190 - Verified Source Attribution | Product: fbcdc8771279 | File: fbcdc8771279_004.jpg | Source: blinkit | URL: https://cdn.grofers.com/cdn-cgi/image/f=auto,fit=scale-down,q=70,metadata=none,w=270/da/cms-assets/cms/product/875ffd87-6efe-4b2d-9619-63f596ea7837.png
2026-06-05 15:56:51.573 | INFO     | __main__:process_urls_for_product:190 - Verified Source Attribution | Product: fbcdc8771279 | File: fbcdc8771279_005.jpg | Source: blinkit | URL: https://cdn.grofers.com/cdn-cgi/image/f=auto,fit=scale-down,q=70,metadata=none,w=270/da/cms-assets/cms/product/rc-upload-1776915617603-4.png
2026-06-05 15:56:51.792 | INFO     | __main__:process_urls_for_product:190 - Verified Source Attribution | Product: fbcdc8771279 | File: fbcdc8771279_006.jpg | Source: blinkit | URL: https://cdn.grofers.com/cdn-cgi/image/f=auto,fit=scale-down,q=70,metadata=none,w=270/da/cms-assets/cms/product/rc-upload-1776915617603-61.png
2026-06-05 15:56:52.019 | INFO     | __main__:process_urls_for_product:190 - Verified Source Attribution | Product: fbcdc8771279 | File: fbcdc8771279_007.jpg | Source: blinkit | URL: https://cdn.grofers.com/cdn-cgi/image/f=auto,fit=scale-down,q=70,metadata=none,w=270/da/cms-assets/cms/product/541a9151-720d-4193-b373-f98990e242c2.png
2026-06-05 15:56:52.254 | INFO     | __main__:process_urls_for_product:190 - Verified Source Attribution | Product: fbcdc8771279 | File: fbcdc8771279_008.jpg | Source: blinkit | URL: https://cdn.grofers.com/cdn-cgi/image/f=auto,fit=scale-down,q=70,metadata=none,w=270/da/cms-assets/cms/product/rc-upload-1776915617603-104.png
2026-06-05 15:56:52.506 | INFO     | __main__:process_urls_for_product:190 - Verified Source Attribution | Product: fbcdc8771279 | File: fbcdc8771279_009.jpg | Source: blinkit | URL: https://cdn.grofers.com/cdn-cgi/image/f=auto,fit=scale-down,q=70,metadata=none,w=270/da/cms-assets/cms/product/rc-upload-1776915617603-27.png
2026-06-05 15:56:52.738 | INFO     | __main__:process_urls_for_product:190 - Verified Source Attribution | Product: fbcdc8771279 | File: fbcdc8771279_010.jpg | Source: blinkit | URL: https://cdn.grofers.com/cdn-cgi/image/f=auto,fit=scale-down,q=70,metadata=none,w=270/da/cms-assets/cms/product/8e4c3bb8-37e3-4255-8cc6-58281062e43b.png
2026-06-05 15:56:52.984 | INFO     | __main__:process_urls_for_product:190 - Verified Source Attribution | Product: fbcdc8771279 | File: fbcdc8771279_011.jpg | Source: blinkit | URL: https://cdn.grofers.com/cdn-cgi/image/f=auto,fit=scale-down,q=70,metadata=none,w=270/da/cms-assets/cms/product/rc-upload-1776915617603-17.png
2026-06-05 15:56:53.294 | INFO     | __main__:process_urls_for_product:190 - Verified Source Attribution | Product: fbcdc8771279 | File: fbcdc8771279_012.jpg | Source: blinkit | URL: https://cdn.grofers.com/cdn-cgi/image/f=auto,fit=scale-down,q=70,metadata=none,w=270/da/cms-assets/cms/product/33c55994-3d59-4be2-831c-07f6f778af35.png
2026-06-05 15:56:53.523 | INFO     | __main__:process_urls_for_product:190 - Verified Source Attribution | Product: fbcdc8771279 | File: fbcdc8771279_013.jpg | Source: blinkit | URL: https://cdn.grofers.com/cdn-cgi/image/f=auto,fit=scale-down,q=70,metadata=none,w=270/da/cms-assets/cms/product/6983bf44-3800-4b29-87a2-4ac862af5bf9.png
2026-06-05 15:56:53.754 | INFO     | __main__:process_urls_for_product:190 - Verified Source Attribution | Product: fbcdc8771279 | File: fbcdc8771279_014.jpg | Source: blinkit | URL: https://cdn.grofers.com/cdn-cgi/image/f=auto,fit=scale-down,q=70,metadata=none,w=270/da/cms-assets/cms/product/a36272bb-1bfd-49c7-94e2-cc784b9a11c2.png
2026-06-05 15:56:54.438 | DEBUG    | nure.image_sources:_get:46 - GET failed: HTTPSConnectionPool(host='world.openfoodfacts.org', port=443): Max retries exceeded with url: /api/v2/product/0690225104364.json?fields=images%2Cimage_front_url%2Cimage_front_small_url%2Cimage_ingredients_url%2Cimage_nutrition_url%2Cimage_packaging_url (Caused by SSLError(SSLCertVerificationError(1, "[SSL: CERTIFICATE_VERIFY_FAILED] certificate verify failed: Hostname mismatch, certificate is not valid for 'world.openfoodfacts.org'. (_ssl.c:1007)")))
2026-06-05 15:56:56.102 | INFO     | nure.image_sources:collect_amazon_images:178 - Amazon 'India Gate Basmati rice 10kg': 2 URLs
2026-06-05 15:56:58.000 | INFO     | nure.image_sources:collect_bing_images:149 - Bing 'India Gate Basmati rice 10kg': 0 URLs
2026-06-05 15:57:34.742 | INFO     | __main__:process_urls_for_product:190 - Verified Source Attribution | Product: cf0ead28cba8 | File: cf0ead28cba8_000.jpg | Source: amazon | URL: https://m.media-amazon.com/images/I/31Ip4aURUpL.png
2026-06-05 15:57:35.449 | INFO     | __main__:process_urls_for_product:190 - Verified Source Attribution | Product: cf0ead28cba8 | File: cf0ead28cba8_001.jpg | Source: amazon | URL: https://m.media-amazon.com/images/I/81a4jn0f9gL.jpg
2026-06-05 15:57:35.602 | INFO     | __main__:download_product_images:223 - Product cf0ead28cba8 has 2 images (min 10). Using Playwright fallback.
2026-06-05 15:57:38.940 | INFO     | nure.playwright_sources:collect_playwright_images:99 - Playwright blinkit 'India Gate Basmati rice 10kg': 15 URLs
2026-06-05 15:57:42.316 | DEBUG    | nure.playwright_sources:collect_playwright_images:95 - Playwright timeout for bigbasket on India Gate Basmati rice 10kg
2026-06-05 15:57:42.316 | INFO     | nure.playwright_sources:collect_playwright_images:99 - Playwright bigbasket 'India Gate Basmati rice 10kg': 0 URLs
2026-06-05 15:57:44.852 | INFO     | nure.playwright_sources:collect_playwright_images:99 - Playwright jiomart 'India Gate Basmati rice 10kg': 1 URLs
2026-06-05 15:57:47.456 | INFO     | nure.playwright_sources:collect_playwright_images:99 - Playwright flipkart 'India Gate Basmati rice 10kg': 0 URLs
2026-06-05 15:57:47.786 | INFO     | __main__:process_urls_for_product:190 - Verified Source Attribution | Product: cf0ead28cba8 | File: cf0ead28cba8_002.jpg | Source: blinkit | URL: https://cdn.grofers.com/cdn-cgi/image/f=auto,fit=scale-down,q=70,metadata=none,w=270/da/cms-assets/cms/product/rc-upload-1779094500636-1995.png
2026-06-05 15:57:48.116 | INFO     | __main__:process_urls_for_product:190 - Verified Source Attribution | Product: cf0ead28cba8 | File: cf0ead28cba8_003.jpg | Source: blinkit | URL: https://cdn.grofers.com/cdn-cgi/image/f=auto,fit=scale-down,q=70,metadata=none,w=270/da/cms-assets/cms/product/rc-upload-1776915617603-61.png
2026-06-05 15:57:48.346 | INFO     | __main__:process_urls_for_product:190 - Verified Source Attribution | Product: cf0ead28cba8 | File: cf0ead28cba8_004.jpg | Source: blinkit | URL: https://cdn.grofers.com/cdn-cgi/image/f=auto,fit=scale-down,q=70,metadata=none,w=270/da/cms-assets/cms/product/rc-upload-1776915617603-104.png
2026-06-05 15:57:48.577 | INFO     | __main__:process_urls_for_product:190 - Verified Source Attribution | Product: cf0ead28cba8 | File: cf0ead28cba8_005.jpg | Source: blinkit | URL: https://cdn.grofers.com/cdn-cgi/image/f=auto,fit=scale-down,q=70,metadata=none,w=270/da/cms-assets/cms/product/8e4c3bb8-37e3-4255-8cc6-58281062e43b.png
2026-06-05 15:57:48.805 | INFO     | __main__:process_urls_for_product:190 - Verified Source Attribution | Product: cf0ead28cba8 | File: cf0ead28cba8_006.jpg | Source: blinkit | URL: https://cdn.grofers.com/cdn-cgi/image/f=auto,fit=scale-down,q=70,metadata=none,w=270/da/cms-assets/cms/product/a4a34e79-307e-4d8f-8f05-b04d22b92770.png
2026-06-05 15:57:49.087 | INFO     | __main__:process_urls_for_product:190 - Verified Source Attribution | Product: cf0ead28cba8 | File: cf0ead28cba8_007.jpg | Source: blinkit | URL: https://cdn.grofers.com/cdn-cgi/image/f=auto,fit=scale-down,q=70,metadata=none,w=270/da/cms-assets/cms/product/rc-upload-1776915617603-51.png
2026-06-05 15:57:49.320 | INFO     | __main__:process_urls_for_product:190 - Verified Source Attribution | Product: cf0ead28cba8 | File: cf0ead28cba8_008.jpg | Source: blinkit | URL: https://cdn.grofers.com/cdn-cgi/image/f=auto,fit=scale-down,q=70,metadata=none,w=270/da/cms-assets/cms/product/rc-upload-1776915617603-4.png
2026-06-05 15:57:49.551 | INFO     | __main__:process_urls_for_product:190 - Verified Source Attribution | Product: cf0ead28cba8 | File: cf0ead28cba8_009.jpg | Source: blinkit | URL: https://cdn.grofers.com/cdn-cgi/image/f=auto,fit=scale-down,q=70,metadata=none,w=270/da/cms-assets/cms/product/rc-upload-1776915617603-27.png
2026-06-05 15:57:49.765 | INFO     | __main__:process_urls_for_product:190 - Verified Source Attribution | Product: cf0ead28cba8 | File: cf0ead28cba8_010.jpg | Source: blinkit | URL: https://cdn.grofers.com/cdn-cgi/image/f=auto,fit=scale-down,q=70,metadata=none,w=270/da/cms-assets/cms/product/875ffd87-6efe-4b2d-9619-63f596ea7837.png
2026-06-05 15:57:50.686 | DEBUG    | nure.image_sources:_get:46 - GET failed: HTTPSConnectionPool(host='world.openfoodfacts.org', port=443): Max retries exceeded with url: /api/v2/product/0690225105569.json?fields=images%2Cimage_front_url%2Cimage_front_small_url%2Cimage_ingredients_url%2Cimage_nutrition_url%2Cimage_packaging_url (Caused by SSLError(SSLCertVerificationError(1, "[SSL: CERTIFICATE_VERIFY_FAILED] certificate verify failed: Hostname mismatch, certificate is not valid for 'world.openfoodfacts.org'. (_ssl.c:1007)")))
2026-06-05 15:57:52.638 | INFO     | nure.image_sources:collect_amazon_images:178 - Amazon 'India Gate India Gate Classic Rice 5 kg': 3 URLs
2026-06-05 15:58:30.623 | INFO     | __main__:process_urls_for_product:190 - Verified Source Attribution | Product: 4b80f9ecc001 | File: 4b80f9ecc001_000.jpg | Source: amazon | URL: https://m.media-amazon.com/images/I/31Ip4aURUpL.png
2026-06-05 15:58:31.068 | INFO     | __main__:process_urls_for_product:190 - Verified Source Attribution | Product: 4b80f9ecc001 | File: 4b80f9ecc001_001.jpg | Source: amazon | URL: https://m.media-amazon.com/images/I/71RFN5sSVjL.jpg
2026-06-05 15:58:31.777 | INFO     | __main__:process_urls_for_product:190 - Verified Source Attribution | Product: 4b80f9ecc001 | File: 4b80f9ecc001_002.jpg | Source: amazon | URL: https://m.media-amazon.com/images/I/81a4jn0f9gL.jpg
2026-06-05 15:58:31.930 | INFO     | __main__:download_product_images:223 - Product 4b80f9ecc001 has 3 images (min 10). Using Playwright fallback.
2026-06-05 15:58:34.985 | INFO     | nure.playwright_sources:collect_playwright_images:99 - Playwright blinkit 'India Gate India Gate Classic ': 15 URLs
2026-06-05 15:58:38.350 | DEBUG    | nure.playwright_sources:collect_playwright_images:95 - Playwright timeout for bigbasket on India Gate India Gate Classic 
2026-06-05 15:58:38.350 | INFO     | nure.playwright_sources:collect_playwright_images:99 - Playwright bigbasket 'India Gate India Gate Classic ': 0 URLs
2026-06-05 15:58:40.571 | INFO     | nure.playwright_sources:collect_playwright_images:99 - Playwright jiomart 'India Gate India Gate Classic ': 1 URLs
2026-06-05 15:58:42.720 | INFO     | nure.playwright_sources:collect_playwright_images:99 - Playwright flipkart 'India Gate India Gate Classic ': 0 URLs
2026-06-05 15:58:42.826 | INFO     | __main__:process_urls_for_product:190 - Verified Source Attribution | Product: 4b80f9ecc001 | File: 4b80f9ecc001_003.jpg | Source: blinkit | URL: https://cdn.grofers.com/cdn-cgi/image/f=auto,fit=scale-down,q=70,metadata=none,w=270/da/cms-assets/cms/product/rc-upload-1776915617603-17.png
2026-06-05 15:58:43.167 | INFO     | __main__:process_urls_for_product:190 - Verified Source Attribution | Product: 4b80f9ecc001 | File: 4b80f9ecc001_004.jpg | Source: blinkit | URL: https://cdn.grofers.com/cdn-cgi/image/f=auto,fit=scale-down,q=70,metadata=none,w=270/da/cms-assets/cms/product/rc-upload-1776915617603-116.png
2026-06-05 15:58:43.395 | INFO     | __main__:process_urls_for_product:190 - Verified Source Attribution | Product: 4b80f9ecc001 | File: 4b80f9ecc001_005.jpg | Source: blinkit | URL: https://cdn.grofers.com/cdn-cgi/image/f=auto,fit=scale-down,q=70,metadata=none,w=270/da/cms-assets/cms/product/875ffd87-6efe-4b2d-9619-63f596ea7837.png
2026-06-05 15:58:43.612 | INFO     | __main__:process_urls_for_product:190 - Verified Source Attribution | Product: 4b80f9ecc001 | File: 4b80f9ecc001_006.jpg | Source: blinkit | URL: https://cdn.grofers.com/cdn-cgi/image/f=auto,fit=scale-down,q=70,metadata=none,w=270/da/cms-assets/cms/product/rc-upload-1776915617603-104.png
2026-06-05 15:58:43.833 | INFO     | __main__:process_urls_for_product:190 - Verified Source Attribution | Product: 4b80f9ecc001 | File: 4b80f9ecc001_007.jpg | Source: blinkit | URL: https://cdn.grofers.com/cdn-cgi/image/f=auto,fit=scale-down,q=70,metadata=none,w=270/da/cms-assets/cms/product/541a9151-720d-4193-b373-f98990e242c2.png
2026-06-05 15:58:44.050 | INFO     | __main__:process_urls_for_product:190 - Verified Source Attribution | Product: 4b80f9ecc001 | File: 4b80f9ecc001_008.jpg | Source: blinkit | URL: https://cdn.grofers.com/cdn-cgi/image/f=auto,fit=scale-down,q=70,metadata=none,w=270/da/cms-assets/cms/product/rc-upload-1776915617603-4.png
2026-06-05 15:58:44.284 | INFO     | __main__:process_urls_for_product:190 - Verified Source Attribution | Product: 4b80f9ecc001 | File: 4b80f9ecc001_009.jpg | Source: blinkit | URL: https://cdn.grofers.com/cdn-cgi/image/f=auto,fit=scale-down,q=70,metadata=none,w=270/da/cms-assets/cms/product/rc-upload-1776915617603-61.png
2026-06-05 15:58:44.503 | INFO     | __main__:process_urls_for_product:190 - Verified Source Attribution | Product: 4b80f9ecc001 | File: 4b80f9ecc001_010.jpg | Source: blinkit | URL: https://cdn.grofers.com/cdn-cgi/image/f=auto,fit=scale-down,q=70,metadata=none,w=270/da/cms-assets/cms/product/8e4c3bb8-37e3-4255-8cc6-58281062e43b.png
2026-06-05 15:58:44.723 | INFO     | __main__:process_urls_for_product:190 - Verified Source Attribution | Product: 4b80f9ecc001 | File: 4b80f9ecc001_011.jpg | Source: blinkit | URL: https://cdn.grofers.com/cdn-cgi/image/f=auto,fit=scale-down,q=70,metadata=none,w=270/da/cms-assets/cms/product/rc-upload-1776915617603-27.png
2026-06-05 15:58:44.942 | INFO     | __main__:process_urls_for_product:190 - Verified Source Attribution | Product: 4b80f9ecc001 | File: 4b80f9ecc001_012.jpg | Source: blinkit | URL: https://cdn.grofers.com/cdn-cgi/image/f=auto,fit=scale-down,q=70,metadata=none,w=270/da/cms-assets/cms/product/33c55994-3d59-4be2-831c-07f6f778af35.png
2026-06-05 15:58:45.160 | INFO     | __main__:process_urls_for_product:190 - Verified Source Attribution | Product: 4b80f9ecc001 | File: 4b80f9ecc001_013.jpg | Source: blinkit | URL: https://cdn.grofers.com/cdn-cgi/image/f=auto,fit=scale-down,q=70,metadata=none,w=270/da/cms-assets/cms/product/6983bf44-3800-4b29-87a2-4ac862af5bf9.png
2026-06-05 15:58:45.444 | INFO     | __main__:process_urls_for_product:190 - Verified Source Attribution | Product: 4b80f9ecc001 | File: 4b80f9ecc001_014.jpg | Source: blinkit | URL: https://cdn.grofers.com/cdn-cgi/image/f=auto,fit=scale-down,q=70,metadata=none,w=270/da/cms-assets/cms/product/rc-upload-1776915617603-188.png
2026-06-05 15:58:46.097 | DEBUG    | nure.image_sources:_get:46 - GET failed: HTTPSConnectionPool(host='world.openfoodfacts.org', port=443): Max retries exceeded with url: /api/v2/product/0690225300643.json?fields=images%2Cimage_front_url%2Cimage_front_small_url%2Cimage_ingredients_url%2Cimage_nutrition_url%2Cimage_packaging_url (Caused by SSLError(SSLCertVerificationError(1, "[SSL: CERTIFICATE_VERIFY_FAILED] certificate verify failed: Hostname mismatch, certificate is not valid for 'world.openfoodfacts.org'. (_ssl.c:1007)")))
2026-06-05 15:58:47.991 | INFO     | nure.image_sources:collect_amazon_images:178 - Amazon 'India Gate Sprouted Brown Basmati Rice 2': 2 URLs
2026-06-05 15:58:50.178 | INFO     | nure.image_sources:collect_bing_images:149 - Bing 'India Gate Sprouted Brown Basmati Rice': 0 URLs
2026-06-05 15:59:27.171 | INFO     | __main__:process_urls_for_product:190 - Verified Source Attribution | Product: 8c63470464f6 | File: 8c63470464f6_000.jpg | Source: amazon | URL: https://m.media-amazon.com/images/I/31Ip4aURUpL.png
2026-06-05 15:59:27.909 | INFO     | __main__:process_urls_for_product:190 - Verified Source Attribution | Product: 8c63470464f6 | File: 8c63470464f6_001.jpg | Source: amazon | URL: https://m.media-amazon.com/images/I/81a4jn0f9gL.jpg
2026-06-05 15:59:28.062 | INFO     | __main__:download_product_images:223 - Product 8c63470464f6 has 2 images (min 10). Using Playwright fallback.
2026-06-05 15:59:31.321 | INFO     | nure.playwright_sources:collect_playwright_images:99 - Playwright blinkit 'India Gate Sprouted Brown Basm': 15 URLs
2026-06-05 15:59:34.707 | DEBUG    | nure.playwright_sources:collect_playwright_images:95 - Playwright timeout for bigbasket on India Gate Sprouted Brown Basm
2026-06-05 15:59:34.707 | INFO     | nure.playwright_sources:collect_playwright_images:99 - Playwright bigbasket 'India Gate Sprouted Brown Basm': 0 URLs
2026-06-05 15:59:37.324 | INFO     | nure.playwright_sources:collect_playwright_images:99 - Playwright jiomart 'India Gate Sprouted Brown Basm': 1 URLs
2026-06-05 15:59:39.774 | INFO     | nure.playwright_sources:collect_playwright_images:99 - Playwright flipkart 'India Gate Sprouted Brown Basm': 0 URLs
2026-06-05 15:59:40.017 | INFO     | __main__:process_urls_for_product:190 - Verified Source Attribution | Product: 8c63470464f6 | File: 8c63470464f6_002.jpg | Source: blinkit | URL: https://cdn.grofers.com/cdn-cgi/image/f=auto,fit=scale-down,q=70,metadata=none,w=270/da/cms-assets/cms/product/rc-upload-1779421790948-1591.png
2026-06-05 15:59:40.324 | INFO     | __main__:process_urls_for_product:190 - Verified Source Attribution | Product: 8c63470464f6 | File: 8c63470464f6_003.jpg | Source: blinkit | URL: https://cdn.grofers.com/cdn-cgi/image/f=auto,fit=scale-down,q=70,metadata=none,w=270/da/cms-assets/cms/product/87004ea2-71d5-46ff-b212-f4ae65a5c934.png
2026-06-05 15:59:40.581 | INFO     | __main__:process_urls_for_product:190 - Verified Source Attribution | Product: 8c63470464f6 | File: 8c63470464f6_004.jpg | Source: blinkit | URL: https://cdn.grofers.com/cdn-cgi/image/f=auto,fit=scale-down,q=70,metadata=none,w=270/da/cms-assets/cms/product/rc-upload-1779421790948-1613.png
2026-06-05 15:59:40.834 | INFO     | __main__:process_urls_for_product:190 - Verified Source Attribution | Product: 8c63470464f6 | File: 8c63470464f6_005.jpg | Source: blinkit | URL: https://cdn.grofers.com/cdn-cgi/image/f=auto,fit=scale-down,q=70,metadata=none,w=270/da/cms-assets/cms/product/a56f8c6f-39d8-44b9-9382-4e8a6574086a.png
2026-06-05 15:59:41.107 | INFO     | __main__:process_urls_for_product:190 - Verified Source Attribution | Product: 8c63470464f6 | File: 8c63470464f6_006.jpg | Source: blinkit | URL: https://cdn.grofers.com/cdn-cgi/image/f=auto,fit=scale-down,q=70,metadata=none,w=270/da/cms-assets/cms/product/ce969d8f-296f-4f14-9933-8affca4aaabd.png
2026-06-05 15:59:41.337 | INFO     | __main__:process_urls_for_product:190 - Verified Source Attribution | Product: 8c63470464f6 | File: 8c63470464f6_007.jpg | Source: blinkit | URL: https://cdn.grofers.com/cdn-cgi/image/f=auto,fit=scale-down,q=70,metadata=none,w=270/da/cms-assets/cms/product/6334167b-8976-400f-9e5c-af38277951a7.png
2026-06-05 15:59:41.567 | INFO     | __main__:process_urls_for_product:190 - Verified Source Attribution | Product: 8c63470464f6 | File: 8c63470464f6_008.jpg | Source: blinkit | URL: https://cdn.grofers.com/cdn-cgi/image/f=auto,fit=scale-down,q=70,metadata=none,w=270/da/cms-assets/cms/product/f146011e-4c38-407c-9b60-c01e3c0e9bf9.png
2026-06-05 15:59:41.837 | INFO     | __main__:process_urls_for_product:190 - Verified Source Attribution | Product: 8c63470464f6 | File: 8c63470464f6_009.jpg | Source: blinkit | URL: https://cdn.grofers.com/cdn-cgi/image/f=auto,fit=scale-down,q=70,metadata=none,w=270/da/cms-assets/cms/product/rc-upload-1779094500636-733.png
2026-06-05 15:59:42.065 | INFO     | __main__:process_urls_for_product:190 - Verified Source Attribution | Product: 8c63470464f6 | File: 8c63470464f6_010.jpg | Source: blinkit | URL: https://cdn.grofers.com/cdn-cgi/image/f=auto,fit=scale-down,q=70,metadata=none,w=270/da/cms-assets/cms/product/d4a51748-9641-4e56-8f34-9e0a3e26e1f0.png
2026-06-05 15:59:42.348 | INFO     | __main__:process_urls_for_product:190 - Verified Source Attribution | Product: 8c63470464f6 | File: 8c63470464f6_011.jpg | Source: blinkit | URL: https://cdn.grofers.com/cdn-cgi/image/f=auto,fit=scale-down,q=70,metadata=none,w=270/da/cms-assets/cms/product/19f6d5ba-0885-4c05-b2eb-058379b8c4e3.png
2026-06-05 15:59:42.583 | INFO     | __main__:process_urls_for_product:190 - Verified Source Attribution | Product: 8c63470464f6 | File: 8c63470464f6_012.jpg | Source: blinkit | URL: https://cdn.grofers.com/cdn-cgi/image/f=auto,fit=scale-down,q=70,metadata=none,w=270/da/cms-assets/cms/product/rc-upload-1776915617603-4.png
2026-06-05 15:59:42.814 | INFO     | __main__:process_urls_for_product:190 - Verified Source Attribution | Product: 8c63470464f6 | File: 8c63470464f6_013.jpg | Source: blinkit | URL: https://cdn.grofers.com/cdn-cgi/image/f=auto,fit=scale-down,q=70,metadata=none,w=270/da/cms-assets/cms/product/rc-upload-1776915617603-27.png
2026-06-05 15:59:43.053 | INFO     | __main__:process_urls_for_product:190 - Verified Source Attribution | Product: 8c63470464f6 | File: 8c63470464f6_014.jpg | Source: blinkit | URL: https://cdn.grofers.com/cdn-cgi/image/f=auto,fit=scale-down,q=70,metadata=none,w=270/da/cms-assets/cms/product/rc-upload-1776915617603-116.png
2026-06-05 15:59:43.324 | INFO     | __main__:process_urls_for_product:190 - Verified Source Attribution | Product: 8c63470464f6 | File: 8c63470464f6_015.jpg | Source: blinkit | URL: https://cdn.grofers.com/cdn-cgi/image/f=auto,fit=scale-down,q=70,metadata=none,w=270/da/cms-assets/cms/product/c96dc4a7-d828-4478-b4f6-f17821089630.png
2026-06-05 15:59:44.341 | DEBUG    | nure.image_sources:_get:46 - GET failed: HTTPSConnectionPool(host='world.openfoodfacts.org', port=443): Max retries exceeded with url: /api/v2/product/0690225301329.json?fields=images%2Cimage_front_url%2Cimage_front_small_url%2Cimage_ingredients_url%2Cimage_nutrition_url%2Cimage_packaging_url (Caused by SSLError(SSLCertVerificationError(1, "[SSL: CERTIFICATE_VERIFY_FAILED] certificate verify failed: Hostname mismatch, certificate is not valid for 'world.openfoodfacts.org'. (_ssl.c:1007)")))
2026-06-05 15:59:46.112 | INFO     | nure.image_sources:collect_amazon_images:178 - Amazon 'India Gate Sella Basmati Rice': 3 URLs
2026-06-05 16:00:24.790 | INFO     | __main__:process_urls_for_product:190 - Verified Source Attribution | Product: a6e785fc6216 | File: a6e785fc6216_000.jpg | Source: amazon | URL: https://m.media-amazon.com/images/I/31Ip4aURUpL.png
2026-06-05 16:00:25.208 | INFO     | __main__:process_urls_for_product:190 - Verified Source Attribution | Product: a6e785fc6216 | File: a6e785fc6216_001.jpg | Source: amazon | URL: https://m.media-amazon.com/images/I/71RFN5sSVjL.jpg
2026-06-05 16:00:25.891 | INFO     | __main__:process_urls_for_product:190 - Verified Source Attribution | Product: a6e785fc6216 | File: a6e785fc6216_002.jpg | Source: amazon | URL: https://m.media-amazon.com/images/I/81a4jn0f9gL.jpg
2026-06-05 16:00:26.050 | INFO     | __main__:download_product_images:223 - Product a6e785fc6216 has 3 images (min 10). Using Playwright fallback.
2026-06-05 16:00:29.260 | INFO     | nure.playwright_sources:collect_playwright_images:99 - Playwright blinkit 'India Gate Sella Basmati Rice': 15 URLs
2026-06-05 16:00:32.588 | DEBUG    | nure.playwright_sources:collect_playwright_images:95 - Playwright timeout for bigbasket on India Gate Sella Basmati Rice
2026-06-05 16:00:32.588 | INFO     | nure.playwright_sources:collect_playwright_images:99 - Playwright bigbasket 'India Gate Sella Basmati Rice': 0 URLs
2026-06-05 16:00:34.924 | INFO     | nure.playwright_sources:collect_playwright_images:99 - Playwright jiomart 'India Gate Sella Basmati Rice': 1 URLs
2026-06-05 16:00:37.597 | INFO     | nure.playwright_sources:collect_playwright_images:99 - Playwright flipkart 'India Gate Sella Basmati Rice': 0 URLs
2026-06-05 16:00:37.707 | INFO     | __main__:process_urls_for_product:190 - Verified Source Attribution | Product: a6e785fc6216 | File: a6e785fc6216_003.jpg | Source: blinkit | URL: https://cdn.grofers.com/cdn-cgi/image/f=auto,fit=scale-down,q=70,metadata=none,w=270/da/cms-assets/cms/product/rc-upload-1776915617603-4.png
2026-06-05 16:00:37.982 | INFO     | __main__:process_urls_for_product:190 - Verified Source Attribution | Product: a6e785fc6216 | File: a6e785fc6216_004.jpg | Source: blinkit | URL: https://cdn.grofers.com/cdn-cgi/image/f=auto,fit=scale-down,q=70,metadata=none,w=270/da/cms-assets/cms/product/875ffd87-6efe-4b2d-9619-63f596ea7837.png
2026-06-05 16:00:38.215 | INFO     | __main__:process_urls_for_product:190 - Verified Source Attribution | Product: a6e785fc6216 | File: a6e785fc6216_005.jpg | Source: blinkit | URL: https://cdn.grofers.com/cdn-cgi/image/f=auto,fit=scale-down,q=70,metadata=none,w=270/da/cms-assets/cms/product/rc-upload-1776915617603-116.png
2026-06-05 16:00:38.444 | INFO     | __main__:process_urls_for_product:190 - Verified Source Attribution | Product: a6e785fc6216 | File: a6e785fc6216_006.jpg | Source: blinkit | URL: https://cdn.grofers.com/cdn-cgi/image/f=auto,fit=scale-down,q=70,metadata=none,w=270/da/cms-assets/cms/product/rc-upload-1776915617603-27.png
2026-06-05 16:00:38.658 | INFO     | __main__:process_urls_for_product:190 - Verified Source Attribution | Product: a6e785fc6216 | File: a6e785fc6216_007.jpg | Source: blinkit | URL: https://cdn.grofers.com/cdn-cgi/image/f=auto,fit=scale-down,q=70,metadata=none,w=270/da/cms-assets/cms/product/rc-upload-1776915617603-61.png
2026-06-05 16:00:38.881 | INFO     | __main__:process_urls_for_product:190 - Verified Source Attribution | Product: a6e785fc6216 | File: a6e785fc6216_008.jpg | Source: blinkit | URL: https://cdn.grofers.com/cdn-cgi/image/f=auto,fit=scale-down,q=70,metadata=none,w=270/da/cms-assets/cms/product/541a9151-720d-4193-b373-f98990e242c2.png
2026-06-05 16:00:39.117 | INFO     | __main__:process_urls_for_product:190 - Verified Source Attribution | Product: a6e785fc6216 | File: a6e785fc6216_009.jpg | Source: blinkit | URL: https://cdn.grofers.com/cdn-cgi/image/f=auto,fit=scale-down,q=70,metadata=none,w=270/da/cms-assets/cms/product/rc-upload-1776915617603-188.png
2026-06-05 16:00:39.347 | INFO     | __main__:process_urls_for_product:190 - Verified Source Attribution | Product: a6e785fc6216 | File: a6e785fc6216_010.jpg | Source: blinkit | URL: https://cdn.grofers.com/cdn-cgi/image/f=auto,fit=scale-down,q=70,metadata=none,w=270/da/cms-assets/cms/product/rc-upload-1776915617603-104.png
2026-06-05 16:00:39.567 | INFO     | __main__:process_urls_for_product:190 - Verified Source Attribution | Product: a6e785fc6216 | File: a6e785fc6216_011.jpg | Source: blinkit | URL: https://cdn.grofers.com/cdn-cgi/image/f=auto,fit=scale-down,q=70,metadata=none,w=270/da/cms-assets/cms/product/ee3ac9c5-b5f6-4c5c-97a0-2adf0a46f975.png
2026-06-05 16:00:39.872 | INFO     | __main__:process_urls_for_product:190 - Verified Source Attribution | Product: a6e785fc6216 | File: a6e785fc6216_012.jpg | Source: blinkit | URL: https://cdn.grofers.com/cdn-cgi/image/f=auto,fit=scale-down,q=70,metadata=none,w=270/da/cms-assets/cms/product/rc-upload-1776915617603-17.png
2026-06-05 16:00:40.355 | INFO     | __main__:process_urls_for_product:190 - Verified Source Attribution | Product: a6e785fc6216 | File: a6e785fc6216_013.jpg | Source: blinkit | URL: https://cdn.grofers.com/cdn-cgi/image/f=auto,fit=scale-down,q=70,metadata=none,w=270/da/cms-assets/cms/product/rc-upload-1776915617603-128.png
2026-06-05 16:00:40.945 | DEBUG    | nure.image_sources:_get:46 - GET failed: HTTPSConnectionPool(host='world.openfoodfacts.org', port=443): Max retries exceeded with url: /api/v2/product/8908014100292.json?fields=images%2Cimage_front_url%2Cimage_front_small_url%2Cimage_ingredients_url%2Cimage_nutrition_url%2Cimage_packaging_url (Caused by SSLError(SSLCertVerificationError(1, "[SSL: CERTIFICATE_VERIFY_FAILED] certificate verify failed: Hostname mismatch, certificate is not valid for 'world.openfoodfacts.org'. (_ssl.c:1007)")))
2026-06-05 16:00:43.186 | INFO     | nure.image_sources:collect_amazon_images:178 - Amazon 'India Gate Basmati Rice Classic 500 g': 3 URLs
2026-06-05 16:01:21.328 | INFO     | __main__:process_urls_for_product:190 - Verified Source Attribution | Product: 3a9c1513c034 | File: 3a9c1513c034_000.jpg | Source: amazon | URL: https://m.media-amazon.com/images/I/71RFN5sSVjL.jpg
2026-06-05 16:01:22.044 | INFO     | __main__:process_urls_for_product:190 - Verified Source Attribution | Product: 3a9c1513c034 | File: 3a9c1513c034_001.jpg | Source: amazon | URL: https://m.media-amazon.com/images/I/81a4jn0f9gL.jpg
2026-06-05 16:01:22.202 | INFO     | __main__:download_product_images:223 - Product 3a9c1513c034 has 2 images (min 10). Using Playwright fallback.
2026-06-05 16:01:25.712 | INFO     | nure.playwright_sources:collect_playwright_images:99 - Playwright blinkit 'India Gate Basmati Rice Classi': 15 URLs
2026-06-05 16:01:29.100 | DEBUG    | nure.playwright_sources:collect_playwright_images:95 - Playwright timeout for bigbasket on India Gate Basmati Rice Classi
2026-06-05 16:01:29.100 | INFO     | nure.playwright_sources:collect_playwright_images:99 - Playwright bigbasket 'India Gate Basmati Rice Classi': 0 URLs
2026-06-05 16:01:31.661 | INFO     | nure.playwright_sources:collect_playwright_images:99 - Playwright jiomart 'India Gate Basmati Rice Classi': 1 URLs
2026-06-05 16:01:34.026 | INFO     | nure.playwright_sources:collect_playwright_images:99 - Playwright flipkart 'India Gate Basmati Rice Classi': 0 URLs
2026-06-05 16:01:34.228 | INFO     | __main__:process_urls_for_product:190 - Verified Source Attribution | Product: 3a9c1513c034 | File: 3a9c1513c034_002.jpg | Source: blinkit | URL: https://cdn.grofers.com/cdn-cgi/image/f=auto,fit=scale-down,q=70,metadata=none,w=270/da/cms-assets/cms/product/rc-upload-1776915617603-17.png
2026-06-05 16:01:34.615 | INFO     | __main__:process_urls_for_product:190 - Verified Source Attribution | Product: 3a9c1513c034 | File: 3a9c1513c034_003.jpg | Source: blinkit | URL: https://cdn.grofers.com/cdn-cgi/image/f=auto,fit=scale-down,q=70,metadata=none,w=270/da/cms-assets/cms/product/rc-upload-1776915617603-116.png
2026-06-05 16:01:34.852 | INFO     | __main__:process_urls_for_product:190 - Verified Source Attribution | Product: 3a9c1513c034 | File: 3a9c1513c034_004.jpg | Source: blinkit | URL: https://cdn.grofers.com/cdn-cgi/image/f=auto,fit=scale-down,q=70,metadata=none,w=270/da/cms-assets/cms/product/875ffd87-6efe-4b2d-9619-63f596ea7837.png
2026-06-05 16:01:35.089 | INFO     | __main__:process_urls_for_product:190 - Verified Source Attribution | Product: 3a9c1513c034 | File: 3a9c1513c034_005.jpg | Source: blinkit | URL: https://cdn.grofers.com/cdn-cgi/image/f=auto,fit=scale-down,q=70,metadata=none,w=270/da/cms-assets/cms/product/rc-upload-1776915617603-104.png
2026-06-05 16:01:35.332 | INFO     | __main__:process_urls_for_product:190 - Verified Source Attribution | Product: 3a9c1513c034 | File: 3a9c1513c034_006.jpg | Source: blinkit | URL: https://cdn.grofers.com/cdn-cgi/image/f=auto,fit=scale-down,q=70,metadata=none,w=270/da/cms-assets/cms/product/541a9151-720d-4193-b373-f98990e242c2.png
2026-06-05 16:01:35.805 | INFO     | __main__:process_urls_for_product:190 - Verified Source Attribution | Product: 3a9c1513c034 | File: 3a9c1513c034_007.jpg | Source: blinkit | URL: https://cdn.grofers.com/cdn-cgi/image/f=auto,fit=scale-down,q=70,metadata=none,w=270/da/cms-assets/cms/product/8e4c3bb8-37e3-4255-8cc6-58281062e43b.png
2026-06-05 16:01:36.053 | INFO     | __main__:process_urls_for_product:190 - Verified Source Attribution | Product: 3a9c1513c034 | File: 3a9c1513c034_008.jpg | Source: blinkit | URL: https://cdn.grofers.com/cdn-cgi/image/f=auto,fit=scale-down,q=70,metadata=none,w=270/da/cms-assets/cms/product/rc-upload-1776915617603-61.png
2026-06-05 16:01:36.299 | INFO     | __main__:process_urls_for_product:190 - Verified Source Attribution | Product: 3a9c1513c034 | File: 3a9c1513c034_009.jpg | Source: blinkit | URL: https://cdn.grofers.com/cdn-cgi/image/f=auto,fit=scale-down,q=70,metadata=none,w=270/da/cms-assets/cms/product/rc-upload-1776915617603-27.png
2026-06-05 16:01:36.538 | INFO     | __main__:process_urls_for_product:190 - Verified Source Attribution | Product: 3a9c1513c034 | File: 3a9c1513c034_010.jpg | Source: blinkit | URL: https://cdn.grofers.com/cdn-cgi/image/f=auto,fit=scale-down,q=70,metadata=none,w=270/da/cms-assets/cms/product/rc-upload-1776915617603-4.png
2026-06-05 16:01:36.783 | INFO     | __main__:process_urls_for_product:190 - Verified Source Attribution | Product: 3a9c1513c034 | File: 3a9c1513c034_011.jpg | Source: blinkit | URL: https://cdn.grofers.com/cdn-cgi/image/f=auto,fit=scale-down,q=70,metadata=none,w=270/da/cms-assets/cms/product/6983bf44-3800-4b29-87a2-4ac862af5bf9.png
2026-06-05 16:01:37.018 | INFO     | __main__:process_urls_for_product:190 - Verified Source Attribution | Product: 3a9c1513c034 | File: 3a9c1513c034_012.jpg | Source: blinkit | URL: https://cdn.grofers.com/cdn-cgi/image/f=auto,fit=scale-down,q=70,metadata=none,w=270/da/cms-assets/cms/product/33c55994-3d59-4be2-831c-07f6f778af35.png
2026-06-05 16:01:37.253 | INFO     | __main__:process_urls_for_product:190 - Verified Source Attribution | Product: 3a9c1513c034 | File: 3a9c1513c034_013.jpg | Source: blinkit | URL: https://cdn.grofers.com/cdn-cgi/image/f=auto,fit=scale-down,q=70,metadata=none,w=270/da/cms-assets/cms/product/rc-upload-1776915617603-188.png
2026-06-05 16:01:38.248 | DEBUG    | nure.image_sources:_get:46 - GET failed: HTTPSConnectionPool(host='world.openfoodfacts.org', port=443): Max retries exceeded with url: /api/v2/product/8908014100421.json?fields=images%2Cimage_front_url%2Cimage_front_small_url%2Cimage_ingredients_url%2Cimage_nutrition_url%2Cimage_packaging_url (Caused by SSLError(SSLCertVerificationError(1, "[SSL: CERTIFICATE_VERIFY_FAILED] certificate verify failed: Hostname mismatch, certificate is not valid for 'world.openfoodfacts.org'. (_ssl.c:1007)")))
2026-06-05 16:01:40.097 | INFO     | nure.image_sources:collect_amazon_images:178 - Amazon 'India Gate Extra Long Basmati Rice Premi': 3 URLs
2026-06-05 16:02:18.300 | INFO     | __main__:process_urls_for_product:190 - Verified Source Attribution | Product: a65972932877 | File: a65972932877_000.jpg | Source: amazon | URL: https://m.media-amazon.com/images/I/31Ip4aURUpL.png
2026-06-05 16:02:18.736 | INFO     | __main__:process_urls_for_product:190 - Verified Source Attribution | Product: a65972932877 | File: a65972932877_001.jpg | Source: amazon | URL: https://m.media-amazon.com/images/I/71RFN5sSVjL.jpg
2026-06-05 16:02:19.443 | INFO     | __main__:process_urls_for_product:190 - Verified Source Attribution | Product: a65972932877 | File: a65972932877_002.jpg | Source: amazon | URL: https://m.media-amazon.com/images/I/81a4jn0f9gL.jpg
2026-06-05 16:02:19.597 | INFO     | __main__:download_product_images:223 - Product a65972932877 has 3 images (min 10). Using Playwright fallback.
2026-06-05 16:02:23.125 | INFO     | nure.playwright_sources:collect_playwright_images:99 - Playwright blinkit 'India Gate Extra Long Basmati ': 15 URLs
2026-06-05 16:02:26.474 | DEBUG    | nure.playwright_sources:collect_playwright_images:95 - Playwright timeout for bigbasket on India Gate Extra Long Basmati 
2026-06-05 16:02:26.474 | INFO     | nure.playwright_sources:collect_playwright_images:99 - Playwright bigbasket 'India Gate Extra Long Basmati ': 0 URLs
2026-06-05 16:02:28.678 | INFO     | nure.playwright_sources:collect_playwright_images:99 - Playwright jiomart 'India Gate Extra Long Basmati ': 1 URLs
2026-06-05 16:02:31.039 | INFO     | nure.playwright_sources:collect_playwright_images:99 - Playwright flipkart 'India Gate Extra Long Basmati ': 0 URLs
2026-06-05 16:02:31.148 | INFO     | __main__:process_urls_for_product:190 - Verified Source Attribution | Product: a65972932877 | File: a65972932877_003.jpg | Source: blinkit | URL: https://cdn.grofers.com/cdn-cgi/image/f=auto,fit=scale-down,q=70,metadata=none,w=270/da/cms-assets/cms/product/rc-upload-1776915617603-61.png
2026-06-05 16:02:31.434 | INFO     | __main__:process_urls_for_product:190 - Verified Source Attribution | Product: a65972932877 | File: a65972932877_004.jpg | Source: blinkit | URL: https://cdn.grofers.com/cdn-cgi/image/f=auto,fit=scale-down,q=70,metadata=none,w=270/da/cms-assets/cms/product/rc-upload-1776915617603-4.png
2026-06-05 16:02:31.656 | INFO     | __main__:process_urls_for_product:190 - Verified Source Attribution | Product: a65972932877 | File: a65972932877_005.jpg | Source: blinkit | URL: https://cdn.grofers.com/cdn-cgi/image/f=auto,fit=scale-down,q=70,metadata=none,w=270/da/cms-assets/cms/product/rc-upload-1776915617603-94.png
2026-06-05 16:02:31.890 | INFO     | __main__:process_urls_for_product:190 - Verified Source Attribution | Product: a65972932877 | File: a65972932877_006.jpg | Source: blinkit | URL: https://cdn.grofers.com/cdn-cgi/image/f=auto,fit=scale-down,q=70,metadata=none,w=270/da/cms-assets/cms/product/rc-upload-1776915617603-188.png
2026-06-05 16:02:32.180 | INFO     | __main__:process_urls_for_product:190 - Verified Source Attribution | Product: a65972932877 | File: a65972932877_007.jpg | Source: blinkit | URL: https://cdn.grofers.com/cdn-cgi/image/f=auto,fit=scale-down,q=70,metadata=none,w=270/da/cms-assets/cms/product/8e4c3bb8-37e3-4255-8cc6-58281062e43b.png
2026-06-05 16:02:32.402 | INFO     | __main__:process_urls_for_product:190 - Verified Source Attribution | Product: a65972932877 | File: a65972932877_008.jpg | Source: blinkit | URL: https://cdn.grofers.com/cdn-cgi/image/f=auto,fit=scale-down,q=70,metadata=none,w=270/da/cms-assets/cms/product/rc-upload-1776915617603-116.png
2026-06-05 16:02:32.635 | INFO     | __main__:process_urls_for_product:190 - Verified Source Attribution | Product: a65972932877 | File: a65972932877_009.jpg | Source: blinkit | URL: https://cdn.grofers.com/cdn-cgi/image/f=auto,fit=scale-down,q=70,metadata=none,w=270/da/cms-assets/cms/product/rc-upload-1776915617603-27.png
2026-06-05 16:02:32.866 | INFO     | __main__:process_urls_for_product:190 - Verified Source Attribution | Product: a65972932877 | File: a65972932877_010.jpg | Source: blinkit | URL: https://cdn.grofers.com/cdn-cgi/image/f=auto,fit=scale-down,q=70,metadata=none,w=270/da/cms-assets/cms/product/875ffd87-6efe-4b2d-9619-63f596ea7837.png
2026-06-05 16:02:33.085 | INFO     | __main__:process_urls_for_product:190 - Verified Source Attribution | Product: a65972932877 | File: a65972932877_011.jpg | Source: blinkit | URL: https://cdn.grofers.com/cdn-cgi/image/f=auto,fit=scale-down,q=70,metadata=none,w=270/da/cms-assets/cms/product/541a9151-720d-4193-b373-f98990e242c2.png
2026-06-05 16:02:33.308 | INFO     | __main__:process_urls_for_product:190 - Verified Source Attribution | Product: a65972932877 | File: a65972932877_012.jpg | Source: blinkit | URL: https://cdn.grofers.com/cdn-cgi/image/f=auto,fit=scale-down,q=70,metadata=none,w=270/da/cms-assets/cms/product/98c171d0-5f1b-46f5-8e0c-f0bc74a2174b.png
2026-06-05 16:02:33.542 | INFO     | __main__:process_urls_for_product:190 - Verified Source Attribution | Product: a65972932877 | File: a65972932877_013.jpg | Source: blinkit | URL: https://cdn.grofers.com/cdn-cgi/image/f=auto,fit=scale-down,q=70,metadata=none,w=270/da/cms-assets/cms/product/rc-upload-1776915617603-104.png
2026-06-05 16:02:33.812 | INFO     | __main__:process_urls_for_product:190 - Verified Source Attribution | Product: a65972932877 | File: a65972932877_014.jpg | Source: blinkit | URL: https://cdn.grofers.com/cdn-cgi/image/f=auto,fit=scale-down,q=70,metadata=none,w=270/da/cms-assets/cms/product/f0fcfd13-30f5-4d6d-883b-e61ab1c24833.png
2026-06-05 16:02:34.251 | INFO     | __main__:process_urls_for_product:190 - Verified Source Attribution | Product: a65972932877 | File: a65972932877_015.jpg | Source: blinkit | URL: https://cdn.grofers.com/cdn-cgi/image/f=auto,fit=scale-down,q=70,metadata=none,w=270/da/cms-assets/cms/product/13a894ce-9035-4c3c-b711-af79b5150d80.png
2026-06-05 16:02:34.837 | DEBUG    | nure.image_sources:_get:46 - GET failed: HTTPSConnectionPool(host='world.openfoodfacts.org', port=443): Max retries exceeded with url: /api/v2/product/0690225104654.json?fields=images%2Cimage_front_url%2Cimage_front_small_url%2Cimage_ingredients_url%2Cimage_nutrition_url%2Cimage_packaging_url (Caused by SSLError(SSLCertVerificationError(1, "[SSL: CERTIFICATE_VERIFY_FAILED] certificate verify failed: Hostname mismatch, certificate is not valid for 'world.openfoodfacts.org'. (_ssl.c:1007)")))
2026-06-05 16:02:36.729 | INFO     | nure.image_sources:collect_amazon_images:178 - Amazon 'India Gate Parboiled Basmati Rice': 3 URLs
2026-06-05 16:03:14.796 | INFO     | __main__:process_urls_for_product:190 - Verified Source Attribution | Product: a9937e4a44ae | File: a9937e4a44ae_000.jpg | Source: amazon | URL: https://m.media-amazon.com/images/I/31Ip4aURUpL.png
2026-06-05 16:03:15.217 | INFO     | __main__:process_urls_for_product:190 - Verified Source Attribution | Product: a9937e4a44ae | File: a9937e4a44ae_001.jpg | Source: amazon | URL: https://m.media-amazon.com/images/I/71RFN5sSVjL.jpg
2026-06-05 16:03:15.921 | INFO     | __main__:process_urls_for_product:190 - Verified Source Attribution | Product: a9937e4a44ae | File: a9937e4a44ae_002.jpg | Source: amazon | URL: https://m.media-amazon.com/images/I/81a4jn0f9gL.jpg
2026-06-05 16:03:16.079 | INFO     | __main__:download_product_images:223 - Product a9937e4a44ae has 3 images (min 10). Using Playwright fallback.
2026-06-05 16:03:19.822 | INFO     | nure.playwright_sources:collect_playwright_images:99 - Playwright blinkit 'India Gate Parboiled Basmati R': 15 URLs
2026-06-05 16:03:23.157 | DEBUG    | nure.playwright_sources:collect_playwright_images:95 - Playwright timeout for bigbasket on India Gate Parboiled Basmati R
2026-06-05 16:03:23.157 | INFO     | nure.playwright_sources:collect_playwright_images:99 - Playwright bigbasket 'India Gate Parboiled Basmati R': 0 URLs
2026-06-05 16:03:25.549 | INFO     | nure.playwright_sources:collect_playwright_images:99 - Playwright jiomart 'India Gate Parboiled Basmati R': 1 URLs
2026-06-05 16:03:27.844 | INFO     | nure.playwright_sources:collect_playwright_images:99 - Playwright flipkart 'India Gate Parboiled Basmati R': 0 URLs
2026-06-05 16:03:27.954 | INFO     | __main__:process_urls_for_product:190 - Verified Source Attribution | Product: a9937e4a44ae | File: a9937e4a44ae_003.jpg | Source: blinkit | URL: https://cdn.grofers.com/cdn-cgi/image/f=auto,fit=scale-down,q=70,metadata=none,w=270/da/cms-assets/cms/product/rc-upload-1776915617603-4.png
2026-06-05 16:03:28.260 | INFO     | __main__:process_urls_for_product:190 - Verified Source Attribution | Product: a9937e4a44ae | File: a9937e4a44ae_004.jpg | Source: blinkit | URL: https://cdn.grofers.com/cdn-cgi/image/f=auto,fit=scale-down,q=70,metadata=none,w=270/da/cms-assets/cms/product/8e4c3bb8-37e3-4255-8cc6-58281062e43b.png
2026-06-05 16:03:28.509 | INFO     | __main__:process_urls_for_product:190 - Verified Source Attribution | Product: a9937e4a44ae | File: a9937e4a44ae_005.jpg | Source: blinkit | URL: https://cdn.grofers.com/cdn-cgi/image/f=auto,fit=scale-down,q=70,metadata=none,w=270/da/cms-assets/cms/product/rc-upload-1776915617603-27.png
2026-06-05 16:03:28.757 | INFO     | __main__:process_urls_for_product:190 - Verified Source Attribution | Product: a9937e4a44ae | File: a9937e4a44ae_006.jpg | Source: blinkit | URL: https://cdn.grofers.com/cdn-cgi/image/f=auto,fit=scale-down,q=70,metadata=none,w=270/da/cms-assets/cms/product/875ffd87-6efe-4b2d-9619-63f596ea7837.png
2026-06-05 16:03:28.986 | INFO     | __main__:process_urls_for_product:190 - Verified Source Attribution | Product: a9937e4a44ae | File: a9937e4a44ae_007.jpg | Source: blinkit | URL: https://cdn.grofers.com/cdn-cgi/image/f=auto,fit=scale-down,q=70,metadata=none,w=270/da/cms-assets/cms/product/rc-upload-1776915617603-104.png
2026-06-05 16:03:29.223 | INFO     | __main__:process_urls_for_product:190 - Verified Source Attribution | Product: a9937e4a44ae | File: a9937e4a44ae_008.jpg | Source: blinkit | URL: https://cdn.grofers.com/cdn-cgi/image/f=auto,fit=scale-down,q=70,metadata=none,w=270/da/cms-assets/cms/product/rc-upload-1776915617603-116.png
2026-06-05 16:03:29.458 | INFO     | __main__:process_urls_for_product:190 - Verified Source Attribution | Product: a9937e4a44ae | File: a9937e4a44ae_009.jpg | Source: blinkit | URL: https://cdn.grofers.com/cdn-cgi/image/f=auto,fit=scale-down,q=70,metadata=none,w=270/da/cms-assets/cms/product/541a9151-720d-4193-b373-f98990e242c2.png
2026-06-05 16:03:29.715 | INFO     | __main__:process_urls_for_product:190 - Verified Source Attribution | Product: a9937e4a44ae | File: a9937e4a44ae_010.jpg | Source: blinkit | URL: https://cdn.grofers.com/cdn-cgi/image/f=auto,fit=scale-down,q=70,metadata=none,w=270/da/cms-assets/cms/product/rc-upload-1776915617603-61.png
2026-06-05 16:03:29.967 | INFO     | __main__:process_urls_for_product:190 - Verified Source Attribution | Product: a9937e4a44ae | File: a9937e4a44ae_011.jpg | Source: blinkit | URL: https://cdn.grofers.com/cdn-cgi/image/f=auto,fit=scale-down,q=70,metadata=none,w=270/da/cms-assets/cms/product/rc-upload-1776915617603-17.png
2026-06-05 16:03:30.275 | INFO     | __main__:process_urls_for_product:190 - Verified Source Attribution | Product: a9937e4a44ae | File: a9937e4a44ae_012.jpg | Source: blinkit | URL: https://cdn.grofers.com/cdn-cgi/image/f=auto,fit=scale-down,q=70,metadata=none,w=270/da/cms-assets/cms/product/rc-upload-1776915617603-188.png
2026-06-05 16:03:30.508 | INFO     | __main__:process_urls_for_product:190 - Verified Source Attribution | Product: a9937e4a44ae | File: a9937e4a44ae_013.jpg | Source: blinkit | URL: https://cdn.grofers.com/cdn-cgi/image/f=auto,fit=scale-down,q=70,metadata=none,w=270/da/cms-assets/cms/product/6983bf44-3800-4b29-87a2-4ac862af5bf9.png
2026-06-05 16:03:30.748 | INFO     | __main__:process_urls_for_product:190 - Verified Source Attribution | Product: a9937e4a44ae | File: a9937e4a44ae_014.jpg | Source: blinkit | URL: https://cdn.grofers.com/cdn-cgi/image/f=auto,fit=scale-down,q=70,metadata=none,w=270/da/cms-assets/cms/product/rc-upload-1776915617603-128.png
2026-06-05 16:03:30.986 | INFO     | __main__:process_urls_for_product:190 - Verified Source Attribution | Product: a9937e4a44ae | File: a9937e4a44ae_015.jpg | Source: blinkit | URL: https://cdn.grofers.com/cdn-cgi/image/f=auto,fit=scale-down,q=70,metadata=none,w=270/da/cms-assets/cms/product/33c55994-3d59-4be2-831c-07f6f778af35.png
2026-06-05 16:03:31.590 | DEBUG    | nure.image_sources:_get:46 - GET failed: HTTPSConnectionPool(host='world.openfoodfacts.org', port=443): Max retries exceeded with url: /api/v2/product/8901537025127.json?fields=images%2Cimage_front_url%2Cimage_front_small_url%2Cimage_ingredients_url%2Cimage_nutrition_url%2Cimage_packaging_url (Caused by SSLError(SSLCertVerificationError(1, "[SSL: CERTIFICATE_VERIFY_FAILED] certificate verify failed: Hostname mismatch, certificate is not valid for 'world.openfoodfacts.org'. (_ssl.c:1007)")))
2026-06-05 16:03:32.044 | DEBUG    | nure.image_sources:_get:46 - GET failed: ('Connection aborted.', ConnectionResetError(10054, 'An existing connection was forcibly closed by the remote host', None, 10054, None))
2026-06-05 16:03:33.620 | INFO     | nure.image_sources:collect_bing_images:149 - Bing 'Daawat Basmati': 0 URLs
2026-06-05 16:04:10.653 | INFO     | __main__:download_product_images:223 - Product 0c0139676852 has 0 images (min 10). Using Playwright fallback.
2026-06-05 16:04:13.920 | INFO     | nure.playwright_sources:collect_playwright_images:99 - Playwright blinkit 'Daawat Basmati': 15 URLs
2026-06-05 16:04:17.270 | DEBUG    | nure.playwright_sources:collect_playwright_images:95 - Playwright timeout for bigbasket on Daawat Basmati
2026-06-05 16:04:17.270 | INFO     | nure.playwright_sources:collect_playwright_images:99 - Playwright bigbasket 'Daawat Basmati': 0 URLs
2026-06-05 16:04:19.687 | INFO     | nure.playwright_sources:collect_playwright_images:99 - Playwright jiomart 'Daawat Basmati': 1 URLs
2026-06-05 16:04:22.091 | INFO     | nure.playwright_sources:collect_playwright_images:99 - Playwright flipkart 'Daawat Basmati 1 kg': 0 URLs
2026-06-05 16:04:22.472 | INFO     | __main__:process_urls_for_product:190 - Verified Source Attribution | Product: 0c0139676852 | File: 0c0139676852_000.jpg | Source: blinkit | URL: https://cdn.grofers.com/cdn-cgi/image/f=auto,fit=scale-down,q=70,metadata=none,w=270/da/cms-assets/cms/product/rc-upload-1779094500636-1995.png
2026-06-05 16:04:22.803 | INFO     | __main__:process_urls_for_product:190 - Verified Source Attribution | Product: 0c0139676852 | File: 0c0139676852_001.jpg | Source: blinkit | URL: https://cdn.grofers.com/cdn-cgi/image/f=auto,fit=scale-down,q=70,metadata=none,w=270/da/cms-assets/cms/product/381e1978-2bbf-4aa4-9251-9111fad05e9b.png
2026-06-05 16:04:23.105 | INFO     | __main__:process_urls_for_product:190 - Verified Source Attribution | Product: 0c0139676852 | File: 0c0139676852_002.jpg | Source: blinkit | URL: https://cdn.grofers.com/cdn-cgi/image/f=auto,fit=scale-down,q=70,metadata=none,w=270/da/cms-assets/cms/product/6acc5213-bb40-4404-9c70-2fb0737d2c70.png?bg_token=Colour%2Fsurface%2F00FFFFFF
2026-06-05 16:04:23.334 | INFO     | __main__:process_urls_for_product:190 - Verified Source Attribution | Product: 0c0139676852 | File: 0c0139676852_003.jpg | Source: blinkit | URL: https://cdn.grofers.com/cdn-cgi/image/f=auto,fit=scale-down,q=70,metadata=none,w=270/da/cms-assets/cms/product/87004ea2-71d5-46ff-b212-f4ae65a5c934.png
2026-06-05 16:04:23.567 | INFO     | __main__:process_urls_for_product:190 - Verified Source Attribution | Product: 0c0139676852 | File: 0c0139676852_004.jpg | Source: blinkit | URL: https://cdn.grofers.com/cdn-cgi/image/f=auto,fit=scale-down,q=70,metadata=none,w=270/da/cms-assets/cms/product/f6b5f4e2-c35a-48d9-8178-4691906d4610.png
2026-06-05 16:04:23.867 | INFO     | __main__:process_urls_for_product:190 - Verified Source Attribution | Product: 0c0139676852 | File: 0c0139676852_005.jpg | Source: blinkit | URL: https://cdn.grofers.com/cdn-cgi/image/f=auto,fit=scale-down,q=70,metadata=none,w=270/da/cms-assets/cms/product/277b23ab-f9b1-4dee-ae8e-e25d37b7226d.png
2026-06-05 16:04:24.098 | INFO     | __main__:process_urls_for_product:190 - Verified Source Attribution | Product: 0c0139676852 | File: 0c0139676852_006.jpg | Source: blinkit | URL: https://cdn.grofers.com/cdn-cgi/image/f=auto,fit=scale-down,q=70,metadata=none,w=270/da/cms-assets/cms/product/a56f8c6f-39d8-44b9-9382-4e8a6574086a.png
2026-06-05 16:04:25.045 | DEBUG    | nure.image_sources:_get:46 - GET failed: HTTPSConnectionPool(host='world.openfoodfacts.org', port=443): Max retries exceeded with url: /api/v2/product/8719632250111.json?fields=images%2Cimage_front_url%2Cimage_front_small_url%2Cimage_ingredients_url%2Cimage_nutrition_url%2Cimage_packaging_url (Caused by SSLError(SSLCertVerificationError(1, "[SSL: CERTIFICATE_VERIFY_FAILED] certificate verify failed: Hostname mismatch, certificate is not valid for 'world.openfoodfacts.org'. (_ssl.c:1007)")))
2026-06-05 16:04:25.561 | DEBUG    | nure.image_sources:_get:46 - GET failed: ('Connection aborted.', ConnectionResetError(10054, 'An existing connection was forcibly closed by the remote host', None, 10054, None))
2026-06-05 16:04:27.746 | INFO     | nure.image_sources:collect_bing_images:149 - Bing 'Daawat Original Basmati Rice': 0 URLs
2026-06-05 16:05:04.714 | INFO     | __main__:download_product_images:223 - Product 38d578ddb5ef has 0 images (min 10). Using Playwright fallback.
2026-06-05 16:05:08.073 | INFO     | nure.playwright_sources:collect_playwright_images:99 - Playwright blinkit 'Daawat Original Basmati Rice': 15 URLs
2026-06-05 16:05:11.443 | DEBUG    | nure.playwright_sources:collect_playwright_images:95 - Playwright timeout for bigbasket on Daawat Original Basmati Rice
2026-06-05 16:05:11.444 | INFO     | nure.playwright_sources:collect_playwright_images:99 - Playwright bigbasket 'Daawat Original Basmati Rice': 0 URLs
2026-06-05 16:05:14.059 | INFO     | nure.playwright_sources:collect_playwright_images:99 - Playwright jiomart 'Daawat Original Basmati Rice': 1 URLs
2026-06-05 16:05:16.503 | INFO     | nure.playwright_sources:collect_playwright_images:99 - Playwright flipkart 'Daawat Original Basmati Rice 1': 0 URLs
2026-06-05 16:05:16.643 | INFO     | __main__:process_urls_for_product:190 - Verified Source Attribution | Product: 38d578ddb5ef | File: 38d578ddb5ef_000.jpg | Source: blinkit | URL: https://cdn.grofers.com/cdn-cgi/image/f=auto,fit=scale-down,q=70,metadata=none,w=270/da/cms-assets/cms/product/02150e14-aa6e-4899-9a7e-36f780fce8b9.png
2026-06-05 16:05:17.021 | INFO     | __main__:process_urls_for_product:190 - Verified Source Attribution | Product: 38d578ddb5ef | File: 38d578ddb5ef_001.jpg | Source: blinkit | URL: https://cdn.grofers.com/cdn-cgi/image/f=auto,fit=scale-down,q=70,metadata=none,w=270/da/cms-assets/cms/product/de1fec9e-2ba7-4cc2-9845-4bea6baa4a5f.png
2026-06-05 16:05:17.337 | INFO     | __main__:process_urls_for_product:190 - Verified Source Attribution | Product: 38d578ddb5ef | File: 38d578ddb5ef_002.jpg | Source: blinkit | URL: https://cdn.grofers.com/cdn-cgi/image/f=auto,fit=scale-down,q=70,metadata=none,w=270/da/cms-assets/cms/product/381e1978-2bbf-4aa4-9251-9111fad05e9b.png
2026-06-05 16:05:17.582 | INFO     | __main__:process_urls_for_product:190 - Verified Source Attribution | Product: 38d578ddb5ef | File: 38d578ddb5ef_003.jpg | Source: blinkit | URL: https://cdn.grofers.com/cdn-cgi/image/f=auto,fit=scale-down,q=70,metadata=none,w=270/da/cms-assets/cms/product/a0355363-4e9f-4b2c-9fac-23da9439b74e.png
2026-06-05 16:05:17.875 | INFO     | __main__:process_urls_for_product:190 - Verified Source Attribution | Product: 38d578ddb5ef | File: 38d578ddb5ef_004.jpg | Source: blinkit | URL: https://cdn.grofers.com/cdn-cgi/image/f=auto,fit=scale-down,q=70,metadata=none,w=270/da/cms-assets/cms/product/7a372431-cdbf-4d89-9399-20e9cc8a16e6.png
2026-06-05 16:05:18.344 | INFO     | __main__:process_urls_for_product:190 - Verified Source Attribution | Product: 38d578ddb5ef | File: 38d578ddb5ef_005.jpg | Source: blinkit | URL: https://cdn.grofers.com/cdn-cgi/image/f=auto,fit=scale-down,q=70,metadata=none,w=270/da/cms-assets/cms/product/87004ea2-71d5-46ff-b212-f4ae65a5c934.png
2026-06-05 16:05:18.663 | INFO     | __main__:process_urls_for_product:190 - Verified Source Attribution | Product: 38d578ddb5ef | File: 38d578ddb5ef_006.jpg | Source: blinkit | URL: https://cdn.grofers.com/cdn-cgi/image/f=auto,fit=scale-down,q=70,metadata=none,w=270/da/cms-assets/cms/product/rc-upload-1780033780141-284.png
2026-06-05 16:05:19.325 | DEBUG    | nure.image_sources:_get:46 - GET failed: HTTPSConnectionPool(host='world.openfoodfacts.org', port=443): Max retries exceeded with url: /api/v2/product/8901537006027.json?fields=images%2Cimage_front_url%2Cimage_front_small_url%2Cimage_ingredients_url%2Cimage_nutrition_url%2Cimage_packaging_url (Caused by SSLError(SSLCertVerificationError(1, "[SSL: CERTIFICATE_VERIFY_FAILED] certificate verify failed: Hostname mismatch, certificate is not valid for 'world.openfoodfacts.org'. (_ssl.c:1007)")))
2026-06-05 16:05:21.344 | INFO     | nure.image_sources:collect_amazon_images:178 - Amazon 'Daawat Rozana Gold  basmati rice 5kg': 4 URLs
2026-06-05 16:05:59.824 | INFO     | __main__:process_urls_for_product:190 - Verified Source Attribution | Product: 4edf9079ce82 | File: 4edf9079ce82_000.jpg | Source: amazon | URL: https://m.media-amazon.com/images/I/31Ip4aURUpL.png
2026-06-05 16:06:00.461 | INFO     | __main__:process_urls_for_product:190 - Verified Source Attribution | Product: 4edf9079ce82 | File: 4edf9079ce82_001.jpg | Source: amazon | URL: https://m.media-amazon.com/images/I/713phGwVB-L.jpg
2026-06-05 16:06:01.311 | INFO     | __main__:process_urls_for_product:190 - Verified Source Attribution | Product: 4edf9079ce82 | File: 4edf9079ce82_002.jpg | Source: amazon | URL: https://m.media-amazon.com/images/I/81ycZ7pJ9eL.jpg
2026-06-05 16:06:02.040 | INFO     | __main__:process_urls_for_product:190 - Verified Source Attribution | Product: 4edf9079ce82 | File: 4edf9079ce82_003.jpg | Source: amazon | URL: https://m.media-amazon.com/images/I/81a4jn0f9gL.jpg
2026-06-05 16:06:02.203 | INFO     | __main__:download_product_images:223 - Product 4edf9079ce82 has 4 images (min 10). Using Playwright fallback.
2026-06-05 16:06:05.431 | INFO     | nure.playwright_sources:collect_playwright_images:99 - Playwright blinkit 'Daawat Rozana Gold  basmati ri': 15 URLs
2026-06-05 16:06:08.801 | DEBUG    | nure.playwright_sources:collect_playwright_images:95 - Playwright timeout for bigbasket on Daawat Rozana Gold  basmati ri
2026-06-05 16:06:08.801 | INFO     | nure.playwright_sources:collect_playwright_images:99 - Playwright bigbasket 'Daawat Rozana Gold  basmati ri': 0 URLs
2026-06-05 16:06:11.283 | INFO     | nure.playwright_sources:collect_playwright_images:99 - Playwright jiomart 'Daawat Rozana Gold  basmati ri': 1 URLs
2026-06-05 16:06:13.810 | INFO     | nure.playwright_sources:collect_playwright_images:99 - Playwright flipkart 'Daawat Rozana Gold  basmati ri': 0 URLs
2026-06-05 16:06:13.924 | INFO     | __main__:process_urls_for_product:190 - Verified Source Attribution | Product: 4edf9079ce82 | File: 4edf9079ce82_004.jpg | Source: blinkit | URL: https://cdn.grofers.com/cdn-cgi/image/f=auto,fit=scale-down,q=70,metadata=none,w=270/da/cms-assets/cms/product/a715b94b-0131-40ee-8355-d0608dd8850c.png
2026-06-05 16:06:14.283 | INFO     | __main__:process_urls_for_product:190 - Verified Source Attribution | Product: 4edf9079ce82 | File: 4edf9079ce82_005.jpg | Source: blinkit | URL: https://cdn.grofers.com/cdn-cgi/image/f=auto,fit=scale-down,q=70,metadata=none,w=270/da/cms-assets/cms/product/a36272bb-1bfd-49c7-94e2-cc784b9a11c2.png
2026-06-05 16:06:14.677 | INFO     | __main__:process_urls_for_product:190 - Verified Source Attribution | Product: 4edf9079ce82 | File: 4edf9079ce82_006.jpg | Source: blinkit | URL: https://cdn.grofers.com/cdn-cgi/image/f=auto,fit=scale-down,q=70,metadata=none,w=270/da/cms-assets/cms/product/b3ce2699-f16f-48bc-816e-c28a76ee472d.png
2026-06-05 16:06:14.998 | INFO     | __main__:process_urls_for_product:190 - Verified Source Attribution | Product: 4edf9079ce82 | File: 4edf9079ce82_007.jpg | Source: blinkit | URL: https://cdn.grofers.com/cdn-cgi/image/f=auto,fit=scale-down,q=70,metadata=none,w=270/da/cms-assets/cms/product/875ffd87-6efe-4b2d-9619-63f596ea7837.png
2026-06-05 16:06:15.229 | INFO     | __main__:process_urls_for_product:190 - Verified Source Attribution | Product: 4edf9079ce82 | File: 4edf9079ce82_008.jpg | Source: blinkit | URL: https://cdn.grofers.com/cdn-cgi/image/f=auto,fit=scale-down,q=70,metadata=none,w=270/da/cms-assets/cms/product/541a9151-720d-4193-b373-f98990e242c2.png
2026-06-05 16:06:15.466 | INFO     | __main__:process_urls_for_product:190 - Verified Source Attribution | Product: 4edf9079ce82 | File: 4edf9079ce82_009.jpg | Source: blinkit | URL: https://cdn.grofers.com/cdn-cgi/image/f=auto,fit=scale-down,q=70,metadata=none,w=270/da/cms-assets/cms/product/6acc5213-bb40-4404-9c70-2fb0737d2c70.png?bg_token=Colour%2Fsurface%2F00FFFFFF
2026-06-05 16:06:15.692 | INFO     | __main__:process_urls_for_product:190 - Verified Source Attribution | Product: 4edf9079ce82 | File: 4edf9079ce82_010.jpg | Source: blinkit | URL: https://cdn.grofers.com/cdn-cgi/image/f=auto,fit=scale-down,q=70,metadata=none,w=270/da/cms-assets/cms/product/de1fec9e-2ba7-4cc2-9845-4bea6baa4a5f.png
2026-06-05 16:06:15.921 | INFO     | __main__:process_urls_for_product:190 - Verified Source Attribution | Product: 4edf9079ce82 | File: 4edf9079ce82_011.jpg | Source: blinkit | URL: https://cdn.grofers.com/cdn-cgi/image/f=auto,fit=scale-down,q=70,metadata=none,w=270/da/cms-assets/cms/product/6983bf44-3800-4b29-87a2-4ac862af5bf9.png
2026-06-05 16:06:16.163 | INFO     | __main__:process_urls_for_product:190 - Verified Source Attribution | Product: 4edf9079ce82 | File: 4edf9079ce82_012.jpg | Source: blinkit | URL: https://cdn.grofers.com/cdn-cgi/image/f=auto,fit=scale-down,q=70,metadata=none,w=270/da/cms-assets/cms/product/2e68e5e5-f3c1-4ac2-8c4d-3a70c4bfb76e.png
2026-06-05 16:06:16.443 | INFO     | __main__:process_urls_for_product:190 - Verified Source Attribution | Product: 4edf9079ce82 | File: 4edf9079ce82_013.jpg | Source: blinkit | URL: https://cdn.grofers.com/cdn-cgi/image/f=auto,fit=scale-down,q=70,metadata=none,w=270/da/cms-assets/cms/product/rc-upload-1773492424994-158.png
2026-06-05 16:06:17.053 | DEBUG    | nure.image_sources:_get:46 - GET failed: HTTPSConnectionPool(host='world.openfoodfacts.org', port=443): Max retries exceeded with url: /api/v2/product/8901537025134.json?fields=images%2Cimage_front_url%2Cimage_front_small_url%2Cimage_ingredients_url%2Cimage_nutrition_url%2Cimage_packaging_url (Caused by SSLError(SSLCertVerificationError(1, "[SSL: CERTIFICATE_VERIFY_FAILED] certificate verify failed: Hostname mismatch, certificate is not valid for 'world.openfoodfacts.org'. (_ssl.c:1007)")))
2026-06-05 16:06:18.847 | INFO     | nure.image_sources:collect_amazon_images:178 - Amazon 'Daawat Daawat Indian Basmati Rice White ': 3 URLs
2026-06-05 16:06:56.948 | INFO     | __main__:process_urls_for_product:190 - Verified Source Attribution | Product: cb9d761811e6 | File: cb9d761811e6_000.jpg | Source: amazon | URL: https://m.media-amazon.com/images/I/31Ip4aURUpL.png
2026-06-05 16:06:57.789 | INFO     | __main__:process_urls_for_product:190 - Verified Source Attribution | Product: cb9d761811e6 | File: cb9d761811e6_001.jpg | Source: amazon | URL: https://m.media-amazon.com/images/I/81vNCH4Lr8L.jpg
2026-06-05 16:06:58.463 | INFO     | __main__:process_urls_for_product:190 - Verified Source Attribution | Product: cb9d761811e6 | File: cb9d761811e6_002.jpg | Source: amazon | URL: https://m.media-amazon.com/images/I/81a4jn0f9gL.jpg
2026-06-05 16:06:58.623 | INFO     | __main__:download_product_images:223 - Product cb9d761811e6 has 3 images (min 10). Using Playwright fallback.
2026-06-05 16:07:02.016 | INFO     | nure.playwright_sources:collect_playwright_images:99 - Playwright blinkit 'Daawat Daawat Indian Basmati R': 15 URLs
2026-06-05 16:07:05.570 | DEBUG    | nure.playwright_sources:collect_playwright_images:95 - Playwright timeout for bigbasket on Daawat Daawat Indian Basmati R
2026-06-05 16:07:05.571 | INFO     | nure.playwright_sources:collect_playwright_images:99 - Playwright bigbasket 'Daawat Daawat Indian Basmati R': 0 URLs
2026-06-05 16:07:07.942 | INFO     | nure.playwright_sources:collect_playwright_images:99 - Playwright jiomart 'Daawat Daawat Indian Basmati R': 1 URLs
2026-06-05 16:07:10.500 | INFO     | nure.playwright_sources:collect_playwright_images:99 - Playwright flipkart 'Daawat Daawat Indian Basmati R': 0 URLs
2026-06-05 16:07:10.632 | INFO     | __main__:process_urls_for_product:190 - Verified Source Attribution | Product: cb9d761811e6 | File: cb9d761811e6_003.jpg | Source: blinkit | URL: https://cdn.grofers.com/cdn-cgi/image/f=auto,fit=scale-down,q=70,metadata=none,w=270/da/cms-assets/cms/product/381e1978-2bbf-4aa4-9251-9111fad05e9b.png
2026-06-05 16:07:10.928 | INFO     | __main__:process_urls_for_product:190 - Verified Source Attribution | Product: cb9d761811e6 | File: cb9d761811e6_004.jpg | Source: blinkit | URL: https://cdn.grofers.com/cdn-cgi/image/f=auto,fit=scale-down,q=70,metadata=none,w=270/da/cms-assets/cms/product/6acc5213-bb40-4404-9c70-2fb0737d2c70.png?bg_token=Colour%2Fsurface%2F00FFFFFF
2026-06-05 16:07:11.247 | INFO     | __main__:process_urls_for_product:190 - Verified Source Attribution | Product: cb9d761811e6 | File: cb9d761811e6_005.jpg | Source: blinkit | URL: https://cdn.grofers.com/cdn-cgi/image/f=auto,fit=scale-down,q=70,metadata=none,w=270/da/cms-assets/cms/product/de1fec9e-2ba7-4cc2-9845-4bea6baa4a5f.png
2026-06-05 16:07:11.863 | INFO     | __main__:process_urls_for_product:190 - Verified Source Attribution | Product: cb9d761811e6 | File: cb9d761811e6_006.jpg | Source: blinkit | URL: https://cdn.grofers.com/cdn-cgi/image/f=auto,fit=scale-down,q=70,metadata=none,w=270/da/cms-assets/cms/product/7a372431-cdbf-4d89-9399-20e9cc8a16e6.png
2026-06-05 16:07:12.088 | INFO     | __main__:process_urls_for_product:190 - Verified Source Attribution | Product: cb9d761811e6 | File: cb9d761811e6_007.jpg | Source: blinkit | URL: https://cdn.grofers.com/cdn-cgi/image/f=auto,fit=scale-down,q=70,metadata=none,w=270/da/cms-assets/cms/product/a0355363-4e9f-4b2c-9fac-23da9439b74e.png
2026-06-05 16:07:12.327 | INFO     | __main__:process_urls_for_product:190 - Verified Source Attribution | Product: cb9d761811e6 | File: cb9d761811e6_008.jpg | Source: blinkit | URL: https://cdn.grofers.com/cdn-cgi/image/f=auto,fit=scale-down,q=70,metadata=none,w=270/da/cms-assets/cms/product/2e68e5e5-f3c1-4ac2-8c4d-3a70c4bfb76e.png
2026-06-05 16:07:12.629 | INFO     | __main__:process_urls_for_product:190 - Verified Source Attribution | Product: cb9d761811e6 | File: cb9d761811e6_009.jpg | Source: blinkit | URL: https://cdn.grofers.com/cdn-cgi/image/f=auto,fit=scale-down,q=70,metadata=none,w=270/da/cms-assets/cms/product/rc-upload-1776915617603-116.png
2026-06-05 16:08:09.427 | INFO     | __main__:download_product_images:223 - Product 77c165151aff has 0 images (min 10). Using Playwright fallback.
2026-06-05 16:08:12.815 | INFO     | nure.playwright_sources:collect_playwright_images:99 - Playwright blinkit 'Daawat daawat super basmati ri': 15 URLs
2026-06-05 16:08:16.214 | DEBUG    | nure.playwright_sources:collect_playwright_images:95 - Playwright timeout for bigbasket on Daawat daawat super basmati ri
2026-06-05 16:08:16.214 | INFO     | nure.playwright_sources:collect_playwright_images:99 - Playwright bigbasket 'Daawat daawat super basmati ri': 0 URLs
2026-06-05 16:08:18.844 | INFO     | nure.playwright_sources:collect_playwright_images:99 - Playwright jiomart 'Daawat daawat super basmati ri': 1 URLs
2026-06-05 16:08:21.195 | INFO     | nure.playwright_sources:collect_playwright_images:99 - Playwright flipkart 'Daawat daawat super basmati ri': 0 URLs
2026-06-05 16:08:21.299 | INFO     | __main__:process_urls_for_product:190 - Verified Source Attribution | Product: 77c165151aff | File: 77c165151aff_000.jpg | Source: blinkit | URL: https://cdn.grofers.com/cdn-cgi/image/f=auto,fit=scale-down,q=70,metadata=none,w=270/da/cms-assets/cms/product/6acc5213-bb40-4404-9c70-2fb0737d2c70.png?bg_token=Colour%2Fsurface%2F00FFFFFF
2026-06-05 16:08:21.573 | INFO     | __main__:process_urls_for_product:190 - Verified Source Attribution | Product: 77c165151aff | File: 77c165151aff_001.jpg | Source: blinkit | URL: https://cdn.grofers.com/cdn-cgi/image/f=auto,fit=scale-down,q=70,metadata=none,w=270/da/cms-assets/cms/product/7a372431-cdbf-4d89-9399-20e9cc8a16e6.png
2026-06-05 16:08:21.808 | INFO     | __main__:process_urls_for_product:190 - Verified Source Attribution | Product: 77c165151aff | File: 77c165151aff_002.jpg | Source: blinkit | URL: https://cdn.grofers.com/cdn-cgi/image/f=auto,fit=scale-down,q=70,metadata=none,w=270/da/cms-assets/cms/product/1dac26d6-73fe-4e94-a91f-c85bac0bad3a.png
2026-06-05 16:08:22.198 | INFO     | __main__:process_urls_for_product:190 - Verified Source Attribution | Product: 77c165151aff | File: 77c165151aff_003.jpg | Source: blinkit | URL: https://cdn.grofers.com/cdn-cgi/image/f=auto,fit=scale-down,q=70,metadata=none,w=270/da/cms-assets/cms/product/a0355363-4e9f-4b2c-9fac-23da9439b74e.png
2026-06-05 16:08:22.423 | INFO     | __main__:process_urls_for_product:190 - Verified Source Attribution | Product: 77c165151aff | File: 77c165151aff_004.jpg | Source: blinkit | URL: https://cdn.grofers.com/cdn-cgi/image/f=auto,fit=scale-down,q=70,metadata=none,w=270/da/cms-assets/cms/product/rc-upload-1776915617603-61.png
2026-06-05 16:08:22.647 | INFO     | __main__:process_urls_for_product:190 - Verified Source Attribution | Product: 77c165151aff | File: 77c165151aff_005.jpg | Source: blinkit | URL: https://cdn.grofers.com/cdn-cgi/image/f=auto,fit=scale-down,q=70,metadata=none,w=270/da/cms-assets/cms/product/rc-upload-1776915617603-4.png
2026-06-05 16:08:22.873 | INFO     | __main__:process_urls_for_product:190 - Verified Source Attribution | Product: 77c165151aff | File: 77c165151aff_006.jpg | Source: blinkit | URL: https://cdn.grofers.com/cdn-cgi/image/f=auto,fit=scale-down,q=70,metadata=none,w=270/da/cms-assets/cms/product/de1fec9e-2ba7-4cc2-9845-4bea6baa4a5f.png
2026-06-05 16:09:35.475 | INFO     | __main__:download_product_images:223 - Product a6a274ae4d36 has 0 images (min 10). Using Playwright fallback.
2026-06-05 16:09:38.585 | INFO     | nure.playwright_sources:collect_playwright_images:99 - Playwright blinkit 'Daawat Extra Long Basmati Rice': 15 URLs
2026-06-05 16:09:41.914 | DEBUG    | nure.playwright_sources:collect_playwright_images:95 - Playwright timeout for bigbasket on Daawat Extra Long Basmati Rice
2026-06-05 16:09:41.914 | INFO     | nure.playwright_sources:collect_playwright_images:99 - Playwright bigbasket 'Daawat Extra Long Basmati Rice': 0 URLs
2026-06-05 16:09:44.564 | INFO     | nure.playwright_sources:collect_playwright_images:99 - Playwright jiomart 'Daawat Extra Long Basmati Rice': 1 URLs
2026-06-05 16:09:46.943 | INFO     | nure.playwright_sources:collect_playwright_images:99 - Playwright flipkart 'Daawat Extra Long Basmati Rice': 0 URLs
2026-06-05 16:09:47.048 | INFO     | __main__:process_urls_for_product:190 - Verified Source Attribution | Product: a6a274ae4d36 | File: a6a274ae4d36_000.jpg | Source: blinkit | URL: https://cdn.grofers.com/cdn-cgi/image/f=auto,fit=scale-down,q=70,metadata=none,w=270/da/cms-assets/cms/product/a0355363-4e9f-4b2c-9fac-23da9439b74e.png
2026-06-05 16:09:47.336 | INFO     | __main__:process_urls_for_product:190 - Verified Source Attribution | Product: a6a274ae4d36 | File: a6a274ae4d36_001.jpg | Source: blinkit | URL: https://cdn.grofers.com/cdn-cgi/image/f=auto,fit=scale-down,q=70,metadata=none,w=270/da/cms-assets/cms/product/51485cb9-410b-486d-920c-c83ff2733ac9.png
2026-06-05 16:09:47.616 | INFO     | __main__:process_urls_for_product:190 - Verified Source Attribution | Product: a6a274ae4d36 | File: a6a274ae4d36_002.jpg | Source: blinkit | URL: https://cdn.grofers.com/cdn-cgi/image/f=auto,fit=scale-down,q=70,metadata=none,w=270/da/cms-assets/cms/product/7a372431-cdbf-4d89-9399-20e9cc8a16e6.png
2026-06-05 16:09:47.857 | INFO     | __main__:process_urls_for_product:190 - Verified Source Attribution | Product: a6a274ae4d36 | File: a6a274ae4d36_003.jpg | Source: blinkit | URL: https://cdn.grofers.com/cdn-cgi/image/f=auto,fit=scale-down,q=70,metadata=none,w=270/da/cms-assets/cms/product/rc-upload-1776915617603-61.png
2026-06-05 16:09:48.083 | INFO     | __main__:process_urls_for_product:190 - Verified Source Attribution | Product: a6a274ae4d36 | File: a6a274ae4d36_004.jpg | Source: blinkit | URL: https://cdn.grofers.com/cdn-cgi/image/f=auto,fit=scale-down,q=70,metadata=none,w=270/da/cms-assets/cms/product/de1fec9e-2ba7-4cc2-9845-4bea6baa4a5f.png
2026-06-05 16:09:48.365 | INFO     | __main__:process_urls_for_product:190 - Verified Source Attribution | Product: a6a274ae4d36 | File: a6a274ae4d36_005.jpg | Source: blinkit | URL: https://cdn.grofers.com/cdn-cgi/image/f=auto,fit=scale-down,q=70,metadata=none,w=270/da/cms-assets/cms/product/rc-upload-1776915617603-4.png
2026-06-05 16:09:48.584 | INFO     | __main__:process_urls_for_product:190 - Verified Source Attribution | Product: a6a274ae4d36 | File: a6a274ae4d36_006.jpg | Source: blinkit | URL: https://cdn.grofers.com/cdn-cgi/image/f=auto,fit=scale-down,q=70,metadata=none,w=270/da/cms-assets/cms/product/429e0751-1bd6-4de6-b04b-dac0f4f24f75.png
2026-06-05 16:09:48.817 | INFO     | __main__:process_urls_for_product:190 - Verified Source Attribution | Product: a6a274ae4d36 | File: a6a274ae4d36_007.jpg | Source: blinkit | URL: https://cdn.grofers.com/cdn-cgi/image/f=auto,fit=scale-down,q=70,metadata=none,w=270/da/cms-assets/cms/product/1dac26d6-73fe-4e94-a91f-c85bac0bad3a.png
2026-06-05 16:09:49.127 | INFO     | __main__:process_urls_for_product:190 - Verified Source Attribution | Product: a6a274ae4d36 | File: a6a274ae4d36_008.jpg | Source: blinkit | URL: https://cdn.grofers.com/cdn-cgi/image/f=auto,fit=scale-down,q=70,metadata=none,w=270/da/cms-assets/cms/product/ed965fa7-fb60-4641-b4b0-90b04b78c293.png
2026-06-05 16:09:49.449 | INFO     | __main__:process_urls_for_product:190 - Verified Source Attribution | Product: a6a274ae4d36 | File: a6a274ae4d36_009.jpg | Source: blinkit | URL: https://cdn.grofers.com/cdn-cgi/image/f=auto,fit=scale-down,q=70,metadata=none,w=270/da/cms-assets/cms/product/rc-upload-1777533515258-113.png
2026-06-05 16:11:37.477 | INFO     | __main__:download_product_images:223 - Product 6ea6d24c1c05 has 0 images (min 10). Using Playwright fallback.
2026-06-05 16:11:40.615 | INFO     | nure.playwright_sources:collect_playwright_images:99 - Playwright blinkit 'Daawat Basmati Rice': 15 URLs
2026-06-05 16:11:43.899 | DEBUG    | nure.playwright_sources:collect_playwright_images:95 - Playwright timeout for bigbasket on Daawat Basmati Rice
2026-06-05 16:11:43.900 | INFO     | nure.playwright_sources:collect_playwright_images:99 - Playwright bigbasket 'Daawat Basmati Rice': 0 URLs
2026-06-05 16:11:46.436 | INFO     | nure.playwright_sources:collect_playwright_images:99 - Playwright jiomart 'Daawat Basmati Rice': 1 URLs
2026-06-05 16:11:48.676 | INFO     | nure.playwright_sources:collect_playwright_images:99 - Playwright flipkart 'Daawat Basmati Rice 1 kg': 0 URLs
2026-06-05 16:11:48.945 | INFO     | __main__:process_urls_for_product:190 - Verified Source Attribution | Product: 6ea6d24c1c05 | File: 6ea6d24c1c05_000.jpg | Source: blinkit | URL: https://cdn.grofers.com/cdn-cgi/image/f=auto,fit=scale-down,q=70,metadata=none,w=270/da/cms-assets/cms/product/87004ea2-71d5-46ff-b212-f4ae65a5c934.png
2026-06-05 16:11:49.273 | INFO     | __main__:process_urls_for_product:190 - Verified Source Attribution | Product: 6ea6d24c1c05 | File: 6ea6d24c1c05_001.jpg | Source: blinkit | URL: https://cdn.grofers.com/cdn-cgi/image/f=auto,fit=scale-down,q=70,metadata=none,w=270/da/cms-assets/cms/product/381e1978-2bbf-4aa4-9251-9111fad05e9b.png
2026-06-05 16:11:49.497 | INFO     | __main__:process_urls_for_product:190 - Verified Source Attribution | Product: 6ea6d24c1c05 | File: 6ea6d24c1c05_002.jpg | Source: blinkit | URL: https://cdn.grofers.com/cdn-cgi/image/f=auto,fit=scale-down,q=70,metadata=none,w=270/da/cms-assets/cms/product/51485cb9-410b-486d-920c-c83ff2733ac9.png
2026-06-05 16:11:49.783 | INFO     | __main__:process_urls_for_product:190 - Verified Source Attribution | Product: 6ea6d24c1c05 | File: 6ea6d24c1c05_003.jpg | Source: blinkit | URL: https://cdn.grofers.com/cdn-cgi/image/f=auto,fit=scale-down,q=70,metadata=none,w=270/da/cms-assets/cms/product/a56f8c6f-39d8-44b9-9382-4e8a6574086a.png
2026-06-05 16:11:50.070 | INFO     | __main__:process_urls_for_product:190 - Verified Source Attribution | Product: 6ea6d24c1c05 | File: 6ea6d24c1c05_004.jpg | Source: blinkit | URL: https://cdn.grofers.com/cdn-cgi/image/f=auto,fit=scale-down,q=70,metadata=none,w=270/da/cms-assets/cms/product/de1fec9e-2ba7-4cc2-9845-4bea6baa4a5f.png
2026-06-05 16:11:50.290 | INFO     | __main__:process_urls_for_product:190 - Verified Source Attribution | Product: 6ea6d24c1c05 | File: 6ea6d24c1c05_005.jpg | Source: blinkit | URL: https://cdn.grofers.com/cdn-cgi/image/f=auto,fit=scale-down,q=70,metadata=none,w=270/da/cms-assets/cms/product/a0355363-4e9f-4b2c-9fac-23da9439b74e.png
2026-06-05 16:11:50.514 | INFO     | __main__:process_urls_for_product:190 - Verified Source Attribution | Product: 6ea6d24c1c05 | File: 6ea6d24c1c05_006.jpg | Source: blinkit | URL: https://cdn.grofers.com/cdn-cgi/image/f=auto,fit=scale-down,q=70,metadata=none,w=270/da/cms-assets/cms/product/rc-upload-1779094500636-1995.png
2026-06-05 16:12:47.266 | INFO     | __main__:download_product_images:223 - Product 48fb7568c520 has 0 images (min 10). Using Playwright fallback.
2026-06-05 16:12:50.573 | INFO     | nure.playwright_sources:collect_playwright_images:99 - Playwright blinkit 'Daawat Super Basmati Rice': 15 URLs
2026-06-05 16:12:53.875 | DEBUG    | nure.playwright_sources:collect_playwright_images:95 - Playwright timeout for bigbasket on Daawat Super Basmati Rice
2026-06-05 16:12:53.875 | INFO     | nure.playwright_sources:collect_playwright_images:99 - Playwright bigbasket 'Daawat Super Basmati Rice': 0 URLs
2026-06-05 16:12:56.500 | INFO     | nure.playwright_sources:collect_playwright_images:99 - Playwright jiomart 'Daawat Super Basmati Rice': 1 URLs
2026-06-05 16:12:58.930 | INFO     | nure.playwright_sources:collect_playwright_images:99 - Playwright flipkart 'Daawat Super Basmati Rice': 0 URLs
2026-06-05 16:12:59.102 | INFO     | __main__:process_urls_for_product:190 - Verified Source Attribution | Product: 48fb7568c520 | File: 48fb7568c520_000.jpg | Source: blinkit | URL: https://cdn.grofers.com/cdn-cgi/image/f=auto,fit=scale-down,q=70,metadata=none,w=270/da/cms-assets/cms/product/rc-upload-1779094500636-1995.png
2026-06-05 16:12:59.473 | INFO     | __main__:process_urls_for_product:190 - Verified Source Attribution | Product: 48fb7568c520 | File: 48fb7568c520_001.jpg | Source: blinkit | URL: https://cdn.grofers.com/cdn-cgi/image/f=auto,fit=scale-down,q=70,metadata=none,w=270/da/cms-assets/cms/product/6acc5213-bb40-4404-9c70-2fb0737d2c70.png?bg_token=Colour%2Fsurface%2F00FFFFFF
2026-06-05 16:12:59.709 | INFO     | __main__:process_urls_for_product:190 - Verified Source Attribution | Product: 48fb7568c520 | File: 48fb7568c520_002.jpg | Source: blinkit | URL: https://cdn.grofers.com/cdn-cgi/image/f=auto,fit=scale-down,q=70,metadata=none,w=270/da/cms-assets/cms/product/7a372431-cdbf-4d89-9399-20e9cc8a16e6.png
2026-06-05 16:12:59.960 | INFO     | __main__:process_urls_for_product:190 - Verified Source Attribution | Product: 48fb7568c520 | File: 48fb7568c520_003.jpg | Source: blinkit | URL: https://cdn.grofers.com/cdn-cgi/image/f=auto,fit=scale-down,q=70,metadata=none,w=270/da/cms-assets/cms/product/1dac26d6-73fe-4e94-a91f-c85bac0bad3a.png
2026-06-05 16:13:00.334 | INFO     | __main__:process_urls_for_product:190 - Verified Source Attribution | Product: 48fb7568c520 | File: 48fb7568c520_004.jpg | Source: blinkit | URL: https://cdn.grofers.com/cdn-cgi/image/f=auto,fit=scale-down,q=70,metadata=none,w=270/da/cms-assets/cms/product/rc-upload-1776915617603-61.png
2026-06-05 16:13:00.636 | INFO     | __main__:process_urls_for_product:190 - Verified Source Attribution | Product: 48fb7568c520 | File: 48fb7568c520_005.jpg | Source: blinkit | URL: https://cdn.grofers.com/cdn-cgi/image/f=auto,fit=scale-down,q=70,metadata=none,w=270/da/cms-assets/cms/product/a0355363-4e9f-4b2c-9fac-23da9439b74e.png
2026-06-05 16:13:00.863 | INFO     | __main__:process_urls_for_product:190 - Verified Source Attribution | Product: 48fb7568c520 | File: 48fb7568c520_006.jpg | Source: blinkit | URL: https://cdn.grofers.com/cdn-cgi/image/f=auto,fit=scale-down,q=70,metadata=none,w=270/da/cms-assets/cms/product/rc-upload-1776915617603-4.png
2026-06-05 16:13:01.104 | INFO     | __main__:process_urls_for_product:190 - Verified Source Attribution | Product: 48fb7568c520 | File: 48fb7568c520_007.jpg | Source: blinkit | URL: https://cdn.grofers.com/cdn-cgi/image/f=auto,fit=scale-down,q=70,metadata=none,w=270/da/cms-assets/cms/product/de1fec9e-2ba7-4cc2-9845-4bea6baa4a5f.png
2026-06-05 16:14:13.565 | INFO     | __main__:download_product_images:223 - Product 99bd3b8cea5e has 0 images (min 10). Using Playwright fallback.
2026-06-05 16:14:16.628 | INFO     | nure.playwright_sources:collect_playwright_images:99 - Playwright blinkit 'Daawat Broken Basmati Rice': 15 URLs
2026-06-05 16:14:19.922 | DEBUG    | nure.playwright_sources:collect_playwright_images:95 - Playwright timeout for bigbasket on Daawat Broken Basmati Rice
2026-06-05 16:14:19.923 | INFO     | nure.playwright_sources:collect_playwright_images:99 - Playwright bigbasket 'Daawat Broken Basmati Rice': 0 URLs
2026-06-05 16:14:22.551 | INFO     | nure.playwright_sources:collect_playwright_images:99 - Playwright jiomart 'Daawat Broken Basmati Rice': 1 URLs
2026-06-05 16:14:24.869 | INFO     | nure.playwright_sources:collect_playwright_images:99 - Playwright flipkart 'Daawat Broken Basmati Rice 20 ': 0 URLs
2026-06-05 16:14:25.008 | INFO     | __main__:process_urls_for_product:190 - Verified Source Attribution | Product: 99bd3b8cea5e | File: 99bd3b8cea5e_000.jpg | Source: blinkit | URL: https://cdn.grofers.com/cdn-cgi/image/f=auto,fit=scale-down,q=70,metadata=none,w=270/da/cms-assets/cms/product/dfb9f500-64ca-499c-a3c3-80bad9adf0c3.png
2026-06-05 16:14:25.310 | INFO     | __main__:process_urls_for_product:190 - Verified Source Attribution | Product: 99bd3b8cea5e | File: 99bd3b8cea5e_001.jpg | Source: blinkit | URL: https://cdn.grofers.com/cdn-cgi/image/f=auto,fit=scale-down,q=70,metadata=none,w=270/da/cms-assets/cms/product/381e1978-2bbf-4aa4-9251-9111fad05e9b.png
2026-06-05 16:14:25.552 | INFO     | __main__:process_urls_for_product:190 - Verified Source Attribution | Product: 99bd3b8cea5e | File: 99bd3b8cea5e_002.jpg | Source: blinkit | URL: https://cdn.grofers.com/cdn-cgi/image/f=auto,fit=scale-down,q=70,metadata=none,w=270/da/cms-assets/cms/product/9a1356f1-7397-404d-9ae3-d837d400139f.png
2026-06-05 16:14:25.794 | INFO     | __main__:process_urls_for_product:190 - Verified Source Attribution | Product: 99bd3b8cea5e | File: 99bd3b8cea5e_003.jpg | Source: blinkit | URL: https://cdn.grofers.com/cdn-cgi/image/f=auto,fit=scale-down,q=70,metadata=none,w=270/da/cms-assets/cms/product/277b23ab-f9b1-4dee-ae8e-e25d37b7226d.png
2026-06-05 16:14:26.038 | INFO     | __main__:process_urls_for_product:190 - Verified Source Attribution | Product: 99bd3b8cea5e | File: 99bd3b8cea5e_004.jpg | Source: blinkit | URL: https://cdn.grofers.com/cdn-cgi/image/f=auto,fit=scale-down,q=70,metadata=none,w=270/da/cms-assets/cms/product/6acc5213-bb40-4404-9c70-2fb0737d2c70.png?bg_token=Colour%2Fsurface%2F00FFFFFF
2026-06-05 16:14:26.282 | INFO     | __main__:process_urls_for_product:190 - Verified Source Attribution | Product: 99bd3b8cea5e | File: 99bd3b8cea5e_005.jpg | Source: blinkit | URL: https://cdn.grofers.com/cdn-cgi/image/f=auto,fit=scale-down,q=70,metadata=none,w=270/da/cms-assets/cms/product/de1fec9e-2ba7-4cc2-9845-4bea6baa4a5f.png
2026-06-05 16:14:26.764 | INFO     | __main__:process_urls_for_product:190 - Verified Source Attribution | Product: 99bd3b8cea5e | File: 99bd3b8cea5e_006.jpg | Source: blinkit | URL: https://cdn.grofers.com/cdn-cgi/image/f=auto,fit=scale-down,q=70,metadata=none,w=270/da/cms-assets/cms/product/rc-upload-1780561719340-4.png
2026-06-05 16:14:27.240 | INFO     | __main__:process_urls_for_product:190 - Verified Source Attribution | Product: 99bd3b8cea5e | File: 99bd3b8cea5e_007.jpg | Source: blinkit | URL: https://cdn.grofers.com/cdn-cgi/image/f=auto,fit=scale-down,q=70,metadata=none,w=270/da/cms-assets/cms/product/44edeb01-8143-43d5-aa8d-842d04b47a28.png
2026-06-05 16:15:54.915 | INFO     | __main__:download_product_images:223 - Product 5e89e6631619 has 0 images (min 10). Using Playwright fallback.
2026-06-05 16:15:58.492 | INFO     | nure.playwright_sources:collect_playwright_images:99 - Playwright blinkit 'Daawat Brown Basmati Rice': 15 URLs
2026-06-05 16:16:01.893 | DEBUG    | nure.playwright_sources:collect_playwright_images:95 - Playwright timeout for bigbasket on Daawat Brown Basmati Rice
2026-06-05 16:16:01.893 | INFO     | nure.playwright_sources:collect_playwright_images:99 - Playwright bigbasket 'Daawat Brown Basmati Rice': 0 URLs
2026-06-05 16:16:04.454 | INFO     | nure.playwright_sources:collect_playwright_images:99 - Playwright jiomart 'Daawat Brown Basmati Rice': 1 URLs
2026-06-05 16:16:06.913 | INFO     | nure.playwright_sources:collect_playwright_images:99 - Playwright flipkart 'Daawat Brown Basmati Rice 5k': 0 URLs
2026-06-05 16:16:07.050 | INFO     | __main__:process_urls_for_product:190 - Verified Source Attribution | Product: 5e89e6631619 | File: 5e89e6631619_000.jpg | Source: blinkit | URL: https://cdn.grofers.com/cdn-cgi/image/f=auto,fit=scale-down,q=70,metadata=none,w=270/da/cms-assets/cms/product/87004ea2-71d5-46ff-b212-f4ae65a5c934.png
2026-06-05 16:16:07.335 | INFO     | __main__:process_urls_for_product:190 - Verified Source Attribution | Product: 5e89e6631619 | File: 5e89e6631619_001.jpg | Source: blinkit | URL: https://cdn.grofers.com/cdn-cgi/image/f=auto,fit=scale-down,q=70,metadata=none,w=270/da/cms-assets/cms/product/a56f8c6f-39d8-44b9-9382-4e8a6574086a.png
2026-06-05 16:16:07.571 | INFO     | __main__:process_urls_for_product:190 - Verified Source Attribution | Product: 5e89e6631619 | File: 5e89e6631619_002.jpg | Source: blinkit | URL: https://cdn.grofers.com/cdn-cgi/image/f=auto,fit=scale-down,q=70,metadata=none,w=270/da/cms-assets/cms/product/rc-upload-1779421790948-1591.png
2026-06-05 16:16:07.813 | INFO     | __main__:process_urls_for_product:190 - Verified Source Attribution | Product: 5e89e6631619 | File: 5e89e6631619_003.jpg | Source: blinkit | URL: https://cdn.grofers.com/cdn-cgi/image/f=auto,fit=scale-down,q=70,metadata=none,w=270/da/cms-assets/cms/product/ce969d8f-296f-4f14-9933-8affca4aaabd.png
2026-06-05 16:16:08.063 | INFO     | __main__:process_urls_for_product:190 - Verified Source Attribution | Product: 5e89e6631619 | File: 5e89e6631619_004.jpg | Source: blinkit | URL: https://cdn.grofers.com/cdn-cgi/image/f=auto,fit=scale-down,q=70,metadata=none,w=270/da/cms-assets/cms/product/rc-upload-1779421790948-1613.png
2026-06-05 16:16:08.315 | INFO     | __main__:process_urls_for_product:190 - Verified Source Attribution | Product: 5e89e6631619 | File: 5e89e6631619_005.jpg | Source: blinkit | URL: https://cdn.grofers.com/cdn-cgi/image/f=auto,fit=scale-down,q=70,metadata=none,w=270/da/cms-assets/cms/product/6334167b-8976-400f-9e5c-af38277951a7.png
2026-06-05 16:16:08.570 | INFO     | __main__:process_urls_for_product:190 - Verified Source Attribution | Product: 5e89e6631619 | File: 5e89e6631619_006.jpg | Source: blinkit | URL: https://cdn.grofers.com/cdn-cgi/image/f=auto,fit=scale-down,q=70,metadata=none,w=270/da/cms-assets/cms/product/f146011e-4c38-407c-9b60-c01e3c0e9bf9.png
2026-06-05 16:16:08.827 | INFO     | __main__:process_urls_for_product:190 - Verified Source Attribution | Product: 5e89e6631619 | File: 5e89e6631619_007.jpg | Source: blinkit | URL: https://cdn.grofers.com/cdn-cgi/image/f=auto,fit=scale-down,q=70,metadata=none,w=270/da/cms-assets/cms/product/6acc5213-bb40-4404-9c70-2fb0737d2c70.png?bg_token=Colour%2Fsurface%2F00FFFFFF
2026-06-05 16:16:09.081 | INFO     | __main__:process_urls_for_product:190 - Verified Source Attribution | Product: 5e89e6631619 | File: 5e89e6631619_008.jpg | Source: blinkit | URL: https://cdn.grofers.com/cdn-cgi/image/f=auto,fit=scale-down,q=70,metadata=none,w=270/da/cms-assets/cms/product/rc-upload-1779094500636-733.png
2026-06-05 16:16:09.337 | INFO     | __main__:process_urls_for_product:190 - Verified Source Attribution | Product: 5e89e6631619 | File: 5e89e6631619_009.jpg | Source: blinkit | URL: https://cdn.grofers.com/cdn-cgi/image/f=auto,fit=scale-down,q=70,metadata=none,w=270/da/cms-assets/cms/product/d4a51748-9641-4e56-8f34-9e0a3e26e1f0.png
2026-06-05 16:16:09.600 | INFO     | __main__:process_urls_for_product:190 - Verified Source Attribution | Product: 5e89e6631619 | File: 5e89e6631619_010.jpg | Source: blinkit | URL: https://cdn.grofers.com/cdn-cgi/image/f=auto,fit=scale-down,q=70,metadata=none,w=270/da/cms-assets/cms/product/de1fec9e-2ba7-4cc2-9845-4bea6baa4a5f.png
2026-06-05 16:16:09.854 | INFO     | __main__:process_urls_for_product:190 - Verified Source Attribution | Product: 5e89e6631619 | File: 5e89e6631619_011.jpg | Source: blinkit | URL: https://cdn.grofers.com/cdn-cgi/image/f=auto,fit=scale-down,q=70,metadata=none,w=270/da/cms-assets/cms/product/381e1978-2bbf-4aa4-9251-9111fad05e9b.png
2026-06-05 16:16:13.280 | INFO     | nure.image_sources:collect_amazon_images:178 - Amazon 'Daawat Chefs Secretz Basmati Rice': 3 URLs
2026-06-05 16:16:51.118 | INFO     | __main__:process_urls_for_product:190 - Verified Source Attribution | Product: a10f8177c2b0 | File: a10f8177c2b0_000.jpg | Source: amazon | URL: https://m.media-amazon.com/images/I/31Ip4aURUpL.png
2026-06-05 16:16:52.669 | INFO     | __main__:process_urls_for_product:190 - Verified Source Attribution | Product: a10f8177c2b0 | File: a10f8177c2b0_001.jpg | Source: amazon | URL: https://m.media-amazon.com/images/I/81vNCH4Lr8L.jpg
2026-06-05 16:16:54.255 | INFO     | __main__:process_urls_for_product:190 - Verified Source Attribution | Product: a10f8177c2b0 | File: a10f8177c2b0_002.jpg | Source: amazon | URL: https://m.media-amazon.com/images/I/81Vu1q9QfJL.jpg
2026-06-05 16:16:54.415 | INFO     | __main__:download_product_images:223 - Product a10f8177c2b0 has 3 images (min 10). Using Playwright fallback.
2026-06-05 16:16:57.952 | INFO     | nure.playwright_sources:collect_playwright_images:99 - Playwright blinkit 'Daawat Chefs Secretz Basmati R': 15 URLs
2026-06-05 16:17:01.291 | DEBUG    | nure.playwright_sources:collect_playwright_images:95 - Playwright timeout for bigbasket on Daawat Chefs Secretz Basmati R
2026-06-05 16:17:01.291 | INFO     | nure.playwright_sources:collect_playwright_images:99 - Playwright bigbasket 'Daawat Chefs Secretz Basmati R': 0 URLs
2026-06-05 16:17:04.048 | INFO     | nure.playwright_sources:collect_playwright_images:99 - Playwright jiomart 'Daawat Chefs Secretz Basmati R': 1 URLs
2026-06-05 16:17:06.558 | INFO     | nure.playwright_sources:collect_playwright_images:99 - Playwright flipkart 'Daawat Chefs Secretz Basmati R': 0 URLs
2026-06-05 16:17:06.697 | INFO     | __main__:process_urls_for_product:190 - Verified Source Attribution | Product: a10f8177c2b0 | File: a10f8177c2b0_003.jpg | Source: blinkit | URL: https://cdn.grofers.com/cdn-cgi/image/f=auto,fit=scale-down,q=70,metadata=none,w=270/da/cms-assets/cms/product/rc-upload-1780033780141-284.png
2026-06-05 16:17:06.986 | INFO     | __main__:process_urls_for_product:190 - Verified Source Attribution | Product: a10f8177c2b0 | File: a10f8177c2b0_004.jpg | Source: blinkit | URL: https://cdn.grofers.com/cdn-cgi/image/f=auto,fit=scale-down,q=70,metadata=none,w=270/da/cms-assets/cms/product/rc-upload-1780033780141-482.png
2026-06-05 16:17:07.229 | INFO     | __main__:process_urls_for_product:190 - Verified Source Attribution | Product: a10f8177c2b0 | File: a10f8177c2b0_005.jpg | Source: blinkit | URL: https://cdn.grofers.com/cdn-cgi/image/f=auto,fit=scale-down,q=70,metadata=none,w=270/da/cms-assets/cms/product/6acc5213-bb40-4404-9c70-2fb0737d2c70.png?bg_token=Colour%2Fsurface%2F00FFFFFF
2026-06-05 16:17:07.465 | INFO     | __main__:process_urls_for_product:190 - Verified Source Attribution | Product: a10f8177c2b0 | File: a10f8177c2b0_006.jpg | Source: blinkit | URL: https://cdn.grofers.com/cdn-cgi/image/f=auto,fit=scale-down,q=70,metadata=none,w=270/da/cms-assets/cms/product/7a372431-cdbf-4d89-9399-20e9cc8a16e6.png
2026-06-05 16:17:07.702 | INFO     | __main__:process_urls_for_product:190 - Verified Source Attribution | Product: a10f8177c2b0 | File: a10f8177c2b0_007.jpg | Source: blinkit | URL: https://cdn.grofers.com/cdn-cgi/image/f=auto,fit=scale-down,q=70,metadata=none,w=270/da/cms-assets/cms/product/rc-upload-1780033780141-472.png
2026-06-05 16:17:07.940 | INFO     | __main__:process_urls_for_product:190 - Verified Source Attribution | Product: a10f8177c2b0 | File: a10f8177c2b0_008.jpg | Source: blinkit | URL: https://cdn.grofers.com/cdn-cgi/image/f=auto,fit=scale-down,q=70,metadata=none,w=270/da/cms-assets/cms/product/a0355363-4e9f-4b2c-9fac-23da9439b74e.png
2026-06-05 16:17:08.317 | INFO     | __main__:process_urls_for_product:190 - Verified Source Attribution | Product: a10f8177c2b0 | File: a10f8177c2b0_009.jpg | Source: blinkit | URL: https://cdn.grofers.com/cdn-cgi/image/f=auto,fit=scale-down,q=70,metadata=none,w=270/da/cms-assets/cms/product/87004ea2-71d5-46ff-b212-f4ae65a5c934.png
2026-06-05 16:17:08.687 | INFO     | __main__:process_urls_for_product:190 - Verified Source Attribution | Product: a10f8177c2b0 | File: a10f8177c2b0_010.jpg | Source: blinkit | URL: https://cdn.grofers.com/cdn-cgi/image/f=auto,fit=scale-down,q=70,metadata=none,w=270/da/cms-assets/cms/product/de1fec9e-2ba7-4cc2-9845-4bea6baa4a5f.png
2026-06-05 16:17:08.931 | INFO     | __main__:process_urls_for_product:190 - Verified Source Attribution | Product: a10f8177c2b0 | File: a10f8177c2b0_011.jpg | Source: blinkit | URL: https://cdn.grofers.com/cdn-cgi/image/f=auto,fit=scale-down,q=70,metadata=none,w=270/da/cms-assets/cms/product/1dac26d6-73fe-4e94-a91f-c85bac0bad3a.png
2026-06-05 16:17:09.381 | INFO     | __main__:process_urls_for_product:190 - Verified Source Attribution | Product: a10f8177c2b0 | File: a10f8177c2b0_012.jpg | Source: blinkit | URL: https://cdn.grofers.com/cdn-cgi/image/f=auto,fit=scale-down,q=70,metadata=none,w=270/da/cms-assets/cms/product/a56f8c6f-39d8-44b9-9382-4e8a6574086a.png
2026-06-05 16:17:10.197 | DEBUG    | nure.image_sources:_get:44 - HTTP 500: https://world.openfoodfacts.org/api/v2/product/8719632250173.json
2026-06-05 16:17:12.296 | INFO     | nure.image_sources:collect_amazon_images:178 - Amazon 'Daawat Extra Long Basmati Reis': 3 URLs
2026-06-05 16:17:51.400 | INFO     | __main__:process_urls_for_product:190 - Verified Source Attribution | Product: c21213e2d540 | File: c21213e2d540_000.jpg | Source: amazon | URL: https://m.media-amazon.com/images/I/31Ip4aURUpL.png
2026-06-05 16:17:52.993 | INFO     | __main__:process_urls_for_product:190 - Verified Source Attribution | Product: c21213e2d540 | File: c21213e2d540_001.jpg | Source: amazon | URL: https://m.media-amazon.com/images/I/81vNCH4Lr8L.jpg
2026-06-05 16:17:54.227 | INFO     | __main__:process_urls_for_product:190 - Verified Source Attribution | Product: c21213e2d540 | File: c21213e2d540_002.jpg | Source: amazon | URL: https://m.media-amazon.com/images/I/81a4jn0f9gL.jpg
2026-06-05 16:17:54.387 | INFO     | __main__:download_product_images:223 - Product c21213e2d540 has 3 images (min 10). Using Playwright fallback.
2026-06-05 16:17:57.903 | INFO     | nure.playwright_sources:collect_playwright_images:99 - Playwright blinkit 'Daawat Extra Long Basmati Reis': 15 URLs
2026-06-05 16:18:01.231 | DEBUG    | nure.playwright_sources:collect_playwright_images:95 - Playwright timeout for bigbasket on Daawat Extra Long Basmati Reis
2026-06-05 16:18:01.231 | INFO     | nure.playwright_sources:collect_playwright_images:99 - Playwright bigbasket 'Daawat Extra Long Basmati Reis': 0 URLs
2026-06-05 16:18:04.378 | INFO     | nure.playwright_sources:collect_playwright_images:99 - Playwright jiomart 'Daawat Extra Long Basmati Reis': 1 URLs
2026-06-05 16:18:06.855 | INFO     | nure.playwright_sources:collect_playwright_images:99 - Playwright flipkart 'Daawat Extra Long Basmati Reis': 0 URLs
2026-06-05 16:18:07.003 | INFO     | __main__:process_urls_for_product:190 - Verified Source Attribution | Product: c21213e2d540 | File: c21213e2d540_003.jpg | Source: blinkit | URL: https://cdn.grofers.com/cdn-cgi/image/f=auto,fit=scale-down,q=70,metadata=none,w=270/da/cms-assets/cms/product/a0355363-4e9f-4b2c-9fac-23da9439b74e.png
2026-06-05 16:18:07.334 | INFO     | __main__:process_urls_for_product:190 - Verified Source Attribution | Product: c21213e2d540 | File: c21213e2d540_004.jpg | Source: blinkit | URL: https://cdn.grofers.com/cdn-cgi/image/f=auto,fit=scale-down,q=70,metadata=none,w=270/da/cms-assets/cms/product/51485cb9-410b-486d-920c-c83ff2733ac9.png
2026-06-05 16:18:07.678 | INFO     | __main__:process_urls_for_product:190 - Verified Source Attribution | Product: c21213e2d540 | File: c21213e2d540_005.jpg | Source: blinkit | URL: https://cdn.grofers.com/cdn-cgi/image/f=auto,fit=scale-down,q=70,metadata=none,w=270/da/cms-assets/cms/product/7a372431-cdbf-4d89-9399-20e9cc8a16e6.png
2026-06-05 16:18:07.910 | INFO     | __main__:process_urls_for_product:190 - Verified Source Attribution | Product: c21213e2d540 | File: c21213e2d540_006.jpg | Source: blinkit | URL: https://cdn.grofers.com/cdn-cgi/image/f=auto,fit=scale-down,q=70,metadata=none,w=270/da/cms-assets/cms/product/rc-upload-1776915617603-61.png
2026-06-05 16:18:08.148 | INFO     | __main__:process_urls_for_product:190 - Verified Source Attribution | Product: c21213e2d540 | File: c21213e2d540_007.jpg | Source: blinkit | URL: https://cdn.grofers.com/cdn-cgi/image/f=auto,fit=scale-down,q=70,metadata=none,w=270/da/cms-assets/cms/product/de1fec9e-2ba7-4cc2-9845-4bea6baa4a5f.png
2026-06-05 16:18:08.449 | INFO     | __main__:process_urls_for_product:190 - Verified Source Attribution | Product: c21213e2d540 | File: c21213e2d540_008.jpg | Source: blinkit | URL: https://cdn.grofers.com/cdn-cgi/image/f=auto,fit=scale-down,q=70,metadata=none,w=270/da/cms-assets/cms/product/rc-upload-1776915617603-4.png
2026-06-05 16:18:08.687 | INFO     | __main__:process_urls_for_product:190 - Verified Source Attribution | Product: c21213e2d540 | File: c21213e2d540_009.jpg | Source: blinkit | URL: https://cdn.grofers.com/cdn-cgi/image/f=auto,fit=scale-down,q=70,metadata=none,w=270/da/cms-assets/cms/product/429e0751-1bd6-4de6-b04b-dac0f4f24f75.png
2026-06-05 16:18:08.922 | INFO     | __main__:process_urls_for_product:190 - Verified Source Attribution | Product: c21213e2d540 | File: c21213e2d540_010.jpg | Source: blinkit | URL: https://cdn.grofers.com/cdn-cgi/image/f=auto,fit=scale-down,q=70,metadata=none,w=270/da/cms-assets/cms/product/1dac26d6-73fe-4e94-a91f-c85bac0bad3a.png
2026-06-05 16:18:09.251 | INFO     | __main__:process_urls_for_product:190 - Verified Source Attribution | Product: c21213e2d540 | File: c21213e2d540_011.jpg | Source: blinkit | URL: https://cdn.grofers.com/cdn-cgi/image/f=auto,fit=scale-down,q=70,metadata=none,w=270/da/cms-assets/cms/product/ed965fa7-fb60-4641-b4b0-90b04b78c293.png
2026-06-05 16:18:09.573 | INFO     | __main__:process_urls_for_product:190 - Verified Source Attribution | Product: c21213e2d540 | File: c21213e2d540_012.jpg | Source: blinkit | URL: https://cdn.grofers.com/cdn-cgi/image/f=auto,fit=scale-down,q=70,metadata=none,w=270/da/cms-assets/cms/product/rc-upload-1777533515258-113.png
2026-06-05 16:18:10.367 | DEBUG    | nure.image_sources:_get:46 - GET failed: ('Connection aborted.', RemoteDisconnected('Remote end closed connection without response'))
2026-06-05 16:18:10.810 | DEBUG    | nure.image_sources:_get:46 - GET failed: ('Connection aborted.', ConnectionResetError(10054, 'An existing connection was forcibly closed by the remote host', None, 10054, None))
2026-06-05 16:18:12.604 | INFO     | nure.image_sources:collect_bing_images:149 - Bing 'Daawat Rice raw': 0 URLs
2026-06-05 16:18:49.821 | INFO     | __main__:download_product_images:223 - Product c9288cedc94a has 0 images (min 10). Using Playwright fallback.
2026-06-05 16:18:53.972 | INFO     | nure.playwright_sources:collect_playwright_images:99 - Playwright blinkit 'Daawat Rice raw': 15 URLs
2026-06-05 16:18:57.354 | DEBUG    | nure.playwright_sources:collect_playwright_images:95 - Playwright timeout for bigbasket on Daawat Rice raw
2026-06-05 16:18:57.355 | INFO     | nure.playwright_sources:collect_playwright_images:99 - Playwright bigbasket 'Daawat Rice raw': 0 URLs
2026-06-05 16:19:00.056 | INFO     | nure.playwright_sources:collect_playwright_images:99 - Playwright jiomart 'Daawat Rice raw': 1 URLs
2026-06-05 16:19:02.599 | INFO     | nure.playwright_sources:collect_playwright_images:99 - Playwright flipkart 'Daawat Rice raw': 0 URLs
2026-06-05 16:19:02.921 | INFO     | __main__:process_urls_for_product:190 - Verified Source Attribution | Product: c9288cedc94a | File: c9288cedc94a_000.jpg | Source: blinkit | URL: https://cdn.grofers.com/cdn-cgi/image/f=auto,fit=scale-down,q=70,metadata=none,w=270/da/cms-assets/cms/product/rc-upload-1779094500636-423.png
2026-06-05 16:19:03.274 | INFO     | __main__:process_urls_for_product:190 - Verified Source Attribution | Product: c9288cedc94a | File: c9288cedc94a_001.jpg | Source: blinkit | URL: https://cdn.grofers.com/cdn-cgi/image/f=auto,fit=scale-down,q=70,metadata=none,w=270/da/cms-assets/cms/product/20eb74dd-7bfa-4310-9b33-7c023e3be257.png
2026-06-05 16:19:03.534 | INFO     | __main__:process_urls_for_product:190 - Verified Source Attribution | Product: c9288cedc94a | File: c9288cedc94a_002.jpg | Source: blinkit | URL: https://cdn.grofers.com/cdn-cgi/image/f=auto,fit=scale-down,q=70,metadata=none,w=270/da/cms-assets/cms/product/6acc5213-bb40-4404-9c70-2fb0737d2c70.png?bg_token=Colour%2Fsurface%2F00FFFFFF
2026-06-05 16:19:03.779 | INFO     | __main__:process_urls_for_product:190 - Verified Source Attribution | Product: c9288cedc94a | File: c9288cedc94a_003.jpg | Source: blinkit | URL: https://cdn.grofers.com/cdn-cgi/image/f=auto,fit=scale-down,q=70,metadata=none,w=270/da/cms-assets/cms/product/de1fec9e-2ba7-4cc2-9845-4bea6baa4a5f.png
2026-06-05 16:19:04.031 | INFO     | __main__:process_urls_for_product:190 - Verified Source Attribution | Product: c9288cedc94a | File: c9288cedc94a_004.jpg | Source: blinkit | URL: https://cdn.grofers.com/cdn-cgi/image/f=auto,fit=scale-down,q=70,metadata=none,w=270/da/cms-assets/cms/product/381e1978-2bbf-4aa4-9251-9111fad05e9b.png
2026-06-05 16:19:04.484 | INFO     | __main__:process_urls_for_product:190 - Verified Source Attribution | Product: c9288cedc94a | File: c9288cedc94a_005.jpg | Source: blinkit | URL: https://cdn.grofers.com/cdn-cgi/image/f=auto,fit=scale-down,q=70,metadata=none,w=270/da/cms-assets/cms/product/7a372431-cdbf-4d89-9399-20e9cc8a16e6.png
2026-06-05 16:19:04.834 | INFO     | __main__:process_urls_for_product:190 - Verified Source Attribution | Product: c9288cedc94a | File: c9288cedc94a_006.jpg | Source: blinkit | URL: https://cdn.grofers.com/cdn-cgi/image/f=auto,fit=scale-down,q=70,metadata=none,w=270/da/cms-assets/cms/product/a0355363-4e9f-4b2c-9fac-23da9439b74e.png
2026-06-05 16:19:05.797 | DEBUG    | nure.image_sources:_get:46 - GET failed: ('Connection aborted.', RemoteDisconnected('Remote end closed connection without response'))
2026-06-05 16:19:07.702 | INFO     | nure.image_sources:collect_amazon_images:178 - Amazon 'Daawat Daawat Basmati Blue 500g': 2 URLs
2026-06-05 16:19:09.303 | INFO     | nure.image_sources:collect_bing_images:149 - Bing 'Daawat Daawat Basmati Blue 500g': 0 URLs
2026-06-05 16:19:46.095 | INFO     | __main__:process_urls_for_product:190 - Verified Source Attribution | Product: 83397c5c8859 | File: 83397c5c8859_000.jpg | Source: amazon | URL: https://m.media-amazon.com/images/I/31Ip4aURUpL.png
2026-06-05 16:19:47.319 | INFO     | __main__:process_urls_for_product:190 - Verified Source Attribution | Product: 83397c5c8859 | File: 83397c5c8859_001.jpg | Source: amazon | URL: https://m.media-amazon.com/images/I/81a4jn0f9gL.jpg
2026-06-05 16:19:47.474 | INFO     | __main__:download_product_images:223 - Product 83397c5c8859 has 2 images (min 10). Using Playwright fallback.
2026-06-05 16:19:51.233 | INFO     | nure.playwright_sources:collect_playwright_images:99 - Playwright blinkit 'Daawat Daawat Basmati Blue 500': 15 URLs
2026-06-05 16:19:54.623 | DEBUG    | nure.playwright_sources:collect_playwright_images:95 - Playwright timeout for bigbasket on Daawat Daawat Basmati Blue 500
2026-06-05 16:19:54.623 | INFO     | nure.playwright_sources:collect_playwright_images:99 - Playwright bigbasket 'Daawat Daawat Basmati Blue 500': 0 URLs
2026-06-05 16:19:57.200 | INFO     | nure.playwright_sources:collect_playwright_images:99 - Playwright jiomart 'Daawat Daawat Basmati Blue 500': 1 URLs
2026-06-05 16:19:59.764 | INFO     | nure.playwright_sources:collect_playwright_images:99 - Playwright flipkart 'Daawat Daawat Basmati Blue 500': 0 URLs
2026-06-05 16:19:59.951 | INFO     | __main__:process_urls_for_product:190 - Verified Source Attribution | Product: 83397c5c8859 | File: 83397c5c8859_002.jpg | Source: blinkit | URL: https://cdn.grofers.com/cdn-cgi/image/f=auto,fit=scale-down,q=70,metadata=none,w=270/da/cms-assets/cms/product/a25240ec-5187-484d-94d3-c04efe8fd5a8.png
2026-06-05 16:20:00.357 | INFO     | __main__:process_urls_for_product:190 - Verified Source Attribution | Product: 83397c5c8859 | File: 83397c5c8859_003.jpg | Source: blinkit | URL: https://cdn.grofers.com/cdn-cgi/image/f=auto,fit=scale-down,q=70,metadata=none,w=270/da/cms-assets/cms/product/6acc5213-bb40-4404-9c70-2fb0737d2c70.png?bg_token=Colour%2Fsurface%2F00FFFFFF
2026-06-05 16:20:00.612 | INFO     | __main__:process_urls_for_product:190 - Verified Source Attribution | Product: 83397c5c8859 | File: 83397c5c8859_004.jpg | Source: blinkit | URL: https://cdn.grofers.com/cdn-cgi/image/f=auto,fit=scale-down,q=70,metadata=none,w=270/da/cms-assets/cms/product/a0355363-4e9f-4b2c-9fac-23da9439b74e.png
2026-06-05 16:20:00.863 | INFO     | __main__:process_urls_for_product:190 - Verified Source Attribution | Product: 83397c5c8859 | File: 83397c5c8859_005.jpg | Source: blinkit | URL: https://cdn.grofers.com/cdn-cgi/image/f=auto,fit=scale-down,q=70,metadata=none,w=270/da/cms-assets/cms/product/20eb74dd-7bfa-4310-9b33-7c023e3be257.png
2026-06-05 16:20:01.099 | INFO     | __main__:process_urls_for_product:190 - Verified Source Attribution | Product: 83397c5c8859 | File: 83397c5c8859_006.jpg | Source: blinkit | URL: https://cdn.grofers.com/cdn-cgi/image/f=auto,fit=scale-down,q=70,metadata=none,w=270/da/cms-assets/cms/product/rc-upload-1776915617603-94.png
2026-06-05 16:20:01.348 | INFO     | __main__:process_urls_for_product:190 - Verified Source Attribution | Product: 83397c5c8859 | File: 83397c5c8859_007.jpg | Source: blinkit | URL: https://cdn.grofers.com/cdn-cgi/image/f=auto,fit=scale-down,q=70,metadata=none,w=270/da/cms-assets/cms/product/rc-upload-1780033780141-284.png
2026-06-05 16:20:01.593 | INFO     | __main__:process_urls_for_product:190 - Verified Source Attribution | Product: 83397c5c8859 | File: 83397c5c8859_008.jpg | Source: blinkit | URL: https://cdn.grofers.com/cdn-cgi/image/f=auto,fit=scale-down,q=70,metadata=none,w=270/da/cms-assets/cms/product/rc-upload-1780033780141-472.png
2026-06-05 16:20:01.842 | INFO     | __main__:process_urls_for_product:190 - Verified Source Attribution | Product: 83397c5c8859 | File: 83397c5c8859_009.jpg | Source: blinkit | URL: https://cdn.grofers.com/cdn-cgi/image/f=auto,fit=scale-down,q=70,metadata=none,w=270/da/cms-assets/cms/product/rc-upload-1780033780141-482.png
2026-06-05 16:20:02.089 | INFO     | __main__:process_urls_for_product:190 - Verified Source Attribution | Product: 83397c5c8859 | File: 83397c5c8859_010.jpg | Source: blinkit | URL: https://cdn.grofers.com/cdn-cgi/image/f=auto,fit=scale-down,q=70,metadata=none,w=270/da/cms-assets/cms/product/381e1978-2bbf-4aa4-9251-9111fad05e9b.png
2026-06-05 16:20:02.438 | INFO     | __main__:process_urls_for_product:190 - Verified Source Attribution | Product: 83397c5c8859 | File: 83397c5c8859_011.jpg | Source: blinkit | URL: https://cdn.grofers.com/cdn-cgi/image/f=auto,fit=scale-down,q=70,metadata=none,w=270/da/cms-assets/cms/product/87004ea2-71d5-46ff-b212-f4ae65a5c934.png
2026-06-05 16:20:03.426 | DEBUG    | nure.image_sources:_get:46 - GET failed: ('Connection aborted.', RemoteDisconnected('Remote end closed connection without response'))
2026-06-05 16:20:05.318 | INFO     | nure.image_sources:collect_amazon_images:178 - Amazon 'Daawat EVERYDAY BASMATI RICE': 3 URLs
2026-06-05 16:20:42.902 | INFO     | __main__:process_urls_for_product:190 - Verified Source Attribution | Product: f1d048227797 | File: f1d048227797_000.jpg | Source: amazon | URL: https://m.media-amazon.com/images/I/31Ip4aURUpL.png
2026-06-05 16:20:44.487 | INFO     | __main__:process_urls_for_product:190 - Verified Source Attribution | Product: f1d048227797 | File: f1d048227797_001.jpg | Source: amazon | URL: https://m.media-amazon.com/images/I/81vNCH4Lr8L.jpg
2026-06-05 16:20:45.721 | INFO     | __main__:process_urls_for_product:190 - Verified Source Attribution | Product: f1d048227797 | File: f1d048227797_002.jpg | Source: amazon | URL: https://m.media-amazon.com/images/I/81a4jn0f9gL.jpg
2026-06-05 16:20:45.873 | INFO     | __main__:download_product_images:223 - Product f1d048227797 has 3 images (min 10). Using Playwright fallback.
2026-06-05 16:20:49.436 | INFO     | nure.playwright_sources:collect_playwright_images:99 - Playwright blinkit 'Daawat EVERYDAY BASMATI RICE': 15 URLs
2026-06-05 16:20:52.856 | DEBUG    | nure.playwright_sources:collect_playwright_images:95 - Playwright timeout for bigbasket on Daawat EVERYDAY BASMATI RICE
2026-06-05 16:20:52.858 | INFO     | nure.playwright_sources:collect_playwright_images:99 - Playwright bigbasket 'Daawat EVERYDAY BASMATI RICE': 0 URLs
2026-06-05 16:20:55.467 | INFO     | nure.playwright_sources:collect_playwright_images:99 - Playwright jiomart 'Daawat EVERYDAY BASMATI RICE': 1 URLs
2026-06-05 16:20:57.949 | INFO     | nure.playwright_sources:collect_playwright_images:99 - Playwright flipkart 'Daawat EVERYDAY BASMATI RICE': 0 URLs
2026-06-05 16:20:58.092 | INFO     | __main__:process_urls_for_product:190 - Verified Source Attribution | Product: f1d048227797 | File: f1d048227797_003.jpg | Source: blinkit | URL: https://cdn.grofers.com/cdn-cgi/image/f=auto,fit=scale-down,q=70,metadata=none,w=270/da/cms-assets/cms/product/rc-upload-1776915617603-116.png
2026-06-05 16:20:58.384 | INFO     | __main__:process_urls_for_product:190 - Verified Source Attribution | Product: f1d048227797 | File: f1d048227797_004.jpg | Source: blinkit | URL: https://cdn.grofers.com/cdn-cgi/image/f=auto,fit=scale-down,q=70,metadata=none,w=270/da/cms-assets/cms/product/4081afef-a115-481c-9d00-f0dbd5495e38.png
2026-06-05 16:20:58.619 | INFO     | __main__:process_urls_for_product:190 - Verified Source Attribution | Product: f1d048227797 | File: f1d048227797_005.jpg | Source: blinkit | URL: https://cdn.grofers.com/cdn-cgi/image/f=auto,fit=scale-down,q=70,metadata=none,w=270/da/cms-assets/cms/product/rc-upload-1776915617603-104.png
2026-06-05 16:20:58.868 | INFO     | __main__:process_urls_for_product:190 - Verified Source Attribution | Product: f1d048227797 | File: f1d048227797_006.jpg | Source: blinkit | URL: https://cdn.grofers.com/cdn-cgi/image/f=auto,fit=scale-down,q=70,metadata=none,w=270/da/cms-assets/cms/product/381e1978-2bbf-4aa4-9251-9111fad05e9b.png
2026-06-05 16:20:59.219 | INFO     | __main__:process_urls_for_product:190 - Verified Source Attribution | Product: f1d048227797 | File: f1d048227797_007.jpg | Source: blinkit | URL: https://cdn.grofers.com/cdn-cgi/image/f=auto,fit=scale-down,q=70,metadata=none,w=270/da/cms-assets/cms/product/fb355f0f-7154-489a-abfc-94296f027106.png
2026-06-05 16:20:59.478 | INFO     | __main__:process_urls_for_product:190 - Verified Source Attribution | Product: f1d048227797 | File: f1d048227797_008.jpg | Source: blinkit | URL: https://cdn.grofers.com/cdn-cgi/image/f=auto,fit=scale-down,q=70,metadata=none,w=270/da/cms-assets/cms/product/6acc5213-bb40-4404-9c70-2fb0737d2c70.png?bg_token=Colour%2Fsurface%2F00FFFFFF
2026-06-05 16:20:59.838 | INFO     | __main__:process_urls_for_product:190 - Verified Source Attribution | Product: f1d048227797 | File: f1d048227797_009.jpg | Source: blinkit | URL: https://cdn.grofers.com/cdn-cgi/image/f=auto,fit=scale-down,q=70,metadata=none,w=270/da/cms-assets/cms/product/bf9be3ab-70be-43b4-abf1-844fcdf24738.png
2026-06-05 16:21:00.185 | INFO     | __main__:process_urls_for_product:190 - Verified Source Attribution | Product: f1d048227797 | File: f1d048227797_010.jpg | Source: blinkit | URL: https://cdn.grofers.com/cdn-cgi/image/f=auto,fit=scale-down,q=70,metadata=none,w=270/da/cms-assets/cms/product/de1fec9e-2ba7-4cc2-9845-4bea6baa4a5f.png
2026-06-05 16:21:00.649 | INFO     | __main__:process_urls_for_product:190 - Verified Source Attribution | Product: f1d048227797 | File: f1d048227797_011.jpg | Source: blinkit | URL: https://cdn.grofers.com/cdn-cgi/image/f=auto,fit=scale-down,q=70,metadata=none,w=270/da/cms-assets/cms/product/7a372431-cdbf-4d89-9399-20e9cc8a16e6.png
2026-06-05 16:21:01.792 | DEBUG    | nure.image_sources:_get:44 - HTTP 500: https://world.openfoodfacts.org/api/v2/product/8901047065057.json
2026-06-05 16:21:04.119 | INFO     | nure.image_sources:collect_amazon_images:178 - Amazon 'Kohinoor Everyday Basmati Rice 5 kg': 3 URLs
2026-06-05 16:21:42.954 | INFO     | __main__:process_urls_for_product:190 - Verified Source Attribution | Product: 1f0f32079b37 | File: 1f0f32079b37_000.jpg | Source: amazon | URL: https://m.media-amazon.com/images/I/31Ip4aURUpL.png
2026-06-05 16:21:44.500 | INFO     | __main__:process_urls_for_product:190 - Verified Source Attribution | Product: 1f0f32079b37 | File: 1f0f32079b37_001.jpg | Source: amazon | URL: https://m.media-amazon.com/images/I/81vNCH4Lr8L.jpg
2026-06-05 16:21:45.747 | INFO     | __main__:process_urls_for_product:190 - Verified Source Attribution | Product: 1f0f32079b37 | File: 1f0f32079b37_002.jpg | Source: amazon | URL: https://m.media-amazon.com/images/I/81a4jn0f9gL.jpg
2026-06-05 16:21:45.906 | INFO     | __main__:download_product_images:223 - Product 1f0f32079b37 has 3 images (min 10). Using Playwright fallback.
2026-06-05 16:21:49.363 | INFO     | nure.playwright_sources:collect_playwright_images:99 - Playwright blinkit 'Kohinoor Everyday Basmati Rice': 15 URLs
2026-06-05 16:21:52.836 | DEBUG    | nure.playwright_sources:collect_playwright_images:95 - Playwright timeout for bigbasket on Kohinoor Everyday Basmati Rice
2026-06-05 16:21:52.837 | INFO     | nure.playwright_sources:collect_playwright_images:99 - Playwright bigbasket 'Kohinoor Everyday Basmati Rice': 0 URLs
2026-06-05 16:21:55.236 | INFO     | nure.playwright_sources:collect_playwright_images:99 - Playwright jiomart 'Kohinoor Everyday Basmati Rice': 1 URLs
2026-06-05 16:21:57.731 | INFO     | nure.playwright_sources:collect_playwright_images:99 - Playwright flipkart 'Kohinoor Everyday Basmati Rice': 0 URLs
2026-06-05 16:21:57.876 | INFO     | __main__:process_urls_for_product:190 - Verified Source Attribution | Product: 1f0f32079b37 | File: 1f0f32079b37_003.jpg | Source: blinkit | URL: https://cdn.grofers.com/cdn-cgi/image/f=auto,fit=scale-down,q=70,metadata=none,w=270/da/cms-assets/cms/product/31066437-6daa-4b47-9347-a16afd2b2710.png
2026-06-05 16:21:58.182 | INFO     | __main__:process_urls_for_product:190 - Verified Source Attribution | Product: 1f0f32079b37 | File: 1f0f32079b37_004.jpg | Source: blinkit | URL: https://cdn.grofers.com/cdn-cgi/image/f=auto,fit=scale-down,q=70,metadata=none,w=270/da/cms-assets/cms/product/5b663103-53bd-4eb0-bad3-bb157c7a65a5.png
2026-06-05 16:21:58.432 | INFO     | __main__:process_urls_for_product:190 - Verified Source Attribution | Product: 1f0f32079b37 | File: 1f0f32079b37_005.jpg | Source: blinkit | URL: https://cdn.grofers.com/cdn-cgi/image/f=auto,fit=scale-down,q=70,metadata=none,w=270/da/cms-assets/cms/product/448256ea-af26-4540-b48d-88b0fae87a15.png
2026-06-05 16:21:58.681 | INFO     | __main__:process_urls_for_product:190 - Verified Source Attribution | Product: 1f0f32079b37 | File: 1f0f32079b37_006.jpg | Source: blinkit | URL: https://cdn.grofers.com/cdn-cgi/image/f=auto,fit=scale-down,q=70,metadata=none,w=270/da/cms-assets/cms/product/8c9da91d-5210-4985-9ba5-bc7c7ac94f9a.png
2026-06-05 16:21:58.968 | INFO     | __main__:process_urls_for_product:190 - Verified Source Attribution | Product: 1f0f32079b37 | File: 1f0f32079b37_007.jpg | Source: blinkit | URL: https://cdn.grofers.com/cdn-cgi/image/f=auto,fit=scale-down,q=70,metadata=none,w=270/da/cms-assets/cms/product/8d6bcf70-fd4e-4288-80b5-70fd45b05e40.png
2026-06-05 16:21:59.227 | INFO     | __main__:process_urls_for_product:190 - Verified Source Attribution | Product: 1f0f32079b37 | File: 1f0f32079b37_008.jpg | Source: blinkit | URL: https://cdn.grofers.com/cdn-cgi/image/f=auto,fit=scale-down,q=70,metadata=none,w=270/da/cms-assets/cms/product/rc-upload-1776915617603-104.png
2026-06-05 16:21:59.479 | INFO     | __main__:process_urls_for_product:190 - Verified Source Attribution | Product: 1f0f32079b37 | File: 1f0f32079b37_009.jpg | Source: blinkit | URL: https://cdn.grofers.com/cdn-cgi/image/f=auto,fit=scale-down,q=70,metadata=none,w=270/da/cms-assets/cms/product/ce969d8f-296f-4f14-9933-8affca4aaabd.png
2026-06-05 16:21:59.728 | INFO     | __main__:process_urls_for_product:190 - Verified Source Attribution | Product: 1f0f32079b37 | File: 1f0f32079b37_010.jpg | Source: blinkit | URL: https://cdn.grofers.com/cdn-cgi/image/f=auto,fit=scale-down,q=70,metadata=none,w=270/da/cms-assets/cms/product/rc-upload-1776915617603-116.png
2026-06-05 16:21:59.984 | INFO     | __main__:process_urls_for_product:190 - Verified Source Attribution | Product: 1f0f32079b37 | File: 1f0f32079b37_011.jpg | Source: blinkit | URL: https://cdn.grofers.com/cdn-cgi/image/f=auto,fit=scale-down,q=70,metadata=none,w=270/da/cms-assets/cms/product/4081afef-a115-481c-9d00-f0dbd5495e38.png
2026-06-05 16:22:00.244 | INFO     | __main__:process_urls_for_product:190 - Verified Source Attribution | Product: 1f0f32079b37 | File: 1f0f32079b37_012.jpg | Source: blinkit | URL: https://cdn.grofers.com/cdn-cgi/image/f=auto,fit=scale-down,q=70,metadata=none,w=270/da/cms-assets/cms/product/fb355f0f-7154-489a-abfc-94296f027106.png
2026-06-05 16:22:00.496 | INFO     | __main__:process_urls_for_product:190 - Verified Source Attribution | Product: 1f0f32079b37 | File: 1f0f32079b37_013.jpg | Source: blinkit | URL: https://cdn.grofers.com/cdn-cgi/image/f=auto,fit=scale-down,q=70,metadata=none,w=270/da/cms-assets/cms/product/b752d898-cac5-40cd-80bf-179aa03cbb05.png
2026-06-05 16:22:00.758 | INFO     | __main__:process_urls_for_product:190 - Verified Source Attribution | Product: 1f0f32079b37 | File: 1f0f32079b37_014.jpg | Source: blinkit | URL: https://cdn.grofers.com/cdn-cgi/image/f=auto,fit=scale-down,q=70,metadata=none,w=270/da/cms-assets/cms/product/33c55994-3d59-4be2-831c-07f6f778af35.png
2026-06-05 16:22:01.011 | INFO     | __main__:process_urls_for_product:190 - Verified Source Attribution | Product: 1f0f32079b37 | File: 1f0f32079b37_015.jpg | Source: blinkit | URL: https://cdn.grofers.com/cdn-cgi/image/f=auto,fit=scale-down,q=70,metadata=none,w=270/da/cms-assets/cms/product/bf9be3ab-70be-43b4-abf1-844fcdf24738.png
2026-06-05 16:22:01.268 | INFO     | __main__:process_urls_for_product:190 - Verified Source Attribution | Product: 1f0f32079b37 | File: 1f0f32079b37_016.jpg | Source: blinkit | URL: https://cdn.grofers.com/cdn-cgi/image/f=auto,fit=scale-down,q=70,metadata=none,w=270/da/cms-assets/cms/product/8e4c3bb8-37e3-4255-8cc6-58281062e43b.png
2026-06-05 16:22:02.080 | DEBUG    | nure.image_sources:_get:46 - GET failed: ('Connection aborted.', RemoteDisconnected('Remote end closed connection without response'))
2026-06-05 16:22:02.649 | DEBUG    | nure.image_sources:_get:46 - GET failed: ('Connection aborted.', ConnectionResetError(10054, 'An existing connection was forcibly closed by the remote host', None, 10054, None))
2026-06-05 16:22:04.496 | INFO     | nure.image_sources:collect_bing_images:149 - Bing 'Kohinoor Basmati': 0 URLs
2026-06-05 16:22:41.530 | INFO     | __main__:download_product_images:223 - Product 7452d29d555f has 0 images (min 10). Using Playwright fallback.
2026-06-05 16:22:45.081 | INFO     | nure.playwright_sources:collect_playwright_images:99 - Playwright blinkit 'Kohinoor Basmati': 15 URLs
2026-06-05 16:22:48.445 | DEBUG    | nure.playwright_sources:collect_playwright_images:95 - Playwright timeout for bigbasket on Kohinoor Basmati
2026-06-05 16:22:48.447 | INFO     | nure.playwright_sources:collect_playwright_images:99 - Playwright bigbasket 'Kohinoor Basmati': 0 URLs
2026-06-05 16:22:50.837 | INFO     | nure.playwright_sources:collect_playwright_images:99 - Playwright jiomart 'Kohinoor Basmati': 1 URLs
2026-06-05 16:22:53.417 | INFO     | nure.playwright_sources:collect_playwright_images:99 - Playwright flipkart 'Kohinoor Basmati 2 kg': 0 URLs
2026-06-05 16:22:53.759 | INFO     | __main__:process_urls_for_product:190 - Verified Source Attribution | Product: 7452d29d555f | File: 7452d29d555f_000.jpg | Source: blinkit | URL: https://cdn.grofers.com/cdn-cgi/image/f=auto,fit=scale-down,q=70,metadata=none,w=270/da/cms-assets/cms/product/5b663103-53bd-4eb0-bad3-bb157c7a65a5.png
2026-06-05 16:22:54.073 | INFO     | __main__:process_urls_for_product:190 - Verified Source Attribution | Product: 7452d29d555f | File: 7452d29d555f_001.jpg | Source: blinkit | URL: https://cdn.grofers.com/cdn-cgi/image/f=auto,fit=scale-down,q=70,metadata=none,w=270/da/cms-assets/cms/product/31066437-6daa-4b47-9347-a16afd2b2710.png
2026-06-05 16:22:54.322 | INFO     | __main__:process_urls_for_product:190 - Verified Source Attribution | Product: 7452d29d555f | File: 7452d29d555f_002.jpg | Source: blinkit | URL: https://cdn.grofers.com/cdn-cgi/image/f=auto,fit=scale-down,q=70,metadata=none,w=270/da/cms-assets/cms/product/8c9da91d-5210-4985-9ba5-bc7c7ac94f9a.png
2026-06-05 16:22:54.575 | INFO     | __main__:process_urls_for_product:190 - Verified Source Attribution | Product: 7452d29d555f | File: 7452d29d555f_003.jpg | Source: blinkit | URL: https://cdn.grofers.com/cdn-cgi/image/f=auto,fit=scale-down,q=70,metadata=none,w=270/da/cms-assets/cms/product/ce969d8f-296f-4f14-9933-8affca4aaabd.png
2026-06-05 16:22:54.827 | INFO     | __main__:process_urls_for_product:190 - Verified Source Attribution | Product: 7452d29d555f | File: 7452d29d555f_004.jpg | Source: blinkit | URL: https://cdn.grofers.com/cdn-cgi/image/f=auto,fit=scale-down,q=70,metadata=none,w=270/da/cms-assets/cms/product/8d6bcf70-fd4e-4288-80b5-70fd45b05e40.png
2026-06-05 16:22:55.072 | INFO     | __main__:process_urls_for_product:190 - Verified Source Attribution | Product: 7452d29d555f | File: 7452d29d555f_005.jpg | Source: blinkit | URL: https://cdn.grofers.com/cdn-cgi/image/f=auto,fit=scale-down,q=70,metadata=none,w=270/da/cms-assets/cms/product/b752d898-cac5-40cd-80bf-179aa03cbb05.png
2026-06-05 16:22:55.337 | INFO     | __main__:process_urls_for_product:190 - Verified Source Attribution | Product: 7452d29d555f | File: 7452d29d555f_006.jpg | Source: blinkit | URL: https://cdn.grofers.com/cdn-cgi/image/f=auto,fit=scale-down,q=70,metadata=none,w=270/da/cms-assets/cms/product/381e1978-2bbf-4aa4-9251-9111fad05e9b.png
2026-06-05 16:22:55.700 | INFO     | __main__:process_urls_for_product:190 - Verified Source Attribution | Product: 7452d29d555f | File: 7452d29d555f_007.jpg | Source: blinkit | URL: https://cdn.grofers.com/cdn-cgi/image/f=auto,fit=scale-down,q=70,metadata=none,w=270/da/cms-assets/cms/product/a36272bb-1bfd-49c7-94e2-cc784b9a11c2.png
2026-06-05 16:22:55.961 | INFO     | __main__:process_urls_for_product:190 - Verified Source Attribution | Product: 7452d29d555f | File: 7452d29d555f_008.jpg | Source: blinkit | URL: https://cdn.grofers.com/cdn-cgi/image/f=auto,fit=scale-down,q=70,metadata=none,w=270/da/cms-assets/cms/product/6acc5213-bb40-4404-9c70-2fb0737d2c70.png?bg_token=Colour%2Fsurface%2F00FFFFFF
2026-06-05 16:22:56.210 | INFO     | __main__:process_urls_for_product:190 - Verified Source Attribution | Product: 7452d29d555f | File: 7452d29d555f_009.jpg | Source: blinkit | URL: https://cdn.grofers.com/cdn-cgi/image/f=auto,fit=scale-down,q=70,metadata=none,w=270/da/cms-assets/cms/product/rc-upload-1776915617603-27.png
2026-06-05 16:22:56.994 | DEBUG    | nure.image_sources:_get:46 - GET failed: ('Connection aborted.', RemoteDisconnected('Remote end closed connection without response'))
2026-06-05 16:22:58.917 | INFO     | nure.image_sources:collect_amazon_images:178 - Amazon 'Kohinoor Kohinoor's Exclusive, Brown Bas': 2 URLs
2026-06-05 16:23:00.962 | INFO     | nure.image_sources:collect_bing_images:149 - Bing 'Kohinoor Kohinoor's Exclusive, Brown Bas': 0 URLs
2026-06-05 16:23:38.390 | INFO     | __main__:process_urls_for_product:190 - Verified Source Attribution | Product: 630e4ceb45c3 | File: 630e4ceb45c3_000.jpg | Source: amazon | URL: https://m.media-amazon.com/images/I/31Ip4aURUpL.png
2026-06-05 16:23:39.444 | INFO     | __main__:process_urls_for_product:190 - Verified Source Attribution | Product: 630e4ceb45c3 | File: 630e4ceb45c3_001.jpg | Source: amazon | URL: https://m.media-amazon.com/images/I/813rEkxOpFL.jpg
2026-06-05 16:23:39.601 | INFO     | __main__:download_product_images:223 - Product 630e4ceb45c3 has 2 images (min 10). Using Playwright fallback.
2026-06-05 16:23:43.187 | INFO     | nure.playwright_sources:collect_playwright_images:99 - Playwright blinkit 'Kohinoor Kohinoor's Exclusive,': 15 URLs
2026-06-05 16:23:46.547 | DEBUG    | nure.playwright_sources:collect_playwright_images:95 - Playwright timeout for bigbasket on Kohinoor Kohinoor's Exclusive,
2026-06-05 16:23:46.548 | INFO     | nure.playwright_sources:collect_playwright_images:99 - Playwright bigbasket 'Kohinoor Kohinoor's Exclusive,': 0 URLs
2026-06-05 16:23:49.106 | INFO     | nure.playwright_sources:collect_playwright_images:99 - Playwright jiomart 'Kohinoor Kohinoor's Exclusive,': 1 URLs
2026-06-05 16:23:51.423 | INFO     | nure.playwright_sources:collect_playwright_images:99 - Playwright flipkart 'Kohinoor Kohinoor's Exclusive,': 0 URLs
2026-06-05 16:23:51.557 | INFO     | __main__:process_urls_for_product:190 - Verified Source Attribution | Product: 630e4ceb45c3 | File: 630e4ceb45c3_002.jpg | Source: blinkit | URL: https://cdn.grofers.com/cdn-cgi/image/f=auto,fit=scale-down,q=70,metadata=none,w=270/da/cms-assets/cms/product/ce969d8f-296f-4f14-9933-8affca4aaabd.png
2026-06-05 16:23:51.863 | INFO     | __main__:process_urls_for_product:190 - Verified Source Attribution | Product: 630e4ceb45c3 | File: 630e4ceb45c3_003.jpg | Source: blinkit | URL: https://cdn.grofers.com/cdn-cgi/image/f=auto,fit=scale-down,q=70,metadata=none,w=270/da/cms-assets/cms/product/87004ea2-71d5-46ff-b212-f4ae65a5c934.png
2026-06-05 16:23:52.088 | INFO     | __main__:process_urls_for_product:190 - Verified Source Attribution | Product: 630e4ceb45c3 | File: 630e4ceb45c3_004.jpg | Source: blinkit | URL: https://cdn.grofers.com/cdn-cgi/image/f=auto,fit=scale-down,q=70,metadata=none,w=270/da/cms-assets/cms/product/a56f8c6f-39d8-44b9-9382-4e8a6574086a.png
2026-06-05 16:23:52.329 | INFO     | __main__:process_urls_for_product:190 - Verified Source Attribution | Product: 630e4ceb45c3 | File: 630e4ceb45c3_005.jpg | Source: blinkit | URL: https://cdn.grofers.com/cdn-cgi/image/f=auto,fit=scale-down,q=70,metadata=none,w=270/da/cms-assets/cms/product/rc-upload-1779421790948-1591.png
2026-06-05 16:23:52.565 | INFO     | __main__:process_urls_for_product:190 - Verified Source Attribution | Product: 630e4ceb45c3 | File: 630e4ceb45c3_006.jpg | Source: blinkit | URL: https://cdn.grofers.com/cdn-cgi/image/f=auto,fit=scale-down,q=70,metadata=none,w=270/da/cms-assets/cms/product/5b663103-53bd-4eb0-bad3-bb157c7a65a5.png
2026-06-05 16:23:52.804 | INFO     | __main__:process_urls_for_product:190 - Verified Source Attribution | Product: 630e4ceb45c3 | File: 630e4ceb45c3_007.jpg | Source: blinkit | URL: https://cdn.grofers.com/cdn-cgi/image/f=auto,fit=scale-down,q=70,metadata=none,w=270/da/cms-assets/cms/product/rc-upload-1779094500636-733.png
2026-06-05 16:23:53.040 | INFO     | __main__:process_urls_for_product:190 - Verified Source Attribution | Product: 630e4ceb45c3 | File: 630e4ceb45c3_008.jpg | Source: blinkit | URL: https://cdn.grofers.com/cdn-cgi/image/f=auto,fit=scale-down,q=70,metadata=none,w=270/da/cms-assets/cms/product/8c9da91d-5210-4985-9ba5-bc7c7ac94f9a.png
2026-06-05 16:23:53.269 | INFO     | __main__:process_urls_for_product:190 - Verified Source Attribution | Product: 630e4ceb45c3 | File: 630e4ceb45c3_009.jpg | Source: blinkit | URL: https://cdn.grofers.com/cdn-cgi/image/f=auto,fit=scale-down,q=70,metadata=none,w=270/da/cms-assets/cms/product/6334167b-8976-400f-9e5c-af38277951a7.png
2026-06-05 16:23:53.501 | INFO     | __main__:process_urls_for_product:190 - Verified Source Attribution | Product: 630e4ceb45c3 | File: 630e4ceb45c3_010.jpg | Source: blinkit | URL: https://cdn.grofers.com/cdn-cgi/image/f=auto,fit=scale-down,q=70,metadata=none,w=270/da/cms-assets/cms/product/f146011e-4c38-407c-9b60-c01e3c0e9bf9.png
2026-06-05 16:23:53.752 | INFO     | __main__:process_urls_for_product:190 - Verified Source Attribution | Product: 630e4ceb45c3 | File: 630e4ceb45c3_011.jpg | Source: blinkit | URL: https://cdn.grofers.com/cdn-cgi/image/f=auto,fit=scale-down,q=70,metadata=none,w=270/da/cms-assets/cms/product/8d6bcf70-fd4e-4288-80b5-70fd45b05e40.png
2026-06-05 16:23:53.992 | INFO     | __main__:process_urls_for_product:190 - Verified Source Attribution | Product: 630e4ceb45c3 | File: 630e4ceb45c3_012.jpg | Source: blinkit | URL: https://cdn.grofers.com/cdn-cgi/image/f=auto,fit=scale-down,q=70,metadata=none,w=270/da/cms-assets/cms/product/31066437-6daa-4b47-9347-a16afd2b2710.png
2026-06-05 16:23:54.236 | INFO     | __main__:process_urls_for_product:190 - Verified Source Attribution | Product: 630e4ceb45c3 | File: 630e4ceb45c3_013.jpg | Source: blinkit | URL: https://cdn.grofers.com/cdn-cgi/image/f=auto,fit=scale-down,q=70,metadata=none,w=270/da/cms-assets/cms/product/rc-upload-1779421790948-1613.png
2026-06-05 16:23:54.471 | INFO     | __main__:process_urls_for_product:190 - Verified Source Attribution | Product: 630e4ceb45c3 | File: 630e4ceb45c3_014.jpg | Source: blinkit | URL: https://cdn.grofers.com/cdn-cgi/image/f=auto,fit=scale-down,q=70,metadata=none,w=270/da/cms-assets/cms/product/c96dc4a7-d828-4478-b4f6-f17821089630.png
2026-06-05 16:23:54.709 | INFO     | __main__:process_urls_for_product:190 - Verified Source Attribution | Product: 630e4ceb45c3 | File: 630e4ceb45c3_015.jpg | Source: blinkit | URL: https://cdn.grofers.com/cdn-cgi/image/f=auto,fit=scale-down,q=70,metadata=none,w=270/da/cms-assets/cms/product/d4a51748-9641-4e56-8f34-9e0a3e26e1f0.png
2026-06-05 16:23:55.852 | DEBUG    | nure.image_sources:_get:46 - GET failed: ('Connection aborted.', RemoteDisconnected('Remote end closed connection without response'))
2026-06-05 16:23:57.885 | INFO     | nure.image_sources:collect_amazon_images:178 - Amazon 'Kohinoor Finest Indian Basmati Rice': 2 URLs
2026-06-05 16:23:59.671 | INFO     | nure.image_sources:collect_bing_images:149 - Bing 'Kohinoor Finest Indian Basmati Rice': 0 URLs
2026-06-05 16:24:36.433 | INFO     | __main__:process_urls_for_product:190 - Verified Source Attribution | Product: 43e273d512cb | File: 43e273d512cb_000.jpg | Source: amazon | URL: https://m.media-amazon.com/images/I/31Ip4aURUpL.png
2026-06-05 16:24:37.466 | INFO     | __main__:process_urls_for_product:190 - Verified Source Attribution | Product: 43e273d512cb | File: 43e273d512cb_001.jpg | Source: amazon | URL: https://m.media-amazon.com/images/I/813rEkxOpFL.jpg
2026-06-05 16:24:37.628 | INFO     | __main__:download_product_images:223 - Product 43e273d512cb has 2 images (min 10). Using Playwright fallback.
2026-06-05 16:24:40.845 | INFO     | nure.playwright_sources:collect_playwright_images:99 - Playwright blinkit 'Kohinoor Finest Indian Basmati': 15 URLs
2026-06-05 16:24:44.208 | DEBUG    | nure.playwright_sources:collect_playwright_images:95 - Playwright timeout for bigbasket on Kohinoor Finest Indian Basmati
2026-06-05 16:24:44.208 | INFO     | nure.playwright_sources:collect_playwright_images:99 - Playwright bigbasket 'Kohinoor Finest Indian Basmati': 0 URLs
2026-06-05 16:24:46.806 | INFO     | nure.playwright_sources:collect_playwright_images:99 - Playwright jiomart 'Kohinoor Finest Indian Basmati': 1 URLs
2026-06-05 16:24:49.345 | INFO     | nure.playwright_sources:collect_playwright_images:99 - Playwright flipkart 'Kohinoor Finest Indian Basmati': 0 URLs
2026-06-05 16:24:49.490 | INFO     | __main__:process_urls_for_product:190 - Verified Source Attribution | Product: 43e273d512cb | File: 43e273d512cb_002.jpg | Source: blinkit | URL: https://cdn.grofers.com/cdn-cgi/image/f=auto,fit=scale-down,q=70,metadata=none,w=270/da/cms-assets/cms/product/5b663103-53bd-4eb0-bad3-bb157c7a65a5.png
2026-06-05 16:24:49.800 | INFO     | __main__:process_urls_for_product:190 - Verified Source Attribution | Product: 43e273d512cb | File: 43e273d512cb_003.jpg | Source: blinkit | URL: https://cdn.grofers.com/cdn-cgi/image/f=auto,fit=scale-down,q=70,metadata=none,w=270/da/cms-assets/cms/product/8d6bcf70-fd4e-4288-80b5-70fd45b05e40.png
2026-06-05 16:24:50.046 | INFO     | __main__:process_urls_for_product:190 - Verified Source Attribution | Product: 43e273d512cb | File: 43e273d512cb_004.jpg | Source: blinkit | URL: https://cdn.grofers.com/cdn-cgi/image/f=auto,fit=scale-down,q=70,metadata=none,w=270/da/cms-assets/cms/product/31066437-6daa-4b47-9347-a16afd2b2710.png
2026-06-05 16:24:50.298 | INFO     | __main__:process_urls_for_product:190 - Verified Source Attribution | Product: 43e273d512cb | File: 43e273d512cb_005.jpg | Source: blinkit | URL: https://cdn.grofers.com/cdn-cgi/image/f=auto,fit=scale-down,q=70,metadata=none,w=270/da/cms-assets/cms/product/8c9da91d-5210-4985-9ba5-bc7c7ac94f9a.png
2026-06-05 16:24:50.544 | INFO     | __main__:process_urls_for_product:190 - Verified Source Attribution | Product: 43e273d512cb | File: 43e273d512cb_006.jpg | Source: blinkit | URL: https://cdn.grofers.com/cdn-cgi/image/f=auto,fit=scale-down,q=70,metadata=none,w=270/da/cms-assets/cms/product/ce969d8f-296f-4f14-9933-8affca4aaabd.png
2026-06-05 16:24:50.794 | INFO     | __main__:process_urls_for_product:190 - Verified Source Attribution | Product: 43e273d512cb | File: 43e273d512cb_007.jpg | Source: blinkit | URL: https://cdn.grofers.com/cdn-cgi/image/f=auto,fit=scale-down,q=70,metadata=none,w=270/da/cms-assets/cms/product/b752d898-cac5-40cd-80bf-179aa03cbb05.png
2026-06-05 16:24:51.045 | INFO     | __main__:process_urls_for_product:190 - Verified Source Attribution | Product: 43e273d512cb | File: 43e273d512cb_008.jpg | Source: blinkit | URL: https://cdn.grofers.com/cdn-cgi/image/f=auto,fit=scale-down,q=70,metadata=none,w=270/da/cms-assets/cms/product/448256ea-af26-4540-b48d-88b0fae87a15.png
2026-06-05 16:24:51.303 | INFO     | __main__:process_urls_for_product:190 - Verified Source Attribution | Product: 43e273d512cb | File: 43e273d512cb_009.jpg | Source: blinkit | URL: https://cdn.grofers.com/cdn-cgi/image/f=auto,fit=scale-down,q=70,metadata=none,w=270/da/cms-assets/cms/product/dd224231-d2d9-4764-8c63-28932e24fb65.png
2026-06-05 16:24:51.540 | INFO     | __main__:process_urls_for_product:190 - Verified Source Attribution | Product: 43e273d512cb | File: 43e273d512cb_010.jpg | Source: blinkit | URL: https://cdn.grofers.com/cdn-cgi/image/f=auto,fit=scale-down,q=70,metadata=none,w=270/da/cms-assets/cms/product/b7d0dbcd-cc83-4f04-8738-02612f3dc32c.png
2026-06-05 16:24:51.802 | INFO     | __main__:process_urls_for_product:190 - Verified Source Attribution | Product: 43e273d512cb | File: 43e273d512cb_011.jpg | Source: blinkit | URL: https://cdn.grofers.com/cdn-cgi/image/f=auto,fit=scale-down,q=70,metadata=none,w=270/da/cms-assets/cms/product/rc-upload-1776915617603-27.png
2026-06-05 16:24:52.058 | INFO     | __main__:process_urls_for_product:190 - Verified Source Attribution | Product: 43e273d512cb | File: 43e273d512cb_012.jpg | Source: blinkit | URL: https://cdn.grofers.com/cdn-cgi/image/f=auto,fit=scale-down,q=70,metadata=none,w=270/da/cms-assets/cms/product/4081afef-a115-481c-9d00-f0dbd5495e38.png
2026-06-05 16:24:52.306 | INFO     | __main__:process_urls_for_product:190 - Verified Source Attribution | Product: 43e273d512cb | File: 43e273d512cb_013.jpg | Source: blinkit | URL: https://cdn.grofers.com/cdn-cgi/image/f=auto,fit=scale-down,q=70,metadata=none,w=270/da/cms-assets/cms/product/rc-upload-1776915617603-116.png
2026-06-05 16:24:52.549 | INFO     | __main__:process_urls_for_product:190 - Verified Source Attribution | Product: 43e273d512cb | File: 43e273d512cb_014.jpg | Source: blinkit | URL: https://cdn.grofers.com/cdn-cgi/image/f=auto,fit=scale-down,q=70,metadata=none,w=270/da/cms-assets/cms/product/8e4c3bb8-37e3-4255-8cc6-58281062e43b.png
2026-06-05 16:24:52.797 | INFO     | __main__:process_urls_for_product:190 - Verified Source Attribution | Product: 43e273d512cb | File: 43e273d512cb_015.jpg | Source: blinkit | URL: https://cdn.grofers.com/cdn-cgi/image/f=auto,fit=scale-down,q=70,metadata=none,w=270/da/cms-assets/cms/product/875ffd87-6efe-4b2d-9619-63f596ea7837.png
2026-06-05 16:24:53.532 | DEBUG    | nure.image_sources:_get:46 - GET failed: ('Connection aborted.', RemoteDisconnected('Remote end closed connection without response'))
2026-06-05 16:24:55.302 | INFO     | nure.image_sources:collect_amazon_images:178 - Amazon 'Kohinoor Basmati rice 10 lbs': 3 URLs
2026-06-05 16:25:33.245 | INFO     | __main__:process_urls_for_product:190 - Verified Source Attribution | Product: 1f3de2158ded | File: 1f3de2158ded_000.jpg | Source: amazon | URL: https://m.media-amazon.com/images/I/31Ip4aURUpL.png
2026-06-05 16:25:34.271 | INFO     | __main__:process_urls_for_product:190 - Verified Source Attribution | Product: 1f3de2158ded | File: 1f3de2158ded_001.jpg | Source: amazon | URL: https://m.media-amazon.com/images/I/713phGwVB-L.jpg
2026-06-05 16:25:35.476 | INFO     | __main__:process_urls_for_product:190 - Verified Source Attribution | Product: 1f3de2158ded | File: 1f3de2158ded_002.jpg | Source: amazon | URL: https://m.media-amazon.com/images/I/81a4jn0f9gL.jpg
2026-06-05 16:25:35.628 | INFO     | __main__:download_product_images:223 - Product 1f3de2158ded has 3 images (min 10). Using Playwright fallback.
2026-06-05 16:25:39.130 | INFO     | nure.playwright_sources:collect_playwright_images:99 - Playwright blinkit 'Kohinoor Basmati rice': 15 URLs
2026-06-05 16:25:42.524 | DEBUG    | nure.playwright_sources:collect_playwright_images:95 - Playwright timeout for bigbasket on Kohinoor Basmati rice
2026-06-05 16:25:42.524 | INFO     | nure.playwright_sources:collect_playwright_images:99 - Playwright bigbasket 'Kohinoor Basmati rice': 0 URLs
2026-06-05 16:25:45.293 | INFO     | nure.playwright_sources:collect_playwright_images:99 - Playwright jiomart 'Kohinoor Basmati rice': 1 URLs
2026-06-05 16:25:47.915 | INFO     | nure.playwright_sources:collect_playwright_images:99 - Playwright flipkart 'Kohinoor Basmati rice 10 lbs': 0 URLs
2026-06-05 16:25:48.195 | INFO     | __main__:process_urls_for_product:190 - Verified Source Attribution | Product: 1f3de2158ded | File: 1f3de2158ded_003.jpg | Source: blinkit | URL: https://cdn.grofers.com/cdn-cgi/image/f=auto,fit=scale-down,q=70,metadata=none,w=270/da/cms-assets/cms/product/5b663103-53bd-4eb0-bad3-bb157c7a65a5.png
2026-06-05 16:25:48.510 | INFO     | __main__:process_urls_for_product:190 - Verified Source Attribution | Product: 1f3de2158ded | File: 1f3de2158ded_004.jpg | Source: blinkit | URL: https://cdn.grofers.com/cdn-cgi/image/f=auto,fit=scale-down,q=70,metadata=none,w=270/da/cms-assets/cms/product/8c9da91d-5210-4985-9ba5-bc7c7ac94f9a.png
2026-06-05 16:25:48.758 | INFO     | __main__:process_urls_for_product:190 - Verified Source Attribution | Product: 1f3de2158ded | File: 1f3de2158ded_005.jpg | Source: blinkit | URL: https://cdn.grofers.com/cdn-cgi/image/f=auto,fit=scale-down,q=70,metadata=none,w=270/da/cms-assets/cms/product/8d6bcf70-fd4e-4288-80b5-70fd45b05e40.png
2026-06-05 16:25:49.008 | INFO     | __main__:process_urls_for_product:190 - Verified Source Attribution | Product: 1f3de2158ded | File: 1f3de2158ded_006.jpg | Source: blinkit | URL: https://cdn.grofers.com/cdn-cgi/image/f=auto,fit=scale-down,q=70,metadata=none,w=270/da/cms-assets/cms/product/b752d898-cac5-40cd-80bf-179aa03cbb05.png
2026-06-05 16:25:49.256 | INFO     | __main__:process_urls_for_product:190 - Verified Source Attribution | Product: 1f3de2158ded | File: 1f3de2158ded_007.jpg | Source: blinkit | URL: https://cdn.grofers.com/cdn-cgi/image/f=auto,fit=scale-down,q=70,metadata=none,w=270/da/cms-assets/cms/product/31066437-6daa-4b47-9347-a16afd2b2710.png
2026-06-05 16:25:49.501 | INFO     | __main__:process_urls_for_product:190 - Verified Source Attribution | Product: 1f3de2158ded | File: 1f3de2158ded_008.jpg | Source: blinkit | URL: https://cdn.grofers.com/cdn-cgi/image/f=auto,fit=scale-down,q=70,metadata=none,w=270/da/cms-assets/cms/product/ce969d8f-296f-4f14-9933-8affca4aaabd.png
2026-06-05 16:25:49.756 | INFO     | __main__:process_urls_for_product:190 - Verified Source Attribution | Product: 1f3de2158ded | File: 1f3de2158ded_009.jpg | Source: blinkit | URL: https://cdn.grofers.com/cdn-cgi/image/f=auto,fit=scale-down,q=70,metadata=none,w=270/da/cms-assets/cms/product/dd224231-d2d9-4764-8c63-28932e24fb65.png
2026-06-05 16:25:50.031 | INFO     | __main__:process_urls_for_product:190 - Verified Source Attribution | Product: 1f3de2158ded | File: 1f3de2158ded_010.jpg | Source: blinkit | URL: https://cdn.grofers.com/cdn-cgi/image/f=auto,fit=scale-down,q=70,metadata=none,w=270/da/cms-assets/cms/product/448256ea-af26-4540-b48d-88b0fae87a15.png
2026-06-05 16:25:50.280 | INFO     | __main__:process_urls_for_product:190 - Verified Source Attribution | Product: 1f3de2158ded | File: 1f3de2158ded_011.jpg | Source: blinkit | URL: https://cdn.grofers.com/cdn-cgi/image/f=auto,fit=scale-down,q=70,metadata=none,w=270/da/cms-assets/cms/product/381e1978-2bbf-4aa4-9251-9111fad05e9b.png
2026-06-05 16:25:50.524 | INFO     | __main__:process_urls_for_product:190 - Verified Source Attribution | Product: 1f3de2158ded | File: 1f3de2158ded_012.jpg | Source: blinkit | URL: https://cdn.grofers.com/cdn-cgi/image/f=auto,fit=scale-down,q=70,metadata=none,w=270/da/cms-assets/cms/product/rc-upload-1776915617603-27.png
2026-06-05 16:25:50.776 | INFO     | __main__:process_urls_for_product:190 - Verified Source Attribution | Product: 1f3de2158ded | File: 1f3de2158ded_013.jpg | Source: blinkit | URL: https://cdn.grofers.com/cdn-cgi/image/f=auto,fit=scale-down,q=70,metadata=none,w=270/da/cms-assets/cms/product/rc-upload-1776915617603-116.png
2026-06-05 16:25:51.029 | INFO     | __main__:process_urls_for_product:190 - Verified Source Attribution | Product: 1f3de2158ded | File: 1f3de2158ded_014.jpg | Source: blinkit | URL: https://cdn.grofers.com/cdn-cgi/image/f=auto,fit=scale-down,q=70,metadata=none,w=270/da/cms-assets/cms/product/6acc5213-bb40-4404-9c70-2fb0737d2c70.png?bg_token=Colour%2Fsurface%2F00FFFFFF
2026-06-05 16:25:51.826 | DEBUG    | nure.image_sources:_get:46 - GET failed: ('Connection aborted.', RemoteDisconnected('Remote end closed connection without response'))
2026-06-05 16:25:52.321 | DEBUG    | nure.image_sources:_get:46 - GET failed: ('Connection aborted.', ConnectionResetError(10054, 'An existing connection was forcibly closed by the remote host', None, 10054, None))
2026-06-05 16:25:54.141 | INFO     | nure.image_sources:collect_bing_images:149 - Bing 'Kohinoor Basmati Gold': 0 URLs
2026-06-05 16:26:30.708 | INFO     | __main__:download_product_images:223 - Product 70742023e245 has 0 images (min 10). Using Playwright fallback.
2026-06-05 16:26:33.857 | INFO     | nure.playwright_sources:collect_playwright_images:99 - Playwright blinkit 'Kohinoor Basmati Gold': 15 URLs
2026-06-05 16:26:37.242 | DEBUG    | nure.playwright_sources:collect_playwright_images:95 - Playwright timeout for bigbasket on Kohinoor Basmati Gold
2026-06-05 16:26:37.242 | INFO     | nure.playwright_sources:collect_playwright_images:99 - Playwright bigbasket 'Kohinoor Basmati Gold': 0 URLs
2026-06-05 16:26:40.108 | INFO     | nure.playwright_sources:collect_playwright_images:99 - Playwright jiomart 'Kohinoor Basmati Gold': 1 URLs
2026-06-05 16:26:43.070 | INFO     | nure.playwright_sources:collect_playwright_images:99 - Playwright flipkart 'Kohinoor Basmati Gold 5KG': 0 URLs
2026-06-05 16:26:43.239 | INFO     | __main__:process_urls_for_product:190 - Verified Source Attribution | Product: 70742023e245 | File: 70742023e245_000.jpg | Source: blinkit | URL: https://cdn.grofers.com/cdn-cgi/image/f=auto,fit=scale-down,q=70,metadata=none,w=270/da/cms-assets/cms/product/8d6bcf70-fd4e-4288-80b5-70fd45b05e40.png
2026-06-05 16:26:43.620 | INFO     | __main__:process_urls_for_product:190 - Verified Source Attribution | Product: 70742023e245 | File: 70742023e245_001.jpg | Source: blinkit | URL: https://cdn.grofers.com/cdn-cgi/image/f=auto,fit=scale-down,q=70,metadata=none,w=270/da/cms-assets/cms/product/5b663103-53bd-4eb0-bad3-bb157c7a65a5.png
2026-06-05 16:26:43.862 | INFO     | __main__:process_urls_for_product:190 - Verified Source Attribution | Product: 70742023e245 | File: 70742023e245_002.jpg | Source: blinkit | URL: https://cdn.grofers.com/cdn-cgi/image/f=auto,fit=scale-down,q=70,metadata=none,w=270/da/cms-assets/cms/product/8c9da91d-5210-4985-9ba5-bc7c7ac94f9a.png
2026-06-05 16:26:44.115 | INFO     | __main__:process_urls_for_product:190 - Verified Source Attribution | Product: 70742023e245 | File: 70742023e245_003.jpg | Source: blinkit | URL: https://cdn.grofers.com/cdn-cgi/image/f=auto,fit=scale-down,q=70,metadata=none,w=270/da/cms-assets/cms/product/31066437-6daa-4b47-9347-a16afd2b2710.png
2026-06-05 16:26:44.364 | INFO     | __main__:process_urls_for_product:190 - Verified Source Attribution | Product: 70742023e245 | File: 70742023e245_004.jpg | Source: blinkit | URL: https://cdn.grofers.com/cdn-cgi/image/f=auto,fit=scale-down,q=70,metadata=none,w=270/da/cms-assets/cms/product/a36272bb-1bfd-49c7-94e2-cc784b9a11c2.png
2026-06-05 16:26:44.622 | INFO     | __main__:process_urls_for_product:190 - Verified Source Attribution | Product: 70742023e245 | File: 70742023e245_005.jpg | Source: blinkit | URL: https://cdn.grofers.com/cdn-cgi/image/f=auto,fit=scale-down,q=70,metadata=none,w=270/da/cms-assets/cms/product/7d77bcc0-bfa3-4918-9bff-1e8422720777.png
2026-06-05 16:26:44.876 | INFO     | __main__:process_urls_for_product:190 - Verified Source Attribution | Product: 70742023e245 | File: 70742023e245_006.jpg | Source: blinkit | URL: https://cdn.grofers.com/cdn-cgi/image/f=auto,fit=scale-down,q=70,metadata=none,w=270/da/cms-assets/cms/product/rc-upload-1776915617603-17.png
2026-06-05 16:26:45.215 | INFO     | __main__:process_urls_for_product:190 - Verified Source Attribution | Product: 70742023e245 | File: 70742023e245_007.jpg | Source: blinkit | URL: https://cdn.grofers.com/cdn-cgi/image/f=auto,fit=scale-down,q=70,metadata=none,w=270/da/cms-assets/cms/product/ce969d8f-296f-4f14-9933-8affca4aaabd.png
2026-06-05 16:26:45.560 | INFO     | __main__:process_urls_for_product:190 - Verified Source Attribution | Product: 70742023e245 | File: 70742023e245_008.jpg | Source: blinkit | URL: https://cdn.grofers.com/cdn-cgi/image/f=auto,fit=scale-down,q=70,metadata=none,w=270/da/cms-assets/cms/product/rc-upload-1776915617603-27.png
2026-06-05 16:26:45.815 | INFO     | __main__:process_urls_for_product:190 - Verified Source Attribution | Product: 70742023e245 | File: 70742023e245_009.jpg | Source: blinkit | URL: https://cdn.grofers.com/cdn-cgi/image/f=auto,fit=scale-down,q=70,metadata=none,w=270/da/cms-assets/cms/product/13a894ce-9035-4c3c-b711-af79b5150d80.png
2026-06-05 16:26:46.067 | INFO     | __main__:process_urls_for_product:190 - Verified Source Attribution | Product: 70742023e245 | File: 70742023e245_010.jpg | Source: blinkit | URL: https://cdn.grofers.com/cdn-cgi/image/f=auto,fit=scale-down,q=70,metadata=none,w=270/da/cms-assets/cms/product/dd224231-d2d9-4764-8c63-28932e24fb65.png
2026-06-05 16:26:46.312 | INFO     | __main__:process_urls_for_product:190 - Verified Source Attribution | Product: 70742023e245 | File: 70742023e245_011.jpg | Source: blinkit | URL: https://cdn.grofers.com/cdn-cgi/image/f=auto,fit=scale-down,q=70,metadata=none,w=270/da/cms-assets/cms/product/50a4151b-3283-491a-a242-eb3c0ba40fc8.png
2026-06-05 16:26:47.134 | DEBUG    | nure.image_sources:_get:46 - GET failed: ('Connection aborted.', RemoteDisconnected('Remote end closed connection without response'))
2026-06-05 16:26:49.141 | INFO     | nure.image_sources:collect_amazon_images:178 - Amazon 'Kohinoor Extra Long Basmati Rice': 2 URLs
2026-06-05 16:26:50.798 | INFO     | nure.image_sources:collect_bing_images:149 - Bing 'Kohinoor Extra Long Basmati Rice': 0 URLs
2026-06-05 16:27:27.604 | INFO     | __main__:process_urls_for_product:190 - Verified Source Attribution | Product: 257bea3808ee | File: 257bea3808ee_000.jpg | Source: amazon | URL: https://m.media-amazon.com/images/I/31Ip4aURUpL.png
2026-06-05 16:27:28.637 | INFO     | __main__:process_urls_for_product:190 - Verified Source Attribution | Product: 257bea3808ee | File: 257bea3808ee_001.jpg | Source: amazon | URL: https://m.media-amazon.com/images/I/813rEkxOpFL.jpg
2026-06-05 16:27:28.794 | INFO     | __main__:download_product_images:223 - Product 257bea3808ee has 2 images (min 10). Using Playwright fallback.
2026-06-05 16:27:33.027 | INFO     | nure.playwright_sources:collect_playwright_images:99 - Playwright blinkit 'Kohinoor Extra Long Basmati Ri': 15 URLs
2026-06-05 16:27:36.442 | DEBUG    | nure.playwright_sources:collect_playwright_images:95 - Playwright timeout for bigbasket on Kohinoor Extra Long Basmati Ri
2026-06-05 16:27:36.442 | INFO     | nure.playwright_sources:collect_playwright_images:99 - Playwright bigbasket 'Kohinoor Extra Long Basmati Ri': 0 URLs
2026-06-05 16:27:39.257 | INFO     | nure.playwright_sources:collect_playwright_images:99 - Playwright jiomart 'Kohinoor Extra Long Basmati Ri': 1 URLs
2026-06-05 16:27:41.974 | INFO     | nure.playwright_sources:collect_playwright_images:99 - Playwright flipkart 'Kohinoor Extra Long Basmati Ri': 0 URLs
2026-06-05 16:27:42.119 | INFO     | __main__:process_urls_for_product:190 - Verified Source Attribution | Product: 257bea3808ee | File: 257bea3808ee_002.jpg | Source: blinkit | URL: https://cdn.grofers.com/cdn-cgi/image/f=auto,fit=scale-down,q=70,metadata=none,w=270/da/cms-assets/cms/product/8d6bcf70-fd4e-4288-80b5-70fd45b05e40.png
2026-06-05 16:27:42.456 | INFO     | __main__:process_urls_for_product:190 - Verified Source Attribution | Product: 257bea3808ee | File: 257bea3808ee_003.jpg | Source: blinkit | URL: https://cdn.grofers.com/cdn-cgi/image/f=auto,fit=scale-down,q=70,metadata=none,w=270/da/cms-assets/cms/product/5b663103-53bd-4eb0-bad3-bb157c7a65a5.png
2026-06-05 16:27:42.698 | INFO     | __main__:process_urls_for_product:190 - Verified Source Attribution | Product: 257bea3808ee | File: 257bea3808ee_004.jpg | Source: blinkit | URL: https://cdn.grofers.com/cdn-cgi/image/f=auto,fit=scale-down,q=70,metadata=none,w=270/da/cms-assets/cms/product/8c9da91d-5210-4985-9ba5-bc7c7ac94f9a.png
2026-06-05 16:27:42.954 | INFO     | __main__:process_urls_for_product:190 - Verified Source Attribution | Product: 257bea3808ee | File: 257bea3808ee_005.jpg | Source: blinkit | URL: https://cdn.grofers.com/cdn-cgi/image/f=auto,fit=scale-down,q=70,metadata=none,w=270/da/cms-assets/cms/product/rc-upload-1776915617603-61.png
2026-06-05 16:27:43.202 | INFO     | __main__:process_urls_for_product:190 - Verified Source Attribution | Product: 257bea3808ee | File: 257bea3808ee_006.jpg | Source: blinkit | URL: https://cdn.grofers.com/cdn-cgi/image/f=auto,fit=scale-down,q=70,metadata=none,w=270/da/cms-assets/cms/product/51485cb9-410b-486d-920c-c83ff2733ac9.png
2026-06-05 16:27:43.441 | INFO     | __main__:process_urls_for_product:190 - Verified Source Attribution | Product: 257bea3808ee | File: 257bea3808ee_007.jpg | Source: blinkit | URL: https://cdn.grofers.com/cdn-cgi/image/f=auto,fit=scale-down,q=70,metadata=none,w=270/da/cms-assets/cms/product/a0355363-4e9f-4b2c-9fac-23da9439b74e.png
2026-06-05 16:27:43.700 | INFO     | __main__:process_urls_for_product:190 - Verified Source Attribution | Product: 257bea3808ee | File: 257bea3808ee_008.jpg | Source: blinkit | URL: https://cdn.grofers.com/cdn-cgi/image/f=auto,fit=scale-down,q=70,metadata=none,w=270/da/cms-assets/cms/product/429e0751-1bd6-4de6-b04b-dac0f4f24f75.png
2026-06-05 16:27:43.941 | INFO     | __main__:process_urls_for_product:190 - Verified Source Attribution | Product: 257bea3808ee | File: 257bea3808ee_009.jpg | Source: blinkit | URL: https://cdn.grofers.com/cdn-cgi/image/f=auto,fit=scale-down,q=70,metadata=none,w=270/da/cms-assets/cms/product/rc-upload-1776915617603-4.png
2026-06-05 16:27:44.190 | INFO     | __main__:process_urls_for_product:190 - Verified Source Attribution | Product: 257bea3808ee | File: 257bea3808ee_010.jpg | Source: blinkit | URL: https://cdn.grofers.com/cdn-cgi/image/f=auto,fit=scale-down,q=70,metadata=none,w=270/da/cms-assets/cms/product/rc-upload-1777533515258-113.png
2026-06-05 16:27:44.441 | INFO     | __main__:process_urls_for_product:190 - Verified Source Attribution | Product: 257bea3808ee | File: 257bea3808ee_011.jpg | Source: blinkit | URL: https://cdn.grofers.com/cdn-cgi/image/f=auto,fit=scale-down,q=70,metadata=none,w=270/da/cms-assets/cms/product/ed965fa7-fb60-4641-b4b0-90b04b78c293.png
2026-06-05 16:27:44.736 | INFO     | __main__:process_urls_for_product:190 - Verified Source Attribution | Product: 257bea3808ee | File: 257bea3808ee_012.jpg | Source: blinkit | URL: https://cdn.grofers.com/cdn-cgi/image/f=auto,fit=scale-down,q=70,metadata=none,w=270/da/cms-assets/cms/product/rc-upload-1778594967898-392.png
2026-06-05 16:27:44.991 | INFO     | __main__:process_urls_for_product:190 - Verified Source Attribution | Product: 257bea3808ee | File: 257bea3808ee_013.jpg | Source: blinkit | URL: https://cdn.grofers.com/cdn-cgi/image/f=auto,fit=scale-down,q=70,metadata=none,w=270/da/cms-assets/cms/product/2281c88c-9b49-4c11-9284-6d5bb1e5a523.png
2026-06-05 16:27:45.238 | INFO     | __main__:process_urls_for_product:190 - Verified Source Attribution | Product: 257bea3808ee | File: 257bea3808ee_014.jpg | Source: blinkit | URL: https://cdn.grofers.com/cdn-cgi/image/f=auto,fit=scale-down,q=70,metadata=none,w=270/da/cms-assets/cms/product/31066437-6daa-4b47-9347-a16afd2b2710.png
2026-06-05 16:27:45.486 | INFO     | __main__:process_urls_for_product:190 - Verified Source Attribution | Product: 257bea3808ee | File: 257bea3808ee_015.jpg | Source: blinkit | URL: https://cdn.grofers.com/cdn-cgi/image/f=auto,fit=scale-down,q=70,metadata=none,w=270/da/cms-assets/cms/product/98c171d0-5f1b-46f5-8e0c-f0bc74a2174b.png
2026-06-05 16:27:46.645 | DEBUG    | nure.image_sources:_get:44 - HTTP 500: https://world.openfoodfacts.org/api/v2/product/0810347000324.json
2026-06-05 16:27:48.621 | INFO     | nure.image_sources:collect_amazon_images:178 - Amazon 'Kohinoor Basmati rice extra long 64oz.': 3 URLs
2026-06-05 16:28:26.238 | INFO     | __main__:process_urls_for_product:190 - Verified Source Attribution | Product: a9811016ee6d | File: a9811016ee6d_000.jpg | Source: amazon | URL: https://m.media-amazon.com/images/I/31Ip4aURUpL.png
2026-06-05 16:28:27.466 | INFO     | __main__:process_urls_for_product:190 - Verified Source Attribution | Product: a9811016ee6d | File: a9811016ee6d_001.jpg | Source: amazon | URL: https://m.media-amazon.com/images/I/81a4jn0f9gL.jpg
2026-06-05 16:28:28.518 | INFO     | __main__:process_urls_for_product:190 - Verified Source Attribution | Product: a9811016ee6d | File: a9811016ee6d_002.jpg | Source: amazon | URL: https://m.media-amazon.com/images/I/813rEkxOpFL.jpg
2026-06-05 16:28:28.675 | INFO     | __main__:download_product_images:223 - Product a9811016ee6d has 3 images (min 10). Using Playwright fallback.
2026-06-05 16:28:32.082 | INFO     | nure.playwright_sources:collect_playwright_images:99 - Playwright blinkit 'Kohinoor Basmati rice extra lo': 15 URLs
2026-06-05 16:28:35.467 | DEBUG    | nure.playwright_sources:collect_playwright_images:95 - Playwright timeout for bigbasket on Kohinoor Basmati rice extra lo
2026-06-05 16:28:35.467 | INFO     | nure.playwright_sources:collect_playwright_images:99 - Playwright bigbasket 'Kohinoor Basmati rice extra lo': 0 URLs
2026-06-05 16:28:37.984 | INFO     | nure.playwright_sources:collect_playwright_images:99 - Playwright jiomart 'Kohinoor Basmati rice extra lo': 1 URLs
2026-06-05 16:28:40.610 | INFO     | nure.playwright_sources:collect_playwright_images:99 - Playwright flipkart 'Kohinoor Basmati rice extra lo': 0 URLs
2026-06-05 16:28:40.750 | INFO     | __main__:process_urls_for_product:190 - Verified Source Attribution | Product: a9811016ee6d | File: a9811016ee6d_003.jpg | Source: blinkit | URL: https://cdn.grofers.com/cdn-cgi/image/f=auto,fit=scale-down,q=70,metadata=none,w=270/da/cms-assets/cms/product/5b663103-53bd-4eb0-bad3-bb157c7a65a5.png
2026-06-05 16:28:41.052 | INFO     | __main__:process_urls_for_product:190 - Verified Source Attribution | Product: a9811016ee6d | File: a9811016ee6d_004.jpg | Source: blinkit | URL: https://cdn.grofers.com/cdn-cgi/image/f=auto,fit=scale-down,q=70,metadata=none,w=270/da/cms-assets/cms/product/8c9da91d-5210-4985-9ba5-bc7c7ac94f9a.png
2026-06-05 16:28:41.303 | INFO     | __main__:process_urls_for_product:190 - Verified Source Attribution | Product: a9811016ee6d | File: a9811016ee6d_005.jpg | Source: blinkit | URL: https://cdn.grofers.com/cdn-cgi/image/f=auto,fit=scale-down,q=70,metadata=none,w=270/da/cms-assets/cms/product/8d6bcf70-fd4e-4288-80b5-70fd45b05e40.png
2026-06-05 16:28:41.553 | INFO     | __main__:process_urls_for_product:190 - Verified Source Attribution | Product: a9811016ee6d | File: a9811016ee6d_006.jpg | Source: blinkit | URL: https://cdn.grofers.com/cdn-cgi/image/f=auto,fit=scale-down,q=70,metadata=none,w=270/da/cms-assets/cms/product/rc-upload-1776915617603-61.png
2026-06-05 16:28:41.809 | INFO     | __main__:process_urls_for_product:190 - Verified Source Attribution | Product: a9811016ee6d | File: a9811016ee6d_007.jpg | Source: blinkit | URL: https://cdn.grofers.com/cdn-cgi/image/f=auto,fit=scale-down,q=70,metadata=none,w=270/da/cms-assets/cms/product/51485cb9-410b-486d-920c-c83ff2733ac9.png
2026-06-05 16:28:42.054 | INFO     | __main__:process_urls_for_product:190 - Verified Source Attribution | Product: a9811016ee6d | File: a9811016ee6d_008.jpg | Source: blinkit | URL: https://cdn.grofers.com/cdn-cgi/image/f=auto,fit=scale-down,q=70,metadata=none,w=270/da/cms-assets/cms/product/a0355363-4e9f-4b2c-9fac-23da9439b74e.png
2026-06-05 16:28:42.310 | INFO     | __main__:process_urls_for_product:190 - Verified Source Attribution | Product: a9811016ee6d | File: a9811016ee6d_009.jpg | Source: blinkit | URL: https://cdn.grofers.com/cdn-cgi/image/f=auto,fit=scale-down,q=70,metadata=none,w=270/da/cms-assets/cms/product/429e0751-1bd6-4de6-b04b-dac0f4f24f75.png
2026-06-05 16:28:42.548 | INFO     | __main__:process_urls_for_product:190 - Verified Source Attribution | Product: a9811016ee6d | File: a9811016ee6d_010.jpg | Source: blinkit | URL: https://cdn.grofers.com/cdn-cgi/image/f=auto,fit=scale-down,q=70,metadata=none,w=270/da/cms-assets/cms/product/rc-upload-1776915617603-4.png
2026-06-05 16:28:42.799 | INFO     | __main__:process_urls_for_product:190 - Verified Source Attribution | Product: a9811016ee6d | File: a9811016ee6d_011.jpg | Source: blinkit | URL: https://cdn.grofers.com/cdn-cgi/image/f=auto,fit=scale-down,q=70,metadata=none,w=270/da/cms-assets/cms/product/rc-upload-1777533515258-113.png
2026-06-05 16:28:43.046 | INFO     | __main__:process_urls_for_product:190 - Verified Source Attribution | Product: a9811016ee6d | File: a9811016ee6d_012.jpg | Source: blinkit | URL: https://cdn.grofers.com/cdn-cgi/image/f=auto,fit=scale-down,q=70,metadata=none,w=270/da/cms-assets/cms/product/ed965fa7-fb60-4641-b4b0-90b04b78c293.png
2026-06-05 16:28:43.304 | INFO     | __main__:process_urls_for_product:190 - Verified Source Attribution | Product: a9811016ee6d | File: a9811016ee6d_013.jpg | Source: blinkit | URL: https://cdn.grofers.com/cdn-cgi/image/f=auto,fit=scale-down,q=70,metadata=none,w=270/da/cms-assets/cms/product/rc-upload-1778594967898-392.png
2026-06-05 16:28:43.556 | INFO     | __main__:process_urls_for_product:190 - Verified Source Attribution | Product: a9811016ee6d | File: a9811016ee6d_014.jpg | Source: blinkit | URL: https://cdn.grofers.com/cdn-cgi/image/f=auto,fit=scale-down,q=70,metadata=none,w=270/da/cms-assets/cms/product/2281c88c-9b49-4c11-9284-6d5bb1e5a523.png
2026-06-05 16:28:43.923 | INFO     | __main__:process_urls_for_product:190 - Verified Source Attribution | Product: a9811016ee6d | File: a9811016ee6d_015.jpg | Source: blinkit | URL: https://cdn.grofers.com/cdn-cgi/image/f=auto,fit=scale-down,q=70,metadata=none,w=270/da/cms-assets/cms/product/98c171d0-5f1b-46f5-8e0c-f0bc74a2174b.png
2026-06-05 16:28:44.720 | DEBUG    | nure.image_sources:_get:46 - GET failed: ('Connection aborted.', RemoteDisconnected('Remote end closed connection without response'))
2026-06-05 16:28:46.624 | INFO     | nure.image_sources:collect_amazon_images:178 - Amazon 'Kohinoor Extra Long Grain Basmati Rice': 3 URLs
2026-06-05 16:29:24.911 | INFO     | __main__:process_urls_for_product:190 - Verified Source Attribution | Product: a695297806ff | File: a695297806ff_000.jpg | Source: amazon | URL: https://m.media-amazon.com/images/I/31Ip4aURUpL.png
2026-06-05 16:29:26.474 | INFO     | __main__:process_urls_for_product:190 - Verified Source Attribution | Product: a695297806ff | File: a695297806ff_001.jpg | Source: amazon | URL: https://m.media-amazon.com/images/I/81ycZ7pJ9eL.jpg
2026-06-05 16:29:27.503 | INFO     | __main__:process_urls_for_product:190 - Verified Source Attribution | Product: a695297806ff | File: a695297806ff_002.jpg | Source: amazon | URL: https://m.media-amazon.com/images/I/813rEkxOpFL.jpg
2026-06-05 16:29:27.668 | INFO     | __main__:download_product_images:223 - Product a695297806ff has 3 images (min 10). Using Playwright fallback.
2026-06-05 16:29:31.162 | INFO     | nure.playwright_sources:collect_playwright_images:99 - Playwright blinkit 'Kohinoor Extra Long Grain Basm': 15 URLs
2026-06-05 16:29:34.527 | DEBUG    | nure.playwright_sources:collect_playwright_images:95 - Playwright timeout for bigbasket on Kohinoor Extra Long Grain Basm
2026-06-05 16:29:34.527 | INFO     | nure.playwright_sources:collect_playwright_images:99 - Playwright bigbasket 'Kohinoor Extra Long Grain Basm': 0 URLs
2026-06-05 16:29:36.844 | INFO     | nure.playwright_sources:collect_playwright_images:99 - Playwright jiomart 'Kohinoor Extra Long Grain Basm': 1 URLs
2026-06-05 16:29:39.180 | INFO     | nure.playwright_sources:collect_playwright_images:99 - Playwright flipkart 'Kohinoor Extra Long Grain Basm': 0 URLs
2026-06-05 16:29:39.324 | INFO     | __main__:process_urls_for_product:190 - Verified Source Attribution | Product: a695297806ff | File: a695297806ff_003.jpg | Source: blinkit | URL: https://cdn.grofers.com/cdn-cgi/image/f=auto,fit=scale-down,q=70,metadata=none,w=270/da/cms-assets/cms/product/8d6bcf70-fd4e-4288-80b5-70fd45b05e40.png
2026-06-05 16:29:39.634 | INFO     | __main__:process_urls_for_product:190 - Verified Source Attribution | Product: a695297806ff | File: a695297806ff_004.jpg | Source: blinkit | URL: https://cdn.grofers.com/cdn-cgi/image/f=auto,fit=scale-down,q=70,metadata=none,w=270/da/cms-assets/cms/product/5b663103-53bd-4eb0-bad3-bb157c7a65a5.png
2026-06-05 16:29:39.872 | INFO     | __main__:process_urls_for_product:190 - Verified Source Attribution | Product: a695297806ff | File: a695297806ff_005.jpg | Source: blinkit | URL: https://cdn.grofers.com/cdn-cgi/image/f=auto,fit=scale-down,q=70,metadata=none,w=270/da/cms-assets/cms/product/8c9da91d-5210-4985-9ba5-bc7c7ac94f9a.png
2026-06-05 16:29:40.129 | INFO     | __main__:process_urls_for_product:190 - Verified Source Attribution | Product: a695297806ff | File: a695297806ff_006.jpg | Source: blinkit | URL: https://cdn.grofers.com/cdn-cgi/image/f=auto,fit=scale-down,q=70,metadata=none,w=270/da/cms-assets/cms/product/rc-upload-1776915617603-61.png
2026-06-05 16:29:40.375 | INFO     | __main__:process_urls_for_product:190 - Verified Source Attribution | Product: a695297806ff | File: a695297806ff_007.jpg | Source: blinkit | URL: https://cdn.grofers.com/cdn-cgi/image/f=auto,fit=scale-down,q=70,metadata=none,w=270/da/cms-assets/cms/product/a0355363-4e9f-4b2c-9fac-23da9439b74e.png
2026-06-05 16:29:40.632 | INFO     | __main__:process_urls_for_product:190 - Verified Source Attribution | Product: a695297806ff | File: a695297806ff_008.jpg | Source: blinkit | URL: https://cdn.grofers.com/cdn-cgi/image/f=auto,fit=scale-down,q=70,metadata=none,w=270/da/cms-assets/cms/product/51485cb9-410b-486d-920c-c83ff2733ac9.png
2026-06-05 16:29:40.882 | INFO     | __main__:process_urls_for_product:190 - Verified Source Attribution | Product: a695297806ff | File: a695297806ff_009.jpg | Source: blinkit | URL: https://cdn.grofers.com/cdn-cgi/image/f=auto,fit=scale-down,q=70,metadata=none,w=270/da/cms-assets/cms/product/429e0751-1bd6-4de6-b04b-dac0f4f24f75.png
2026-06-05 16:29:41.122 | INFO     | __main__:process_urls_for_product:190 - Verified Source Attribution | Product: a695297806ff | File: a695297806ff_010.jpg | Source: blinkit | URL: https://cdn.grofers.com/cdn-cgi/image/f=auto,fit=scale-down,q=70,metadata=none,w=270/da/cms-assets/cms/product/rc-upload-1776915617603-4.png
2026-06-05 16:29:41.371 | INFO     | __main__:process_urls_for_product:190 - Verified Source Attribution | Product: a695297806ff | File: a695297806ff_011.jpg | Source: blinkit | URL: https://cdn.grofers.com/cdn-cgi/image/f=auto,fit=scale-down,q=70,metadata=none,w=270/da/cms-assets/cms/product/rc-upload-1777533515258-113.png
2026-06-05 16:29:41.609 | INFO     | __main__:process_urls_for_product:190 - Verified Source Attribution | Product: a695297806ff | File: a695297806ff_012.jpg | Source: blinkit | URL: https://cdn.grofers.com/cdn-cgi/image/f=auto,fit=scale-down,q=70,metadata=none,w=270/da/cms-assets/cms/product/rc-upload-1778594967898-392.png
2026-06-05 16:29:41.854 | INFO     | __main__:process_urls_for_product:190 - Verified Source Attribution | Product: a695297806ff | File: a695297806ff_013.jpg | Source: blinkit | URL: https://cdn.grofers.com/cdn-cgi/image/f=auto,fit=scale-down,q=70,metadata=none,w=270/da/cms-assets/cms/product/ed965fa7-fb60-4641-b4b0-90b04b78c293.png
2026-06-05 16:29:42.114 | INFO     | __main__:process_urls_for_product:190 - Verified Source Attribution | Product: a695297806ff | File: a695297806ff_014.jpg | Source: blinkit | URL: https://cdn.grofers.com/cdn-cgi/image/f=auto,fit=scale-down,q=70,metadata=none,w=270/da/cms-assets/cms/product/2281c88c-9b49-4c11-9284-6d5bb1e5a523.png
2026-06-05 16:29:42.352 | INFO     | __main__:process_urls_for_product:190 - Verified Source Attribution | Product: a695297806ff | File: a695297806ff_015.jpg | Source: blinkit | URL: https://cdn.grofers.com/cdn-cgi/image/f=auto,fit=scale-down,q=70,metadata=none,w=270/da/cms-assets/cms/product/31066437-6daa-4b47-9347-a16afd2b2710.png
2026-06-05 16:29:42.597 | INFO     | __main__:process_urls_for_product:190 - Verified Source Attribution | Product: a695297806ff | File: a695297806ff_016.jpg | Source: blinkit | URL: https://cdn.grofers.com/cdn-cgi/image/f=auto,fit=scale-down,q=70,metadata=none,w=270/da/cms-assets/cms/product/98c171d0-5f1b-46f5-8e0c-f0bc74a2174b.png
2026-06-05 16:31:06.419 | INFO     | __main__:download_product_images:223 - Product fc670761e506 has 0 images (min 10). Using Playwright fallback.
2026-06-05 16:31:09.792 | INFO     | nure.playwright_sources:collect_playwright_images:99 - Playwright blinkit 'Kohinoor Brown basmati rice': 15 URLs
2026-06-05 16:31:13.107 | DEBUG    | nure.playwright_sources:collect_playwright_images:95 - Playwright timeout for bigbasket on Kohinoor Brown basmati rice
2026-06-05 16:31:13.107 | INFO     | nure.playwright_sources:collect_playwright_images:99 - Playwright bigbasket 'Kohinoor Brown basmati rice': 0 URLs
2026-06-05 16:31:15.586 | INFO     | nure.playwright_sources:collect_playwright_images:99 - Playwright jiomart 'Kohinoor Brown basmati rice': 1 URLs
2026-06-05 16:31:18.298 | INFO     | nure.playwright_sources:collect_playwright_images:99 - Playwright flipkart 'Kohinoor Brown basmati rice': 0 URLs
2026-06-05 16:31:18.449 | INFO     | __main__:process_urls_for_product:190 - Verified Source Attribution | Product: fc670761e506 | File: fc670761e506_000.jpg | Source: blinkit | URL: https://cdn.grofers.com/cdn-cgi/image/f=auto,fit=scale-down,q=70,metadata=none,w=270/da/cms-assets/cms/product/ce969d8f-296f-4f14-9933-8affca4aaabd.png
2026-06-05 16:31:18.762 | INFO     | __main__:process_urls_for_product:190 - Verified Source Attribution | Product: fc670761e506 | File: fc670761e506_001.jpg | Source: blinkit | URL: https://cdn.grofers.com/cdn-cgi/image/f=auto,fit=scale-down,q=70,metadata=none,w=270/da/cms-assets/cms/product/87004ea2-71d5-46ff-b212-f4ae65a5c934.png
2026-06-05 16:31:19.024 | INFO     | __main__:process_urls_for_product:190 - Verified Source Attribution | Product: fc670761e506 | File: fc670761e506_002.jpg | Source: blinkit | URL: https://cdn.grofers.com/cdn-cgi/image/f=auto,fit=scale-down,q=70,metadata=none,w=270/da/cms-assets/cms/product/a56f8c6f-39d8-44b9-9382-4e8a6574086a.png
2026-06-05 16:31:19.281 | INFO     | __main__:process_urls_for_product:190 - Verified Source Attribution | Product: fc670761e506 | File: fc670761e506_003.jpg | Source: blinkit | URL: https://cdn.grofers.com/cdn-cgi/image/f=auto,fit=scale-down,q=70,metadata=none,w=270/da/cms-assets/cms/product/rc-upload-1779421790948-1591.png
2026-06-05 16:31:19.528 | INFO     | __main__:process_urls_for_product:190 - Verified Source Attribution | Product: fc670761e506 | File: fc670761e506_004.jpg | Source: blinkit | URL: https://cdn.grofers.com/cdn-cgi/image/f=auto,fit=scale-down,q=70,metadata=none,w=270/da/cms-assets/cms/product/rc-upload-1779421790948-1613.png
2026-06-05 16:31:19.770 | INFO     | __main__:process_urls_for_product:190 - Verified Source Attribution | Product: fc670761e506 | File: fc670761e506_005.jpg | Source: blinkit | URL: https://cdn.grofers.com/cdn-cgi/image/f=auto,fit=scale-down,q=70,metadata=none,w=270/da/cms-assets/cms/product/6334167b-8976-400f-9e5c-af38277951a7.png
2026-06-05 16:31:20.027 | INFO     | __main__:process_urls_for_product:190 - Verified Source Attribution | Product: fc670761e506 | File: fc670761e506_006.jpg | Source: blinkit | URL: https://cdn.grofers.com/cdn-cgi/image/f=auto,fit=scale-down,q=70,metadata=none,w=270/da/cms-assets/cms/product/f146011e-4c38-407c-9b60-c01e3c0e9bf9.png
2026-06-05 16:31:20.270 | INFO     | __main__:process_urls_for_product:190 - Verified Source Attribution | Product: fc670761e506 | File: fc670761e506_007.jpg | Source: blinkit | URL: https://cdn.grofers.com/cdn-cgi/image/f=auto,fit=scale-down,q=70,metadata=none,w=270/da/cms-assets/cms/product/d4a51748-9641-4e56-8f34-9e0a3e26e1f0.png
2026-06-05 16:31:20.509 | INFO     | __main__:process_urls_for_product:190 - Verified Source Attribution | Product: fc670761e506 | File: fc670761e506_008.jpg | Source: blinkit | URL: https://cdn.grofers.com/cdn-cgi/image/f=auto,fit=scale-down,q=70,metadata=none,w=270/da/cms-assets/cms/product/rc-upload-1779094500636-733.png
2026-06-05 16:31:20.766 | INFO     | __main__:process_urls_for_product:190 - Verified Source Attribution | Product: fc670761e506 | File: fc670761e506_009.jpg | Source: blinkit | URL: https://cdn.grofers.com/cdn-cgi/image/f=auto,fit=scale-down,q=70,metadata=none,w=270/da/cms-assets/cms/product/5b663103-53bd-4eb0-bad3-bb157c7a65a5.png
2026-06-05 16:31:21.032 | INFO     | __main__:process_urls_for_product:190 - Verified Source Attribution | Product: fc670761e506 | File: fc670761e506_010.jpg | Source: blinkit | URL: https://cdn.grofers.com/cdn-cgi/image/f=auto,fit=scale-down,q=70,metadata=none,w=270/da/cms-assets/cms/product/8c9da91d-5210-4985-9ba5-bc7c7ac94f9a.png
2026-06-05 16:31:21.282 | INFO     | __main__:process_urls_for_product:190 - Verified Source Attribution | Product: fc670761e506 | File: fc670761e506_011.jpg | Source: blinkit | URL: https://cdn.grofers.com/cdn-cgi/image/f=auto,fit=scale-down,q=70,metadata=none,w=270/da/cms-assets/cms/product/31066437-6daa-4b47-9347-a16afd2b2710.png
2026-06-05 16:31:21.532 | INFO     | __main__:process_urls_for_product:190 - Verified Source Attribution | Product: fc670761e506 | File: fc670761e506_012.jpg | Source: blinkit | URL: https://cdn.grofers.com/cdn-cgi/image/f=auto,fit=scale-down,q=70,metadata=none,w=270/da/cms-assets/cms/product/8d6bcf70-fd4e-4288-80b5-70fd45b05e40.png
2026-06-05 16:31:21.773 | INFO     | __main__:process_urls_for_product:190 - Verified Source Attribution | Product: fc670761e506 | File: fc670761e506_013.jpg | Source: blinkit | URL: https://cdn.grofers.com/cdn-cgi/image/f=auto,fit=scale-down,q=70,metadata=none,w=270/da/cms-assets/cms/product/c96dc4a7-d828-4478-b4f6-f17821089630.png
2026-06-05 16:32:34.050 | INFO     | __main__:download_product_images:223 - Product 79b932cdf3ac has 0 images (min 10). Using Playwright fallback.
2026-06-05 16:32:37.609 | INFO     | nure.playwright_sources:collect_playwright_images:99 - Playwright blinkit 'Kazan’s Organic Toor Dal': 15 URLs
2026-06-05 16:32:40.930 | DEBUG    | nure.playwright_sources:collect_playwright_images:95 - Playwright timeout for bigbasket on Kazan’s Organic Toor Dal
2026-06-05 16:32:40.930 | INFO     | nure.playwright_sources:collect_playwright_images:99 - Playwright bigbasket 'Kazan’s Organic Toor Dal': 0 URLs
2026-06-05 16:32:43.349 | INFO     | nure.playwright_sources:collect_playwright_images:99 - Playwright jiomart 'Kazan’s Organic Toor Dal': 1 URLs
2026-06-05 16:32:46.026 | INFO     | nure.playwright_sources:collect_playwright_images:99 - Playwright flipkart 'Kazan’s Organic Toor Dal 112 o': 0 URLs
2026-06-05 16:32:46.182 | INFO     | __main__:process_urls_for_product:190 - Verified Source Attribution | Product: 79b932cdf3ac | File: 79b932cdf3ac_000.jpg | Source: blinkit | URL: https://cdn.grofers.com/cdn-cgi/image/f=auto,fit=scale-down,q=70,metadata=none,w=270/da/cms-assets/cms/product/72e84ea6-64d5-409c-8e43-e1d7af31e6c9.png
2026-06-05 16:32:46.528 | INFO     | __main__:process_urls_for_product:190 - Verified Source Attribution | Product: 79b932cdf3ac | File: 79b932cdf3ac_001.jpg | Source: blinkit | URL: https://cdn.grofers.com/cdn-cgi/image/f=auto,fit=scale-down,q=70,metadata=none,w=270/da/cms-assets/cms/product/a38d70b9-59e1-4ced-b06e-a2238c670e12.png
2026-06-05 16:32:46.858 | INFO     | __main__:process_urls_for_product:190 - Verified Source Attribution | Product: 79b932cdf3ac | File: 79b932cdf3ac_002.jpg | Source: blinkit | URL: https://cdn.grofers.com/cdn-cgi/image/f=auto,fit=scale-down,q=70,metadata=none,w=270/da/cms-assets/cms/product/802a1053-35e0-4cc2-aeea-083ecfde53c9.png
2026-06-05 16:32:47.124 | INFO     | __main__:process_urls_for_product:190 - Verified Source Attribution | Product: 79b932cdf3ac | File: 79b932cdf3ac_003.jpg | Source: blinkit | URL: https://cdn.grofers.com/cdn-cgi/image/f=auto,fit=scale-down,q=70,metadata=none,w=270/da/cms-assets/cms/product/rc-upload-1773718842673-772.png
2026-06-05 16:32:47.425 | INFO     | __main__:process_urls_for_product:190 - Verified Source Attribution | Product: 79b932cdf3ac | File: 79b932cdf3ac_004.jpg | Source: blinkit | URL: https://cdn.grofers.com/cdn-cgi/image/f=auto,fit=scale-down,q=70,metadata=none,w=270/da/cms-assets/cms/product/99a35dcc-eb28-4574-95f8-58e700861edd.png
2026-06-05 16:32:47.675 | INFO     | __main__:process_urls_for_product:190 - Verified Source Attribution | Product: 79b932cdf3ac | File: 79b932cdf3ac_005.jpg | Source: blinkit | URL: https://cdn.grofers.com/cdn-cgi/image/f=auto,fit=scale-down,q=70,metadata=none,w=270/da/cms-assets/cms/product/c12d3bc7-b85c-48ec-adcb-7b2c133ee8b8.png
2026-06-05 16:32:47.930 | INFO     | __main__:process_urls_for_product:190 - Verified Source Attribution | Product: 79b932cdf3ac | File: 79b932cdf3ac_006.jpg | Source: blinkit | URL: https://cdn.grofers.com/cdn-cgi/image/f=auto,fit=scale-down,q=70,metadata=none,w=270/da/cms-assets/cms/product/rc-upload-1778496956227-399.png
2026-06-05 16:32:48.192 | INFO     | __main__:process_urls_for_product:190 - Verified Source Attribution | Product: 79b932cdf3ac | File: 79b932cdf3ac_007.jpg | Source: blinkit | URL: https://cdn.grofers.com/cdn-cgi/image/f=auto,fit=scale-down,q=70,metadata=none,w=270/da/cms-assets/cms/product/bdcee737-aabd-4eb4-a642-90a086006976.png
2026-06-05 16:32:48.443 | INFO     | __main__:process_urls_for_product:190 - Verified Source Attribution | Product: 79b932cdf3ac | File: 79b932cdf3ac_008.jpg | Source: blinkit | URL: https://cdn.grofers.com/cdn-cgi/image/f=auto,fit=scale-down,q=70,metadata=none,w=270/da/cms-assets/cms/product/0c76b7bb-ef40-40c7-8ce9-32c8d55a7663.png
2026-06-05 16:32:48.760 | INFO     | __main__:process_urls_for_product:190 - Verified Source Attribution | Product: 79b932cdf3ac | File: 79b932cdf3ac_009.jpg | Source: blinkit | URL: https://cdn.grofers.com/cdn-cgi/image/f=auto,fit=scale-down,q=70,metadata=none,w=270/da/cms-assets/cms/product/30d568a1-c12d-4aa4-9405-c2e8ada1dde0.png
2026-06-05 16:32:49.050 | INFO     | __main__:process_urls_for_product:190 - Verified Source Attribution | Product: 79b932cdf3ac | File: 79b932cdf3ac_010.jpg | Source: blinkit | URL: https://cdn.grofers.com/cdn-cgi/image/f=auto,fit=scale-down,q=70,metadata=none,w=270/da/cms-assets/cms/product/10e2287b-b293-43c4-8570-ff9eb409b1eb.png
2026-06-05 16:32:49.299 | INFO     | __main__:process_urls_for_product:190 - Verified Source Attribution | Product: 79b932cdf3ac | File: 79b932cdf3ac_011.jpg | Source: blinkit | URL: https://cdn.grofers.com/cdn-cgi/image/f=auto,fit=scale-down,q=70,metadata=none,w=270/da/cms-assets/cms/product/33bc0373-f434-4cc1-97b6-af6f50cf2176.png
2026-06-05 16:32:52.653 | INFO     | nure.image_sources:collect_amazon_images:178 - Amazon 'Laxmi Toor Dal': 1 URLs
2026-06-05 16:32:54.980 | INFO     | nure.image_sources:collect_bing_images:149 - Bing 'Laxmi Toor Dal': 0 URLs
2026-06-05 16:33:32.061 | INFO     | __main__:process_urls_for_product:190 - Verified Source Attribution | Product: 730424cdb808 | File: 730424cdb808_000.jpg | Source: amazon | URL: https://m.media-amazon.com/images/I/31Ip4aURUpL.png
2026-06-05 16:33:32.213 | INFO     | __main__:download_product_images:223 - Product 730424cdb808 has 1 images (min 10). Using Playwright fallback.
2026-06-05 16:33:35.748 | INFO     | nure.playwright_sources:collect_playwright_images:99 - Playwright blinkit 'Laxmi Toor Dal': 15 URLs
2026-06-05 16:33:39.165 | DEBUG    | nure.playwright_sources:collect_playwright_images:95 - Playwright timeout for bigbasket on Laxmi Toor Dal
2026-06-05 16:33:39.166 | INFO     | nure.playwright_sources:collect_playwright_images:99 - Playwright bigbasket 'Laxmi Toor Dal': 0 URLs
2026-06-05 16:33:41.515 | INFO     | nure.playwright_sources:collect_playwright_images:99 - Playwright jiomart 'Laxmi Toor Dal': 1 URLs
2026-06-05 16:33:44.235 | INFO     | nure.playwright_sources:collect_playwright_images:99 - Playwright flipkart 'Laxmi Toor Dal': 0 URLs
2026-06-05 16:33:44.451 | INFO     | __main__:process_urls_for_product:190 - Verified Source Attribution | Product: 730424cdb808 | File: 730424cdb808_001.jpg | Source: blinkit | URL: https://cdn.grofers.com/cdn-cgi/image/f=auto,fit=scale-down,q=70,metadata=none,w=270/da/cms-assets/cms/product/33bc0373-f434-4cc1-97b6-af6f50cf2176.png
2026-06-05 16:33:44.759 | INFO     | __main__:process_urls_for_product:190 - Verified Source Attribution | Product: 730424cdb808 | File: 730424cdb808_002.jpg | Source: blinkit | URL: https://cdn.grofers.com/cdn-cgi/image/f=auto,fit=scale-down,q=70,metadata=none,w=270/da/cms-assets/cms/product/30d568a1-c12d-4aa4-9405-c2e8ada1dde0.png
2026-06-05 16:33:45.006 | INFO     | __main__:process_urls_for_product:190 - Verified Source Attribution | Product: 730424cdb808 | File: 730424cdb808_003.jpg | Source: blinkit | URL: https://cdn.grofers.com/cdn-cgi/image/f=auto,fit=scale-down,q=70,metadata=none,w=270/da/cms-assets/cms/product/0c76b7bb-ef40-40c7-8ce9-32c8d55a7663.png
2026-06-05 16:33:45.252 | INFO     | __main__:process_urls_for_product:190 - Verified Source Attribution | Product: 730424cdb808 | File: 730424cdb808_004.jpg | Source: blinkit | URL: https://cdn.grofers.com/cdn-cgi/image/f=auto,fit=scale-down,q=70,metadata=none,w=270/da/cms-assets/cms/product/10e2287b-b293-43c4-8570-ff9eb409b1eb.png
2026-06-05 16:33:45.593 | INFO     | __main__:process_urls_for_product:190 - Verified Source Attribution | Product: 730424cdb808 | File: 730424cdb808_005.jpg | Source: blinkit | URL: https://cdn.grofers.com/cdn-cgi/image/f=auto,fit=scale-down,q=70,metadata=none,w=270/da/cms-assets/cms/product/rc-upload-1777287844551-366.png
2026-06-05 16:33:45.845 | INFO     | __main__:process_urls_for_product:190 - Verified Source Attribution | Product: 730424cdb808 | File: 730424cdb808_006.jpg | Source: blinkit | URL: https://cdn.grofers.com/cdn-cgi/image/f=auto,fit=scale-down,q=70,metadata=none,w=270/da/cms-assets/cms/product/rc-upload-1771077457557-24.png
2026-06-05 16:33:46.101 | INFO     | __main__:process_urls_for_product:190 - Verified Source Attribution | Product: 730424cdb808 | File: 730424cdb808_007.jpg | Source: blinkit | URL: https://cdn.grofers.com/cdn-cgi/image/f=auto,fit=scale-down,q=70,metadata=none,w=270/da/cms-assets/cms/product/22c9bbc3-0dc5-4d9b-8c9a-7e0ec7c061d1.png
2026-06-05 16:33:46.571 | INFO     | __main__:process_urls_for_product:190 - Verified Source Attribution | Product: 730424cdb808 | File: 730424cdb808_008.jpg | Source: blinkit | URL: https://cdn.grofers.com/cdn-cgi/image/f=auto,fit=scale-down,q=70,metadata=none,w=270/da/cms-assets/cms/product/72e84ea6-64d5-409c-8e43-e1d7af31e6c9.png
2026-06-05 16:33:46.856 | INFO     | __main__:process_urls_for_product:190 - Verified Source Attribution | Product: 730424cdb808 | File: 730424cdb808_009.jpg | Source: blinkit | URL: https://cdn.grofers.com/cdn-cgi/image/f=auto,fit=scale-down,q=70,metadata=none,w=270/da/cms-assets/cms/product/efb1d719-8961-496d-8119-fad1120023dc.png
2026-06-05 16:33:47.121 | INFO     | __main__:process_urls_for_product:190 - Verified Source Attribution | Product: 730424cdb808 | File: 730424cdb808_010.jpg | Source: blinkit | URL: https://cdn.grofers.com/cdn-cgi/image/f=auto,fit=scale-down,q=70,metadata=none,w=270/da/cms-assets/cms/product/rc-upload-1773718842673-772.png
2026-06-05 16:33:50.014 | INFO     | nure.image_sources:collect_amazon_images:178 - Amazon 'Devi Uncooked Toor Dal': 2 URLs
2026-06-05 16:33:51.933 | INFO     | nure.image_sources:collect_bing_images:149 - Bing 'Devi Uncooked Toor Dal': 0 URLs
2026-06-05 16:34:29.800 | INFO     | __main__:process_urls_for_product:190 - Verified Source Attribution | Product: bbb9ca2937e3 | File: bbb9ca2937e3_000.jpg | Source: amazon | URL: https://m.media-amazon.com/images/I/31Ip4aURUpL.png
2026-06-05 16:34:30.249 | INFO     | __main__:process_urls_for_product:190 - Verified Source Attribution | Product: bbb9ca2937e3 | File: bbb9ca2937e3_001.jpg | Source: amazon | URL: https://m.media-amazon.com/images/I/51r5E3UjpWL.jpg
2026-06-05 16:34:30.402 | INFO     | __main__:download_product_images:223 - Product bbb9ca2937e3 has 2 images (min 10). Using Playwright fallback.
2026-06-05 16:34:33.709 | INFO     | nure.playwright_sources:collect_playwright_images:99 - Playwright blinkit 'Devi Uncooked Toor Dal': 15 URLs
2026-06-05 16:34:37.016 | DEBUG    | nure.playwright_sources:collect_playwright_images:95 - Playwright timeout for bigbasket on Devi Uncooked Toor Dal
2026-06-05 16:34:37.017 | INFO     | nure.playwright_sources:collect_playwright_images:99 - Playwright bigbasket 'Devi Uncooked Toor Dal': 0 URLs
2026-06-05 16:34:39.776 | INFO     | nure.playwright_sources:collect_playwright_images:99 - Playwright jiomart 'Devi Uncooked Toor Dal': 1 URLs
2026-06-05 16:34:42.336 | INFO     | nure.playwright_sources:collect_playwright_images:99 - Playwright flipkart 'Devi Uncooked Toor Dal': 0 URLs
2026-06-05 16:34:42.471 | INFO     | __main__:process_urls_for_product:190 - Verified Source Attribution | Product: bbb9ca2937e3 | File: bbb9ca2937e3_002.jpg | Source: blinkit | URL: https://cdn.grofers.com/cdn-cgi/image/f=auto,fit=scale-down,q=70,metadata=none,w=270/da/cms-assets/cms/product/rc-upload-1771077457557-24.png
2026-06-05 16:34:42.772 | INFO     | __main__:process_urls_for_product:190 - Verified Source Attribution | Product: bbb9ca2937e3 | File: bbb9ca2937e3_003.jpg | Source: blinkit | URL: https://cdn.grofers.com/cdn-cgi/image/f=auto,fit=scale-down,q=70,metadata=none,w=270/da/cms-assets/cms/product/22c9bbc3-0dc5-4d9b-8c9a-7e0ec7c061d1.png
2026-06-05 16:34:43.030 | INFO     | __main__:process_urls_for_product:190 - Verified Source Attribution | Product: bbb9ca2937e3 | File: bbb9ca2937e3_004.jpg | Source: blinkit | URL: https://cdn.grofers.com/cdn-cgi/image/f=auto,fit=scale-down,q=70,metadata=none,w=270/da/cms-assets/cms/product/33bc0373-f434-4cc1-97b6-af6f50cf2176.png
2026-06-05 16:34:43.279 | INFO     | __main__:process_urls_for_product:190 - Verified Source Attribution | Product: bbb9ca2937e3 | File: bbb9ca2937e3_005.jpg | Source: blinkit | URL: https://cdn.grofers.com/cdn-cgi/image/f=auto,fit=scale-down,q=70,metadata=none,w=270/da/cms-assets/cms/product/bdcee737-aabd-4eb4-a642-90a086006976.png
2026-06-05 16:34:43.534 | INFO     | __main__:process_urls_for_product:190 - Verified Source Attribution | Product: bbb9ca2937e3 | File: bbb9ca2937e3_006.jpg | Source: blinkit | URL: https://cdn.grofers.com/cdn-cgi/image/f=auto,fit=scale-down,q=70,metadata=none,w=270/da/cms-assets/cms/product/10e2287b-b293-43c4-8570-ff9eb409b1eb.png
2026-06-05 16:34:43.792 | INFO     | __main__:process_urls_for_product:190 - Verified Source Attribution | Product: bbb9ca2937e3 | File: bbb9ca2937e3_007.jpg | Source: blinkit | URL: https://cdn.grofers.com/cdn-cgi/image/f=auto,fit=scale-down,q=70,metadata=none,w=270/da/cms-assets/cms/product/8a14e157-f012-4bf3-ab84-f354bf7df355.png
2026-06-05 16:34:44.044 | INFO     | __main__:process_urls_for_product:190 - Verified Source Attribution | Product: bbb9ca2937e3 | File: bbb9ca2937e3_008.jpg | Source: blinkit | URL: https://cdn.grofers.com/cdn-cgi/image/f=auto,fit=scale-down,q=70,metadata=none,w=270/da/cms-assets/cms/product/efb1d719-8961-496d-8119-fad1120023dc.png
2026-06-05 16:34:44.303 | INFO     | __main__:process_urls_for_product:190 - Verified Source Attribution | Product: bbb9ca2937e3 | File: bbb9ca2937e3_009.jpg | Source: blinkit | URL: https://cdn.grofers.com/cdn-cgi/image/f=auto,fit=scale-down,q=70,metadata=none,w=270/da/cms-assets/cms/product/11cd3349-3852-4f32-ae93-0562a540c647.png
2026-06-05 16:34:44.552 | INFO     | __main__:process_urls_for_product:190 - Verified Source Attribution | Product: bbb9ca2937e3 | File: bbb9ca2937e3_010.jpg | Source: blinkit | URL: https://cdn.grofers.com/cdn-cgi/image/f=auto,fit=scale-down,q=70,metadata=none,w=270/da/cms-assets/cms/product/0c76b7bb-ef40-40c7-8ce9-32c8d55a7663.png
2026-06-05 16:34:44.797 | INFO     | __main__:process_urls_for_product:190 - Verified Source Attribution | Product: bbb9ca2937e3 | File: bbb9ca2937e3_011.jpg | Source: blinkit | URL: https://cdn.grofers.com/cdn-cgi/image/f=auto,fit=scale-down,q=70,metadata=none,w=270/da/cms-assets/cms/product/30d568a1-c12d-4aa4-9405-c2e8ada1dde0.png
2026-06-05 16:34:45.038 | INFO     | __main__:process_urls_for_product:190 - Verified Source Attribution | Product: bbb9ca2937e3 | File: bbb9ca2937e3_012.jpg | Source: blinkit | URL: https://cdn.grofers.com/cdn-cgi/image/f=auto,fit=scale-down,q=70,metadata=none,w=270/da/cms-assets/cms/product/rc-upload-1773718842673-772.png
2026-06-05 16:34:45.370 | INFO     | __main__:process_urls_for_product:190 - Verified Source Attribution | Product: bbb9ca2937e3 | File: bbb9ca2937e3_013.jpg | Source: blinkit | URL: https://cdn.grofers.com/cdn-cgi/image/f=auto,fit=scale-down,q=70,metadata=none,w=270/da/cms-assets/cms/product/72e84ea6-64d5-409c-8e43-e1d7af31e6c9.png
2026-06-05 16:34:45.621 | INFO     | __main__:process_urls_for_product:190 - Verified Source Attribution | Product: bbb9ca2937e3 | File: bbb9ca2937e3_014.jpg | Source: blinkit | URL: https://cdn.grofers.com/cdn-cgi/image/f=auto,fit=scale-down,q=70,metadata=none,w=270/da/cms-assets/cms/product/rc-upload-1777287844551-366.png
2026-06-05 16:35:57.277 | INFO     | __main__:download_product_images:223 - Product cb5edc38264d has 0 images (min 10). Using Playwright fallback.
2026-06-05 16:36:00.992 | INFO     | nure.playwright_sources:collect_playwright_images:99 - Playwright blinkit 'Laxmi Toor Dal (Vasad Madhi) S': 15 URLs
2026-06-05 16:36:04.318 | DEBUG    | nure.playwright_sources:collect_playwright_images:95 - Playwright timeout for bigbasket on Laxmi Toor Dal (Vasad Madhi) S
2026-06-05 16:36:04.318 | INFO     | nure.playwright_sources:collect_playwright_images:99 - Playwright bigbasket 'Laxmi Toor Dal (Vasad Madhi) S': 0 URLs
2026-06-05 16:36:06.706 | INFO     | nure.playwright_sources:collect_playwright_images:99 - Playwright jiomart 'Laxmi Toor Dal (Vasad Madhi) S': 1 URLs
2026-06-05 16:36:09.249 | INFO     | nure.playwright_sources:collect_playwright_images:99 - Playwright flipkart 'Laxmi Toor Dal (Vasad Madhi) S': 0 URLs
2026-06-05 16:36:09.394 | INFO     | __main__:process_urls_for_product:190 - Verified Source Attribution | Product: cb5edc38264d | File: cb5edc38264d_000.jpg | Source: blinkit | URL: https://cdn.grofers.com/cdn-cgi/image/f=auto,fit=scale-down,q=70,metadata=none,w=270/da/cms-assets/cms/product/33bc0373-f434-4cc1-97b6-af6f50cf2176.png
2026-06-05 16:36:09.705 | INFO     | __main__:process_urls_for_product:190 - Verified Source Attribution | Product: cb5edc38264d | File: cb5edc38264d_001.jpg | Source: blinkit | URL: https://cdn.grofers.com/cdn-cgi/image/f=auto,fit=scale-down,q=70,metadata=none,w=270/da/cms-assets/cms/product/rc-upload-1777287844551-366.png
2026-06-05 16:36:10.052 | INFO     | __main__:process_urls_for_product:190 - Verified Source Attribution | Product: cb5edc38264d | File: cb5edc38264d_002.jpg | Source: blinkit | URL: https://cdn.grofers.com/cdn-cgi/image/f=auto,fit=scale-down,q=70,metadata=none,w=270/da/cms-assets/cms/product/0c76b7bb-ef40-40c7-8ce9-32c8d55a7663.png
2026-06-05 16:36:10.306 | INFO     | __main__:process_urls_for_product:190 - Verified Source Attribution | Product: cb5edc38264d | File: cb5edc38264d_003.jpg | Source: blinkit | URL: https://cdn.grofers.com/cdn-cgi/image/f=auto,fit=scale-down,q=70,metadata=none,w=270/da/cms-assets/cms/product/10e2287b-b293-43c4-8570-ff9eb409b1eb.png
2026-06-05 16:36:10.565 | INFO     | __main__:process_urls_for_product:190 - Verified Source Attribution | Product: cb5edc38264d | File: cb5edc38264d_004.jpg | Source: blinkit | URL: https://cdn.grofers.com/cdn-cgi/image/f=auto,fit=scale-down,q=70,metadata=none,w=270/da/cms-assets/cms/product/30d568a1-c12d-4aa4-9405-c2e8ada1dde0.png
2026-06-05 16:36:10.830 | INFO     | __main__:process_urls_for_product:190 - Verified Source Attribution | Product: cb5edc38264d | File: cb5edc38264d_005.jpg | Source: blinkit | URL: https://cdn.grofers.com/cdn-cgi/image/f=auto,fit=scale-down,q=70,metadata=none,w=270/da/cms-assets/cms/product/rc-upload-1771077457557-24.png
2026-06-05 16:36:11.174 | INFO     | __main__:process_urls_for_product:190 - Verified Source Attribution | Product: cb5edc38264d | File: cb5edc38264d_006.jpg | Source: blinkit | URL: https://cdn.grofers.com/cdn-cgi/image/f=auto,fit=scale-down,q=70,metadata=none,w=270/da/cms-assets/cms/product/11cd3349-3852-4f32-ae93-0562a540c647.png
2026-06-05 16:36:11.485 | INFO     | __main__:process_urls_for_product:190 - Verified Source Attribution | Product: cb5edc38264d | File: cb5edc38264d_007.jpg | Source: blinkit | URL: https://cdn.grofers.com/cdn-cgi/image/f=auto,fit=scale-down,q=70,metadata=none,w=270/da/cms-assets/cms/product/rc-upload-1777014961943-204.png
2026-06-05 16:36:11.732 | INFO     | __main__:process_urls_for_product:190 - Verified Source Attribution | Product: cb5edc38264d | File: cb5edc38264d_008.jpg | Source: blinkit | URL: https://cdn.grofers.com/cdn-cgi/image/f=auto,fit=scale-down,q=70,metadata=none,w=270/da/cms-assets/cms/product/22c9bbc3-0dc5-4d9b-8c9a-7e0ec7c061d1.png
2026-06-05 16:36:11.982 | INFO     | __main__:process_urls_for_product:190 - Verified Source Attribution | Product: cb5edc38264d | File: cb5edc38264d_009.jpg | Source: blinkit | URL: https://cdn.grofers.com/cdn-cgi/image/f=auto,fit=scale-down,q=70,metadata=none,w=270/da/cms-assets/cms/product/bdcee737-aabd-4eb4-a642-90a086006976.png
2026-06-05 16:36:12.317 | INFO     | __main__:process_urls_for_product:190 - Verified Source Attribution | Product: cb5edc38264d | File: cb5edc38264d_010.jpg | Source: blinkit | URL: https://cdn.grofers.com/cdn-cgi/image/f=auto,fit=scale-down,q=70,metadata=none,w=270/da/cms-assets/cms/product/a38d70b9-59e1-4ced-b06e-a2238c670e12.png
2026-06-05 16:36:15.081 | INFO     | nure.image_sources:collect_amazon_images:178 - Amazon 'Shani Toor Dal 1kg': 1 URLs
2026-06-05 16:36:16.842 | INFO     | nure.image_sources:collect_bing_images:149 - Bing 'Shani Toor Dal': 0 URLs
2026-06-05 16:36:53.597 | INFO     | __main__:process_urls_for_product:190 - Verified Source Attribution | Product: 880a8f329cfa | File: 880a8f329cfa_000.jpg | Source: amazon | URL: https://m.media-amazon.com/images/I/31Ip4aURUpL.png
2026-06-05 16:36:53.755 | INFO     | __main__:download_product_images:223 - Product 880a8f329cfa has 1 images (min 10). Using Playwright fallback.
2026-06-05 16:36:57.218 | INFO     | nure.playwright_sources:collect_playwright_images:99 - Playwright blinkit 'Shani Toor Dal': 15 URLs
2026-06-05 16:37:00.612 | DEBUG    | nure.playwright_sources:collect_playwright_images:95 - Playwright timeout for bigbasket on Shani Toor Dal
2026-06-05 16:37:00.612 | INFO     | nure.playwright_sources:collect_playwright_images:99 - Playwright bigbasket 'Shani Toor Dal': 0 URLs
2026-06-05 16:37:02.914 | INFO     | nure.playwright_sources:collect_playwright_images:99 - Playwright jiomart 'Shani Toor Dal': 1 URLs
2026-06-05 16:37:05.438 | INFO     | nure.playwright_sources:collect_playwright_images:99 - Playwright flipkart 'Shani Toor Dal 1kg': 0 URLs
2026-06-05 16:37:05.584 | INFO     | __main__:process_urls_for_product:190 - Verified Source Attribution | Product: 880a8f329cfa | File: 880a8f329cfa_001.jpg | Source: blinkit | URL: https://cdn.grofers.com/cdn-cgi/image/f=auto,fit=scale-down,q=70,metadata=none,w=270/da/cms-assets/cms/product/33bc0373-f434-4cc1-97b6-af6f50cf2176.png
2026-06-05 16:37:05.894 | INFO     | __main__:process_urls_for_product:190 - Verified Source Attribution | Product: 880a8f329cfa | File: 880a8f329cfa_002.jpg | Source: blinkit | URL: https://cdn.grofers.com/cdn-cgi/image/f=auto,fit=scale-down,q=70,metadata=none,w=270/da/cms-assets/cms/product/0c76b7bb-ef40-40c7-8ce9-32c8d55a7663.png
2026-06-05 16:37:06.132 | INFO     | __main__:process_urls_for_product:190 - Verified Source Attribution | Product: 880a8f329cfa | File: 880a8f329cfa_003.jpg | Source: blinkit | URL: https://cdn.grofers.com/cdn-cgi/image/f=auto,fit=scale-down,q=70,metadata=none,w=270/da/cms-assets/cms/product/rc-upload-1777287844551-366.png
2026-06-05 16:37:06.383 | INFO     | __main__:process_urls_for_product:190 - Verified Source Attribution | Product: 880a8f329cfa | File: 880a8f329cfa_004.jpg | Source: blinkit | URL: https://cdn.grofers.com/cdn-cgi/image/f=auto,fit=scale-down,q=70,metadata=none,w=270/da/cms-assets/cms/product/10e2287b-b293-43c4-8570-ff9eb409b1eb.png
2026-06-05 16:37:06.643 | INFO     | __main__:process_urls_for_product:190 - Verified Source Attribution | Product: 880a8f329cfa | File: 880a8f329cfa_005.jpg | Source: blinkit | URL: https://cdn.grofers.com/cdn-cgi/image/f=auto,fit=scale-down,q=70,metadata=none,w=270/da/cms-assets/cms/product/30d568a1-c12d-4aa4-9405-c2e8ada1dde0.png
2026-06-05 16:37:07.066 | INFO     | __main__:process_urls_for_product:190 - Verified Source Attribution | Product: 880a8f329cfa | File: 880a8f329cfa_006.jpg | Source: blinkit | URL: https://cdn.grofers.com/cdn-cgi/image/f=auto,fit=scale-down,q=70,metadata=none,w=270/da/cms-assets/cms/product/rc-upload-1771077457557-24.png
2026-06-05 16:37:07.304 | INFO     | __main__:process_urls_for_product:190 - Verified Source Attribution | Product: 880a8f329cfa | File: 880a8f329cfa_007.jpg | Source: blinkit | URL: https://cdn.grofers.com/cdn-cgi/image/f=auto,fit=scale-down,q=70,metadata=none,w=270/da/cms-assets/cms/product/a38d70b9-59e1-4ced-b06e-a2238c670e12.png
2026-06-05 16:37:07.556 | INFO     | __main__:process_urls_for_product:190 - Verified Source Attribution | Product: 880a8f329cfa | File: 880a8f329cfa_008.jpg | Source: blinkit | URL: https://cdn.grofers.com/cdn-cgi/image/f=auto,fit=scale-down,q=70,metadata=none,w=270/da/cms-assets/cms/product/72e84ea6-64d5-409c-8e43-e1d7af31e6c9.png
2026-06-05 16:37:07.800 | INFO     | __main__:process_urls_for_product:190 - Verified Source Attribution | Product: 880a8f329cfa | File: 880a8f329cfa_009.jpg | Source: blinkit | URL: https://cdn.grofers.com/cdn-cgi/image/f=auto,fit=scale-down,q=70,metadata=none,w=270/da/cms-assets/cms/product/bdcee737-aabd-4eb4-a642-90a086006976.png
2026-06-05 16:37:08.142 | INFO     | __main__:process_urls_for_product:190 - Verified Source Attribution | Product: 880a8f329cfa | File: 880a8f329cfa_010.jpg | Source: blinkit | URL: https://cdn.grofers.com/cdn-cgi/image/f=auto,fit=scale-down,q=70,metadata=none,w=270/da/cms-assets/cms/product/rc-upload-1773718842673-772.png
2026-06-05 16:37:08.391 | INFO     | __main__:process_urls_for_product:190 - Verified Source Attribution | Product: 880a8f329cfa | File: 880a8f329cfa_011.jpg | Source: blinkit | URL: https://cdn.grofers.com/cdn-cgi/image/f=auto,fit=scale-down,q=70,metadata=none,w=270/da/cms-assets/cms/product/22c9bbc3-0dc5-4d9b-8c9a-7e0ec7c061d1.png
2026-06-05 16:38:59.813 | INFO     | __main__:download_product_images:223 - Product 7203782acf09 has 0 images (min 10). Using Playwright fallback.
2026-06-05 16:39:03.750 | INFO     | nure.playwright_sources:collect_playwright_images:99 - Playwright blinkit 'Moong Dal Bikaji Moong Dal 200': 15 URLs
2026-06-05 16:39:07.107 | DEBUG    | nure.playwright_sources:collect_playwright_images:95 - Playwright timeout for bigbasket on Moong Dal Bikaji Moong Dal 200
2026-06-05 16:39:07.107 | INFO     | nure.playwright_sources:collect_playwright_images:99 - Playwright bigbasket 'Moong Dal Bikaji Moong Dal 200': 0 URLs
2026-06-05 16:39:09.686 | INFO     | nure.playwright_sources:collect_playwright_images:99 - Playwright jiomart 'Moong Dal Bikaji Moong Dal 200': 1 URLs
2026-06-05 16:39:12.138 | INFO     | nure.playwright_sources:collect_playwright_images:99 - Playwright flipkart 'Moong Dal Bikaji Moong Dal 200': 0 URLs
2026-06-05 16:39:12.284 | INFO     | __main__:process_urls_for_product:190 - Verified Source Attribution | Product: 7203782acf09 | File: 7203782acf09_000.jpg | Source: blinkit | URL: https://cdn.grofers.com/cdn-cgi/image/f=auto,fit=scale-down,q=70,metadata=none,w=270/da/cms-assets/cms/product/716290f6-2028-405b-a7eb-256c84261baa.png
2026-06-05 16:39:12.631 | INFO     | __main__:process_urls_for_product:190 - Verified Source Attribution | Product: 7203782acf09 | File: 7203782acf09_001.jpg | Source: blinkit | URL: https://cdn.grofers.com/cdn-cgi/image/f=auto,fit=scale-down,q=70,metadata=none,w=270/da/cms-assets/cms/product/0f82fa5b-b1b9-4aec-b557-277dec9d3e51.png
2026-06-05 16:39:13.083 | INFO     | __main__:process_urls_for_product:190 - Verified Source Attribution | Product: 7203782acf09 | File: 7203782acf09_002.jpg | Source: blinkit | URL: https://cdn.grofers.com/cdn-cgi/image/f=auto,fit=scale-down,q=70,metadata=none,w=270/da/cms-assets/cms/product/rc-upload-1770963085463-92.png
2026-06-05 16:39:13.366 | INFO     | __main__:process_urls_for_product:190 - Verified Source Attribution | Product: 7203782acf09 | File: 7203782acf09_003.jpg | Source: blinkit | URL: https://cdn.grofers.com/cdn-cgi/image/f=auto,fit=scale-down,q=70,metadata=none,w=270/da/cms-assets/cms/product/544405b7-1b52-4ff5-836b-1b7a943c0378.png
2026-06-05 16:39:13.608 | INFO     | __main__:process_urls_for_product:190 - Verified Source Attribution | Product: 7203782acf09 | File: 7203782acf09_004.jpg | Source: blinkit | URL: https://cdn.grofers.com/cdn-cgi/image/f=auto,fit=scale-down,q=70,metadata=none,w=270/da/cms-assets/cms/product/rc-upload-1776224931608-66.png
2026-06-05 16:39:13.859 | INFO     | __main__:process_urls_for_product:190 - Verified Source Attribution | Product: 7203782acf09 | File: 7203782acf09_005.jpg | Source: blinkit | URL: https://cdn.grofers.com/cdn-cgi/image/f=auto,fit=scale-down,q=70,metadata=none,w=270/da/cms-assets/cms/product/d9b349bc-c4a4-4afe-b130-75640f409e7b.png
2026-06-05 16:39:14.102 | INFO     | __main__:process_urls_for_product:190 - Verified Source Attribution | Product: 7203782acf09 | File: 7203782acf09_006.jpg | Source: blinkit | URL: https://cdn.grofers.com/cdn-cgi/image/f=auto,fit=scale-down,q=70,metadata=none,w=270/da/cms-assets/cms/product/rc-upload-1777953701494-8666.png
2026-06-05 16:39:14.350 | INFO     | __main__:process_urls_for_product:190 - Verified Source Attribution | Product: 7203782acf09 | File: 7203782acf09_007.jpg | Source: blinkit | URL: https://cdn.grofers.com/cdn-cgi/image/f=auto,fit=scale-down,q=70,metadata=none,w=270/da/cms-assets/cms/product/rc-upload-1771214347138-330.png
2026-06-05 16:39:14.594 | INFO     | __main__:process_urls_for_product:190 - Verified Source Attribution | Product: 7203782acf09 | File: 7203782acf09_008.jpg | Source: blinkit | URL: https://cdn.grofers.com/cdn-cgi/image/f=auto,fit=scale-down,q=70,metadata=none,w=270/da/cms-assets/cms/product/rc-upload-1775816565267-239.png
2026-06-05 16:39:14.831 | INFO     | __main__:process_urls_for_product:190 - Verified Source Attribution | Product: 7203782acf09 | File: 7203782acf09_009.jpg | Source: blinkit | URL: https://cdn.grofers.com/cdn-cgi/image/f=auto,fit=scale-down,q=70,metadata=none,w=270/da/cms-assets/cms/product/rc-upload-1770204173073-431.png
2026-06-05 16:39:15.077 | INFO     | __main__:process_urls_for_product:190 - Verified Source Attribution | Product: 7203782acf09 | File: 7203782acf09_010.jpg | Source: blinkit | URL: https://cdn.grofers.com/cdn-cgi/image/f=auto,fit=scale-down,q=70,metadata=none,w=270/da/cms-assets/cms/product/3ef33e7c-54b0-4f50-8c65-ee7a2b4efea8.png
2026-06-05 16:39:15.330 | INFO     | __main__:process_urls_for_product:190 - Verified Source Attribution | Product: 7203782acf09 | File: 7203782acf09_011.jpg | Source: blinkit | URL: https://cdn.grofers.com/cdn-cgi/image/f=auto,fit=scale-down,q=70,metadata=none,w=270/da/cms-assets/cms/product/264e51e2-e3ce-4a05-a3c3-8009ccfbc1bd.png
2026-06-05 16:39:15.577 | INFO     | __main__:process_urls_for_product:190 - Verified Source Attribution | Product: 7203782acf09 | File: 7203782acf09_012.jpg | Source: blinkit | URL: https://cdn.grofers.com/cdn-cgi/image/f=auto,fit=scale-down,q=70,metadata=none,w=270/da/cms-assets/cms/product/rc-upload-1769665649676-577.png
2026-06-05 16:39:15.819 | INFO     | __main__:process_urls_for_product:190 - Verified Source Attribution | Product: 7203782acf09 | File: 7203782acf09_013.jpg | Source: blinkit | URL: https://cdn.grofers.com/cdn-cgi/image/f=auto,fit=scale-down,q=70,metadata=none,w=270/da/cms-assets/cms/product/rc-upload-1777953701494-8714.png
2026-06-05 16:40:27.137 | INFO     | __main__:download_product_images:223 - Product d8e0af980e79 has 0 images (min 10). Using Playwright fallback.
2026-06-05 16:40:30.661 | INFO     | nure.playwright_sources:collect_playwright_images:99 - Playwright blinkit 'Haldiram's Moong Dal': 15 URLs
2026-06-05 16:40:34.047 | DEBUG    | nure.playwright_sources:collect_playwright_images:95 - Playwright timeout for bigbasket on Haldiram's Moong Dal
2026-06-05 16:40:34.048 | INFO     | nure.playwright_sources:collect_playwright_images:99 - Playwright bigbasket 'Haldiram's Moong Dal': 0 URLs
2026-06-05 16:40:36.685 | INFO     | nure.playwright_sources:collect_playwright_images:99 - Playwright jiomart 'Haldiram's Moong Dal': 1 URLs
2026-06-05 16:40:39.156 | INFO     | nure.playwright_sources:collect_playwright_images:99 - Playwright flipkart 'Haldiram's Moong Dal 1 kg': 0 URLs
2026-06-05 16:40:39.429 | INFO     | __main__:process_urls_for_product:190 - Verified Source Attribution | Product: d8e0af980e79 | File: d8e0af980e79_000.jpg | Source: blinkit | URL: https://cdn.grofers.com/cdn-cgi/image/f=auto,fit=scale-down,q=70,metadata=none,w=270/da/cms-assets/cms/product/716290f6-2028-405b-a7eb-256c84261baa.png
2026-06-05 16:40:39.755 | INFO     | __main__:process_urls_for_product:190 - Verified Source Attribution | Product: d8e0af980e79 | File: d8e0af980e79_001.jpg | Source: blinkit | URL: https://cdn.grofers.com/cdn-cgi/image/f=auto,fit=scale-down,q=70,metadata=none,w=270/da/cms-assets/cms/product/544405b7-1b52-4ff5-836b-1b7a943c0378.png
2026-06-05 16:40:40.014 | INFO     | __main__:process_urls_for_product:190 - Verified Source Attribution | Product: d8e0af980e79 | File: d8e0af980e79_002.jpg | Source: blinkit | URL: https://cdn.grofers.com/cdn-cgi/image/f=auto,fit=scale-down,q=70,metadata=none,w=270/da/cms-assets/cms/product/35993e4f-b445-48f9-86f6-0f8f6b32ba8d.png
2026-06-05 16:40:40.254 | INFO     | __main__:process_urls_for_product:190 - Verified Source Attribution | Product: d8e0af980e79 | File: d8e0af980e79_003.jpg | Source: blinkit | URL: https://cdn.grofers.com/cdn-cgi/image/f=auto,fit=scale-down,q=70,metadata=none,w=270/da/cms-assets/cms/product/0f82fa5b-b1b9-4aec-b557-277dec9d3e51.png
2026-06-05 16:40:40.503 | INFO     | __main__:process_urls_for_product:190 - Verified Source Attribution | Product: d8e0af980e79 | File: d8e0af980e79_004.jpg | Source: blinkit | URL: https://cdn.grofers.com/cdn-cgi/image/f=auto,fit=scale-down,q=70,metadata=none,w=270/da/cms-assets/cms/product/rc-upload-1770963085463-92.png
2026-06-05 16:40:40.767 | INFO     | __main__:process_urls_for_product:190 - Verified Source Attribution | Product: d8e0af980e79 | File: d8e0af980e79_005.jpg | Source: blinkit | URL: https://cdn.grofers.com/cdn-cgi/image/f=auto,fit=scale-down,q=70,metadata=none,w=270/da/cms-assets/cms/product/rc-upload-1776224931608-66.png
2026-06-05 16:40:41.065 | INFO     | __main__:process_urls_for_product:190 - Verified Source Attribution | Product: d8e0af980e79 | File: d8e0af980e79_006.jpg | Source: blinkit | URL: https://cdn.grofers.com/cdn-cgi/image/f=auto,fit=scale-down,q=70,metadata=none,w=270/da/cms-assets/cms/product/78285524-2451-405a-951e-7cd114811403.png
2026-06-05 16:40:41.315 | INFO     | __main__:process_urls_for_product:190 - Verified Source Attribution | Product: d8e0af980e79 | File: d8e0af980e79_007.jpg | Source: blinkit | URL: https://cdn.grofers.com/cdn-cgi/image/f=auto,fit=scale-down,q=70,metadata=none,w=270/da/cms-assets/cms/product/rc-upload-1775816565267-231.png
2026-06-05 16:40:41.572 | INFO     | __main__:process_urls_for_product:190 - Verified Source Attribution | Product: d8e0af980e79 | File: d8e0af980e79_008.jpg | Source: blinkit | URL: https://cdn.grofers.com/cdn-cgi/image/f=auto,fit=scale-down,q=70,metadata=none,w=270/da/cms-assets/cms/product/355563a7-3a0c-477e-8e41-1f0df08ecbba.png
2026-06-05 16:40:41.826 | INFO     | __main__:process_urls_for_product:190 - Verified Source Attribution | Product: d8e0af980e79 | File: d8e0af980e79_009.jpg | Source: blinkit | URL: https://cdn.grofers.com/cdn-cgi/image/f=auto,fit=scale-down,q=70,metadata=none,w=270/da/cms-assets/cms/product/rc-upload-1775044979893-243.png
2026-06-05 16:40:42.092 | INFO     | __main__:process_urls_for_product:190 - Verified Source Attribution | Product: d8e0af980e79 | File: d8e0af980e79_010.jpg | Source: blinkit | URL: https://cdn.grofers.com/cdn-cgi/image/f=auto,fit=scale-down,q=70,metadata=none,w=270/da/cms-assets/cms/product/rc-upload-1777953701494-8647.png
2026-06-05 16:40:42.338 | INFO     | __main__:process_urls_for_product:190 - Verified Source Attribution | Product: d8e0af980e79 | File: d8e0af980e79_011.jpg | Source: blinkit | URL: https://cdn.grofers.com/cdn-cgi/image/f=auto,fit=scale-down,q=70,metadata=none,w=270/da/cms-assets/cms/product/6c5a8237-fec8-464d-a6ad-a7abe0ea6c12.png
2026-06-05 16:41:53.885 | INFO     | __main__:download_product_images:223 - Product e55d0a03f705 has 0 images (min 10). Using Playwright fallback.
2026-06-05 16:41:57.208 | INFO     | nure.playwright_sources:collect_playwright_images:99 - Playwright blinkit 'Deep Moong Dal': 15 URLs
2026-06-05 16:42:00.581 | DEBUG    | nure.playwright_sources:collect_playwright_images:95 - Playwright timeout for bigbasket on Deep Moong Dal
2026-06-05 16:42:00.581 | INFO     | nure.playwright_sources:collect_playwright_images:99 - Playwright bigbasket 'Deep Moong Dal': 0 URLs
2026-06-05 16:42:03.370 | INFO     | nure.playwright_sources:collect_playwright_images:99 - Playwright jiomart 'Deep Moong Dal': 1 URLs
2026-06-05 16:42:05.898 | INFO     | nure.playwright_sources:collect_playwright_images:99 - Playwright flipkart 'Deep Moong Dal 35 g': 0 URLs
2026-06-05 16:42:06.036 | INFO     | __main__:process_urls_for_product:190 - Verified Source Attribution | Product: e55d0a03f705 | File: e55d0a03f705_000.jpg | Source: blinkit | URL: https://cdn.grofers.com/cdn-cgi/image/f=auto,fit=scale-down,q=70,metadata=none,w=270/da/cms-assets/cms/product/5c79049b-14e5-4439-af5a-39d6326b9835.png
2026-06-05 16:42:06.331 | INFO     | __main__:process_urls_for_product:190 - Verified Source Attribution | Product: e55d0a03f705 | File: e55d0a03f705_001.jpg | Source: blinkit | URL: https://cdn.grofers.com/cdn-cgi/image/f=auto,fit=scale-down,q=70,metadata=none,w=270/da/cms-assets/cms/product/d0799cef-246f-4750-a878-49f893403c2c.png
2026-06-05 16:42:06.556 | INFO     | __main__:process_urls_for_product:190 - Verified Source Attribution | Product: e55d0a03f705 | File: e55d0a03f705_002.jpg | Source: blinkit | URL: https://cdn.grofers.com/cdn-cgi/image/f=auto,fit=scale-down,q=70,metadata=none,w=270/da/cms-assets/cms/product/rc-upload-1777287844551-410.png
2026-06-05 16:42:06.843 | INFO     | __main__:process_urls_for_product:190 - Verified Source Attribution | Product: e55d0a03f705 | File: e55d0a03f705_003.jpg | Source: blinkit | URL: https://cdn.grofers.com/cdn-cgi/image/f=auto,fit=scale-down,q=70,metadata=none,w=270/da/cms-assets/cms/product/be8bd3a2-404a-4f59-8e23-bfcbd12200cc.png
2026-06-05 16:42:07.087 | INFO     | __main__:process_urls_for_product:190 - Verified Source Attribution | Product: e55d0a03f705 | File: e55d0a03f705_004.jpg | Source: blinkit | URL: https://cdn.grofers.com/cdn-cgi/image/f=auto,fit=scale-down,q=70,metadata=none,w=270/da/cms-assets/cms/product/16ed5e12-93e3-4c3c-920e-f960247e0631.png
2026-06-05 16:42:07.322 | INFO     | __main__:process_urls_for_product:190 - Verified Source Attribution | Product: e55d0a03f705 | File: e55d0a03f705_005.jpg | Source: blinkit | URL: https://cdn.grofers.com/cdn-cgi/image/f=auto,fit=scale-down,q=70,metadata=none,w=270/da/cms-assets/cms/product/02df9a2e-1f4a-4bf3-bb06-3ff419ed5ee2.png
2026-06-05 16:42:07.585 | INFO     | __main__:process_urls_for_product:190 - Verified Source Attribution | Product: e55d0a03f705 | File: e55d0a03f705_006.jpg | Source: blinkit | URL: https://cdn.grofers.com/cdn-cgi/image/f=auto,fit=scale-down,q=70,metadata=none,w=270/da/cms-assets/cms/product/668245b7-1328-46aa-af47-cdb067e97219.png
2026-06-05 16:42:07.877 | INFO     | __main__:process_urls_for_product:190 - Verified Source Attribution | Product: e55d0a03f705 | File: e55d0a03f705_007.jpg | Source: blinkit | URL: https://cdn.grofers.com/cdn-cgi/image/f=auto,fit=scale-down,q=70,metadata=none,w=270/da/cms-assets/cms/product/e6102ce2-b2e9-49fb-a63c-7a099d2159b7.png
2026-06-05 16:42:08.275 | INFO     | __main__:process_urls_for_product:190 - Verified Source Attribution | Product: e55d0a03f705 | File: e55d0a03f705_008.jpg | Source: blinkit | URL: https://cdn.grofers.com/cdn-cgi/image/f=auto,fit=scale-down,q=70,metadata=none,w=270/da/cms-assets/cms/product/rc-upload-1777287844551-429.png
2026-06-05 16:42:08.524 | INFO     | __main__:process_urls_for_product:190 - Verified Source Attribution | Product: e55d0a03f705 | File: e55d0a03f705_009.jpg | Source: blinkit | URL: https://cdn.grofers.com/cdn-cgi/image/f=auto,fit=scale-down,q=70,metadata=none,w=270/da/cms-assets/cms/product/0c8e51b2-daa1-4bdb-bbe3-50c43e04f7ff.png
2026-06-05 16:42:08.770 | INFO     | __main__:process_urls_for_product:190 - Verified Source Attribution | Product: e55d0a03f705 | File: e55d0a03f705_010.jpg | Source: blinkit | URL: https://cdn.grofers.com/cdn-cgi/image/f=auto,fit=scale-down,q=70,metadata=none,w=270/da/cms-assets/cms/product/21b2d69a-c40a-459c-ad41-40d528b08890.png
2026-06-05 16:43:32.631 | INFO     | __main__:download_product_images:223 - Product 9f46e2fa0e0d has 0 images (min 10). Using Playwright fallback.
2026-06-05 16:43:35.956 | INFO     | nure.playwright_sources:collect_playwright_images:99 - Playwright blinkit 'Haldiram's Moong Dal Indian Sn': 15 URLs
2026-06-05 16:43:39.327 | DEBUG    | nure.playwright_sources:collect_playwright_images:95 - Playwright timeout for bigbasket on Haldiram's Moong Dal Indian Sn
2026-06-05 16:43:39.327 | INFO     | nure.playwright_sources:collect_playwright_images:99 - Playwright bigbasket 'Haldiram's Moong Dal Indian Sn': 0 URLs
2026-06-05 16:43:41.599 | INFO     | nure.playwright_sources:collect_playwright_images:99 - Playwright jiomart 'Haldiram's Moong Dal Indian Sn': 1 URLs
2026-06-05 16:43:44.384 | INFO     | nure.playwright_sources:collect_playwright_images:99 - Playwright flipkart 'Haldiram's Moong Dal Indian Sn': 0 URLs
2026-06-05 16:43:44.540 | INFO     | __main__:process_urls_for_product:190 - Verified Source Attribution | Product: 9f46e2fa0e0d | File: 9f46e2fa0e0d_000.jpg | Source: blinkit | URL: https://cdn.grofers.com/cdn-cgi/image/f=auto,fit=scale-down,q=70,metadata=none,w=270/da/cms-assets/cms/product/716290f6-2028-405b-a7eb-256c84261baa.png
2026-06-05 16:43:44.847 | INFO     | __main__:process_urls_for_product:190 - Verified Source Attribution | Product: 9f46e2fa0e0d | File: 9f46e2fa0e0d_001.jpg | Source: blinkit | URL: https://cdn.grofers.com/cdn-cgi/image/f=auto,fit=scale-down,q=70,metadata=none,w=270/da/cms-assets/cms/product/544405b7-1b52-4ff5-836b-1b7a943c0378.png
2026-06-05 16:43:45.082 | INFO     | __main__:process_urls_for_product:190 - Verified Source Attribution | Product: 9f46e2fa0e0d | File: 9f46e2fa0e0d_002.jpg | Source: blinkit | URL: https://cdn.grofers.com/cdn-cgi/image/f=auto,fit=scale-down,q=70,metadata=none,w=270/da/cms-assets/cms/product/0f82fa5b-b1b9-4aec-b557-277dec9d3e51.png
2026-06-05 16:43:45.328 | INFO     | __main__:process_urls_for_product:190 - Verified Source Attribution | Product: 9f46e2fa0e0d | File: 9f46e2fa0e0d_003.jpg | Source: blinkit | URL: https://cdn.grofers.com/cdn-cgi/image/f=auto,fit=scale-down,q=70,metadata=none,w=270/da/cms-assets/cms/product/35993e4f-b445-48f9-86f6-0f8f6b32ba8d.png
2026-06-05 16:43:45.567 | INFO     | __main__:process_urls_for_product:190 - Verified Source Attribution | Product: 9f46e2fa0e0d | File: 9f46e2fa0e0d_004.jpg | Source: blinkit | URL: https://cdn.grofers.com/cdn-cgi/image/f=auto,fit=scale-down,q=70,metadata=none,w=270/da/cms-assets/cms/product/rc-upload-1770963085463-92.png
2026-06-05 16:43:45.825 | INFO     | __main__:process_urls_for_product:190 - Verified Source Attribution | Product: 9f46e2fa0e0d | File: 9f46e2fa0e0d_005.jpg | Source: blinkit | URL: https://cdn.grofers.com/cdn-cgi/image/f=auto,fit=scale-down,q=70,metadata=none,w=270/da/cms-assets/cms/product/264e51e2-e3ce-4a05-a3c3-8009ccfbc1bd.png
2026-06-05 16:43:46.109 | INFO     | __main__:process_urls_for_product:190 - Verified Source Attribution | Product: 9f46e2fa0e0d | File: 9f46e2fa0e0d_006.jpg | Source: blinkit | URL: https://cdn.grofers.com/cdn-cgi/image/f=auto,fit=scale-down,q=70,metadata=none,w=270/da/cms-assets/cms/product/rc-upload-1775639922310-68.png
2026-06-05 16:43:46.373 | INFO     | __main__:process_urls_for_product:190 - Verified Source Attribution | Product: 9f46e2fa0e0d | File: 9f46e2fa0e0d_007.jpg | Source: blinkit | URL: https://cdn.grofers.com/cdn-cgi/image/f=auto,fit=scale-down,q=70,metadata=none,w=270/da/cms-assets/cms/product/rc-upload-1776224931608-66.png
2026-06-05 16:43:46.631 | INFO     | __main__:process_urls_for_product:190 - Verified Source Attribution | Product: 9f46e2fa0e0d | File: 9f46e2fa0e0d_008.jpg | Source: blinkit | URL: https://cdn.grofers.com/cdn-cgi/image/f=auto,fit=scale-down,q=70,metadata=none,w=270/da/cms-assets/cms/product/355563a7-3a0c-477e-8e41-1f0df08ecbba.png
2026-06-05 16:43:46.891 | INFO     | __main__:process_urls_for_product:190 - Verified Source Attribution | Product: 9f46e2fa0e0d | File: 9f46e2fa0e0d_009.jpg | Source: blinkit | URL: https://cdn.grofers.com/cdn-cgi/image/f=auto,fit=scale-down,q=70,metadata=none,w=270/da/cms-assets/cms/product/rc-upload-1771214347138-330.png
2026-06-05 16:43:47.149 | INFO     | __main__:process_urls_for_product:190 - Verified Source Attribution | Product: 9f46e2fa0e0d | File: 9f46e2fa0e0d_010.jpg | Source: blinkit | URL: https://cdn.grofers.com/cdn-cgi/image/f=auto,fit=scale-down,q=70,metadata=none,w=270/da/cms-assets/cms/product/733a0ca5-1314-4f20-80aa-6a7beae2129f.png
2026-06-05 16:43:47.394 | INFO     | __main__:process_urls_for_product:190 - Verified Source Attribution | Product: 9f46e2fa0e0d | File: 9f46e2fa0e0d_011.jpg | Source: blinkit | URL: https://cdn.grofers.com/cdn-cgi/image/f=auto,fit=scale-down,q=70,metadata=none,w=270/da/cms-assets/cms/product/989dc08d-0f48-4d80-a5f5-7b9df1b721d5.png
2026-06-05 16:43:47.754 | INFO     | __main__:process_urls_for_product:190 - Verified Source Attribution | Product: 9f46e2fa0e0d | File: 9f46e2fa0e0d_012.jpg | Source: blinkit | URL: https://cdn.grofers.com/cdn-cgi/image/f=auto,fit=scale-down,q=70,metadata=none,w=270/da/cms-assets/cms/product/46281d26-6cf0-47ac-9c40-83390ad5584a.png
2026-06-05 16:45:11.445 | INFO     | __main__:download_product_images:223 - Product ad2bce160834 has 0 images (min 10). Using Playwright fallback.
2026-06-05 16:45:14.866 | INFO     | nure.playwright_sources:collect_playwright_images:99 - Playwright blinkit 'Rehmat-e-Sheren Dal Moong': 15 URLs
2026-06-05 16:45:18.194 | DEBUG    | nure.playwright_sources:collect_playwright_images:95 - Playwright timeout for bigbasket on Rehmat-e-Sheren Dal Moong
2026-06-05 16:45:18.194 | INFO     | nure.playwright_sources:collect_playwright_images:99 - Playwright bigbasket 'Rehmat-e-Sheren Dal Moong': 0 URLs
2026-06-05 16:45:20.441 | INFO     | nure.playwright_sources:collect_playwright_images:99 - Playwright jiomart 'Rehmat-e-Sheren Dal Moong': 1 URLs
2026-06-05 16:45:22.896 | INFO     | nure.playwright_sources:collect_playwright_images:99 - Playwright flipkart 'Rehmat-e-Sheren Dal Moong 200 ': 0 URLs
2026-06-05 16:45:23.030 | INFO     | __main__:process_urls_for_product:190 - Verified Source Attribution | Product: ad2bce160834 | File: ad2bce160834_000.jpg | Source: blinkit | URL: https://cdn.grofers.com/cdn-cgi/image/f=auto,fit=scale-down,q=70,metadata=none,w=270/da/cms-assets/cms/product/936427fc-590e-48c4-a71c-fb4d9aa8f49f.png
2026-06-05 16:45:23.347 | INFO     | __main__:process_urls_for_product:190 - Verified Source Attribution | Product: ad2bce160834 | File: ad2bce160834_001.jpg | Source: blinkit | URL: https://cdn.grofers.com/cdn-cgi/image/f=auto,fit=scale-down,q=70,metadata=none,w=270/da/cms-assets/cms/product/d0799cef-246f-4750-a878-49f893403c2c.png
2026-06-05 16:45:23.596 | INFO     | __main__:process_urls_for_product:190 - Verified Source Attribution | Product: ad2bce160834 | File: ad2bce160834_002.jpg | Source: blinkit | URL: https://cdn.grofers.com/cdn-cgi/image/f=auto,fit=scale-down,q=70,metadata=none,w=270/da/cms-assets/cms/product/bf82bf32-1344-4b86-bc69-552e956b8dd3.png
2026-06-05 16:45:23.923 | INFO     | __main__:process_urls_for_product:190 - Verified Source Attribution | Product: ad2bce160834 | File: ad2bce160834_003.jpg | Source: blinkit | URL: https://cdn.grofers.com/cdn-cgi/image/f=auto,fit=scale-down,q=70,metadata=none,w=270/da/cms-assets/cms/product/be8bd3a2-404a-4f59-8e23-bfcbd12200cc.png
2026-06-05 16:45:24.170 | INFO     | __main__:process_urls_for_product:190 - Verified Source Attribution | Product: ad2bce160834 | File: ad2bce160834_004.jpg | Source: blinkit | URL: https://cdn.grofers.com/cdn-cgi/image/f=auto,fit=scale-down,q=70,metadata=none,w=270/da/cms-assets/cms/product/acbaa2a7-2401-4747-9677-badd663d8589.png
2026-06-05 16:45:24.418 | INFO     | __main__:process_urls_for_product:190 - Verified Source Attribution | Product: ad2bce160834 | File: ad2bce160834_005.jpg | Source: blinkit | URL: https://cdn.grofers.com/cdn-cgi/image/f=auto,fit=scale-down,q=70,metadata=none,w=270/da/cms-assets/cms/product/21b2d69a-c40a-459c-ad41-40d528b08890.png
2026-06-05 16:45:24.669 | INFO     | __main__:process_urls_for_product:190 - Verified Source Attribution | Product: ad2bce160834 | File: ad2bce160834_006.jpg | Source: blinkit | URL: https://cdn.grofers.com/cdn-cgi/image/f=auto,fit=scale-down,q=70,metadata=none,w=270/da/cms-assets/cms/product/d8ae4975-0d58-4690-a46f-2e53bc9b0865.png
2026-06-05 16:45:24.917 | INFO     | __main__:process_urls_for_product:190 - Verified Source Attribution | Product: ad2bce160834 | File: ad2bce160834_007.jpg | Source: blinkit | URL: https://cdn.grofers.com/cdn-cgi/image/f=auto,fit=scale-down,q=70,metadata=none,w=270/da/cms-assets/cms/product/73bb6122-b99e-4fb0-99f0-ab1e4012a2e6.png
2026-06-05 16:45:25.178 | INFO     | __main__:process_urls_for_product:190 - Verified Source Attribution | Product: ad2bce160834 | File: ad2bce160834_008.jpg | Source: blinkit | URL: https://cdn.grofers.com/cdn-cgi/image/f=auto,fit=scale-down,q=70,metadata=none,w=270/da/cms-assets/cms/product/c3fbc03e-90fe-45ad-9837-700be77d7d68.png
2026-06-05 16:45:25.502 | INFO     | __main__:process_urls_for_product:190 - Verified Source Attribution | Product: ad2bce160834 | File: ad2bce160834_009.jpg | Source: blinkit | URL: https://cdn.grofers.com/cdn-cgi/image/f=auto,fit=scale-down,q=70,metadata=none,w=270/da/cms-assets/cms/product/rc-upload-1773230735506-146.png
2026-06-05 16:45:25.744 | INFO     | __main__:process_urls_for_product:190 - Verified Source Attribution | Product: ad2bce160834 | File: ad2bce160834_010.jpg | Source: blinkit | URL: https://cdn.grofers.com/cdn-cgi/image/f=auto,fit=scale-down,q=70,metadata=none,w=270/da/cms-assets/cms/product/rc-upload-1773718842673-730.png
2026-06-05 16:45:25.993 | INFO     | __main__:process_urls_for_product:190 - Verified Source Attribution | Product: ad2bce160834 | File: ad2bce160834_011.jpg | Source: blinkit | URL: https://cdn.grofers.com/cdn-cgi/image/f=auto,fit=scale-down,q=70,metadata=none,w=270/da/cms-assets/cms/product/rc-upload-1777287844551-410.png
2026-06-05 16:46:40.377 | INFO     | __main__:download_product_images:223 - Product 98092202ae41 has 0 images (min 10). Using Playwright fallback.
2026-06-05 16:46:44.219 | INFO     | nure.playwright_sources:collect_playwright_images:99 - Playwright blinkit 'Ashoka Ashoka Moong Dal Kachor': 15 URLs
2026-06-05 16:46:47.604 | DEBUG    | nure.playwright_sources:collect_playwright_images:95 - Playwright timeout for bigbasket on Ashoka Ashoka Moong Dal Kachor
2026-06-05 16:46:47.605 | INFO     | nure.playwright_sources:collect_playwright_images:99 - Playwright bigbasket 'Ashoka Ashoka Moong Dal Kachor': 0 URLs
2026-06-05 16:46:50.156 | INFO     | nure.playwright_sources:collect_playwright_images:99 - Playwright jiomart 'Ashoka Ashoka Moong Dal Kachor': 1 URLs
2026-06-05 16:46:52.599 | INFO     | nure.playwright_sources:collect_playwright_images:99 - Playwright flipkart 'Ashoka Ashoka Moong Dal Kachor': 0 URLs
2026-06-05 16:46:52.770 | INFO     | __main__:process_urls_for_product:190 - Verified Source Attribution | Product: 98092202ae41 | File: 98092202ae41_000.jpg | Source: blinkit | URL: https://cdn.grofers.com/cdn-cgi/image/f=auto,fit=scale-down,q=70,metadata=none,w=270/da/cms-assets/cms/product/rc-upload-1779256334018-528.png
2026-06-05 16:46:53.094 | INFO     | __main__:process_urls_for_product:190 - Verified Source Attribution | Product: 98092202ae41 | File: 98092202ae41_001.jpg | Source: blinkit | URL: https://cdn.grofers.com/cdn-cgi/image/f=auto,fit=scale-down,q=70,metadata=none,w=270/da/cms-assets/cms/product/123bd8ea-7ef3-491c-99f3-d5fb59a7a882.png
2026-06-05 16:46:53.337 | INFO     | __main__:process_urls_for_product:190 - Verified Source Attribution | Product: 98092202ae41 | File: 98092202ae41_002.jpg | Source: blinkit | URL: https://cdn.grofers.com/cdn-cgi/image/f=auto,fit=scale-down,q=70,metadata=none,w=270/da/cms-assets/cms/product/rc-upload-1777148127812-512.png
2026-06-05 16:46:53.586 | INFO     | __main__:process_urls_for_product:190 - Verified Source Attribution | Product: 98092202ae41 | File: 98092202ae41_003.jpg | Source: blinkit | URL: https://cdn.grofers.com/cdn-cgi/image/f=auto,fit=scale-down,q=70,metadata=none,w=270/da/cms-assets/cms/product/3642c51b-8601-421f-a6c2-b6cf76918127.png
2026-06-05 16:46:53.844 | INFO     | __main__:process_urls_for_product:190 - Verified Source Attribution | Product: 98092202ae41 | File: 98092202ae41_004.jpg | Source: blinkit | URL: https://cdn.grofers.com/cdn-cgi/image/f=auto,fit=scale-down,q=70,metadata=none,w=270/da/cms-assets/cms/product/74251f60-fb53-4a85-8de9-fd3a7af717c6.png
2026-06-05 16:46:54.139 | INFO     | __main__:process_urls_for_product:190 - Verified Source Attribution | Product: 98092202ae41 | File: 98092202ae41_005.jpg | Source: blinkit | URL: https://cdn.grofers.com/cdn-cgi/image/f=auto,fit=scale-down,q=70,metadata=none,w=270/da/cms-assets/cms/product/a65b5ffa-f629-4683-8ee6-fa58e4f0db20.png
2026-06-05 16:46:54.437 | INFO     | __main__:process_urls_for_product:190 - Verified Source Attribution | Product: 98092202ae41 | File: 98092202ae41_006.jpg | Source: blinkit | URL: https://cdn.grofers.com/cdn-cgi/image/f=auto,fit=scale-down,q=70,metadata=none,w=270/da/cms-assets/cms/product/f54a7dc9-0a07-4afd-98b1-8e81b0ebeff1.png
2026-06-05 16:46:54.722 | INFO     | __main__:process_urls_for_product:190 - Verified Source Attribution | Product: 98092202ae41 | File: 98092202ae41_007.jpg | Source: blinkit | URL: https://cdn.grofers.com/cdn-cgi/image/f=auto,fit=scale-down,q=70,metadata=none,w=270/da/cms-assets/cms/product/283602cd-6323-46a8-bca5-48da067021d2.png
2026-06-05 16:46:55.035 | INFO     | __main__:process_urls_for_product:190 - Verified Source Attribution | Product: 98092202ae41 | File: 98092202ae41_008.jpg | Source: blinkit | URL: https://cdn.grofers.com/cdn-cgi/image/f=auto,fit=scale-down,q=70,metadata=none,w=270/da/cms-assets/cms/product/rc-upload-1777982437859-669.png
2026-06-05 16:46:55.305 | INFO     | __main__:process_urls_for_product:190 - Verified Source Attribution | Product: 98092202ae41 | File: 98092202ae41_009.jpg | Source: blinkit | URL: https://cdn.grofers.com/cdn-cgi/image/f=auto,fit=scale-down,q=70,metadata=none,w=270/da/cms-assets/cms/product/1f020133-02dd-4b3e-b8b9-dedb1d3eccfd.png
2026-06-05 16:46:55.553 | INFO     | __main__:process_urls_for_product:190 - Verified Source Attribution | Product: 98092202ae41 | File: 98092202ae41_010.jpg | Source: blinkit | URL: https://cdn.grofers.com/cdn-cgi/image/f=auto,fit=scale-down,q=70,metadata=none,w=270/da/cms-assets/cms/product/67656d63-74e1-4d7f-a4a2-b8c2edbe3712.png
2026-06-05 16:46:55.845 | INFO     | __main__:process_urls_for_product:190 - Verified Source Attribution | Product: 98092202ae41 | File: 98092202ae41_011.jpg | Source: blinkit | URL: https://cdn.grofers.com/cdn-cgi/image/f=auto,fit=scale-down,q=70,metadata=none,w=270/da/cms-assets/cms/product/f3d136bb-5df3-4688-aa8b-956323e4958a.png
2026-06-05 16:46:56.107 | INFO     | __main__:process_urls_for_product:190 - Verified Source Attribution | Product: 98092202ae41 | File: 98092202ae41_012.jpg | Source: blinkit | URL: https://cdn.grofers.com/cdn-cgi/image/f=auto,fit=scale-down,q=70,metadata=none,w=270/da/cms-assets/cms/product/rc-upload-1770204173073-431.png
2026-06-05 16:46:56.363 | INFO     | __main__:process_urls_for_product:190 - Verified Source Attribution | Product: 98092202ae41 | File: 98092202ae41_013.jpg | Source: blinkit | URL: https://cdn.grofers.com/cdn-cgi/image/f=auto,fit=scale-down,q=70,metadata=none,w=270/da/cms-assets/cms/product/rc-upload-1772535388856-24.png
2026-06-05 16:46:59.106 | INFO     | nure.image_sources:collect_amazon_images:178 - Amazon 'Shama Moong dal': 2 URLs
2026-06-05 16:47:00.929 | INFO     | nure.image_sources:collect_bing_images:149 - Bing 'Shama Moong dal': 0 URLs
2026-06-05 16:47:38.341 | INFO     | __main__:process_urls_for_product:190 - Verified Source Attribution | Product: 5a95eb8502d0 | File: 5a95eb8502d0_000.jpg | Source: amazon | URL: https://m.media-amazon.com/images/I/31Ip4aURUpL.png
2026-06-05 16:47:39.999 | INFO     | __main__:process_urls_for_product:190 - Verified Source Attribution | Product: 5a95eb8502d0 | File: 5a95eb8502d0_001.jpg | Source: amazon | URL: https://m.media-amazon.com/images/I/71ihk-uRlAL.jpg
2026-06-05 16:47:40.153 | INFO     | __main__:download_product_images:223 - Product 5a95eb8502d0 has 2 images (min 10). Using Playwright fallback.
2026-06-05 16:47:43.313 | INFO     | nure.playwright_sources:collect_playwright_images:99 - Playwright blinkit 'Shama Moong dal': 15 URLs
2026-06-05 16:47:46.675 | DEBUG    | nure.playwright_sources:collect_playwright_images:95 - Playwright timeout for bigbasket on Shama Moong dal
2026-06-05 16:47:46.675 | INFO     | nure.playwright_sources:collect_playwright_images:99 - Playwright bigbasket 'Shama Moong dal': 0 URLs
2026-06-05 16:47:48.997 | INFO     | nure.playwright_sources:collect_playwright_images:99 - Playwright jiomart 'Shama Moong dal': 1 URLs
2026-06-05 16:47:51.420 | INFO     | nure.playwright_sources:collect_playwright_images:99 - Playwright flipkart 'Shama Moong dal': 0 URLs
2026-06-05 16:47:51.552 | INFO     | __main__:process_urls_for_product:190 - Verified Source Attribution | Product: 5a95eb8502d0 | File: 5a95eb8502d0_002.jpg | Source: blinkit | URL: https://cdn.grofers.com/cdn-cgi/image/f=auto,fit=scale-down,q=70,metadata=none,w=270/da/cms-assets/cms/product/21b2d69a-c40a-459c-ad41-40d528b08890.png
2026-06-05 16:47:51.835 | INFO     | __main__:process_urls_for_product:190 - Verified Source Attribution | Product: 5a95eb8502d0 | File: 5a95eb8502d0_003.jpg | Source: blinkit | URL: https://cdn.grofers.com/cdn-cgi/image/f=auto,fit=scale-down,q=70,metadata=none,w=270/da/cms-assets/cms/product/acbaa2a7-2401-4747-9677-badd663d8589.png
2026-06-05 16:47:52.082 | INFO     | __main__:process_urls_for_product:190 - Verified Source Attribution | Product: 5a95eb8502d0 | File: 5a95eb8502d0_004.jpg | Source: blinkit | URL: https://cdn.grofers.com/cdn-cgi/image/f=auto,fit=scale-down,q=70,metadata=none,w=270/da/cms-assets/cms/product/936427fc-590e-48c4-a71c-fb4d9aa8f49f.png
2026-06-05 16:47:52.316 | INFO     | __main__:process_urls_for_product:190 - Verified Source Attribution | Product: 5a95eb8502d0 | File: 5a95eb8502d0_005.jpg | Source: blinkit | URL: https://cdn.grofers.com/cdn-cgi/image/f=auto,fit=scale-down,q=70,metadata=none,w=270/da/cms-assets/cms/product/64941982-c72b-4a32-814f-dcd1831849cc.png
2026-06-05 16:47:52.631 | INFO     | __main__:process_urls_for_product:190 - Verified Source Attribution | Product: 5a95eb8502d0 | File: 5a95eb8502d0_006.jpg | Source: blinkit | URL: https://cdn.grofers.com/cdn-cgi/image/f=auto,fit=scale-down,q=70,metadata=none,w=270/da/cms-assets/cms/product/d8ae4975-0d58-4690-a46f-2e53bc9b0865.png
2026-06-05 16:47:52.867 | INFO     | __main__:process_urls_for_product:190 - Verified Source Attribution | Product: 5a95eb8502d0 | File: 5a95eb8502d0_007.jpg | Source: blinkit | URL: https://cdn.grofers.com/cdn-cgi/image/f=auto,fit=scale-down,q=70,metadata=none,w=270/da/cms-assets/cms/product/b510d89d-443b-4b40-9391-1071a78ee9f5.png
2026-06-05 16:47:53.266 | INFO     | __main__:process_urls_for_product:190 - Verified Source Attribution | Product: 5a95eb8502d0 | File: 5a95eb8502d0_008.jpg | Source: blinkit | URL: https://cdn.grofers.com/cdn-cgi/image/f=auto,fit=scale-down,q=70,metadata=none,w=270/da/cms-assets/cms/product/0c8e51b2-daa1-4bdb-bbe3-50c43e04f7ff.png
2026-06-05 16:47:53.520 | INFO     | __main__:process_urls_for_product:190 - Verified Source Attribution | Product: 5a95eb8502d0 | File: 5a95eb8502d0_009.jpg | Source: blinkit | URL: https://cdn.grofers.com/cdn-cgi/image/f=auto,fit=scale-down,q=70,metadata=none,w=270/da/cms-assets/cms/product/05191d57-65fd-4df5-9dce-c4bf44ac136a.png
2026-06-05 16:47:53.910 | INFO     | __main__:process_urls_for_product:190 - Verified Source Attribution | Product: 5a95eb8502d0 | File: 5a95eb8502d0_010.jpg | Source: blinkit | URL: https://cdn.grofers.com/cdn-cgi/image/f=auto,fit=scale-down,q=70,metadata=none,w=270/da/cms-assets/cms/product/rc-upload-1777287844551-439.png
2026-06-05 16:47:54.155 | INFO     | __main__:process_urls_for_product:190 - Verified Source Attribution | Product: 5a95eb8502d0 | File: 5a95eb8502d0_011.jpg | Source: blinkit | URL: https://cdn.grofers.com/cdn-cgi/image/f=auto,fit=scale-down,q=70,metadata=none,w=270/da/cms-assets/cms/product/2f09aa70-13fe-499d-8cfa-7a2d55b5296b.png
2026-06-05 16:49:18.531 | INFO     | __main__:download_product_images:223 - Product 9fa8d78bc3af has 0 images (min 10). Using Playwright fallback.
2026-06-05 16:49:22.038 | INFO     | nure.playwright_sources:collect_playwright_images:99 - Playwright blinkit 'Laxmi Moong Dal': 15 URLs
2026-06-05 16:49:25.421 | DEBUG    | nure.playwright_sources:collect_playwright_images:95 - Playwright timeout for bigbasket on Laxmi Moong Dal
2026-06-05 16:49:25.421 | INFO     | nure.playwright_sources:collect_playwright_images:99 - Playwright bigbasket 'Laxmi Moong Dal': 0 URLs
2026-06-05 16:49:27.965 | INFO     | nure.playwright_sources:collect_playwright_images:99 - Playwright jiomart 'Laxmi Moong Dal': 1 URLs
2026-06-05 16:49:30.260 | INFO     | nure.playwright_sources:collect_playwright_images:99 - Playwright flipkart 'Laxmi Moong Dal': 0 URLs
2026-06-05 16:49:30.465 | INFO     | __main__:process_urls_for_product:190 - Verified Source Attribution | Product: 9fa8d78bc3af | File: 9fa8d78bc3af_000.jpg | Source: blinkit | URL: https://cdn.grofers.com/cdn-cgi/image/f=auto,fit=scale-down,q=70,metadata=none,w=270/da/cms-assets/cms/product/21b2d69a-c40a-459c-ad41-40d528b08890.png
2026-06-05 16:49:30.749 | INFO     | __main__:process_urls_for_product:190 - Verified Source Attribution | Product: 9fa8d78bc3af | File: 9fa8d78bc3af_001.jpg | Source: blinkit | URL: https://cdn.grofers.com/cdn-cgi/image/f=auto,fit=scale-down,q=70,metadata=none,w=270/da/cms-assets/cms/product/acbaa2a7-2401-4747-9677-badd663d8589.png
2026-06-05 16:49:30.982 | INFO     | __main__:process_urls_for_product:190 - Verified Source Attribution | Product: 9fa8d78bc3af | File: 9fa8d78bc3af_002.jpg | Source: blinkit | URL: https://cdn.grofers.com/cdn-cgi/image/f=auto,fit=scale-down,q=70,metadata=none,w=270/da/cms-assets/cms/product/64941982-c72b-4a32-814f-dcd1831849cc.png
2026-06-05 16:49:31.213 | INFO     | __main__:process_urls_for_product:190 - Verified Source Attribution | Product: 9fa8d78bc3af | File: 9fa8d78bc3af_003.jpg | Source: blinkit | URL: https://cdn.grofers.com/cdn-cgi/image/f=auto,fit=scale-down,q=70,metadata=none,w=270/da/cms-assets/cms/product/936427fc-590e-48c4-a71c-fb4d9aa8f49f.png
2026-06-05 16:49:31.444 | INFO     | __main__:process_urls_for_product:190 - Verified Source Attribution | Product: 9fa8d78bc3af | File: 9fa8d78bc3af_004.jpg | Source: blinkit | URL: https://cdn.grofers.com/cdn-cgi/image/f=auto,fit=scale-down,q=70,metadata=none,w=270/da/cms-assets/cms/product/d8ae4975-0d58-4690-a46f-2e53bc9b0865.png
2026-06-05 16:49:31.748 | INFO     | __main__:process_urls_for_product:190 - Verified Source Attribution | Product: 9fa8d78bc3af | File: 9fa8d78bc3af_005.jpg | Source: blinkit | URL: https://cdn.grofers.com/cdn-cgi/image/f=auto,fit=scale-down,q=70,metadata=none,w=270/da/cms-assets/cms/product/73bb6122-b99e-4fb0-99f0-ab1e4012a2e6.png
2026-06-05 16:49:32.152 | INFO     | __main__:process_urls_for_product:190 - Verified Source Attribution | Product: 9fa8d78bc3af | File: 9fa8d78bc3af_006.jpg | Source: blinkit | URL: https://cdn.grofers.com/cdn-cgi/image/f=auto,fit=scale-down,q=70,metadata=none,w=270/da/cms-assets/cms/product/0c8e51b2-daa1-4bdb-bbe3-50c43e04f7ff.png
2026-06-05 16:49:32.386 | INFO     | __main__:process_urls_for_product:190 - Verified Source Attribution | Product: 9fa8d78bc3af | File: 9fa8d78bc3af_007.jpg | Source: blinkit | URL: https://cdn.grofers.com/cdn-cgi/image/f=auto,fit=scale-down,q=70,metadata=none,w=270/da/cms-assets/cms/product/16ed5e12-93e3-4c3c-920e-f960247e0631.png
2026-06-05 16:49:32.628 | INFO     | __main__:process_urls_for_product:190 - Verified Source Attribution | Product: 9fa8d78bc3af | File: 9fa8d78bc3af_008.jpg | Source: blinkit | URL: https://cdn.grofers.com/cdn-cgi/image/f=auto,fit=scale-down,q=70,metadata=none,w=270/da/cms-assets/cms/product/be8bd3a2-404a-4f59-8e23-bfcbd12200cc.png
2026-06-05 16:49:32.878 | INFO     | __main__:process_urls_for_product:190 - Verified Source Attribution | Product: 9fa8d78bc3af | File: 9fa8d78bc3af_009.jpg | Source: blinkit | URL: https://cdn.grofers.com/cdn-cgi/image/f=auto,fit=scale-down,q=70,metadata=none,w=270/da/cms-assets/cms/product/05191d57-65fd-4df5-9dce-c4bf44ac136a.png
2026-06-05 16:49:35.655 | INFO     | nure.image_sources:collect_amazon_images:178 - Amazon '24 Mantra Organic Organic Moong Dal': 3 URLs
2026-06-05 16:50:13.255 | INFO     | __main__:process_urls_for_product:190 - Verified Source Attribution | Product: dea9401f28cf | File: dea9401f28cf_000.jpg | Source: amazon | URL: https://m.media-amazon.com/images/I/31Ip4aURUpL.png
2026-06-05 16:50:13.943 | INFO     | __main__:process_urls_for_product:190 - Verified Source Attribution | Product: dea9401f28cf | File: dea9401f28cf_001.jpg | Source: amazon | URL: https://m.media-amazon.com/images/I/71VW-PqZB5L.jpg
2026-06-05 16:50:14.433 | INFO     | __main__:process_urls_for_product:190 - Verified Source Attribution | Product: dea9401f28cf | File: dea9401f28cf_002.jpg | Source: amazon | URL: https://m.media-amazon.com/images/I/71FFRSkafVL.jpg
2026-06-05 16:50:14.591 | INFO     | __main__:download_product_images:223 - Product dea9401f28cf has 3 images (min 10). Using Playwright fallback.
2026-06-05 16:50:18.131 | INFO     | nure.playwright_sources:collect_playwright_images:99 - Playwright blinkit '24 Mantra Organic Organic Moon': 15 URLs
2026-06-05 16:50:21.543 | DEBUG    | nure.playwright_sources:collect_playwright_images:95 - Playwright timeout for bigbasket on 24 Mantra Organic Organic Moon
2026-06-05 16:50:21.544 | INFO     | nure.playwright_sources:collect_playwright_images:99 - Playwright bigbasket '24 Mantra Organic Organic Moon': 0 URLs
2026-06-05 16:50:24.042 | INFO     | nure.playwright_sources:collect_playwright_images:99 - Playwright jiomart '24 Mantra Organic Organic Moon': 1 URLs
2026-06-05 16:50:26.680 | INFO     | nure.playwright_sources:collect_playwright_images:99 - Playwright flipkart '24 Mantra Organic Organic Moon': 0 URLs
2026-06-05 16:50:26.833 | INFO     | __main__:process_urls_for_product:190 - Verified Source Attribution | Product: dea9401f28cf | File: dea9401f28cf_003.jpg | Source: blinkit | URL: https://cdn.grofers.com/cdn-cgi/image/f=auto,fit=scale-down,q=70,metadata=none,w=270/da/cms-assets/cms/product/rc-upload-1773230735506-146.png
2026-06-05 16:50:27.253 | INFO     | __main__:process_urls_for_product:190 - Verified Source Attribution | Product: dea9401f28cf | File: dea9401f28cf_004.jpg | Source: blinkit | URL: https://cdn.grofers.com/cdn-cgi/image/f=auto,fit=scale-down,q=70,metadata=none,w=270/da/cms-assets/cms/product/c3fbc03e-90fe-45ad-9837-700be77d7d68.png
2026-06-05 16:50:27.512 | INFO     | __main__:process_urls_for_product:190 - Verified Source Attribution | Product: dea9401f28cf | File: dea9401f28cf_005.jpg | Source: blinkit | URL: https://cdn.grofers.com/cdn-cgi/image/f=auto,fit=scale-down,q=70,metadata=none,w=270/da/cms-assets/cms/product/rc-upload-1773718842673-730.png
2026-06-05 16:50:27.990 | INFO     | __main__:process_urls_for_product:190 - Verified Source Attribution | Product: dea9401f28cf | File: dea9401f28cf_006.jpg | Source: blinkit | URL: https://cdn.grofers.com/cdn-cgi/image/f=auto,fit=scale-down,q=70,metadata=none,w=270/da/cms-assets/cms/product/216b56d4-08de-47f3-9e7b-291e8530ad6a.png
2026-06-05 16:50:28.367 | INFO     | __main__:process_urls_for_product:190 - Verified Source Attribution | Product: dea9401f28cf | File: dea9401f28cf_007.jpg | Source: blinkit | URL: https://cdn.grofers.com/cdn-cgi/image/f=auto,fit=scale-down,q=70,metadata=none,w=270/da/cms-assets/cms/product/1dc41535-691e-4256-a1e0-cb42578ab99e.png
2026-06-05 16:50:28.619 | INFO     | __main__:process_urls_for_product:190 - Verified Source Attribution | Product: dea9401f28cf | File: dea9401f28cf_008.jpg | Source: blinkit | URL: https://cdn.grofers.com/cdn-cgi/image/f=auto,fit=scale-down,q=70,metadata=none,w=270/da/cms-assets/cms/product/rc-upload-1779094500636-313.png
2026-06-05 16:50:29.051 | INFO     | __main__:process_urls_for_product:190 - Verified Source Attribution | Product: dea9401f28cf | File: dea9401f28cf_009.jpg | Source: blinkit | URL: https://cdn.grofers.com/cdn-cgi/image/f=auto,fit=scale-down,q=70,metadata=none,w=270/da/cms-assets/cms/product/275c01f9-c0a6-4396-a296-a457991b14c2.png
2026-06-05 16:50:29.323 | INFO     | __main__:process_urls_for_product:190 - Verified Source Attribution | Product: dea9401f28cf | File: dea9401f28cf_010.jpg | Source: blinkit | URL: https://cdn.grofers.com/cdn-cgi/image/f=auto,fit=scale-down,q=70,metadata=none,w=270/da/cms-assets/cms/product/rc-upload-1771916674943-177.png
2026-06-05 16:50:29.615 | INFO     | __main__:process_urls_for_product:190 - Verified Source Attribution | Product: dea9401f28cf | File: dea9401f28cf_011.jpg | Source: blinkit | URL: https://cdn.grofers.com/cdn-cgi/image/f=auto,fit=scale-down,q=70,metadata=none,w=270/da/cms-assets/cms/product/rc-upload-1776769807752-159.png
2026-06-05 16:50:29.864 | INFO     | __main__:process_urls_for_product:190 - Verified Source Attribution | Product: dea9401f28cf | File: dea9401f28cf_012.jpg | Source: blinkit | URL: https://cdn.grofers.com/cdn-cgi/image/f=auto,fit=scale-down,q=70,metadata=none,w=270/da/cms-assets/cms/product/d0799cef-246f-4750-a878-49f893403c2c.png
2026-06-05 16:50:32.598 | INFO     | nure.image_sources:collect_amazon_images:178 - Amazon 'Laxmi Organic Moong Dal, Dry': 3 URLs
2026-06-05 16:51:10.399 | INFO     | __main__:process_urls_for_product:190 - Verified Source Attribution | Product: b42f83202c16 | File: b42f83202c16_000.jpg | Source: amazon | URL: https://m.media-amazon.com/images/I/31Ip4aURUpL.png
2026-06-05 16:51:10.856 | INFO     | __main__:process_urls_for_product:190 - Verified Source Attribution | Product: b42f83202c16 | File: b42f83202c16_001.jpg | Source: amazon | URL: https://m.media-amazon.com/images/I/51r5E3UjpWL.jpg
2026-06-05 16:51:11.335 | INFO     | __main__:process_urls_for_product:190 - Verified Source Attribution | Product: b42f83202c16 | File: b42f83202c16_002.jpg | Source: amazon | URL: https://m.media-amazon.com/images/I/71FFRSkafVL.jpg
2026-06-05 16:51:11.494 | INFO     | __main__:download_product_images:223 - Product b42f83202c16 has 3 images (min 10). Using Playwright fallback.
2026-06-05 16:51:14.809 | INFO     | nure.playwright_sources:collect_playwright_images:99 - Playwright blinkit 'Laxmi Organic Moong Dal, Dry': 15 URLs
2026-06-05 16:51:18.143 | DEBUG    | nure.playwright_sources:collect_playwright_images:95 - Playwright timeout for bigbasket on Laxmi Organic Moong Dal, Dry
2026-06-05 16:51:18.143 | INFO     | nure.playwright_sources:collect_playwright_images:99 - Playwright bigbasket 'Laxmi Organic Moong Dal, Dry': 0 URLs
2026-06-05 16:51:20.491 | INFO     | nure.playwright_sources:collect_playwright_images:99 - Playwright jiomart 'Laxmi Organic Moong Dal, Dry': 1 URLs
2026-06-05 16:51:22.762 | INFO     | nure.playwright_sources:collect_playwright_images:99 - Playwright flipkart 'Laxmi Organic Moong Dal, Dry': 0 URLs
2026-06-05 16:51:22.894 | INFO     | __main__:process_urls_for_product:190 - Verified Source Attribution | Product: b42f83202c16 | File: b42f83202c16_003.jpg | Source: blinkit | URL: https://cdn.grofers.com/cdn-cgi/image/f=auto,fit=scale-down,q=70,metadata=none,w=270/da/cms-assets/cms/product/21a0baa6-5b15-4394-a6db-3ec83374df7c.png
2026-06-05 16:51:23.324 | INFO     | __main__:process_urls_for_product:190 - Verified Source Attribution | Product: b42f83202c16 | File: b42f83202c16_004.jpg | Source: blinkit | URL: https://cdn.grofers.com/cdn-cgi/image/f=auto,fit=scale-down,q=70,metadata=none,w=270/da/cms-assets/cms/product/rc-upload-1773718842673-730.png
2026-06-05 16:51:23.566 | INFO     | __main__:process_urls_for_product:190 - Verified Source Attribution | Product: b42f83202c16 | File: b42f83202c16_005.jpg | Source: blinkit | URL: https://cdn.grofers.com/cdn-cgi/image/f=auto,fit=scale-down,q=70,metadata=none,w=270/da/cms-assets/cms/product/rc-upload-1778823645645-207.png
2026-06-05 16:51:23.878 | INFO     | __main__:process_urls_for_product:190 - Verified Source Attribution | Product: b42f83202c16 | File: b42f83202c16_006.jpg | Source: blinkit | URL: https://cdn.grofers.com/cdn-cgi/image/f=auto,fit=scale-down,q=70,metadata=none,w=270/da/cms-assets/cms/product/rc-upload-1773718842673-758.png
2026-06-05 16:51:24.109 | INFO     | __main__:process_urls_for_product:190 - Verified Source Attribution | Product: b42f83202c16 | File: b42f83202c16_007.jpg | Source: blinkit | URL: https://cdn.grofers.com/cdn-cgi/image/f=auto,fit=scale-down,q=70,metadata=none,w=270/da/cms-assets/cms/product/275c01f9-c0a6-4396-a296-a457991b14c2.png
2026-06-05 16:51:24.352 | INFO     | __main__:process_urls_for_product:190 - Verified Source Attribution | Product: b42f83202c16 | File: b42f83202c16_008.jpg | Source: blinkit | URL: https://cdn.grofers.com/cdn-cgi/image/f=auto,fit=scale-down,q=70,metadata=none,w=270/da/cms-assets/cms/product/216b56d4-08de-47f3-9e7b-291e8530ad6a.png
2026-06-05 16:51:24.600 | INFO     | __main__:process_urls_for_product:190 - Verified Source Attribution | Product: b42f83202c16 | File: b42f83202c16_009.jpg | Source: blinkit | URL: https://cdn.grofers.com/cdn-cgi/image/f=auto,fit=scale-down,q=70,metadata=none,w=270/da/cms-assets/cms/product/acbaa2a7-2401-4747-9677-badd663d8589.png
2026-06-05 16:51:24.863 | INFO     | __main__:process_urls_for_product:190 - Verified Source Attribution | Product: b42f83202c16 | File: b42f83202c16_010.jpg | Source: blinkit | URL: https://cdn.grofers.com/cdn-cgi/image/f=auto,fit=scale-down,q=70,metadata=none,w=270/da/cms-assets/cms/product/e85be15e-7ed9-4227-8785-70061f48b372.png
2026-06-05 16:51:25.113 | INFO     | __main__:process_urls_for_product:190 - Verified Source Attribution | Product: b42f83202c16 | File: b42f83202c16_011.jpg | Source: blinkit | URL: https://cdn.grofers.com/cdn-cgi/image/f=auto,fit=scale-down,q=70,metadata=none,w=270/da/cms-assets/cms/product/rc-upload-1771916674943-177.png
2026-06-05 16:51:25.352 | INFO     | __main__:process_urls_for_product:190 - Verified Source Attribution | Product: b42f83202c16 | File: b42f83202c16_012.jpg | Source: blinkit | URL: https://cdn.grofers.com/cdn-cgi/image/f=auto,fit=scale-down,q=70,metadata=none,w=270/da/cms-assets/cms/product/rc-upload-1776769807752-159.png
2026-06-05 16:51:25.599 | INFO     | __main__:process_urls_for_product:190 - Verified Source Attribution | Product: b42f83202c16 | File: b42f83202c16_013.jpg | Source: blinkit | URL: https://cdn.grofers.com/cdn-cgi/image/f=auto,fit=scale-down,q=70,metadata=none,w=270/da/cms-assets/cms/product/bf82bf32-1344-4b86-bc69-552e956b8dd3.png
2026-06-05 16:51:28.228 | INFO     | nure.image_sources:collect_amazon_images:178 - Amazon 'Laxmi Moong Dal (Spit Mung Beans w/o Hus': 2 URLs
2026-06-05 16:51:30.388 | INFO     | nure.image_sources:collect_bing_images:149 - Bing 'Laxmi Moong Dal (Spit Mung Beans w/o Hus': 0 URLs
2026-06-05 16:52:07.043 | INFO     | __main__:process_urls_for_product:190 - Verified Source Attribution | Product: 502514f65b21 | File: 502514f65b21_000.jpg | Source: amazon | URL: https://m.media-amazon.com/images/I/31Ip4aURUpL.png
2026-06-05 16:52:08.565 | INFO     | __main__:process_urls_for_product:190 - Verified Source Attribution | Product: 502514f65b21 | File: 502514f65b21_001.jpg | Source: amazon | URL: https://m.media-amazon.com/images/I/71ihk-uRlAL.jpg
2026-06-05 16:52:08.724 | INFO     | __main__:download_product_images:223 - Product 502514f65b21 has 2 images (min 10). Using Playwright fallback.
2026-06-05 16:52:11.922 | INFO     | nure.playwright_sources:collect_playwright_images:99 - Playwright blinkit 'Laxmi Moong Dal (Spit Mung Bea': 15 URLs
2026-06-05 16:52:15.290 | DEBUG    | nure.playwright_sources:collect_playwright_images:95 - Playwright timeout for bigbasket on Laxmi Moong Dal (Spit Mung Bea
2026-06-05 16:52:15.291 | INFO     | nure.playwright_sources:collect_playwright_images:99 - Playwright bigbasket 'Laxmi Moong Dal (Spit Mung Bea': 0 URLs
2026-06-05 16:52:17.603 | INFO     | nure.playwright_sources:collect_playwright_images:99 - Playwright jiomart 'Laxmi Moong Dal (Spit Mung Bea': 1 URLs
2026-06-05 16:52:20.102 | INFO     | nure.playwright_sources:collect_playwright_images:99 - Playwright flipkart 'Laxmi Moong Dal (Spit Mung Bea': 0 URLs
2026-06-05 16:52:20.238 | INFO     | __main__:process_urls_for_product:190 - Verified Source Attribution | Product: 502514f65b21 | File: 502514f65b21_002.jpg | Source: blinkit | URL: https://cdn.grofers.com/cdn-cgi/image/f=auto,fit=scale-down,q=70,metadata=none,w=270/da/cms-assets/cms/product/rc-upload-1777287844551-590.png
2026-06-05 16:52:20.525 | INFO     | __main__:process_urls_for_product:190 - Verified Source Attribution | Product: 502514f65b21 | File: 502514f65b21_003.jpg | Source: blinkit | URL: https://cdn.grofers.com/cdn-cgi/image/f=auto,fit=scale-down,q=70,metadata=none,w=270/da/cms-assets/cms/product/21b2d69a-c40a-459c-ad41-40d528b08890.png
2026-06-05 16:52:20.752 | INFO     | __main__:process_urls_for_product:190 - Verified Source Attribution | Product: 502514f65b21 | File: 502514f65b21_004.jpg | Source: blinkit | URL: https://cdn.grofers.com/cdn-cgi/image/f=auto,fit=scale-down,q=70,metadata=none,w=270/da/cms-assets/cms/product/05191d57-65fd-4df5-9dce-c4bf44ac136a.png
2026-06-05 16:52:20.993 | INFO     | __main__:process_urls_for_product:190 - Verified Source Attribution | Product: 502514f65b21 | File: 502514f65b21_005.jpg | Source: blinkit | URL: https://cdn.grofers.com/cdn-cgi/image/f=auto,fit=scale-down,q=70,metadata=none,w=270/da/cms-assets/cms/product/73bb6122-b99e-4fb0-99f0-ab1e4012a2e6.png
2026-06-05 16:52:21.222 | INFO     | __main__:process_urls_for_product:190 - Verified Source Attribution | Product: 502514f65b21 | File: 502514f65b21_006.jpg | Source: blinkit | URL: https://cdn.grofers.com/cdn-cgi/image/f=auto,fit=scale-down,q=70,metadata=none,w=270/da/cms-assets/cms/product/2f09aa70-13fe-499d-8cfa-7a2d55b5296b.png
2026-06-05 16:52:21.456 | INFO     | __main__:process_urls_for_product:190 - Verified Source Attribution | Product: 502514f65b21 | File: 502514f65b21_007.jpg | Source: blinkit | URL: https://cdn.grofers.com/cdn-cgi/image/f=auto,fit=scale-down,q=70,metadata=none,w=270/da/cms-assets/cms/product/d8ae4975-0d58-4690-a46f-2e53bc9b0865.png
2026-06-05 16:52:21.779 | INFO     | __main__:process_urls_for_product:190 - Verified Source Attribution | Product: 502514f65b21 | File: 502514f65b21_008.jpg | Source: blinkit | URL: https://cdn.grofers.com/cdn-cgi/image/f=auto,fit=scale-down,q=70,metadata=none,w=270/da/cms-assets/cms/product/d0799cef-246f-4750-a878-49f893403c2c.png
2026-06-05 16:52:22.099 | INFO     | __main__:process_urls_for_product:190 - Verified Source Attribution | Product: 502514f65b21 | File: 502514f65b21_009.jpg | Source: blinkit | URL: https://cdn.grofers.com/cdn-cgi/image/f=auto,fit=scale-down,q=70,metadata=none,w=270/da/cms-assets/cms/product/16ed5e12-93e3-4c3c-920e-f960247e0631.png
2026-06-05 16:52:22.339 | INFO     | __main__:process_urls_for_product:190 - Verified Source Attribution | Product: 502514f65b21 | File: 502514f65b21_010.jpg | Source: blinkit | URL: https://cdn.grofers.com/cdn-cgi/image/f=auto,fit=scale-down,q=70,metadata=none,w=270/da/cms-assets/cms/product/rc-upload-1777287844551-410.png
2026-06-05 16:52:22.593 | INFO     | __main__:process_urls_for_product:190 - Verified Source Attribution | Product: 502514f65b21 | File: 502514f65b21_011.jpg | Source: blinkit | URL: https://cdn.grofers.com/cdn-cgi/image/f=auto,fit=scale-down,q=70,metadata=none,w=270/da/cms-assets/cms/product/936427fc-590e-48c4-a71c-fb4d9aa8f49f.png
2026-06-05 16:52:22.919 | INFO     | __main__:process_urls_for_product:190 - Verified Source Attribution | Product: 502514f65b21 | File: 502514f65b21_012.jpg | Source: blinkit | URL: https://cdn.grofers.com/cdn-cgi/image/f=auto,fit=scale-down,q=70,metadata=none,w=270/da/cms-assets/cms/product/0c8e51b2-daa1-4bdb-bbe3-50c43e04f7ff.png
2026-06-05 16:53:19.351 | INFO     | __main__:download_product_images:223 - Product af3f999094c3 has 0 images (min 10). Using Playwright fallback.
2026-06-05 16:53:23.009 | INFO     | nure.playwright_sources:collect_playwright_images:99 - Playwright blinkit 'Shan Moong Dal Lentils': 15 URLs
2026-06-05 16:53:26.402 | DEBUG    | nure.playwright_sources:collect_playwright_images:95 - Playwright timeout for bigbasket on Shan Moong Dal Lentils
2026-06-05 16:53:26.403 | INFO     | nure.playwright_sources:collect_playwright_images:99 - Playwright bigbasket 'Shan Moong Dal Lentils': 0 URLs
2026-06-05 16:53:29.472 | INFO     | nure.playwright_sources:collect_playwright_images:99 - Playwright jiomart 'Shan Moong Dal Lentils': 1 URLs
2026-06-05 16:53:32.130 | INFO     | nure.playwright_sources:collect_playwright_images:99 - Playwright flipkart 'Shan Moong Dal Lentils 908 g': 0 URLs
2026-06-05 16:53:32.267 | INFO     | __main__:process_urls_for_product:190 - Verified Source Attribution | Product: af3f999094c3 | File: af3f999094c3_000.jpg | Source: blinkit | URL: https://cdn.grofers.com/cdn-cgi/image/f=auto,fit=scale-down,q=70,metadata=none,w=270/da/cms-assets/cms/product/21b2d69a-c40a-459c-ad41-40d528b08890.png
2026-06-05 16:53:32.560 | INFO     | __main__:process_urls_for_product:190 - Verified Source Attribution | Product: af3f999094c3 | File: af3f999094c3_001.jpg | Source: blinkit | URL: https://cdn.grofers.com/cdn-cgi/image/f=auto,fit=scale-down,q=70,metadata=none,w=270/da/cms-assets/cms/product/936427fc-590e-48c4-a71c-fb4d9aa8f49f.png
2026-06-05 16:53:32.807 | INFO     | __main__:process_urls_for_product:190 - Verified Source Attribution | Product: af3f999094c3 | File: af3f999094c3_002.jpg | Source: blinkit | URL: https://cdn.grofers.com/cdn-cgi/image/f=auto,fit=scale-down,q=70,metadata=none,w=270/da/cms-assets/cms/product/d0799cef-246f-4750-a878-49f893403c2c.png
2026-06-05 16:53:33.047 | INFO     | __main__:process_urls_for_product:190 - Verified Source Attribution | Product: af3f999094c3 | File: af3f999094c3_003.jpg | Source: blinkit | URL: https://cdn.grofers.com/cdn-cgi/image/f=auto,fit=scale-down,q=70,metadata=none,w=270/da/cms-assets/cms/product/d8ae4975-0d58-4690-a46f-2e53bc9b0865.png
2026-06-05 16:53:33.387 | INFO     | __main__:process_urls_for_product:190 - Verified Source Attribution | Product: af3f999094c3 | File: af3f999094c3_004.jpg | Source: blinkit | URL: https://cdn.grofers.com/cdn-cgi/image/f=auto,fit=scale-down,q=70,metadata=none,w=270/da/cms-assets/cms/product/rc-upload-1777287844551-410.png
2026-06-05 16:53:33.627 | INFO     | __main__:process_urls_for_product:190 - Verified Source Attribution | Product: af3f999094c3 | File: af3f999094c3_005.jpg | Source: blinkit | URL: https://cdn.grofers.com/cdn-cgi/image/f=auto,fit=scale-down,q=70,metadata=none,w=270/da/cms-assets/cms/product/rc-upload-1770112173380-163.png
2026-06-05 16:53:33.888 | INFO     | __main__:process_urls_for_product:190 - Verified Source Attribution | Product: af3f999094c3 | File: af3f999094c3_006.jpg | Source: blinkit | URL: https://cdn.grofers.com/cdn-cgi/image/f=auto,fit=scale-down,q=70,metadata=none,w=270/da/cms-assets/cms/product/c43a7662-269c-4c22-8b73-f05357b8bd34.png
2026-06-05 16:53:34.133 | INFO     | __main__:process_urls_for_product:190 - Verified Source Attribution | Product: af3f999094c3 | File: af3f999094c3_007.jpg | Source: blinkit | URL: https://cdn.grofers.com/cdn-cgi/image/f=auto,fit=scale-down,q=70,metadata=none,w=270/da/cms-assets/cms/product/acbaa2a7-2401-4747-9677-badd663d8589.png
2026-06-05 16:53:34.384 | INFO     | __main__:process_urls_for_product:190 - Verified Source Attribution | Product: af3f999094c3 | File: af3f999094c3_008.jpg | Source: blinkit | URL: https://cdn.grofers.com/cdn-cgi/image/f=auto,fit=scale-down,q=70,metadata=none,w=270/da/cms-assets/cms/product/0c8e51b2-daa1-4bdb-bbe3-50c43e04f7ff.png
2026-06-05 16:53:34.644 | INFO     | __main__:process_urls_for_product:190 - Verified Source Attribution | Product: af3f999094c3 | File: af3f999094c3_009.jpg | Source: blinkit | URL: https://cdn.grofers.com/cdn-cgi/image/f=auto,fit=scale-down,q=70,metadata=none,w=270/da/cms-assets/cms/product/716290f6-2028-405b-a7eb-256c84261baa.png
2026-06-05 16:53:35.071 | INFO     | __main__:process_urls_for_product:190 - Verified Source Attribution | Product: af3f999094c3 | File: af3f999094c3_010.jpg | Source: blinkit | URL: https://cdn.grofers.com/cdn-cgi/image/f=auto,fit=scale-down,q=70,metadata=none,w=270/da/cms-assets/cms/product/0f82fa5b-b1b9-4aec-b557-277dec9d3e51.png
2026-06-05 16:53:38.279 | INFO     | nure.image_sources:collect_amazon_images:178 - Amazon 'Deep Moong Dal Chilka': 3 URLs
2026-06-05 16:54:16.158 | INFO     | __main__:process_urls_for_product:190 - Verified Source Attribution | Product: 60b8747646ba | File: 60b8747646ba_000.jpg | Source: amazon | URL: https://m.media-amazon.com/images/I/31Ip4aURUpL.png
2026-06-05 16:54:16.613 | INFO     | __main__:process_urls_for_product:190 - Verified Source Attribution | Product: 60b8747646ba | File: 60b8747646ba_001.jpg | Source: amazon | URL: https://m.media-amazon.com/images/I/51r5E3UjpWL.jpg
2026-06-05 16:54:18.220 | INFO     | __main__:process_urls_for_product:190 - Verified Source Attribution | Product: 60b8747646ba | File: 60b8747646ba_002.jpg | Source: amazon | URL: https://m.media-amazon.com/images/I/81ZE2hXMEdL.jpg
2026-06-05 16:54:18.383 | INFO     | __main__:download_product_images:223 - Product 60b8747646ba has 3 images (min 10). Using Playwright fallback.
2026-06-05 16:54:22.742 | INFO     | nure.playwright_sources:collect_playwright_images:99 - Playwright blinkit 'Deep Moong Dal Chilka': 15 URLs
2026-06-05 16:54:26.116 | DEBUG    | nure.playwright_sources:collect_playwright_images:95 - Playwright timeout for bigbasket on Deep Moong Dal Chilka
2026-06-05 16:54:26.116 | INFO     | nure.playwright_sources:collect_playwright_images:99 - Playwright bigbasket 'Deep Moong Dal Chilka': 0 URLs
2026-06-05 16:54:28.390 | INFO     | nure.playwright_sources:collect_playwright_images:99 - Playwright jiomart 'Deep Moong Dal Chilka': 1 URLs
2026-06-05 16:54:31.106 | INFO     | nure.playwright_sources:collect_playwright_images:99 - Playwright flipkart 'Deep Moong Dal Chilka': 0 URLs
2026-06-05 16:54:31.260 | INFO     | __main__:process_urls_for_product:190 - Verified Source Attribution | Product: 60b8747646ba | File: 60b8747646ba_003.jpg | Source: blinkit | URL: https://cdn.grofers.com/cdn-cgi/image/f=auto,fit=scale-down,q=70,metadata=none,w=270/da/cms-assets/cms/product/rc-upload-1777287844551-429.png
2026-06-05 16:54:31.565 | INFO     | __main__:process_urls_for_product:190 - Verified Source Attribution | Product: 60b8747646ba | File: 60b8747646ba_004.jpg | Source: blinkit | URL: https://cdn.grofers.com/cdn-cgi/image/f=auto,fit=scale-down,q=70,metadata=none,w=270/da/cms-assets/cms/product/81a89f58-cf0c-412d-9ee1-1fe45041d0ef.png
2026-06-05 16:54:31.910 | INFO     | __main__:process_urls_for_product:190 - Verified Source Attribution | Product: 60b8747646ba | File: 60b8747646ba_005.jpg | Source: blinkit | URL: https://cdn.grofers.com/cdn-cgi/image/f=auto,fit=scale-down,q=70,metadata=none,w=270/da/cms-assets/cms/product/rc-upload-1771916674943-177.png
2026-06-05 16:54:32.157 | INFO     | __main__:process_urls_for_product:190 - Verified Source Attribution | Product: 60b8747646ba | File: 60b8747646ba_006.jpg | Source: blinkit | URL: https://cdn.grofers.com/cdn-cgi/image/f=auto,fit=scale-down,q=70,metadata=none,w=270/da/cms-assets/cms/product/2f09aa70-13fe-499d-8cfa-7a2d55b5296b.png
2026-06-05 16:54:32.395 | INFO     | __main__:process_urls_for_product:190 - Verified Source Attribution | Product: 60b8747646ba | File: 60b8747646ba_007.jpg | Source: blinkit | URL: https://cdn.grofers.com/cdn-cgi/image/f=auto,fit=scale-down,q=70,metadata=none,w=270/da/cms-assets/cms/product/4bede032-f177-484a-a110-4133cfee7046.png
2026-06-05 16:54:32.634 | INFO     | __main__:process_urls_for_product:190 - Verified Source Attribution | Product: 60b8747646ba | File: 60b8747646ba_008.jpg | Source: blinkit | URL: https://cdn.grofers.com/cdn-cgi/image/f=auto,fit=scale-down,q=70,metadata=none,w=270/da/cms-assets/cms/product/rc-upload-1773718842673-744.png
2026-06-05 16:54:32.876 | INFO     | __main__:process_urls_for_product:190 - Verified Source Attribution | Product: 60b8747646ba | File: 60b8747646ba_009.jpg | Source: blinkit | URL: https://cdn.grofers.com/cdn-cgi/image/f=auto,fit=scale-down,q=70,metadata=none,w=270/da/cms-assets/cms/product/e164acf4-6fae-4118-8603-1893d21eb478.png
2026-06-05 16:54:33.114 | INFO     | __main__:process_urls_for_product:190 - Verified Source Attribution | Product: 60b8747646ba | File: 60b8747646ba_010.jpg | Source: blinkit | URL: https://cdn.grofers.com/cdn-cgi/image/f=auto,fit=scale-down,q=70,metadata=none,w=270/da/cms-assets/cms/product/73bb6122-b99e-4fb0-99f0-ab1e4012a2e6.png
2026-06-05 16:54:33.350 | INFO     | __main__:process_urls_for_product:190 - Verified Source Attribution | Product: 60b8747646ba | File: 60b8747646ba_011.jpg | Source: blinkit | URL: https://cdn.grofers.com/cdn-cgi/image/f=auto,fit=scale-down,q=70,metadata=none,w=270/da/cms-assets/cms/product/05191d57-65fd-4df5-9dce-c4bf44ac136a.png
2026-06-05 16:54:33.578 | INFO     | __main__:process_urls_for_product:190 - Verified Source Attribution | Product: 60b8747646ba | File: 60b8747646ba_012.jpg | Source: blinkit | URL: https://cdn.grofers.com/cdn-cgi/image/f=auto,fit=scale-down,q=70,metadata=none,w=270/da/cms-assets/cms/product/64941982-c72b-4a32-814f-dcd1831849cc.png
2026-06-05 16:55:28.205 | INFO     | __main__:download_product_images:223 - Product 52ec0536408f has 0 images (min 10). Using Playwright fallback.
2026-06-05 16:55:31.786 | INFO     | nure.playwright_sources:collect_playwright_images:99 - Playwright blinkit 'Laxmi Moong Dal Split': 15 URLs
2026-06-05 16:55:35.160 | DEBUG    | nure.playwright_sources:collect_playwright_images:95 - Playwright timeout for bigbasket on Laxmi Moong Dal Split
2026-06-05 16:55:35.160 | INFO     | nure.playwright_sources:collect_playwright_images:99 - Playwright bigbasket 'Laxmi Moong Dal Split': 0 URLs
2026-06-05 16:55:37.318 | INFO     | nure.playwright_sources:collect_playwright_images:99 - Playwright jiomart 'Laxmi Moong Dal Split': 1 URLs
2026-06-05 16:55:39.805 | INFO     | nure.playwright_sources:collect_playwright_images:99 - Playwright flipkart 'Laxmi Moong Dal Split': 0 URLs
2026-06-05 16:55:39.932 | INFO     | __main__:process_urls_for_product:190 - Verified Source Attribution | Product: 52ec0536408f | File: 52ec0536408f_000.jpg | Source: blinkit | URL: https://cdn.grofers.com/cdn-cgi/image/f=auto,fit=scale-down,q=70,metadata=none,w=270/da/cms-assets/cms/product/21b2d69a-c40a-459c-ad41-40d528b08890.png
2026-06-05 16:55:40.201 | INFO     | __main__:process_urls_for_product:190 - Verified Source Attribution | Product: 52ec0536408f | File: 52ec0536408f_001.jpg | Source: blinkit | URL: https://cdn.grofers.com/cdn-cgi/image/f=auto,fit=scale-down,q=70,metadata=none,w=270/da/cms-assets/cms/product/936427fc-590e-48c4-a71c-fb4d9aa8f49f.png
2026-06-05 16:55:40.427 | INFO     | __main__:process_urls_for_product:190 - Verified Source Attribution | Product: 52ec0536408f | File: 52ec0536408f_002.jpg | Source: blinkit | URL: https://cdn.grofers.com/cdn-cgi/image/f=auto,fit=scale-down,q=70,metadata=none,w=270/da/cms-assets/cms/product/d0799cef-246f-4750-a878-49f893403c2c.png
2026-06-05 16:55:40.662 | INFO     | __main__:process_urls_for_product:190 - Verified Source Attribution | Product: 52ec0536408f | File: 52ec0536408f_003.jpg | Source: blinkit | URL: https://cdn.grofers.com/cdn-cgi/image/f=auto,fit=scale-down,q=70,metadata=none,w=270/da/cms-assets/cms/product/d8ae4975-0d58-4690-a46f-2e53bc9b0865.png
2026-06-05 16:55:40.912 | INFO     | __main__:process_urls_for_product:190 - Verified Source Attribution | Product: 52ec0536408f | File: 52ec0536408f_004.jpg | Source: blinkit | URL: https://cdn.grofers.com/cdn-cgi/image/f=auto,fit=scale-down,q=70,metadata=none,w=270/da/cms-assets/cms/product/05191d57-65fd-4df5-9dce-c4bf44ac136a.png
2026-06-05 16:55:41.231 | INFO     | __main__:process_urls_for_product:190 - Verified Source Attribution | Product: 52ec0536408f | File: 52ec0536408f_005.jpg | Source: blinkit | URL: https://cdn.grofers.com/cdn-cgi/image/f=auto,fit=scale-down,q=70,metadata=none,w=270/da/cms-assets/cms/product/73bb6122-b99e-4fb0-99f0-ab1e4012a2e6.png
2026-06-05 16:55:41.469 | INFO     | __main__:process_urls_for_product:190 - Verified Source Attribution | Product: 52ec0536408f | File: 52ec0536408f_006.jpg | Source: blinkit | URL: https://cdn.grofers.com/cdn-cgi/image/f=auto,fit=scale-down,q=70,metadata=none,w=270/da/cms-assets/cms/product/rc-upload-1777287844551-590.png
2026-06-05 16:55:41.730 | INFO     | __main__:process_urls_for_product:190 - Verified Source Attribution | Product: 52ec0536408f | File: 52ec0536408f_007.jpg | Source: blinkit | URL: https://cdn.grofers.com/cdn-cgi/image/f=auto,fit=scale-down,q=70,metadata=none,w=270/da/cms-assets/cms/product/16ed5e12-93e3-4c3c-920e-f960247e0631.png
2026-06-05 16:55:41.966 | INFO     | __main__:process_urls_for_product:190 - Verified Source Attribution | Product: 52ec0536408f | File: 52ec0536408f_008.jpg | Source: blinkit | URL: https://cdn.grofers.com/cdn-cgi/image/f=auto,fit=scale-down,q=70,metadata=none,w=270/da/cms-assets/cms/product/2f09aa70-13fe-499d-8cfa-7a2d55b5296b.png
2026-06-05 16:55:42.204 | INFO     | __main__:process_urls_for_product:190 - Verified Source Attribution | Product: 52ec0536408f | File: 52ec0536408f_009.jpg | Source: blinkit | URL: https://cdn.grofers.com/cdn-cgi/image/f=auto,fit=scale-down,q=70,metadata=none,w=270/da/cms-assets/cms/product/0c8e51b2-daa1-4bdb-bbe3-50c43e04f7ff.png
2026-06-05 16:55:42.531 | INFO     | __main__:process_urls_for_product:190 - Verified Source Attribution | Product: 52ec0536408f | File: 52ec0536408f_010.jpg | Source: blinkit | URL: https://cdn.grofers.com/cdn-cgi/image/f=auto,fit=scale-down,q=70,metadata=none,w=270/da/cms-assets/cms/product/rc-upload-1777287844551-410.png
2026-06-05 16:56:50.795 | INFO     | __main__:download_product_images:223 - Product 0f8299ac3125 has 0 images (min 10). Using Playwright fallback.
2026-06-05 16:56:54.241 | INFO     | nure.playwright_sources:collect_playwright_images:99 - Playwright blinkit 'Noor Gazal Moong Dal': 15 URLs
2026-06-05 16:56:57.636 | DEBUG    | nure.playwright_sources:collect_playwright_images:95 - Playwright timeout for bigbasket on Noor Gazal Moong Dal
2026-06-05 16:56:57.636 | INFO     | nure.playwright_sources:collect_playwright_images:99 - Playwright bigbasket 'Noor Gazal Moong Dal': 0 URLs
2026-06-05 16:57:00.702 | INFO     | nure.playwright_sources:collect_playwright_images:99 - Playwright jiomart 'Noor Gazal Moong Dal': 1 URLs
2026-06-05 16:57:03.202 | INFO     | nure.playwright_sources:collect_playwright_images:99 - Playwright flipkart 'Noor Gazal Moong Dal 500gm': 0 URLs
2026-06-05 16:57:03.336 | INFO     | __main__:process_urls_for_product:190 - Verified Source Attribution | Product: 0f8299ac3125 | File: 0f8299ac3125_000.jpg | Source: blinkit | URL: https://cdn.grofers.com/cdn-cgi/image/f=auto,fit=scale-down,q=70,metadata=none,w=270/da/cms-assets/cms/product/d0799cef-246f-4750-a878-49f893403c2c.png
2026-06-05 16:57:03.630 | INFO     | __main__:process_urls_for_product:190 - Verified Source Attribution | Product: 0f8299ac3125 | File: 0f8299ac3125_001.jpg | Source: blinkit | URL: https://cdn.grofers.com/cdn-cgi/image/f=auto,fit=scale-down,q=70,metadata=none,w=270/da/cms-assets/cms/product/21b2d69a-c40a-459c-ad41-40d528b08890.png
2026-06-05 16:57:03.876 | INFO     | __main__:process_urls_for_product:190 - Verified Source Attribution | Product: 0f8299ac3125 | File: 0f8299ac3125_002.jpg | Source: blinkit | URL: https://cdn.grofers.com/cdn-cgi/image/f=auto,fit=scale-down,q=70,metadata=none,w=270/da/cms-assets/cms/product/rc-upload-1777287844551-410.png
2026-06-05 16:57:04.196 | INFO     | __main__:process_urls_for_product:190 - Verified Source Attribution | Product: 0f8299ac3125 | File: 0f8299ac3125_003.jpg | Source: blinkit | URL: https://cdn.grofers.com/cdn-cgi/image/f=auto,fit=scale-down,q=70,metadata=none,w=270/da/cms-assets/cms/product/73bb6122-b99e-4fb0-99f0-ab1e4012a2e6.png
2026-06-05 16:57:04.437 | INFO     | __main__:process_urls_for_product:190 - Verified Source Attribution | Product: 0f8299ac3125 | File: 0f8299ac3125_004.jpg | Source: blinkit | URL: https://cdn.grofers.com/cdn-cgi/image/f=auto,fit=scale-down,q=70,metadata=none,w=270/da/cms-assets/cms/product/936427fc-590e-48c4-a71c-fb4d9aa8f49f.png
2026-06-05 16:57:04.695 | INFO     | __main__:process_urls_for_product:190 - Verified Source Attribution | Product: 0f8299ac3125 | File: 0f8299ac3125_005.jpg | Source: blinkit | URL: https://cdn.grofers.com/cdn-cgi/image/f=auto,fit=scale-down,q=70,metadata=none,w=270/da/cms-assets/cms/product/be8bd3a2-404a-4f59-8e23-bfcbd12200cc.png
2026-06-05 16:57:04.952 | INFO     | __main__:process_urls_for_product:190 - Verified Source Attribution | Product: 0f8299ac3125 | File: 0f8299ac3125_006.jpg | Source: blinkit | URL: https://cdn.grofers.com/cdn-cgi/image/f=auto,fit=scale-down,q=70,metadata=none,w=270/da/cms-assets/cms/product/05191d57-65fd-4df5-9dce-c4bf44ac136a.png
2026-06-05 16:57:05.205 | INFO     | __main__:process_urls_for_product:190 - Verified Source Attribution | Product: 0f8299ac3125 | File: 0f8299ac3125_007.jpg | Source: blinkit | URL: https://cdn.grofers.com/cdn-cgi/image/f=auto,fit=scale-down,q=70,metadata=none,w=270/da/cms-assets/cms/product/rc-upload-1776769807752-159.png
2026-06-05 16:57:05.464 | INFO     | __main__:process_urls_for_product:190 - Verified Source Attribution | Product: 0f8299ac3125 | File: 0f8299ac3125_008.jpg | Source: blinkit | URL: https://cdn.grofers.com/cdn-cgi/image/f=auto,fit=scale-down,q=70,metadata=none,w=270/da/cms-assets/cms/product/rc-upload-1777287844551-429.png
2026-06-05 16:57:05.711 | INFO     | __main__:process_urls_for_product:190 - Verified Source Attribution | Product: 0f8299ac3125 | File: 0f8299ac3125_009.jpg | Source: blinkit | URL: https://cdn.grofers.com/cdn-cgi/image/f=auto,fit=scale-down,q=70,metadata=none,w=270/da/cms-assets/cms/product/16ed5e12-93e3-4c3c-920e-f960247e0631.png
2026-06-05 16:57:06.055 | INFO     | __main__:process_urls_for_product:190 - Verified Source Attribution | Product: 0f8299ac3125 | File: 0f8299ac3125_010.jpg | Source: blinkit | URL: https://cdn.grofers.com/cdn-cgi/image/f=auto,fit=scale-down,q=70,metadata=none,w=270/da/cms-assets/cms/product/0c8e51b2-daa1-4bdb-bbe3-50c43e04f7ff.png
2026-06-05 16:57:06.299 | INFO     | __main__:process_urls_for_product:190 - Verified Source Attribution | Product: 0f8299ac3125 | File: 0f8299ac3125_011.jpg | Source: blinkit | URL: https://cdn.grofers.com/cdn-cgi/image/f=auto,fit=scale-down,q=70,metadata=none,w=270/da/cms-assets/cms/product/d8ae4975-0d58-4690-a46f-2e53bc9b0865.png
2026-06-05 16:57:08.949 | INFO     | nure.image_sources:collect_amazon_images:178 - Amazon 'Patidar Moong Dal': 2 URLs
2026-06-05 16:57:11.151 | INFO     | nure.image_sources:collect_bing_images:149 - Bing 'Patidar Moong Dal': 0 URLs
2026-06-05 16:57:48.284 | INFO     | __main__:process_urls_for_product:190 - Verified Source Attribution | Product: ec67c3607b66 | File: ec67c3607b66_000.jpg | Source: amazon | URL: https://m.media-amazon.com/images/I/31Ip4aURUpL.png
2026-06-05 16:57:48.761 | INFO     | __main__:process_urls_for_product:190 - Verified Source Attribution | Product: ec67c3607b66 | File: ec67c3607b66_001.jpg | Source: amazon | URL: https://m.media-amazon.com/images/I/71FFRSkafVL.jpg
2026-06-05 16:57:48.914 | INFO     | __main__:download_product_images:223 - Product ec67c3607b66 has 2 images (min 10). Using Playwright fallback.
2026-06-05 16:57:52.265 | INFO     | nure.playwright_sources:collect_playwright_images:99 - Playwright blinkit 'Patidar Moong Dal': 15 URLs
2026-06-05 16:57:55.648 | DEBUG    | nure.playwright_sources:collect_playwright_images:95 - Playwright timeout for bigbasket on Patidar Moong Dal
2026-06-05 16:57:55.648 | INFO     | nure.playwright_sources:collect_playwright_images:99 - Playwright bigbasket 'Patidar Moong Dal': 0 URLs
2026-06-05 16:57:58.107 | INFO     | nure.playwright_sources:collect_playwright_images:99 - Playwright jiomart 'Patidar Moong Dal': 1 URLs
2026-06-05 16:58:00.775 | INFO     | nure.playwright_sources:collect_playwright_images:99 - Playwright flipkart 'Patidar Moong Dal': 0 URLs
2026-06-05 16:58:00.922 | INFO     | __main__:process_urls_for_product:190 - Verified Source Attribution | Product: ec67c3607b66 | File: ec67c3607b66_002.jpg | Source: blinkit | URL: https://cdn.grofers.com/cdn-cgi/image/f=auto,fit=scale-down,q=70,metadata=none,w=270/da/cms-assets/cms/product/rc-upload-1770963085463-92.png
2026-06-05 16:58:01.221 | INFO     | __main__:process_urls_for_product:190 - Verified Source Attribution | Product: ec67c3607b66 | File: ec67c3607b66_003.jpg | Source: blinkit | URL: https://cdn.grofers.com/cdn-cgi/image/f=auto,fit=scale-down,q=70,metadata=none,w=270/da/cms-assets/cms/product/0f82fa5b-b1b9-4aec-b557-277dec9d3e51.png
2026-06-05 16:58:01.460 | INFO     | __main__:process_urls_for_product:190 - Verified Source Attribution | Product: ec67c3607b66 | File: ec67c3607b66_004.jpg | Source: blinkit | URL: https://cdn.grofers.com/cdn-cgi/image/f=auto,fit=scale-down,q=70,metadata=none,w=270/da/cms-assets/cms/product/73bb6122-b99e-4fb0-99f0-ab1e4012a2e6.png
2026-06-05 16:58:01.698 | INFO     | __main__:process_urls_for_product:190 - Verified Source Attribution | Product: ec67c3607b66 | File: ec67c3607b66_005.jpg | Source: blinkit | URL: https://cdn.grofers.com/cdn-cgi/image/f=auto,fit=scale-down,q=70,metadata=none,w=270/da/cms-assets/cms/product/21b2d69a-c40a-459c-ad41-40d528b08890.png
2026-06-05 16:58:01.959 | INFO     | __main__:process_urls_for_product:190 - Verified Source Attribution | Product: ec67c3607b66 | File: ec67c3607b66_006.jpg | Source: blinkit | URL: https://cdn.grofers.com/cdn-cgi/image/f=auto,fit=scale-down,q=70,metadata=none,w=270/da/cms-assets/cms/product/716290f6-2028-405b-a7eb-256c84261baa.png
2026-06-05 16:58:02.207 | INFO     | __main__:process_urls_for_product:190 - Verified Source Attribution | Product: ec67c3607b66 | File: ec67c3607b66_007.jpg | Source: blinkit | URL: https://cdn.grofers.com/cdn-cgi/image/f=auto,fit=scale-down,q=70,metadata=none,w=270/da/cms-assets/cms/product/d8ae4975-0d58-4690-a46f-2e53bc9b0865.png
2026-06-05 16:58:02.460 | INFO     | __main__:process_urls_for_product:190 - Verified Source Attribution | Product: ec67c3607b66 | File: ec67c3607b66_008.jpg | Source: blinkit | URL: https://cdn.grofers.com/cdn-cgi/image/f=auto,fit=scale-down,q=70,metadata=none,w=270/da/cms-assets/cms/product/544405b7-1b52-4ff5-836b-1b7a943c0378.png
2026-06-05 16:58:02.709 | INFO     | __main__:process_urls_for_product:190 - Verified Source Attribution | Product: ec67c3607b66 | File: ec67c3607b66_009.jpg | Source: blinkit | URL: https://cdn.grofers.com/cdn-cgi/image/f=auto,fit=scale-down,q=70,metadata=none,w=270/da/cms-assets/cms/product/64941982-c72b-4a32-814f-dcd1831849cc.png
2026-06-05 16:58:02.954 | INFO     | __main__:process_urls_for_product:190 - Verified Source Attribution | Product: ec67c3607b66 | File: ec67c3607b66_010.jpg | Source: blinkit | URL: https://cdn.grofers.com/cdn-cgi/image/f=auto,fit=scale-down,q=70,metadata=none,w=270/da/cms-assets/cms/product/936427fc-590e-48c4-a71c-fb4d9aa8f49f.png
2026-06-05 16:58:03.299 | INFO     | __main__:process_urls_for_product:190 - Verified Source Attribution | Product: ec67c3607b66 | File: ec67c3607b66_011.jpg | Source: blinkit | URL: https://cdn.grofers.com/cdn-cgi/image/f=auto,fit=scale-down,q=70,metadata=none,w=270/da/cms-assets/cms/product/rc-upload-1777287844551-429.png
2026-06-05 16:58:03.639 | INFO     | __main__:process_urls_for_product:190 - Verified Source Attribution | Product: ec67c3607b66 | File: ec67c3607b66_012.jpg | Source: blinkit | URL: https://cdn.grofers.com/cdn-cgi/image/f=auto,fit=scale-down,q=70,metadata=none,w=270/da/cms-assets/cms/product/05191d57-65fd-4df5-9dce-c4bf44ac136a.png
2026-06-05 16:58:03.894 | INFO     | __main__:process_urls_for_product:190 - Verified Source Attribution | Product: ec67c3607b66 | File: ec67c3607b66_013.jpg | Source: blinkit | URL: https://cdn.grofers.com/cdn-cgi/image/f=auto,fit=scale-down,q=70,metadata=none,w=270/da/cms-assets/cms/product/d9b349bc-c4a4-4afe-b130-75640f409e7b.png
2026-06-05 16:58:06.638 | INFO     | nure.image_sources:collect_amazon_images:178 - Amazon 'Devi Yellow Split Moong dal': 2 URLs
2026-06-05 16:58:08.557 | INFO     | nure.image_sources:collect_bing_images:149 - Bing 'Devi Yellow Split Moong dal': 0 URLs
2026-06-05 16:58:45.340 | INFO     | __main__:process_urls_for_product:190 - Verified Source Attribution | Product: 2830f497ed6c | File: 2830f497ed6c_000.jpg | Source: amazon | URL: https://m.media-amazon.com/images/I/31Ip4aURUpL.png
2026-06-05 16:58:46.886 | INFO     | __main__:process_urls_for_product:190 - Verified Source Attribution | Product: 2830f497ed6c | File: 2830f497ed6c_001.jpg | Source: amazon | URL: https://m.media-amazon.com/images/I/71ihk-uRlAL.jpg
2026-06-05 16:58:47.037 | INFO     | __main__:download_product_images:223 - Product 2830f497ed6c has 2 images (min 10). Using Playwright fallback.
2026-06-05 16:58:50.481 | INFO     | nure.playwright_sources:collect_playwright_images:99 - Playwright blinkit 'Devi Yellow Split Moong dal': 15 URLs
2026-06-05 16:58:53.833 | DEBUG    | nure.playwright_sources:collect_playwright_images:95 - Playwright timeout for bigbasket on Devi Yellow Split Moong dal
2026-06-05 16:58:53.833 | INFO     | nure.playwright_sources:collect_playwright_images:99 - Playwright bigbasket 'Devi Yellow Split Moong dal': 0 URLs
2026-06-05 16:58:56.247 | INFO     | nure.playwright_sources:collect_playwright_images:99 - Playwright jiomart 'Devi Yellow Split Moong dal': 1 URLs
2026-06-05 16:58:58.985 | INFO     | nure.playwright_sources:collect_playwright_images:99 - Playwright flipkart 'Devi Yellow Split Moong dal': 0 URLs
2026-06-05 16:58:59.123 | INFO     | __main__:process_urls_for_product:190 - Verified Source Attribution | Product: 2830f497ed6c | File: 2830f497ed6c_002.jpg | Source: blinkit | URL: https://cdn.grofers.com/cdn-cgi/image/f=auto,fit=scale-down,q=70,metadata=none,w=270/da/cms-assets/cms/product/d8ae4975-0d58-4690-a46f-2e53bc9b0865.png
2026-06-05 16:58:59.397 | INFO     | __main__:process_urls_for_product:190 - Verified Source Attribution | Product: 2830f497ed6c | File: 2830f497ed6c_003.jpg | Source: blinkit | URL: https://cdn.grofers.com/cdn-cgi/image/f=auto,fit=scale-down,q=70,metadata=none,w=270/da/cms-assets/cms/product/936427fc-590e-48c4-a71c-fb4d9aa8f49f.png
2026-06-05 16:58:59.630 | INFO     | __main__:process_urls_for_product:190 - Verified Source Attribution | Product: 2830f497ed6c | File: 2830f497ed6c_004.jpg | Source: blinkit | URL: https://cdn.grofers.com/cdn-cgi/image/f=auto,fit=scale-down,q=70,metadata=none,w=270/da/cms-assets/cms/product/21b2d69a-c40a-459c-ad41-40d528b08890.png
2026-06-05 16:58:59.871 | INFO     | __main__:process_urls_for_product:190 - Verified Source Attribution | Product: 2830f497ed6c | File: 2830f497ed6c_005.jpg | Source: blinkit | URL: https://cdn.grofers.com/cdn-cgi/image/f=auto,fit=scale-down,q=70,metadata=none,w=270/da/cms-assets/cms/product/d0799cef-246f-4750-a878-49f893403c2c.png
2026-06-05 16:59:00.178 | INFO     | __main__:process_urls_for_product:190 - Verified Source Attribution | Product: 2830f497ed6c | File: 2830f497ed6c_006.jpg | Source: blinkit | URL: https://cdn.grofers.com/cdn-cgi/image/f=auto,fit=scale-down,q=70,metadata=none,w=270/da/cms-assets/cms/product/73bb6122-b99e-4fb0-99f0-ab1e4012a2e6.png
2026-06-05 16:59:00.416 | INFO     | __main__:process_urls_for_product:190 - Verified Source Attribution | Product: 2830f497ed6c | File: 2830f497ed6c_007.jpg | Source: blinkit | URL: https://cdn.grofers.com/cdn-cgi/image/f=auto,fit=scale-down,q=70,metadata=none,w=270/da/cms-assets/cms/product/rc-upload-1777287844551-590.png
2026-06-05 16:59:00.750 | INFO     | __main__:process_urls_for_product:190 - Verified Source Attribution | Product: 2830f497ed6c | File: 2830f497ed6c_008.jpg | Source: blinkit | URL: https://cdn.grofers.com/cdn-cgi/image/f=auto,fit=scale-down,q=70,metadata=none,w=270/da/cms-assets/cms/product/05191d57-65fd-4df5-9dce-c4bf44ac136a.png
2026-06-05 16:59:01.004 | INFO     | __main__:process_urls_for_product:190 - Verified Source Attribution | Product: 2830f497ed6c | File: 2830f497ed6c_009.jpg | Source: blinkit | URL: https://cdn.grofers.com/cdn-cgi/image/f=auto,fit=scale-down,q=70,metadata=none,w=270/da/cms-assets/cms/product/0c8e51b2-daa1-4bdb-bbe3-50c43e04f7ff.png
2026-06-05 16:59:01.262 | INFO     | __main__:process_urls_for_product:190 - Verified Source Attribution | Product: 2830f497ed6c | File: 2830f497ed6c_010.jpg | Source: blinkit | URL: https://cdn.grofers.com/cdn-cgi/image/f=auto,fit=scale-down,q=70,metadata=none,w=270/da/cms-assets/cms/product/rc-upload-1777287844551-410.png
2026-06-05 16:59:01.606 | INFO     | __main__:process_urls_for_product:190 - Verified Source Attribution | Product: 2830f497ed6c | File: 2830f497ed6c_011.jpg | Source: blinkit | URL: https://cdn.grofers.com/cdn-cgi/image/f=auto,fit=scale-down,q=70,metadata=none,w=270/da/cms-assets/cms/product/c3fbc03e-90fe-45ad-9837-700be77d7d68.png
2026-06-05 16:59:01.854 | INFO     | __main__:process_urls_for_product:190 - Verified Source Attribution | Product: 2830f497ed6c | File: 2830f497ed6c_012.jpg | Source: blinkit | URL: https://cdn.grofers.com/cdn-cgi/image/f=auto,fit=scale-down,q=70,metadata=none,w=270/da/cms-assets/cms/product/2f09aa70-13fe-499d-8cfa-7a2d55b5296b.png
2026-06-05 16:59:04.536 | INFO     | nure.image_sources:collect_amazon_images:178 - Amazon 'Sundar Moong Dal Washed': 2 URLs
2026-06-05 16:59:06.424 | INFO     | nure.image_sources:collect_bing_images:149 - Bing 'Sundar Moong Dal Washed': 0 URLs
2026-06-05 16:59:43.415 | INFO     | __main__:process_urls_for_product:190 - Verified Source Attribution | Product: 1fa57506fc6e | File: 1fa57506fc6e_000.jpg | Source: amazon | URL: https://m.media-amazon.com/images/I/31Ip4aURUpL.png
2026-06-05 16:59:43.874 | INFO     | __main__:process_urls_for_product:190 - Verified Source Attribution | Product: 1fa57506fc6e | File: 1fa57506fc6e_001.jpg | Source: amazon | URL: https://m.media-amazon.com/images/I/51r5E3UjpWL.jpg
2026-06-05 16:59:44.032 | INFO     | __main__:download_product_images:223 - Product 1fa57506fc6e has 2 images (min 10). Using Playwright fallback.
2026-06-05 16:59:47.138 | INFO     | nure.playwright_sources:collect_playwright_images:99 - Playwright blinkit 'Sundar Moong Dal Washed': 15 URLs
2026-06-05 16:59:50.503 | DEBUG    | nure.playwright_sources:collect_playwright_images:95 - Playwright timeout for bigbasket on Sundar Moong Dal Washed
2026-06-05 16:59:50.503 | INFO     | nure.playwright_sources:collect_playwright_images:99 - Playwright bigbasket 'Sundar Moong Dal Washed': 0 URLs
2026-06-05 16:59:52.898 | INFO     | nure.playwright_sources:collect_playwright_images:99 - Playwright jiomart 'Sundar Moong Dal Washed': 1 URLs
2026-06-05 16:59:55.636 | INFO     | nure.playwright_sources:collect_playwright_images:99 - Playwright flipkart 'Sundar Moong Dal Washed': 0 URLs
2026-06-05 16:59:55.779 | INFO     | __main__:process_urls_for_product:190 - Verified Source Attribution | Product: 1fa57506fc6e | File: 1fa57506fc6e_002.jpg | Source: blinkit | URL: https://cdn.grofers.com/cdn-cgi/image/f=auto,fit=scale-down,q=70,metadata=none,w=270/da/cms-assets/cms/product/21b2d69a-c40a-459c-ad41-40d528b08890.png
2026-06-05 16:59:56.062 | INFO     | __main__:process_urls_for_product:190 - Verified Source Attribution | Product: 1fa57506fc6e | File: 1fa57506fc6e_003.jpg | Source: blinkit | URL: https://cdn.grofers.com/cdn-cgi/image/f=auto,fit=scale-down,q=70,metadata=none,w=270/da/cms-assets/cms/product/64941982-c72b-4a32-814f-dcd1831849cc.png
2026-06-05 16:59:56.292 | INFO     | __main__:process_urls_for_product:190 - Verified Source Attribution | Product: 1fa57506fc6e | File: 1fa57506fc6e_004.jpg | Source: blinkit | URL: https://cdn.grofers.com/cdn-cgi/image/f=auto,fit=scale-down,q=70,metadata=none,w=270/da/cms-assets/cms/product/936427fc-590e-48c4-a71c-fb4d9aa8f49f.png
2026-06-05 16:59:56.525 | INFO     | __main__:process_urls_for_product:190 - Verified Source Attribution | Product: 1fa57506fc6e | File: 1fa57506fc6e_005.jpg | Source: blinkit | URL: https://cdn.grofers.com/cdn-cgi/image/f=auto,fit=scale-down,q=70,metadata=none,w=270/da/cms-assets/cms/product/acbaa2a7-2401-4747-9677-badd663d8589.png
2026-06-05 16:59:56.754 | INFO     | __main__:process_urls_for_product:190 - Verified Source Attribution | Product: 1fa57506fc6e | File: 1fa57506fc6e_006.jpg | Source: blinkit | URL: https://cdn.grofers.com/cdn-cgi/image/f=auto,fit=scale-down,q=70,metadata=none,w=270/da/cms-assets/cms/product/73bb6122-b99e-4fb0-99f0-ab1e4012a2e6.png
2026-06-05 16:59:57.141 | INFO     | __main__:process_urls_for_product:190 - Verified Source Attribution | Product: 1fa57506fc6e | File: 1fa57506fc6e_007.jpg | Source: blinkit | URL: https://cdn.grofers.com/cdn-cgi/image/f=auto,fit=scale-down,q=70,metadata=none,w=270/da/cms-assets/cms/product/0f82fa5b-b1b9-4aec-b557-277dec9d3e51.png
2026-06-05 16:59:57.387 | INFO     | __main__:process_urls_for_product:190 - Verified Source Attribution | Product: 1fa57506fc6e | File: 1fa57506fc6e_008.jpg | Source: blinkit | URL: https://cdn.grofers.com/cdn-cgi/image/f=auto,fit=scale-down,q=70,metadata=none,w=270/da/cms-assets/cms/product/d8ae4975-0d58-4690-a46f-2e53bc9b0865.png
2026-06-05 16:59:57.842 | INFO     | __main__:process_urls_for_product:190 - Verified Source Attribution | Product: 1fa57506fc6e | File: 1fa57506fc6e_009.jpg | Source: blinkit | URL: https://cdn.grofers.com/cdn-cgi/image/f=auto,fit=scale-down,q=70,metadata=none,w=270/da/cms-assets/cms/product/16ed5e12-93e3-4c3c-920e-f960247e0631.png
2026-06-05 16:59:58.072 | INFO     | __main__:process_urls_for_product:190 - Verified Source Attribution | Product: 1fa57506fc6e | File: 1fa57506fc6e_010.jpg | Source: blinkit | URL: https://cdn.grofers.com/cdn-cgi/image/f=auto,fit=scale-down,q=70,metadata=none,w=270/da/cms-assets/cms/product/0c8e51b2-daa1-4bdb-bbe3-50c43e04f7ff.png
2026-06-05 16:59:58.306 | INFO     | __main__:process_urls_for_product:190 - Verified Source Attribution | Product: 1fa57506fc6e | File: 1fa57506fc6e_011.jpg | Source: blinkit | URL: https://cdn.grofers.com/cdn-cgi/image/f=auto,fit=scale-down,q=70,metadata=none,w=270/da/cms-assets/cms/product/be8bd3a2-404a-4f59-8e23-bfcbd12200cc.png
2026-06-05 17:00:00.047 | DEBUG    | nure.image_sources:_get:46 - GET failed: ('Connection aborted.', ConnectionResetError(10054, 'An existing connection was forcibly closed by the remote host', None, 10054, None))
2026-06-05 17:00:01.994 | INFO     | nure.image_sources:collect_bing_images:149 - Bing 'Swad Moong Dal': 0 URLs
2026-06-05 17:00:38.735 | INFO     | __main__:download_product_images:223 - Product 89e2dd56ac4f has 0 images (min 10). Using Playwright fallback.
2026-06-05 17:00:42.111 | INFO     | nure.playwright_sources:collect_playwright_images:99 - Playwright blinkit 'Swad Moong Dal': 15 URLs
2026-06-05 17:00:45.517 | DEBUG    | nure.playwright_sources:collect_playwright_images:95 - Playwright timeout for bigbasket on Swad Moong Dal
2026-06-05 17:00:45.517 | INFO     | nure.playwright_sources:collect_playwright_images:99 - Playwright bigbasket 'Swad Moong Dal': 0 URLs
2026-06-05 17:00:48.818 | INFO     | nure.playwright_sources:collect_playwright_images:99 - Playwright jiomart 'Swad Moong Dal': 1 URLs
2026-06-05 17:00:52.190 | INFO     | nure.playwright_sources:collect_playwright_images:99 - Playwright flipkart 'Swad Moong Dal': 0 URLs
2026-06-05 17:00:52.315 | INFO     | __main__:process_urls_for_product:190 - Verified Source Attribution | Product: 89e2dd56ac4f | File: 89e2dd56ac4f_000.jpg | Source: blinkit | URL: https://cdn.grofers.com/cdn-cgi/image/f=auto,fit=scale-down,q=70,metadata=none,w=270/da/cms-assets/cms/product/rc-upload-1777287844551-410.png
2026-06-05 17:00:52.580 | INFO     | __main__:process_urls_for_product:190 - Verified Source Attribution | Product: 89e2dd56ac4f | File: 89e2dd56ac4f_001.jpg | Source: blinkit | URL: https://cdn.grofers.com/cdn-cgi/image/f=auto,fit=scale-down,q=70,metadata=none,w=270/da/cms-assets/cms/product/21b2d69a-c40a-459c-ad41-40d528b08890.png
2026-06-05 17:00:52.807 | INFO     | __main__:process_urls_for_product:190 - Verified Source Attribution | Product: 89e2dd56ac4f | File: 89e2dd56ac4f_002.jpg | Source: blinkit | URL: https://cdn.grofers.com/cdn-cgi/image/f=auto,fit=scale-down,q=70,metadata=none,w=270/da/cms-assets/cms/product/e6102ce2-b2e9-49fb-a63c-7a099d2159b7.png
2026-06-05 17:00:53.053 | INFO     | __main__:process_urls_for_product:190 - Verified Source Attribution | Product: 89e2dd56ac4f | File: 89e2dd56ac4f_003.jpg | Source: blinkit | URL: https://cdn.grofers.com/cdn-cgi/image/f=auto,fit=scale-down,q=70,metadata=none,w=270/da/cms-assets/cms/product/rc-upload-1776769807752-159.png
2026-06-05 17:00:53.288 | INFO     | __main__:process_urls_for_product:190 - Verified Source Attribution | Product: 89e2dd56ac4f | File: 89e2dd56ac4f_004.jpg | Source: blinkit | URL: https://cdn.grofers.com/cdn-cgi/image/f=auto,fit=scale-down,q=70,metadata=none,w=270/da/cms-assets/cms/product/1f020133-02dd-4b3e-b8b9-dedb1d3eccfd.png
2026-06-05 17:00:53.531 | INFO     | __main__:process_urls_for_product:190 - Verified Source Attribution | Product: 89e2dd56ac4f | File: 89e2dd56ac4f_005.jpg | Source: blinkit | URL: https://cdn.grofers.com/cdn-cgi/image/f=auto,fit=scale-down,q=70,metadata=none,w=270/da/cms-assets/cms/product/716290f6-2028-405b-a7eb-256c84261baa.png
2026-06-05 17:00:53.772 | INFO     | __main__:process_urls_for_product:190 - Verified Source Attribution | Product: 89e2dd56ac4f | File: 89e2dd56ac4f_006.jpg | Source: blinkit | URL: https://cdn.grofers.com/cdn-cgi/image/f=auto,fit=scale-down,q=70,metadata=none,w=270/da/cms-assets/cms/product/f5e38936-4311-4a1b-a8b8-a185d944fb88.png
2026-06-05 17:00:54.173 | INFO     | __main__:process_urls_for_product:190 - Verified Source Attribution | Product: 89e2dd56ac4f | File: 89e2dd56ac4f_007.jpg | Source: blinkit | URL: https://cdn.grofers.com/cdn-cgi/image/f=auto,fit=scale-down,q=70,metadata=none,w=270/da/cms-assets/cms/product/16ed5e12-93e3-4c3c-920e-f960247e0631.png
2026-06-05 17:00:54.408 | INFO     | __main__:process_urls_for_product:190 - Verified Source Attribution | Product: 89e2dd56ac4f | File: 89e2dd56ac4f_008.jpg | Source: blinkit | URL: https://cdn.grofers.com/cdn-cgi/image/f=auto,fit=scale-down,q=70,metadata=none,w=270/da/cms-assets/cms/product/d8ae4975-0d58-4690-a46f-2e53bc9b0865.png
2026-06-05 17:00:54.659 | INFO     | __main__:process_urls_for_product:190 - Verified Source Attribution | Product: 89e2dd56ac4f | File: 89e2dd56ac4f_009.jpg | Source: blinkit | URL: https://cdn.grofers.com/cdn-cgi/image/f=auto,fit=scale-down,q=70,metadata=none,w=270/da/cms-assets/cms/product/0f82fa5b-b1b9-4aec-b557-277dec9d3e51.png
2026-06-05 17:00:54.914 | INFO     | __main__:process_urls_for_product:190 - Verified Source Attribution | Product: 89e2dd56ac4f | File: 89e2dd56ac4f_010.jpg | Source: blinkit | URL: https://cdn.grofers.com/cdn-cgi/image/f=auto,fit=scale-down,q=70,metadata=none,w=270/da/cms-assets/cms/product/d0799cef-246f-4750-a878-49f893403c2c.png
2026-06-05 17:00:55.165 | INFO     | __main__:process_urls_for_product:190 - Verified Source Attribution | Product: 89e2dd56ac4f | File: 89e2dd56ac4f_011.jpg | Source: blinkit | URL: https://cdn.grofers.com/cdn-cgi/image/f=auto,fit=scale-down,q=70,metadata=none,w=270/da/cms-assets/cms/product/936427fc-590e-48c4-a71c-fb4d9aa8f49f.png
2026-06-05 17:00:55.416 | INFO     | __main__:process_urls_for_product:190 - Verified Source Attribution | Product: 89e2dd56ac4f | File: 89e2dd56ac4f_012.jpg | Source: blinkit | URL: https://cdn.grofers.com/cdn-cgi/image/f=auto,fit=scale-down,q=70,metadata=none,w=270/da/cms-assets/cms/product/544405b7-1b52-4ff5-836b-1b7a943c0378.png
2026-06-05 17:00:55.659 | INFO     | __main__:process_urls_for_product:190 - Verified Source Attribution | Product: 89e2dd56ac4f | File: 89e2dd56ac4f_013.jpg | Source: blinkit | URL: https://cdn.grofers.com/cdn-cgi/image/f=auto,fit=scale-down,q=70,metadata=none,w=270/da/cms-assets/cms/product/283602cd-6323-46a8-bca5-48da067021d2.png
2026-06-05 17:00:58.502 | INFO     | nure.image_sources:collect_amazon_images:178 - Amazon 'Angur Moong Dal': 2 URLs
2026-06-05 17:01:00.335 | INFO     | nure.image_sources:collect_bing_images:149 - Bing 'Angur Moong Dal': 0 URLs
2026-06-05 17:01:37.087 | INFO     | __main__:process_urls_for_product:190 - Verified Source Attribution | Product: 35c7943c69a0 | File: 35c7943c69a0_000.jpg | Source: amazon | URL: https://m.media-amazon.com/images/I/31Ip4aURUpL.png
2026-06-05 17:01:37.549 | INFO     | __main__:process_urls_for_product:190 - Verified Source Attribution | Product: 35c7943c69a0 | File: 35c7943c69a0_001.jpg | Source: amazon | URL: https://m.media-amazon.com/images/I/71FFRSkafVL.jpg
2026-06-05 17:01:37.712 | INFO     | __main__:download_product_images:223 - Product 35c7943c69a0 has 2 images (min 10). Using Playwright fallback.
2026-06-05 17:01:41.100 | INFO     | nure.playwright_sources:collect_playwright_images:99 - Playwright blinkit 'Angur Moong Dal': 15 URLs
2026-06-05 17:01:44.470 | DEBUG    | nure.playwright_sources:collect_playwright_images:95 - Playwright timeout for bigbasket on Angur Moong Dal
2026-06-05 17:01:44.470 | INFO     | nure.playwright_sources:collect_playwright_images:99 - Playwright bigbasket 'Angur Moong Dal': 0 URLs
2026-06-05 17:01:47.101 | INFO     | nure.playwright_sources:collect_playwright_images:99 - Playwright jiomart 'Angur Moong Dal': 1 URLs
2026-06-05 17:01:50.100 | INFO     | nure.playwright_sources:collect_playwright_images:99 - Playwright flipkart 'Angur Moong Dal': 0 URLs
2026-06-05 17:01:50.313 | INFO     | __main__:process_urls_for_product:190 - Verified Source Attribution | Product: 35c7943c69a0 | File: 35c7943c69a0_002.jpg | Source: blinkit | URL: https://cdn.grofers.com/cdn-cgi/image/f=auto,fit=scale-down,q=70,metadata=none,w=270/da/cms-assets/cms/product/21b2d69a-c40a-459c-ad41-40d528b08890.png
2026-06-05 17:01:50.614 | INFO     | __main__:process_urls_for_product:190 - Verified Source Attribution | Product: 35c7943c69a0 | File: 35c7943c69a0_003.jpg | Source: blinkit | URL: https://cdn.grofers.com/cdn-cgi/image/f=auto,fit=scale-down,q=70,metadata=none,w=270/da/cms-assets/cms/product/73bb6122-b99e-4fb0-99f0-ab1e4012a2e6.png
2026-06-05 17:01:50.860 | INFO     | __main__:process_urls_for_product:190 - Verified Source Attribution | Product: 35c7943c69a0 | File: 35c7943c69a0_004.jpg | Source: blinkit | URL: https://cdn.grofers.com/cdn-cgi/image/f=auto,fit=scale-down,q=70,metadata=none,w=270/da/cms-assets/cms/product/64941982-c72b-4a32-814f-dcd1831849cc.png
2026-06-05 17:01:51.101 | INFO     | __main__:process_urls_for_product:190 - Verified Source Attribution | Product: 35c7943c69a0 | File: 35c7943c69a0_005.jpg | Source: blinkit | URL: https://cdn.grofers.com/cdn-cgi/image/f=auto,fit=scale-down,q=70,metadata=none,w=270/da/cms-assets/cms/product/acbaa2a7-2401-4747-9677-badd663d8589.png
2026-06-05 17:01:51.329 | INFO     | __main__:process_urls_for_product:190 - Verified Source Attribution | Product: 35c7943c69a0 | File: 35c7943c69a0_006.jpg | Source: blinkit | URL: https://cdn.grofers.com/cdn-cgi/image/f=auto,fit=scale-down,q=70,metadata=none,w=270/da/cms-assets/cms/product/936427fc-590e-48c4-a71c-fb4d9aa8f49f.png
2026-06-05 17:01:51.568 | INFO     | __main__:process_urls_for_product:190 - Verified Source Attribution | Product: 35c7943c69a0 | File: 35c7943c69a0_007.jpg | Source: blinkit | URL: https://cdn.grofers.com/cdn-cgi/image/f=auto,fit=scale-down,q=70,metadata=none,w=270/da/cms-assets/cms/product/d8ae4975-0d58-4690-a46f-2e53bc9b0865.png
2026-06-05 17:01:52.088 | INFO     | __main__:process_urls_for_product:190 - Verified Source Attribution | Product: 35c7943c69a0 | File: 35c7943c69a0_008.jpg | Source: blinkit | URL: https://cdn.grofers.com/cdn-cgi/image/f=auto,fit=scale-down,q=70,metadata=none,w=270/da/cms-assets/cms/product/0c8e51b2-daa1-4bdb-bbe3-50c43e04f7ff.png
2026-06-05 17:01:52.333 | INFO     | __main__:process_urls_for_product:190 - Verified Source Attribution | Product: 35c7943c69a0 | File: 35c7943c69a0_009.jpg | Source: blinkit | URL: https://cdn.grofers.com/cdn-cgi/image/f=auto,fit=scale-down,q=70,metadata=none,w=270/da/cms-assets/cms/product/be8bd3a2-404a-4f59-8e23-bfcbd12200cc.png
2026-06-05 17:01:52.595 | INFO     | __main__:process_urls_for_product:190 - Verified Source Attribution | Product: 35c7943c69a0 | File: 35c7943c69a0_010.jpg | Source: blinkit | URL: https://cdn.grofers.com/cdn-cgi/image/f=auto,fit=scale-down,q=70,metadata=none,w=270/da/cms-assets/cms/product/05191d57-65fd-4df5-9dce-c4bf44ac136a.png
2026-06-05 17:01:55.762 | INFO     | nure.image_sources:collect_amazon_images:178 - Amazon 'Ravi Moong Dal': 2 URLs
2026-06-05 17:01:57.821 | INFO     | nure.image_sources:collect_bing_images:149 - Bing 'Ravi Moong Dal': 0 URLs
2026-06-05 17:02:34.484 | INFO     | __main__:process_urls_for_product:190 - Verified Source Attribution | Product: fb492e49c08b | File: fb492e49c08b_000.jpg | Source: amazon | URL: https://m.media-amazon.com/images/I/31Ip4aURUpL.png
2026-06-05 17:02:34.938 | INFO     | __main__:process_urls_for_product:190 - Verified Source Attribution | Product: fb492e49c08b | File: fb492e49c08b_001.jpg | Source: amazon | URL: https://m.media-amazon.com/images/I/51r5E3UjpWL.jpg
2026-06-05 17:02:35.091 | INFO     | __main__:download_product_images:223 - Product fb492e49c08b has 2 images (min 10). Using Playwright fallback.
2026-06-05 17:02:38.731 | INFO     | nure.playwright_sources:collect_playwright_images:99 - Playwright blinkit 'Ravi Moong Dal': 15 URLs
2026-06-05 17:02:42.075 | DEBUG    | nure.playwright_sources:collect_playwright_images:95 - Playwright timeout for bigbasket on Ravi Moong Dal
2026-06-05 17:02:42.075 | INFO     | nure.playwright_sources:collect_playwright_images:99 - Playwright bigbasket 'Ravi Moong Dal': 0 URLs
2026-06-05 17:02:45.112 | INFO     | nure.playwright_sources:collect_playwright_images:99 - Playwright jiomart 'Ravi Moong Dal': 1 URLs
2026-06-05 17:02:47.755 | INFO     | nure.playwright_sources:collect_playwright_images:99 - Playwright flipkart 'Ravi Moong Dal': 0 URLs
2026-06-05 17:02:47.883 | INFO     | __main__:process_urls_for_product:190 - Verified Source Attribution | Product: fb492e49c08b | File: fb492e49c08b_002.jpg | Source: blinkit | URL: https://cdn.grofers.com/cdn-cgi/image/f=auto,fit=scale-down,q=70,metadata=none,w=270/da/cms-assets/cms/product/21b2d69a-c40a-459c-ad41-40d528b08890.png
2026-06-05 17:02:48.165 | INFO     | __main__:process_urls_for_product:190 - Verified Source Attribution | Product: fb492e49c08b | File: fb492e49c08b_003.jpg | Source: blinkit | URL: https://cdn.grofers.com/cdn-cgi/image/f=auto,fit=scale-down,q=70,metadata=none,w=270/da/cms-assets/cms/product/936427fc-590e-48c4-a71c-fb4d9aa8f49f.png
2026-06-05 17:02:48.397 | INFO     | __main__:process_urls_for_product:190 - Verified Source Attribution | Product: fb492e49c08b | File: fb492e49c08b_004.jpg | Source: blinkit | URL: https://cdn.grofers.com/cdn-cgi/image/f=auto,fit=scale-down,q=70,metadata=none,w=270/da/cms-assets/cms/product/d8ae4975-0d58-4690-a46f-2e53bc9b0865.png
2026-06-05 17:02:48.625 | INFO     | __main__:process_urls_for_product:190 - Verified Source Attribution | Product: fb492e49c08b | File: fb492e49c08b_005.jpg | Source: blinkit | URL: https://cdn.grofers.com/cdn-cgi/image/f=auto,fit=scale-down,q=70,metadata=none,w=270/da/cms-assets/cms/product/d0799cef-246f-4750-a878-49f893403c2c.png
2026-06-05 17:02:48.860 | INFO     | __main__:process_urls_for_product:190 - Verified Source Attribution | Product: fb492e49c08b | File: fb492e49c08b_006.jpg | Source: blinkit | URL: https://cdn.grofers.com/cdn-cgi/image/f=auto,fit=scale-down,q=70,metadata=none,w=270/da/cms-assets/cms/product/0c8e51b2-daa1-4bdb-bbe3-50c43e04f7ff.png
2026-06-05 17:02:49.169 | INFO     | __main__:process_urls_for_product:190 - Verified Source Attribution | Product: fb492e49c08b | File: fb492e49c08b_007.jpg | Source: blinkit | URL: https://cdn.grofers.com/cdn-cgi/image/f=auto,fit=scale-down,q=70,metadata=none,w=270/da/cms-assets/cms/product/be8bd3a2-404a-4f59-8e23-bfcbd12200cc.png
2026-06-05 17:02:49.404 | INFO     | __main__:process_urls_for_product:190 - Verified Source Attribution | Product: fb492e49c08b | File: fb492e49c08b_008.jpg | Source: blinkit | URL: https://cdn.grofers.com/cdn-cgi/image/f=auto,fit=scale-down,q=70,metadata=none,w=270/da/cms-assets/cms/product/73bb6122-b99e-4fb0-99f0-ab1e4012a2e6.png
2026-06-05 17:02:49.633 | INFO     | __main__:process_urls_for_product:190 - Verified Source Attribution | Product: fb492e49c08b | File: fb492e49c08b_009.jpg | Source: blinkit | URL: https://cdn.grofers.com/cdn-cgi/image/f=auto,fit=scale-down,q=70,metadata=none,w=270/da/cms-assets/cms/product/16ed5e12-93e3-4c3c-920e-f960247e0631.png
2026-06-05 17:02:49.867 | INFO     | __main__:process_urls_for_product:190 - Verified Source Attribution | Product: fb492e49c08b | File: fb492e49c08b_010.jpg | Source: blinkit | URL: https://cdn.grofers.com/cdn-cgi/image/f=auto,fit=scale-down,q=70,metadata=none,w=270/da/cms-assets/cms/product/rc-upload-1777287844551-410.png
2026-06-05 17:02:50.099 | INFO     | __main__:process_urls_for_product:190 - Verified Source Attribution | Product: fb492e49c08b | File: fb492e49c08b_011.jpg | Source: blinkit | URL: https://cdn.grofers.com/cdn-cgi/image/f=auto,fit=scale-down,q=70,metadata=none,w=270/da/cms-assets/cms/product/acbaa2a7-2401-4747-9677-badd663d8589.png
2026-06-05 17:02:50.400 | INFO     | __main__:process_urls_for_product:190 - Verified Source Attribution | Product: fb492e49c08b | File: fb492e49c08b_012.jpg | Source: blinkit | URL: https://cdn.grofers.com/cdn-cgi/image/f=auto,fit=scale-down,q=70,metadata=none,w=270/da/cms-assets/cms/product/bf82bf32-1344-4b86-bc69-552e956b8dd3.png
2026-06-05 17:02:50.628 | INFO     | __main__:process_urls_for_product:190 - Verified Source Attribution | Product: fb492e49c08b | File: fb492e49c08b_013.jpg | Source: blinkit | URL: https://cdn.grofers.com/cdn-cgi/image/f=auto,fit=scale-down,q=70,metadata=none,w=270/da/cms-assets/cms/product/05191d57-65fd-4df5-9dce-c4bf44ac136a.png
2026-06-05 17:04:01.948 | INFO     | __main__:download_product_images:223 - Product 0d1e50b8e72e has 0 images (min 10). Using Playwright fallback.
2026-06-05 17:04:05.705 | INFO     | nure.playwright_sources:collect_playwright_images:99 - Playwright blinkit 'Asli Moong Dal': 15 URLs
2026-06-05 17:04:09.137 | DEBUG    | nure.playwright_sources:collect_playwright_images:95 - Playwright timeout for bigbasket on Asli Moong Dal
2026-06-05 17:04:09.137 | INFO     | nure.playwright_sources:collect_playwright_images:99 - Playwright bigbasket 'Asli Moong Dal': 0 URLs
2026-06-05 17:04:12.073 | INFO     | nure.playwright_sources:collect_playwright_images:99 - Playwright jiomart 'Asli Moong Dal': 1 URLs
2026-06-05 17:04:15.063 | INFO     | nure.playwright_sources:collect_playwright_images:99 - Playwright flipkart 'Asli Moong Dal': 0 URLs
2026-06-05 17:04:15.202 | INFO     | __main__:process_urls_for_product:190 - Verified Source Attribution | Product: 0d1e50b8e72e | File: 0d1e50b8e72e_000.jpg | Source: blinkit | URL: https://cdn.grofers.com/cdn-cgi/image/f=auto,fit=scale-down,q=70,metadata=none,w=270/da/cms-assets/cms/product/16ed5e12-93e3-4c3c-920e-f960247e0631.png
2026-06-05 17:04:15.487 | INFO     | __main__:process_urls_for_product:190 - Verified Source Attribution | Product: 0d1e50b8e72e | File: 0d1e50b8e72e_001.jpg | Source: blinkit | URL: https://cdn.grofers.com/cdn-cgi/image/f=auto,fit=scale-down,q=70,metadata=none,w=270/da/cms-assets/cms/product/rc-upload-1777287844551-410.png
2026-06-05 17:04:15.727 | INFO     | __main__:process_urls_for_product:190 - Verified Source Attribution | Product: 0d1e50b8e72e | File: 0d1e50b8e72e_002.jpg | Source: blinkit | URL: https://cdn.grofers.com/cdn-cgi/image/f=auto,fit=scale-down,q=70,metadata=none,w=270/da/cms-assets/cms/product/5c79049b-14e5-4439-af5a-39d6326b9835.png
2026-06-05 17:04:15.958 | INFO     | __main__:process_urls_for_product:190 - Verified Source Attribution | Product: 0d1e50b8e72e | File: 0d1e50b8e72e_003.jpg | Source: blinkit | URL: https://cdn.grofers.com/cdn-cgi/image/f=auto,fit=scale-down,q=70,metadata=none,w=270/da/cms-assets/cms/product/668245b7-1328-46aa-af47-cdb067e97219.png
2026-06-05 17:04:16.204 | INFO     | __main__:process_urls_for_product:190 - Verified Source Attribution | Product: 0d1e50b8e72e | File: 0d1e50b8e72e_004.jpg | Source: blinkit | URL: https://cdn.grofers.com/cdn-cgi/image/f=auto,fit=scale-down,q=70,metadata=none,w=270/da/cms-assets/cms/product/be8bd3a2-404a-4f59-8e23-bfcbd12200cc.png
2026-06-05 17:04:16.447 | INFO     | __main__:process_urls_for_product:190 - Verified Source Attribution | Product: 0d1e50b8e72e | File: 0d1e50b8e72e_005.jpg | Source: blinkit | URL: https://cdn.grofers.com/cdn-cgi/image/f=auto,fit=scale-down,q=70,metadata=none,w=270/da/cms-assets/cms/product/d0799cef-246f-4750-a878-49f893403c2c.png
2026-06-05 17:04:16.700 | INFO     | __main__:process_urls_for_product:190 - Verified Source Attribution | Product: 0d1e50b8e72e | File: 0d1e50b8e72e_006.jpg | Source: blinkit | URL: https://cdn.grofers.com/cdn-cgi/image/f=auto,fit=scale-down,q=70,metadata=none,w=270/da/cms-assets/cms/product/e6102ce2-b2e9-49fb-a63c-7a099d2159b7.png
2026-06-05 17:04:16.948 | INFO     | __main__:process_urls_for_product:190 - Verified Source Attribution | Product: 0d1e50b8e72e | File: 0d1e50b8e72e_007.jpg | Source: blinkit | URL: https://cdn.grofers.com/cdn-cgi/image/f=auto,fit=scale-down,q=70,metadata=none,w=270/da/cms-assets/cms/product/21b2d69a-c40a-459c-ad41-40d528b08890.png
2026-06-05 17:04:17.185 | INFO     | __main__:process_urls_for_product:190 - Verified Source Attribution | Product: 0d1e50b8e72e | File: 0d1e50b8e72e_008.jpg | Source: blinkit | URL: https://cdn.grofers.com/cdn-cgi/image/f=auto,fit=scale-down,q=70,metadata=none,w=270/da/cms-assets/cms/product/02df9a2e-1f4a-4bf3-bb06-3ff419ed5ee2.png
2026-06-05 17:04:17.432 | INFO     | __main__:process_urls_for_product:190 - Verified Source Attribution | Product: 0d1e50b8e72e | File: 0d1e50b8e72e_009.jpg | Source: blinkit | URL: https://cdn.grofers.com/cdn-cgi/image/f=auto,fit=scale-down,q=70,metadata=none,w=270/da/cms-assets/cms/product/0c8e51b2-daa1-4bdb-bbe3-50c43e04f7ff.png
2026-06-05 17:04:17.678 | INFO     | __main__:process_urls_for_product:190 - Verified Source Attribution | Product: 0d1e50b8e72e | File: 0d1e50b8e72e_010.jpg | Source: blinkit | URL: https://cdn.grofers.com/cdn-cgi/image/f=auto,fit=scale-down,q=70,metadata=none,w=270/da/cms-assets/cms/product/rc-upload-1777287844551-429.png
2026-06-05 17:04:18.010 | INFO     | __main__:process_urls_for_product:190 - Verified Source Attribution | Product: 0d1e50b8e72e | File: 0d1e50b8e72e_011.jpg | Source: blinkit | URL: https://cdn.grofers.com/cdn-cgi/image/f=auto,fit=scale-down,q=70,metadata=none,w=270/da/cms-assets/cms/product/1dc41535-691e-4256-a1e0-cb42578ab99e.png
2026-06-05 17:04:18.251 | INFO     | __main__:process_urls_for_product:190 - Verified Source Attribution | Product: 0d1e50b8e72e | File: 0d1e50b8e72e_012.jpg | Source: blinkit | URL: https://cdn.grofers.com/cdn-cgi/image/f=auto,fit=scale-down,q=70,metadata=none,w=270/da/cms-assets/cms/product/rc-upload-1776769807752-159.png
2026-06-05 17:04:21.185 | INFO     | nure.image_sources:collect_amazon_images:178 - Amazon 'Roomy Split Moong Dal': 2 URLs
2026-06-05 17:04:23.491 | INFO     | nure.image_sources:collect_bing_images:149 - Bing 'Roomy Split Moong Dal': 0 URLs
2026-06-05 17:05:00.281 | INFO     | __main__:process_urls_for_product:190 - Verified Source Attribution | Product: 3fa8406bb5a6 | File: 3fa8406bb5a6_000.jpg | Source: amazon | URL: https://m.media-amazon.com/images/I/31Ip4aURUpL.png
2026-06-05 17:05:00.746 | INFO     | __main__:process_urls_for_product:190 - Verified Source Attribution | Product: 3fa8406bb5a6 | File: 3fa8406bb5a6_001.jpg | Source: amazon | URL: https://m.media-amazon.com/images/I/51r5E3UjpWL.jpg
2026-06-05 17:05:00.906 | INFO     | __main__:download_product_images:223 - Product 3fa8406bb5a6 has 2 images (min 10). Using Playwright fallback.
2026-06-05 17:05:04.452 | INFO     | nure.playwright_sources:collect_playwright_images:99 - Playwright blinkit 'Roomy Split Moong Dal': 15 URLs
2026-06-05 17:05:07.813 | DEBUG    | nure.playwright_sources:collect_playwright_images:95 - Playwright timeout for bigbasket on Roomy Split Moong Dal
2026-06-05 17:05:07.813 | INFO     | nure.playwright_sources:collect_playwright_images:99 - Playwright bigbasket 'Roomy Split Moong Dal': 0 URLs
2026-06-05 17:05:10.352 | INFO     | nure.playwright_sources:collect_playwright_images:99 - Playwright jiomart 'Roomy Split Moong Dal': 1 URLs
2026-06-05 17:05:12.886 | INFO     | nure.playwright_sources:collect_playwright_images:99 - Playwright flipkart 'Roomy Split Moong Dal': 0 URLs
2026-06-05 17:05:13.029 | INFO     | __main__:process_urls_for_product:190 - Verified Source Attribution | Product: 3fa8406bb5a6 | File: 3fa8406bb5a6_002.jpg | Source: blinkit | URL: https://cdn.grofers.com/cdn-cgi/image/f=auto,fit=scale-down,q=70,metadata=none,w=270/da/cms-assets/cms/product/rc-upload-1777287844551-590.png
2026-06-05 17:05:13.322 | INFO     | __main__:process_urls_for_product:190 - Verified Source Attribution | Product: 3fa8406bb5a6 | File: 3fa8406bb5a6_003.jpg | Source: blinkit | URL: https://cdn.grofers.com/cdn-cgi/image/f=auto,fit=scale-down,q=70,metadata=none,w=270/da/cms-assets/cms/product/e164acf4-6fae-4118-8603-1893d21eb478.png
2026-06-05 17:05:13.564 | INFO     | __main__:process_urls_for_product:190 - Verified Source Attribution | Product: 3fa8406bb5a6 | File: 3fa8406bb5a6_004.jpg | Source: blinkit | URL: https://cdn.grofers.com/cdn-cgi/image/f=auto,fit=scale-down,q=70,metadata=none,w=270/da/cms-assets/cms/product/rc-upload-1771916674943-177.png
2026-06-05 17:05:13.847 | INFO     | __main__:process_urls_for_product:190 - Verified Source Attribution | Product: 3fa8406bb5a6 | File: 3fa8406bb5a6_005.jpg | Source: blinkit | URL: https://cdn.grofers.com/cdn-cgi/image/f=auto,fit=scale-down,q=70,metadata=none,w=270/da/cms-assets/cms/product/4bede032-f177-484a-a110-4133cfee7046.png
2026-06-05 17:05:14.093 | INFO     | __main__:process_urls_for_product:190 - Verified Source Attribution | Product: 3fa8406bb5a6 | File: 3fa8406bb5a6_006.jpg | Source: blinkit | URL: https://cdn.grofers.com/cdn-cgi/image/f=auto,fit=scale-down,q=70,metadata=none,w=270/da/cms-assets/cms/product/rc-upload-1779094500636-313.png
2026-06-05 17:05:14.426 | INFO     | __main__:process_urls_for_product:190 - Verified Source Attribution | Product: 3fa8406bb5a6 | File: 3fa8406bb5a6_007.jpg | Source: blinkit | URL: https://cdn.grofers.com/cdn-cgi/image/f=auto,fit=scale-down,q=70,metadata=none,w=270/da/cms-assets/cms/product/5c79049b-14e5-4439-af5a-39d6326b9835.png
2026-06-05 17:05:14.763 | INFO     | __main__:process_urls_for_product:190 - Verified Source Attribution | Product: 3fa8406bb5a6 | File: 3fa8406bb5a6_008.jpg | Source: blinkit | URL: https://cdn.grofers.com/cdn-cgi/image/f=auto,fit=scale-down,q=70,metadata=none,w=270/da/cms-assets/cms/product/e6102ce2-b2e9-49fb-a63c-7a099d2159b7.png
2026-06-05 17:05:15.069 | INFO     | __main__:process_urls_for_product:190 - Verified Source Attribution | Product: 3fa8406bb5a6 | File: 3fa8406bb5a6_009.jpg | Source: blinkit | URL: https://cdn.grofers.com/cdn-cgi/image/f=auto,fit=scale-down,q=70,metadata=none,w=270/da/cms-assets/cms/product/rc-upload-1777287844551-410.png
2026-06-05 17:05:15.296 | INFO     | __main__:process_urls_for_product:190 - Verified Source Attribution | Product: 3fa8406bb5a6 | File: 3fa8406bb5a6_010.jpg | Source: blinkit | URL: https://cdn.grofers.com/cdn-cgi/image/f=auto,fit=scale-down,q=70,metadata=none,w=270/da/cms-assets/cms/product/05191d57-65fd-4df5-9dce-c4bf44ac136a.png
2026-06-05 17:05:15.531 | INFO     | __main__:process_urls_for_product:190 - Verified Source Attribution | Product: 3fa8406bb5a6 | File: 3fa8406bb5a6_011.jpg | Source: blinkit | URL: https://cdn.grofers.com/cdn-cgi/image/f=auto,fit=scale-down,q=70,metadata=none,w=270/da/cms-assets/cms/product/d0799cef-246f-4750-a878-49f893403c2c.png
2026-06-05 17:05:15.771 | INFO     | __main__:process_urls_for_product:190 - Verified Source Attribution | Product: 3fa8406bb5a6 | File: 3fa8406bb5a6_012.jpg | Source: blinkit | URL: https://cdn.grofers.com/cdn-cgi/image/f=auto,fit=scale-down,q=70,metadata=none,w=270/da/cms-assets/cms/product/rc-upload-1776769807752-159.png
2026-06-05 17:06:11.877 | INFO     | __main__:download_product_images:223 - Product 2b5058913e4b has 0 images (min 10). Using Playwright fallback.
2026-06-05 17:06:15.418 | INFO     | nure.playwright_sources:collect_playwright_images:99 - Playwright blinkit 'Mahraba Moong Dal (Petite Yell': 15 URLs
2026-06-05 17:06:18.826 | DEBUG    | nure.playwright_sources:collect_playwright_images:95 - Playwright timeout for bigbasket on Mahraba Moong Dal (Petite Yell
2026-06-05 17:06:18.826 | INFO     | nure.playwright_sources:collect_playwright_images:99 - Playwright bigbasket 'Mahraba Moong Dal (Petite Yell': 0 URLs
2026-06-05 17:06:21.342 | INFO     | nure.playwright_sources:collect_playwright_images:99 - Playwright jiomart 'Mahraba Moong Dal (Petite Yell': 1 URLs
2026-06-05 17:06:24.320 | INFO     | nure.playwright_sources:collect_playwright_images:99 - Playwright flipkart 'Mahraba Moong Dal (Petite Yell': 0 URLs
2026-06-05 17:06:24.441 | INFO     | __main__:process_urls_for_product:190 - Verified Source Attribution | Product: 2b5058913e4b | File: 2b5058913e4b_000.jpg | Source: blinkit | URL: https://cdn.grofers.com/cdn-cgi/image/f=auto,fit=scale-down,q=70,metadata=none,w=270/da/cms-assets/cms/product/936427fc-590e-48c4-a71c-fb4d9aa8f49f.png
2026-06-05 17:06:24.701 | INFO     | __main__:process_urls_for_product:190 - Verified Source Attribution | Product: 2b5058913e4b | File: 2b5058913e4b_001.jpg | Source: blinkit | URL: https://cdn.grofers.com/cdn-cgi/image/f=auto,fit=scale-down,q=70,metadata=none,w=270/da/cms-assets/cms/product/d8ae4975-0d58-4690-a46f-2e53bc9b0865.png
2026-06-05 17:06:24.924 | INFO     | __main__:process_urls_for_product:190 - Verified Source Attribution | Product: 2b5058913e4b | File: 2b5058913e4b_002.jpg | Source: blinkit | URL: https://cdn.grofers.com/cdn-cgi/image/f=auto,fit=scale-down,q=70,metadata=none,w=270/da/cms-assets/cms/product/21b2d69a-c40a-459c-ad41-40d528b08890.png
2026-06-05 17:06:25.145 | INFO     | __main__:process_urls_for_product:190 - Verified Source Attribution | Product: 2b5058913e4b | File: 2b5058913e4b_003.jpg | Source: blinkit | URL: https://cdn.grofers.com/cdn-cgi/image/f=auto,fit=scale-down,q=70,metadata=none,w=270/da/cms-assets/cms/product/d0799cef-246f-4750-a878-49f893403c2c.png
2026-06-05 17:06:25.487 | INFO     | __main__:process_urls_for_product:190 - Verified Source Attribution | Product: 2b5058913e4b | File: 2b5058913e4b_004.jpg | Source: blinkit | URL: https://cdn.grofers.com/cdn-cgi/image/f=auto,fit=scale-down,q=70,metadata=none,w=270/da/cms-assets/cms/product/c3fbc03e-90fe-45ad-9837-700be77d7d68.png
2026-06-05 17:06:25.710 | INFO     | __main__:process_urls_for_product:190 - Verified Source Attribution | Product: 2b5058913e4b | File: 2b5058913e4b_005.jpg | Source: blinkit | URL: https://cdn.grofers.com/cdn-cgi/image/f=auto,fit=scale-down,q=70,metadata=none,w=270/da/cms-assets/cms/product/73bb6122-b99e-4fb0-99f0-ab1e4012a2e6.png
2026-06-05 17:06:25.969 | INFO     | __main__:process_urls_for_product:190 - Verified Source Attribution | Product: 2b5058913e4b | File: 2b5058913e4b_006.jpg | Source: blinkit | URL: https://cdn.grofers.com/cdn-cgi/image/f=auto,fit=scale-down,q=70,metadata=none,w=270/da/cms-assets/cms/product/0c8e51b2-daa1-4bdb-bbe3-50c43e04f7ff.png
2026-06-05 17:06:26.296 | INFO     | __main__:process_urls_for_product:190 - Verified Source Attribution | Product: 2b5058913e4b | File: 2b5058913e4b_007.jpg | Source: blinkit | URL: https://cdn.grofers.com/cdn-cgi/image/f=auto,fit=scale-down,q=70,metadata=none,w=270/da/cms-assets/cms/product/16ed5e12-93e3-4c3c-920e-f960247e0631.png
2026-06-05 17:06:26.534 | INFO     | __main__:process_urls_for_product:190 - Verified Source Attribution | Product: 2b5058913e4b | File: 2b5058913e4b_008.jpg | Source: blinkit | URL: https://cdn.grofers.com/cdn-cgi/image/f=auto,fit=scale-down,q=70,metadata=none,w=270/da/cms-assets/cms/product/be8bd3a2-404a-4f59-8e23-bfcbd12200cc.png
2026-06-05 17:08:05.994 | INFO     | __main__:download_product_images:223 - Product 43713df14f6b has 0 images (min 10). Using Playwright fallback.
2026-06-05 17:08:09.380 | INFO     | nure.playwright_sources:collect_playwright_images:99 - Playwright blinkit 'Bayara Moong Dal': 15 URLs
2026-06-05 17:08:12.745 | DEBUG    | nure.playwright_sources:collect_playwright_images:95 - Playwright timeout for bigbasket on Bayara Moong Dal
2026-06-05 17:08:12.745 | INFO     | nure.playwright_sources:collect_playwright_images:99 - Playwright bigbasket 'Bayara Moong Dal': 0 URLs
2026-06-05 17:08:15.155 | INFO     | nure.playwright_sources:collect_playwright_images:99 - Playwright jiomart 'Bayara Moong Dal': 1 URLs
2026-06-05 17:08:17.693 | INFO     | nure.playwright_sources:collect_playwright_images:99 - Playwright flipkart 'Bayara Moong Dal 400g': 0 URLs
2026-06-05 17:08:17.820 | INFO     | __main__:process_urls_for_product:190 - Verified Source Attribution | Product: 43713df14f6b | File: 43713df14f6b_000.jpg | Source: blinkit | URL: https://cdn.grofers.com/cdn-cgi/image/f=auto,fit=scale-down,q=70,metadata=none,w=270/da/cms-assets/cms/product/acbaa2a7-2401-4747-9677-badd663d8589.png
2026-06-05 17:08:18.077 | INFO     | __main__:process_urls_for_product:190 - Verified Source Attribution | Product: 43713df14f6b | File: 43713df14f6b_001.jpg | Source: blinkit | URL: https://cdn.grofers.com/cdn-cgi/image/f=auto,fit=scale-down,q=70,metadata=none,w=270/da/cms-assets/cms/product/21b2d69a-c40a-459c-ad41-40d528b08890.png
2026-06-05 17:08:18.303 | INFO     | __main__:process_urls_for_product:190 - Verified Source Attribution | Product: 43713df14f6b | File: 43713df14f6b_002.jpg | Source: blinkit | URL: https://cdn.grofers.com/cdn-cgi/image/f=auto,fit=scale-down,q=70,metadata=none,w=270/da/cms-assets/cms/product/73bb6122-b99e-4fb0-99f0-ab1e4012a2e6.png
2026-06-05 17:08:18.533 | INFO     | __main__:process_urls_for_product:190 - Verified Source Attribution | Product: 43713df14f6b | File: 43713df14f6b_003.jpg | Source: blinkit | URL: https://cdn.grofers.com/cdn-cgi/image/f=auto,fit=scale-down,q=70,metadata=none,w=270/da/cms-assets/cms/product/64941982-c72b-4a32-814f-dcd1831849cc.png
2026-06-05 17:08:18.754 | INFO     | __main__:process_urls_for_product:190 - Verified Source Attribution | Product: 43713df14f6b | File: 43713df14f6b_004.jpg | Source: blinkit | URL: https://cdn.grofers.com/cdn-cgi/image/f=auto,fit=scale-down,q=70,metadata=none,w=270/da/cms-assets/cms/product/936427fc-590e-48c4-a71c-fb4d9aa8f49f.png
2026-06-05 17:08:18.993 | INFO     | __main__:process_urls_for_product:190 - Verified Source Attribution | Product: 43713df14f6b | File: 43713df14f6b_005.jpg | Source: blinkit | URL: https://cdn.grofers.com/cdn-cgi/image/f=auto,fit=scale-down,q=70,metadata=none,w=270/da/cms-assets/cms/product/d8ae4975-0d58-4690-a46f-2e53bc9b0865.png
2026-06-05 17:08:19.404 | INFO     | __main__:process_urls_for_product:190 - Verified Source Attribution | Product: 43713df14f6b | File: 43713df14f6b_006.jpg | Source: blinkit | URL: https://cdn.grofers.com/cdn-cgi/image/f=auto,fit=scale-down,q=70,metadata=none,w=270/da/cms-assets/cms/product/05191d57-65fd-4df5-9dce-c4bf44ac136a.png
2026-06-05 17:08:19.625 | INFO     | __main__:process_urls_for_product:190 - Verified Source Attribution | Product: 43713df14f6b | File: 43713df14f6b_007.jpg | Source: blinkit | URL: https://cdn.grofers.com/cdn-cgi/image/f=auto,fit=scale-down,q=70,metadata=none,w=270/da/cms-assets/cms/product/0c8e51b2-daa1-4bdb-bbe3-50c43e04f7ff.png
2026-06-05 17:08:19.858 | INFO     | __main__:process_urls_for_product:190 - Verified Source Attribution | Product: 43713df14f6b | File: 43713df14f6b_008.jpg | Source: blinkit | URL: https://cdn.grofers.com/cdn-cgi/image/f=auto,fit=scale-down,q=70,metadata=none,w=270/da/cms-assets/cms/product/rc-upload-1777287844551-590.png
2026-06-05 17:08:20.093 | INFO     | __main__:process_urls_for_product:190 - Verified Source Attribution | Product: 43713df14f6b | File: 43713df14f6b_009.jpg | Source: blinkit | URL: https://cdn.grofers.com/cdn-cgi/image/f=auto,fit=scale-down,q=70,metadata=none,w=270/da/cms-assets/cms/product/2f09aa70-13fe-499d-8cfa-7a2d55b5296b.png
2026-06-05 17:08:22.997 | INFO     | nure.image_sources:collect_amazon_images:178 - Amazon 'Rani Brand Moong Dal': 3 URLs
2026-06-05 17:09:00.595 | INFO     | __main__:process_urls_for_product:190 - Verified Source Attribution | Product: ad4074b515dc | File: ad4074b515dc_000.jpg | Source: amazon | URL: https://m.media-amazon.com/images/I/31Ip4aURUpL.png
2026-06-05 17:09:01.304 | INFO     | __main__:process_urls_for_product:190 - Verified Source Attribution | Product: ad4074b515dc | File: ad4074b515dc_001.jpg | Source: amazon | URL: https://m.media-amazon.com/images/I/71VW-PqZB5L.jpg
2026-06-05 17:09:01.783 | INFO     | __main__:process_urls_for_product:190 - Verified Source Attribution | Product: ad4074b515dc | File: ad4074b515dc_002.jpg | Source: amazon | URL: https://m.media-amazon.com/images/I/71FFRSkafVL.jpg
2026-06-05 17:09:01.937 | INFO     | __main__:download_product_images:223 - Product ad4074b515dc has 3 images (min 10). Using Playwright fallback.
2026-06-05 17:09:05.349 | INFO     | nure.playwright_sources:collect_playwright_images:99 - Playwright blinkit 'Rani Brand Moong Dal': 15 URLs
2026-06-05 17:09:08.758 | DEBUG    | nure.playwright_sources:collect_playwright_images:95 - Playwright timeout for bigbasket on Rani Brand Moong Dal
2026-06-05 17:09:08.758 | INFO     | nure.playwright_sources:collect_playwright_images:99 - Playwright bigbasket 'Rani Brand Moong Dal': 0 URLs
2026-06-05 17:09:11.231 | INFO     | nure.playwright_sources:collect_playwright_images:99 - Playwright jiomart 'Rani Brand Moong Dal': 1 URLs
2026-06-05 17:09:14.136 | INFO     | nure.playwright_sources:collect_playwright_images:99 - Playwright flipkart 'Rani Brand Moong Dal': 0 URLs
2026-06-05 17:09:14.275 | INFO     | __main__:process_urls_for_product:190 - Verified Source Attribution | Product: ad4074b515dc | File: ad4074b515dc_003.jpg | Source: blinkit | URL: https://cdn.grofers.com/cdn-cgi/image/f=auto,fit=scale-down,q=70,metadata=none,w=270/da/cms-assets/cms/product/21b2d69a-c40a-459c-ad41-40d528b08890.png
2026-06-05 17:09:14.573 | INFO     | __main__:process_urls_for_product:190 - Verified Source Attribution | Product: ad4074b515dc | File: ad4074b515dc_004.jpg | Source: blinkit | URL: https://cdn.grofers.com/cdn-cgi/image/f=auto,fit=scale-down,q=70,metadata=none,w=270/da/cms-assets/cms/product/d8ae4975-0d58-4690-a46f-2e53bc9b0865.png
2026-06-05 17:09:14.815 | INFO     | __main__:process_urls_for_product:190 - Verified Source Attribution | Product: ad4074b515dc | File: ad4074b515dc_005.jpg | Source: blinkit | URL: https://cdn.grofers.com/cdn-cgi/image/f=auto,fit=scale-down,q=70,metadata=none,w=270/da/cms-assets/cms/product/936427fc-590e-48c4-a71c-fb4d9aa8f49f.png
2026-06-05 17:09:15.045 | INFO     | __main__:process_urls_for_product:190 - Verified Source Attribution | Product: ad4074b515dc | File: ad4074b515dc_006.jpg | Source: blinkit | URL: https://cdn.grofers.com/cdn-cgi/image/f=auto,fit=scale-down,q=70,metadata=none,w=270/da/cms-assets/cms/product/0c8e51b2-daa1-4bdb-bbe3-50c43e04f7ff.png
2026-06-05 17:09:15.273 | INFO     | __main__:process_urls_for_product:190 - Verified Source Attribution | Product: ad4074b515dc | File: ad4074b515dc_007.jpg | Source: blinkit | URL: https://cdn.grofers.com/cdn-cgi/image/f=auto,fit=scale-down,q=70,metadata=none,w=270/da/cms-assets/cms/product/d0799cef-246f-4750-a878-49f893403c2c.png
2026-06-05 17:09:15.507 | INFO     | __main__:process_urls_for_product:190 - Verified Source Attribution | Product: ad4074b515dc | File: ad4074b515dc_008.jpg | Source: blinkit | URL: https://cdn.grofers.com/cdn-cgi/image/f=auto,fit=scale-down,q=70,metadata=none,w=270/da/cms-assets/cms/product/16ed5e12-93e3-4c3c-920e-f960247e0631.png
2026-06-05 17:09:15.754 | INFO     | __main__:process_urls_for_product:190 - Verified Source Attribution | Product: ad4074b515dc | File: ad4074b515dc_009.jpg | Source: blinkit | URL: https://cdn.grofers.com/cdn-cgi/image/f=auto,fit=scale-down,q=70,metadata=none,w=270/da/cms-assets/cms/product/rc-upload-1777287844551-410.png
2026-06-05 17:09:16.079 | INFO     | __main__:process_urls_for_product:190 - Verified Source Attribution | Product: ad4074b515dc | File: ad4074b515dc_010.jpg | Source: blinkit | URL: https://cdn.grofers.com/cdn-cgi/image/f=auto,fit=scale-down,q=70,metadata=none,w=270/da/cms-assets/cms/product/73bb6122-b99e-4fb0-99f0-ab1e4012a2e6.png
2026-06-05 17:09:16.324 | INFO     | __main__:process_urls_for_product:190 - Verified Source Attribution | Product: ad4074b515dc | File: ad4074b515dc_011.jpg | Source: blinkit | URL: https://cdn.grofers.com/cdn-cgi/image/f=auto,fit=scale-down,q=70,metadata=none,w=270/da/cms-assets/cms/product/be8bd3a2-404a-4f59-8e23-bfcbd12200cc.png
2026-06-05 17:09:16.639 | INFO     | __main__:process_urls_for_product:190 - Verified Source Attribution | Product: ad4074b515dc | File: ad4074b515dc_012.jpg | Source: blinkit | URL: https://cdn.grofers.com/cdn-cgi/image/f=auto,fit=scale-down,q=70,metadata=none,w=270/da/cms-assets/cms/product/e6102ce2-b2e9-49fb-a63c-7a099d2159b7.png
2026-06-05 17:09:16.884 | INFO     | __main__:process_urls_for_product:190 - Verified Source Attribution | Product: ad4074b515dc | File: ad4074b515dc_013.jpg | Source: blinkit | URL: https://cdn.grofers.com/cdn-cgi/image/f=auto,fit=scale-down,q=70,metadata=none,w=270/da/cms-assets/cms/product/f5e38936-4311-4a1b-a8b8-a185d944fb88.png
2026-06-05 17:09:17.137 | INFO     | __main__:process_urls_for_product:190 - Verified Source Attribution | Product: ad4074b515dc | File: ad4074b515dc_014.jpg | Source: blinkit | URL: https://cdn.grofers.com/cdn-cgi/image/f=auto,fit=scale-down,q=70,metadata=none,w=270/da/cms-assets/cms/product/05191d57-65fd-4df5-9dce-c4bf44ac136a.png
2026-06-05 17:09:20.219 | INFO     | nure.image_sources:collect_amazon_images:178 - Amazon 'SpiceBox Moong Dal': 2 URLs
2026-06-05 17:09:21.743 | INFO     | nure.image_sources:collect_bing_images:149 - Bing 'SpiceBox Moong Dal': 0 URLs
2026-06-05 17:09:58.405 | INFO     | __main__:process_urls_for_product:190 - Verified Source Attribution | Product: 56eb0bcf09d0 | File: 56eb0bcf09d0_000.jpg | Source: amazon | URL: https://m.media-amazon.com/images/I/31Ip4aURUpL.png
2026-06-05 17:09:58.856 | INFO     | __main__:process_urls_for_product:190 - Verified Source Attribution | Product: 56eb0bcf09d0 | File: 56eb0bcf09d0_001.jpg | Source: amazon | URL: https://m.media-amazon.com/images/I/51r5E3UjpWL.jpg
2026-06-05 17:09:59.012 | INFO     | __main__:download_product_images:223 - Product 56eb0bcf09d0 has 2 images (min 10). Using Playwright fallback.
2026-06-05 17:10:02.837 | INFO     | nure.playwright_sources:collect_playwright_images:99 - Playwright blinkit 'SpiceBox Moong Dal': 15 URLs
2026-06-05 17:10:06.212 | DEBUG    | nure.playwright_sources:collect_playwright_images:95 - Playwright timeout for bigbasket on SpiceBox Moong Dal
2026-06-05 17:10:06.212 | INFO     | nure.playwright_sources:collect_playwright_images:99 - Playwright bigbasket 'SpiceBox Moong Dal': 0 URLs
2026-06-05 17:10:08.534 | INFO     | nure.playwright_sources:collect_playwright_images:99 - Playwright jiomart 'SpiceBox Moong Dal': 1 URLs
2026-06-05 17:10:10.815 | INFO     | nure.playwright_sources:collect_playwright_images:99 - Playwright flipkart 'SpiceBox Moong Dal': 0 URLs
2026-06-05 17:10:10.943 | INFO     | __main__:process_urls_for_product:190 - Verified Source Attribution | Product: 56eb0bcf09d0 | File: 56eb0bcf09d0_002.jpg | Source: blinkit | URL: https://cdn.grofers.com/cdn-cgi/image/f=auto,fit=scale-down,q=70,metadata=none,w=270/da/cms-assets/cms/product/716290f6-2028-405b-a7eb-256c84261baa.png
2026-06-05 17:10:11.223 | INFO     | __main__:process_urls_for_product:190 - Verified Source Attribution | Product: 56eb0bcf09d0 | File: 56eb0bcf09d0_003.jpg | Source: blinkit | URL: https://cdn.grofers.com/cdn-cgi/image/f=auto,fit=scale-down,q=70,metadata=none,w=270/da/cms-assets/cms/product/0f82fa5b-b1b9-4aec-b557-277dec9d3e51.png
2026-06-05 17:10:11.469 | INFO     | __main__:process_urls_for_product:190 - Verified Source Attribution | Product: 56eb0bcf09d0 | File: 56eb0bcf09d0_004.jpg | Source: blinkit | URL: https://cdn.grofers.com/cdn-cgi/image/f=auto,fit=scale-down,q=70,metadata=none,w=270/da/cms-assets/cms/product/21b2d69a-c40a-459c-ad41-40d528b08890.png
2026-06-05 17:10:11.738 | INFO     | __main__:process_urls_for_product:190 - Verified Source Attribution | Product: 56eb0bcf09d0 | File: 56eb0bcf09d0_005.jpg | Source: blinkit | URL: https://cdn.grofers.com/cdn-cgi/image/f=auto,fit=scale-down,q=70,metadata=none,w=270/da/cms-assets/cms/product/5c408dcf-97ca-4ae3-a30b-e8c4d0fb2a82.png
2026-06-05 17:10:11.992 | INFO     | __main__:process_urls_for_product:190 - Verified Source Attribution | Product: 56eb0bcf09d0 | File: 56eb0bcf09d0_006.jpg | Source: blinkit | URL: https://cdn.grofers.com/cdn-cgi/image/f=auto,fit=scale-down,q=70,metadata=none,w=270/da/cms-assets/cms/product/544405b7-1b52-4ff5-836b-1b7a943c0378.png
2026-06-05 17:10:12.227 | INFO     | __main__:process_urls_for_product:190 - Verified Source Attribution | Product: 56eb0bcf09d0 | File: 56eb0bcf09d0_007.jpg | Source: blinkit | URL: https://cdn.grofers.com/cdn-cgi/image/f=auto,fit=scale-down,q=70,metadata=none,w=270/da/cms-assets/cms/product/rc-upload-1773029142187-293.png
2026-06-05 17:10:12.479 | INFO     | __main__:process_urls_for_product:190 - Verified Source Attribution | Product: 56eb0bcf09d0 | File: 56eb0bcf09d0_008.jpg | Source: blinkit | URL: https://cdn.grofers.com/cdn-cgi/image/f=auto,fit=scale-down,q=70,metadata=none,w=270/da/cms-assets/cms/product/rc-upload-1770963085463-92.png
2026-06-05 17:10:12.720 | INFO     | __main__:process_urls_for_product:190 - Verified Source Attribution | Product: 56eb0bcf09d0 | File: 56eb0bcf09d0_009.jpg | Source: blinkit | URL: https://cdn.grofers.com/cdn-cgi/image/f=auto,fit=scale-down,q=70,metadata=none,w=270/da/cms-assets/cms/product/d0799cef-246f-4750-a878-49f893403c2c.png
2026-06-05 17:10:12.969 | INFO     | __main__:process_urls_for_product:190 - Verified Source Attribution | Product: 56eb0bcf09d0 | File: 56eb0bcf09d0_010.jpg | Source: blinkit | URL: https://cdn.grofers.com/cdn-cgi/image/f=auto,fit=scale-down,q=70,metadata=none,w=270/da/cms-assets/cms/product/35993e4f-b445-48f9-86f6-0f8f6b32ba8d.png
2026-06-05 17:10:13.223 | INFO     | __main__:process_urls_for_product:190 - Verified Source Attribution | Product: 56eb0bcf09d0 | File: 56eb0bcf09d0_011.jpg | Source: blinkit | URL: https://cdn.grofers.com/cdn-cgi/image/f=auto,fit=scale-down,q=70,metadata=none,w=270/da/cms-assets/cms/product/d0d3dff1-25c6-4a57-af9b-4f7af30948d9.png
2026-06-05 17:10:13.471 | INFO     | __main__:process_urls_for_product:190 - Verified Source Attribution | Product: 56eb0bcf09d0 | File: 56eb0bcf09d0_012.jpg | Source: blinkit | URL: https://cdn.grofers.com/cdn-cgi/image/f=auto,fit=scale-down,q=70,metadata=none,w=270/da/cms-assets/cms/product/rc-upload-1776224931608-66.png
2026-06-05 17:10:13.719 | INFO     | __main__:process_urls_for_product:190 - Verified Source Attribution | Product: 56eb0bcf09d0 | File: 56eb0bcf09d0_013.jpg | Source: blinkit | URL: https://cdn.grofers.com/cdn-cgi/image/f=auto,fit=scale-down,q=70,metadata=none,w=270/da/cms-assets/cms/product/d8ae4975-0d58-4690-a46f-2e53bc9b0865.png
2026-06-05 17:10:14.289 | INFO     | __main__:process_urls_for_product:190 - Verified Source Attribution | Product: 56eb0bcf09d0 | File: 56eb0bcf09d0_014.jpg | Source: blinkit | URL: https://cdn.grofers.com/cdn-cgi/image/f=auto,fit=scale-down,q=70,metadata=none,w=270/da/cms-assets/cms/product/936427fc-590e-48c4-a71c-fb4d9aa8f49f.png
2026-06-05 17:10:14.538 | INFO     | __main__:process_urls_for_product:190 - Verified Source Attribution | Product: 56eb0bcf09d0 | File: 56eb0bcf09d0_015.jpg | Source: blinkit | URL: https://cdn.grofers.com/cdn-cgi/image/f=auto,fit=scale-down,q=70,metadata=none,w=270/da/cms-assets/cms/product/0c8e51b2-daa1-4bdb-bbe3-50c43e04f7ff.png
2026-06-05 17:10:17.061 | INFO     | nure.image_sources:collect_amazon_images:178 - Amazon 'Bikaji moong dal': 3 URLs
2026-06-05 17:10:54.705 | INFO     | __main__:process_urls_for_product:190 - Verified Source Attribution | Product: aca2915f161b | File: aca2915f161b_000.jpg | Source: amazon | URL: https://m.media-amazon.com/images/I/31Ip4aURUpL.png
2026-06-05 17:10:56.071 | INFO     | __main__:process_urls_for_product:190 - Verified Source Attribution | Product: aca2915f161b | File: aca2915f161b_001.jpg | Source: amazon | URL: https://m.media-amazon.com/images/I/81gHWJWYvBL.jpg
2026-06-05 17:10:56.551 | INFO     | __main__:process_urls_for_product:190 - Verified Source Attribution | Product: aca2915f161b | File: aca2915f161b_002.jpg | Source: amazon | URL: https://m.media-amazon.com/images/I/71FFRSkafVL.jpg
2026-06-05 17:10:56.711 | INFO     | __main__:download_product_images:223 - Product aca2915f161b has 3 images (min 10). Using Playwright fallback.
2026-06-05 17:11:00.168 | INFO     | nure.playwright_sources:collect_playwright_images:99 - Playwright blinkit 'Bikaji moong dal': 15 URLs
2026-06-05 17:11:03.552 | DEBUG    | nure.playwright_sources:collect_playwright_images:95 - Playwright timeout for bigbasket on Bikaji moong dal
2026-06-05 17:11:03.553 | INFO     | nure.playwright_sources:collect_playwright_images:99 - Playwright bigbasket 'Bikaji moong dal': 0 URLs
2026-06-05 17:11:06.108 | INFO     | nure.playwright_sources:collect_playwright_images:99 - Playwright jiomart 'Bikaji moong dal': 1 URLs
2026-06-05 17:11:09.108 | INFO     | nure.playwright_sources:collect_playwright_images:99 - Playwright flipkart 'Bikaji moong dal': 0 URLs
2026-06-05 17:11:09.305 | INFO     | __main__:process_urls_for_product:190 - Verified Source Attribution | Product: aca2915f161b | File: aca2915f161b_003.jpg | Source: blinkit | URL: https://cdn.grofers.com/cdn-cgi/image/f=auto,fit=scale-down,q=70,metadata=none,w=270/da/cms-assets/cms/product/rc-upload-1770963085463-92.png
2026-06-05 17:11:09.614 | INFO     | __main__:process_urls_for_product:190 - Verified Source Attribution | Product: aca2915f161b | File: aca2915f161b_004.jpg | Source: blinkit | URL: https://cdn.grofers.com/cdn-cgi/image/f=auto,fit=scale-down,q=70,metadata=none,w=270/da/cms-assets/cms/product/716290f6-2028-405b-a7eb-256c84261baa.png
2026-06-05 17:11:09.856 | INFO     | __main__:process_urls_for_product:190 - Verified Source Attribution | Product: aca2915f161b | File: aca2915f161b_005.jpg | Source: blinkit | URL: https://cdn.grofers.com/cdn-cgi/image/f=auto,fit=scale-down,q=70,metadata=none,w=270/da/cms-assets/cms/product/544405b7-1b52-4ff5-836b-1b7a943c0378.png
2026-06-05 17:11:10.093 | INFO     | __main__:process_urls_for_product:190 - Verified Source Attribution | Product: aca2915f161b | File: aca2915f161b_006.jpg | Source: blinkit | URL: https://cdn.grofers.com/cdn-cgi/image/f=auto,fit=scale-down,q=70,metadata=none,w=270/da/cms-assets/cms/product/0f82fa5b-b1b9-4aec-b557-277dec9d3e51.png
2026-06-05 17:11:10.343 | INFO     | __main__:process_urls_for_product:190 - Verified Source Attribution | Product: aca2915f161b | File: aca2915f161b_007.jpg | Source: blinkit | URL: https://cdn.grofers.com/cdn-cgi/image/f=auto,fit=scale-down,q=70,metadata=none,w=270/da/cms-assets/cms/product/35993e4f-b445-48f9-86f6-0f8f6b32ba8d.png
2026-06-05 17:11:10.573 | INFO     | __main__:process_urls_for_product:190 - Verified Source Attribution | Product: aca2915f161b | File: aca2915f161b_008.jpg | Source: blinkit | URL: https://cdn.grofers.com/cdn-cgi/image/f=auto,fit=scale-down,q=70,metadata=none,w=270/da/cms-assets/cms/product/rc-upload-1776224931608-66.png
2026-06-05 17:11:10.867 | INFO     | __main__:process_urls_for_product:190 - Verified Source Attribution | Product: aca2915f161b | File: aca2915f161b_009.jpg | Source: blinkit | URL: https://cdn.grofers.com/cdn-cgi/image/f=auto,fit=scale-down,q=70,metadata=none,w=270/da/cms-assets/cms/product/rc-upload-1775816565267-231.png
2026-06-05 17:11:11.114 | INFO     | __main__:process_urls_for_product:190 - Verified Source Attribution | Product: aca2915f161b | File: aca2915f161b_010.jpg | Source: blinkit | URL: https://cdn.grofers.com/cdn-cgi/image/f=auto,fit=scale-down,q=70,metadata=none,w=270/da/cms-assets/cms/product/78285524-2451-405a-951e-7cd114811403.png
2026-06-05 17:11:11.358 | INFO     | __main__:process_urls_for_product:190 - Verified Source Attribution | Product: aca2915f161b | File: aca2915f161b_011.jpg | Source: blinkit | URL: https://cdn.grofers.com/cdn-cgi/image/f=auto,fit=scale-down,q=70,metadata=none,w=270/da/cms-assets/cms/product/rc-upload-1778746952299-4.png
2026-06-05 17:11:11.614 | INFO     | __main__:process_urls_for_product:190 - Verified Source Attribution | Product: aca2915f161b | File: aca2915f161b_012.jpg | Source: blinkit | URL: https://cdn.grofers.com/cdn-cgi/image/f=auto,fit=scale-down,q=70,metadata=none,w=270/da/cms-assets/cms/product/rc-upload-1777953701494-8666.png
2026-06-05 17:11:11.860 | INFO     | __main__:process_urls_for_product:190 - Verified Source Attribution | Product: aca2915f161b | File: aca2915f161b_013.jpg | Source: blinkit | URL: https://cdn.grofers.com/cdn-cgi/image/f=auto,fit=scale-down,q=70,metadata=none,w=270/da/cms-assets/cms/product/rc-upload-1777953701494-8419.png
2026-06-05 17:12:23.266 | INFO     | __main__:download_product_images:223 - Product 819fa2a93199 has 0 images (min 10). Using Playwright fallback.
2026-06-05 17:12:26.900 | INFO     | nure.playwright_sources:collect_playwright_images:99 - Playwright blinkit 'Real Bites Moong Dal': 15 URLs
2026-06-05 17:12:30.316 | DEBUG    | nure.playwright_sources:collect_playwright_images:95 - Playwright timeout for bigbasket on Real Bites Moong Dal
2026-06-05 17:12:30.317 | INFO     | nure.playwright_sources:collect_playwright_images:99 - Playwright bigbasket 'Real Bites Moong Dal': 0 URLs
2026-06-05 17:12:32.709 | INFO     | nure.playwright_sources:collect_playwright_images:99 - Playwright jiomart 'Real Bites Moong Dal': 1 URLs
2026-06-05 17:12:35.314 | INFO     | nure.playwright_sources:collect_playwright_images:99 - Playwright flipkart 'Real Bites Moong Dal': 0 URLs
2026-06-05 17:12:35.452 | INFO     | __main__:process_urls_for_product:190 - Verified Source Attribution | Product: 819fa2a93199 | File: 819fa2a93199_000.jpg | Source: blinkit | URL: https://cdn.grofers.com/cdn-cgi/image/f=auto,fit=scale-down,q=70,metadata=none,w=270/da/cms-assets/cms/product/733a0ca5-1314-4f20-80aa-6a7beae2129f.png
2026-06-05 17:12:35.749 | INFO     | __main__:process_urls_for_product:190 - Verified Source Attribution | Product: 819fa2a93199 | File: 819fa2a93199_001.jpg | Source: blinkit | URL: https://cdn.grofers.com/cdn-cgi/image/f=auto,fit=scale-down,q=70,metadata=none,w=270/da/cms-assets/cms/product/0f82fa5b-b1b9-4aec-b557-277dec9d3e51.png
2026-06-05 17:12:36.003 | INFO     | __main__:process_urls_for_product:190 - Verified Source Attribution | Product: 819fa2a93199 | File: 819fa2a93199_002.jpg | Source: blinkit | URL: https://cdn.grofers.com/cdn-cgi/image/f=auto,fit=scale-down,q=70,metadata=none,w=270/da/cms-assets/cms/product/rc-upload-1770963085463-92.png
2026-06-05 17:12:36.250 | INFO     | __main__:process_urls_for_product:190 - Verified Source Attribution | Product: 819fa2a93199 | File: 819fa2a93199_003.jpg | Source: blinkit | URL: https://cdn.grofers.com/cdn-cgi/image/f=auto,fit=scale-down,q=70,metadata=none,w=270/da/cms-assets/cms/product/716290f6-2028-405b-a7eb-256c84261baa.png
2026-06-05 17:12:36.494 | INFO     | __main__:process_urls_for_product:190 - Verified Source Attribution | Product: 819fa2a93199 | File: 819fa2a93199_004.jpg | Source: blinkit | URL: https://cdn.grofers.com/cdn-cgi/image/f=auto,fit=scale-down,q=70,metadata=none,w=270/da/cms-assets/cms/product/rc-upload-1775639922310-68.png
2026-06-05 17:12:36.740 | INFO     | __main__:process_urls_for_product:190 - Verified Source Attribution | Product: 819fa2a93199 | File: 819fa2a93199_005.jpg | Source: blinkit | URL: https://cdn.grofers.com/cdn-cgi/image/f=auto,fit=scale-down,q=70,metadata=none,w=270/da/cms-assets/cms/product/283602cd-6323-46a8-bca5-48da067021d2.png
2026-06-05 17:12:36.985 | INFO     | __main__:process_urls_for_product:190 - Verified Source Attribution | Product: 819fa2a93199 | File: 819fa2a93199_006.jpg | Source: blinkit | URL: https://cdn.grofers.com/cdn-cgi/image/f=auto,fit=scale-down,q=70,metadata=none,w=270/da/cms-assets/cms/product/1bf0c1ce-56c0-4219-97e0-1c063b09ae45.png
2026-06-05 17:12:37.240 | INFO     | __main__:process_urls_for_product:190 - Verified Source Attribution | Product: 819fa2a93199 | File: 819fa2a93199_007.jpg | Source: blinkit | URL: https://cdn.grofers.com/cdn-cgi/image/f=auto,fit=scale-down,q=70,metadata=none,w=270/da/cms-assets/cms/product/5b134a23-3b12-46b4-b247-f4f646d3ef03.png
2026-06-05 17:12:37.491 | INFO     | __main__:process_urls_for_product:190 - Verified Source Attribution | Product: 819fa2a93199 | File: 819fa2a93199_008.jpg | Source: blinkit | URL: https://cdn.grofers.com/cdn-cgi/image/f=auto,fit=scale-down,q=70,metadata=none,w=270/da/cms-assets/cms/product/rc-upload-1769779424274-137.png
2026-06-05 17:12:37.731 | INFO     | __main__:process_urls_for_product:190 - Verified Source Attribution | Product: 819fa2a93199 | File: 819fa2a93199_009.jpg | Source: blinkit | URL: https://cdn.grofers.com/cdn-cgi/image/f=auto,fit=scale-down,q=70,metadata=none,w=270/da/cms-assets/cms/product/544405b7-1b52-4ff5-836b-1b7a943c0378.png
2026-06-05 17:12:37.983 | INFO     | __main__:process_urls_for_product:190 - Verified Source Attribution | Product: 819fa2a93199 | File: 819fa2a93199_010.jpg | Source: blinkit | URL: https://cdn.grofers.com/cdn-cgi/image/f=auto,fit=scale-down,q=70,metadata=none,w=270/da/cms-assets/cms/product/8ef4d5bd-dc81-45cc-a4b4-0c6a02054fe7.png
2026-06-05 17:12:38.234 | INFO     | __main__:process_urls_for_product:190 - Verified Source Attribution | Product: 819fa2a93199 | File: 819fa2a93199_011.jpg | Source: blinkit | URL: https://cdn.grofers.com/cdn-cgi/image/f=auto,fit=scale-down,q=70,metadata=none,w=270/da/cms-assets/cms/product/ca58ffdb-a4de-4e47-b90e-cfec6fe70fb5.png
2026-06-05 17:12:38.481 | INFO     | __main__:process_urls_for_product:190 - Verified Source Attribution | Product: 819fa2a93199 | File: 819fa2a93199_012.jpg | Source: blinkit | URL: https://cdn.grofers.com/cdn-cgi/image/f=auto,fit=scale-down,q=70,metadata=none,w=270/da/cms-assets/cms/product/f3d136bb-5df3-4688-aa8b-956323e4958a.png
2026-06-05 17:12:38.744 | INFO     | __main__:process_urls_for_product:190 - Verified Source Attribution | Product: 819fa2a93199 | File: 819fa2a93199_013.jpg | Source: blinkit | URL: https://cdn.grofers.com/cdn-cgi/image/f=auto,fit=scale-down,q=70,metadata=none,w=270/da/cms-assets/cms/product/8921fa46-87c1-479a-84f8-1faf68da4f54.png
2026-06-05 17:13:51.304 | INFO     | __main__:download_product_images:223 - Product 9e3598d1290e has 0 images (min 10). Using Playwright fallback.
2026-06-05 17:13:55.246 | INFO     | nure.playwright_sources:collect_playwright_images:99 - Playwright blinkit 'Kesar Grocery Moong Dal': 15 URLs
2026-06-05 17:13:58.622 | DEBUG    | nure.playwright_sources:collect_playwright_images:95 - Playwright timeout for bigbasket on Kesar Grocery Moong Dal
2026-06-05 17:13:58.623 | INFO     | nure.playwright_sources:collect_playwright_images:99 - Playwright bigbasket 'Kesar Grocery Moong Dal': 0 URLs
2026-06-05 17:14:01.261 | INFO     | nure.playwright_sources:collect_playwright_images:99 - Playwright jiomart 'Kesar Grocery Moong Dal': 1 URLs
2026-06-05 17:14:03.898 | INFO     | nure.playwright_sources:collect_playwright_images:99 - Playwright flipkart 'Kesar Grocery Moong Dal': 0 URLs
2026-06-05 17:14:04.028 | INFO     | __main__:process_urls_for_product:190 - Verified Source Attribution | Product: 9e3598d1290e | File: 9e3598d1290e_000.jpg | Source: blinkit | URL: https://cdn.grofers.com/cdn-cgi/image/f=auto,fit=scale-down,q=70,metadata=none,w=270/da/cms-assets/cms/product/0c8e51b2-daa1-4bdb-bbe3-50c43e04f7ff.png
2026-06-05 17:14:04.326 | INFO     | __main__:process_urls_for_product:190 - Verified Source Attribution | Product: 9e3598d1290e | File: 9e3598d1290e_001.jpg | Source: blinkit | URL: https://cdn.grofers.com/cdn-cgi/image/f=auto,fit=scale-down,q=70,metadata=none,w=270/da/cms-assets/cms/product/21b2d69a-c40a-459c-ad41-40d528b08890.png
2026-06-05 17:14:04.559 | INFO     | __main__:process_urls_for_product:190 - Verified Source Attribution | Product: 9e3598d1290e | File: 9e3598d1290e_002.jpg | Source: blinkit | URL: https://cdn.grofers.com/cdn-cgi/image/f=auto,fit=scale-down,q=70,metadata=none,w=270/da/cms-assets/cms/product/05191d57-65fd-4df5-9dce-c4bf44ac136a.png
2026-06-05 17:14:04.806 | INFO     | __main__:process_urls_for_product:190 - Verified Source Attribution | Product: 9e3598d1290e | File: 9e3598d1290e_003.jpg | Source: blinkit | URL: https://cdn.grofers.com/cdn-cgi/image/f=auto,fit=scale-down,q=70,metadata=none,w=270/da/cms-assets/cms/product/d0799cef-246f-4750-a878-49f893403c2c.png
2026-06-05 17:14:05.045 | INFO     | __main__:process_urls_for_product:190 - Verified Source Attribution | Product: 9e3598d1290e | File: 9e3598d1290e_004.jpg | Source: blinkit | URL: https://cdn.grofers.com/cdn-cgi/image/f=auto,fit=scale-down,q=70,metadata=none,w=270/da/cms-assets/cms/product/rc-upload-1777287844551-410.png
2026-06-05 17:14:05.283 | INFO     | __main__:process_urls_for_product:190 - Verified Source Attribution | Product: 9e3598d1290e | File: 9e3598d1290e_005.jpg | Source: blinkit | URL: https://cdn.grofers.com/cdn-cgi/image/f=auto,fit=scale-down,q=70,metadata=none,w=270/da/cms-assets/cms/product/936427fc-590e-48c4-a71c-fb4d9aa8f49f.png
2026-06-05 17:14:05.533 | INFO     | __main__:process_urls_for_product:190 - Verified Source Attribution | Product: 9e3598d1290e | File: 9e3598d1290e_006.jpg | Source: blinkit | URL: https://cdn.grofers.com/cdn-cgi/image/f=auto,fit=scale-down,q=70,metadata=none,w=270/da/cms-assets/cms/product/be8bd3a2-404a-4f59-8e23-bfcbd12200cc.png
2026-06-05 17:14:05.787 | INFO     | __main__:process_urls_for_product:190 - Verified Source Attribution | Product: 9e3598d1290e | File: 9e3598d1290e_007.jpg | Source: blinkit | URL: https://cdn.grofers.com/cdn-cgi/image/f=auto,fit=scale-down,q=70,metadata=none,w=270/da/cms-assets/cms/product/d8ae4975-0d58-4690-a46f-2e53bc9b0865.png
2026-06-05 17:14:06.029 | INFO     | __main__:process_urls_for_product:190 - Verified Source Attribution | Product: 9e3598d1290e | File: 9e3598d1290e_008.jpg | Source: blinkit | URL: https://cdn.grofers.com/cdn-cgi/image/f=auto,fit=scale-down,q=70,metadata=none,w=270/da/cms-assets/cms/product/16ed5e12-93e3-4c3c-920e-f960247e0631.png
2026-06-05 17:14:06.447 | INFO     | __main__:process_urls_for_product:190 - Verified Source Attribution | Product: 9e3598d1290e | File: 9e3598d1290e_009.jpg | Source: blinkit | URL: https://cdn.grofers.com/cdn-cgi/image/f=auto,fit=scale-down,q=70,metadata=none,w=270/da/cms-assets/cms/product/rc-upload-1777287844551-429.png
2026-06-05 17:14:06.783 | INFO     | __main__:process_urls_for_product:190 - Verified Source Attribution | Product: 9e3598d1290e | File: 9e3598d1290e_010.jpg | Source: blinkit | URL: https://cdn.grofers.com/cdn-cgi/image/f=auto,fit=scale-down,q=70,metadata=none,w=270/da/cms-assets/cms/product/73bb6122-b99e-4fb0-99f0-ab1e4012a2e6.png
2026-06-05 17:15:58.659 | INFO     | __main__:download_product_images:223 - Product 4635b33103a0 has 0 images (min 10). Using Playwright fallback.
2026-06-05 17:16:02.045 | INFO     | nure.playwright_sources:collect_playwright_images:99 - Playwright blinkit 'Haldiram's CHANA DAL': 15 URLs
2026-06-05 17:16:05.477 | DEBUG    | nure.playwright_sources:collect_playwright_images:95 - Playwright timeout for bigbasket on Haldiram's CHANA DAL
2026-06-05 17:16:05.477 | INFO     | nure.playwright_sources:collect_playwright_images:99 - Playwright bigbasket 'Haldiram's CHANA DAL': 0 URLs
2026-06-05 17:16:07.860 | INFO     | nure.playwright_sources:collect_playwright_images:99 - Playwright jiomart 'Haldiram's CHANA DAL': 1 URLs
2026-06-05 17:16:10.569 | INFO     | nure.playwright_sources:collect_playwright_images:99 - Playwright flipkart 'Haldiram's CHANA DAL 200 g': 0 URLs
2026-06-05 17:16:10.876 | INFO     | __main__:process_urls_for_product:190 - Verified Source Attribution | Product: 4635b33103a0 | File: 4635b33103a0_000.jpg | Source: blinkit | URL: https://cdn.grofers.com/cdn-cgi/image/f=auto,fit=scale-down,q=70,metadata=none,w=270/da/cms-assets/cms/product/fe7ad4ea-3619-4e8b-b378-14d81b3dcc0f.png
2026-06-05 17:16:11.184 | INFO     | __main__:process_urls_for_product:190 - Verified Source Attribution | Product: 4635b33103a0 | File: 4635b33103a0_001.jpg | Source: blinkit | URL: https://cdn.grofers.com/cdn-cgi/image/f=auto,fit=scale-down,q=70,metadata=none,w=270/da/cms-assets/cms/product/ece92beb-c310-4ef0-8b4a-c8006ed8d842.png
2026-06-05 17:16:11.469 | INFO     | __main__:process_urls_for_product:190 - Verified Source Attribution | Product: 4635b33103a0 | File: 4635b33103a0_002.jpg | Source: blinkit | URL: https://cdn.grofers.com/cdn-cgi/image/f=auto,fit=scale-down,q=70,metadata=none,w=270/da/cms-assets/cms/product/c68d7bea-95db-4eec-b8e4-3a887b57b5c6.png
2026-06-05 17:16:11.717 | INFO     | __main__:process_urls_for_product:190 - Verified Source Attribution | Product: 4635b33103a0 | File: 4635b33103a0_003.jpg | Source: blinkit | URL: https://cdn.grofers.com/cdn-cgi/image/f=auto,fit=scale-down,q=70,metadata=none,w=270/da/cms-assets/cms/product/40544cfe-4edf-40af-842b-4dd4bc243397.png
2026-06-05 17:16:11.973 | INFO     | __main__:process_urls_for_product:190 - Verified Source Attribution | Product: 4635b33103a0 | File: 4635b33103a0_004.jpg | Source: blinkit | URL: https://cdn.grofers.com/cdn-cgi/image/f=auto,fit=scale-down,q=70,metadata=none,w=270/da/cms-assets/cms/product/ea7cf8fa-f2f7-4029-83a4-847eb652cf93.png
2026-06-05 17:16:12.225 | INFO     | __main__:process_urls_for_product:190 - Verified Source Attribution | Product: 4635b33103a0 | File: 4635b33103a0_005.jpg | Source: blinkit | URL: https://cdn.grofers.com/cdn-cgi/image/f=auto,fit=scale-down,q=70,metadata=none,w=270/da/cms-assets/cms/product/716290f6-2028-405b-a7eb-256c84261baa.png
2026-06-05 17:16:12.461 | INFO     | __main__:process_urls_for_product:190 - Verified Source Attribution | Product: 4635b33103a0 | File: 4635b33103a0_006.jpg | Source: blinkit | URL: https://cdn.grofers.com/cdn-cgi/image/f=auto,fit=scale-down,q=70,metadata=none,w=270/da/cms-assets/cms/product/58b3bb48-cfea-4f6c-85b4-9e3de35adcee.png
2026-06-05 17:16:12.719 | INFO     | __main__:process_urls_for_product:190 - Verified Source Attribution | Product: 4635b33103a0 | File: 4635b33103a0_007.jpg | Source: blinkit | URL: https://cdn.grofers.com/cdn-cgi/image/f=auto,fit=scale-down,q=70,metadata=none,w=270/da/cms-assets/cms/product/544405b7-1b52-4ff5-836b-1b7a943c0378.png
2026-06-05 17:16:13.004 | INFO     | __main__:process_urls_for_product:190 - Verified Source Attribution | Product: 4635b33103a0 | File: 4635b33103a0_008.jpg | Source: blinkit | URL: https://cdn.grofers.com/cdn-cgi/image/f=auto,fit=scale-down,q=70,metadata=none,w=270/da/cms-assets/cms/product/baa1d309-8797-4882-a7e9-d1d479d221b8.png
2026-06-05 17:16:13.271 | INFO     | __main__:process_urls_for_product:190 - Verified Source Attribution | Product: 4635b33103a0 | File: 4635b33103a0_009.jpg | Source: blinkit | URL: https://cdn.grofers.com/cdn-cgi/image/f=auto,fit=scale-down,q=70,metadata=none,w=270/da/cms-assets/cms/product/a6934b7d-e252-4ea2-9ba2-15be04fbb5e0.png
2026-06-05 17:16:13.522 | INFO     | __main__:process_urls_for_product:190 - Verified Source Attribution | Product: 4635b33103a0 | File: 4635b33103a0_010.jpg | Source: blinkit | URL: https://cdn.grofers.com/cdn-cgi/image/f=auto,fit=scale-down,q=70,metadata=none,w=270/da/cms-assets/cms/product/72b6d382-30b8-4aff-984d-9b4a4b6252e4.png
2026-06-05 17:17:25.123 | INFO     | __main__:download_product_images:223 - Product 9571092a88fa has 0 images (min 10). Using Playwright fallback.
2026-06-05 17:17:28.519 | INFO     | nure.playwright_sources:collect_playwright_images:99 - Playwright blinkit 'cofresh Chana dal (savoury Ind': 15 URLs
2026-06-05 17:17:31.844 | DEBUG    | nure.playwright_sources:collect_playwright_images:95 - Playwright timeout for bigbasket on cofresh Chana dal (savoury Ind
2026-06-05 17:17:31.844 | INFO     | nure.playwright_sources:collect_playwright_images:99 - Playwright bigbasket 'cofresh Chana dal (savoury Ind': 0 URLs
2026-06-05 17:17:34.319 | INFO     | nure.playwright_sources:collect_playwright_images:99 - Playwright jiomart 'cofresh Chana dal (savoury Ind': 1 URLs
2026-06-05 17:17:36.969 | INFO     | nure.playwright_sources:collect_playwright_images:99 - Playwright flipkart 'cofresh Chana dal (savoury Ind': 0 URLs
2026-06-05 17:17:37.145 | INFO     | __main__:process_urls_for_product:190 - Verified Source Attribution | Product: 9571092a88fa | File: 9571092a88fa_000.jpg | Source: blinkit | URL: https://cdn.grofers.com/cdn-cgi/image/f=auto,fit=scale-down,q=70,metadata=none,w=270/da/cms-assets/cms/product/rc-upload-1780627041919-28.png
2026-06-05 17:17:37.423 | INFO     | __main__:process_urls_for_product:190 - Verified Source Attribution | Product: 9571092a88fa | File: 9571092a88fa_001.jpg | Source: blinkit | URL: https://cdn.grofers.com/cdn-cgi/image/f=auto,fit=scale-down,q=70,metadata=none,w=270/da/cms-assets/cms/product/rc-upload-1780066591778-4.png
2026-06-05 17:17:37.655 | INFO     | __main__:process_urls_for_product:190 - Verified Source Attribution | Product: 9571092a88fa | File: 9571092a88fa_002.jpg | Source: blinkit | URL: https://cdn.grofers.com/cdn-cgi/image/f=auto,fit=scale-down,q=70,metadata=none,w=270/da/cms-assets/cms/product/baa1d309-8797-4882-a7e9-d1d479d221b8.png
2026-06-05 17:17:37.899 | INFO     | __main__:process_urls_for_product:190 - Verified Source Attribution | Product: 9571092a88fa | File: 9571092a88fa_003.jpg | Source: blinkit | URL: https://cdn.grofers.com/cdn-cgi/image/f=auto,fit=scale-down,q=70,metadata=none,w=270/da/cms-assets/cms/product/d25f70f0-805a-47eb-8dba-8bb9d919429c.png
2026-06-05 17:17:38.136 | INFO     | __main__:process_urls_for_product:190 - Verified Source Attribution | Product: 9571092a88fa | File: 9571092a88fa_004.jpg | Source: blinkit | URL: https://cdn.grofers.com/cdn-cgi/image/f=auto,fit=scale-down,q=70,metadata=none,w=270/da/cms-assets/cms/product/58b3bb48-cfea-4f6c-85b4-9e3de35adcee.png
2026-06-05 17:17:38.379 | INFO     | __main__:process_urls_for_product:190 - Verified Source Attribution | Product: 9571092a88fa | File: 9571092a88fa_005.jpg | Source: blinkit | URL: https://cdn.grofers.com/cdn-cgi/image/f=auto,fit=scale-down,q=70,metadata=none,w=270/da/cms-assets/cms/product/b6630cb4-c3fd-48cf-b5b4-1b304e3dc704.png
2026-06-05 17:17:38.671 | INFO     | __main__:process_urls_for_product:190 - Verified Source Attribution | Product: 9571092a88fa | File: 9571092a88fa_006.jpg | Source: blinkit | URL: https://cdn.grofers.com/cdn-cgi/image/f=auto,fit=scale-down,q=70,metadata=none,w=270/da/cms-assets/cms/product/rc-upload-1779585181843-275.png
2026-06-05 17:17:38.937 | INFO     | __main__:process_urls_for_product:190 - Verified Source Attribution | Product: 9571092a88fa | File: 9571092a88fa_007.jpg | Source: blinkit | URL: https://cdn.grofers.com/cdn-cgi/image/f=auto,fit=scale-down,q=70,metadata=none,w=270/da/cms-assets/cms/product/rc-upload-1779585181843-401.png
2026-06-05 17:17:39.225 | INFO     | __main__:process_urls_for_product:190 - Verified Source Attribution | Product: 9571092a88fa | File: 9571092a88fa_008.jpg | Source: blinkit | URL: https://cdn.grofers.com/cdn-cgi/image/f=auto,fit=scale-down,q=70,metadata=none,w=270/da/cms-assets/cms/product/rc-upload-1779797015008-313.png
2026-06-05 17:17:39.467 | INFO     | __main__:process_urls_for_product:190 - Verified Source Attribution | Product: 9571092a88fa | File: 9571092a88fa_009.jpg | Source: blinkit | URL: https://cdn.grofers.com/cdn-cgi/image/f=auto,fit=scale-down,q=70,metadata=none,w=270/da/cms-assets/cms/product/rc-upload-1776251241311-563.png
2026-06-05 17:17:39.755 | INFO     | __main__:process_urls_for_product:190 - Verified Source Attribution | Product: 9571092a88fa | File: 9571092a88fa_010.jpg | Source: blinkit | URL: https://cdn.grofers.com/cdn-cgi/image/f=auto,fit=scale-down,q=70,metadata=none,w=270/da/cms-assets/cms/product/a2962096-92ea-4105-8d77-d33e447805f4.png
2026-06-05 17:17:39.992 | INFO     | __main__:process_urls_for_product:190 - Verified Source Attribution | Product: 9571092a88fa | File: 9571092a88fa_011.jpg | Source: blinkit | URL: https://cdn.grofers.com/cdn-cgi/image/f=auto,fit=scale-down,q=70,metadata=none,w=270/da/cms-assets/cms/product/rc-upload-1779421790948-2606.png
2026-06-05 17:17:40.227 | INFO     | __main__:process_urls_for_product:190 - Verified Source Attribution | Product: 9571092a88fa | File: 9571092a88fa_012.jpg | Source: blinkit | URL: https://cdn.grofers.com/cdn-cgi/image/f=auto,fit=scale-down,q=70,metadata=none,w=270/da/cms-assets/cms/product/c68d7bea-95db-4eec-b8e4-3a887b57b5c6.png
2026-06-05 17:17:40.474 | INFO     | __main__:process_urls_for_product:190 - Verified Source Attribution | Product: 9571092a88fa | File: 9571092a88fa_013.jpg | Source: blinkit | URL: https://cdn.grofers.com/cdn-cgi/image/f=auto,fit=scale-down,q=70,metadata=none,w=270/da/cms-assets/cms/product/rc-upload-1777148127812-376.png
2026-06-05 17:18:36.865 | INFO     | __main__:download_product_images:223 - Product 751986dafbb0 has 0 images (min 10). Using Playwright fallback.
2026-06-05 17:18:40.680 | INFO     | nure.playwright_sources:collect_playwright_images:99 - Playwright blinkit 'Indus Chana Dal': 15 URLs
2026-06-05 17:18:44.084 | DEBUG    | nure.playwright_sources:collect_playwright_images:95 - Playwright timeout for bigbasket on Indus Chana Dal
2026-06-05 17:18:44.084 | INFO     | nure.playwright_sources:collect_playwright_images:99 - Playwright bigbasket 'Indus Chana Dal': 0 URLs
2026-06-05 17:18:46.535 | INFO     | nure.playwright_sources:collect_playwright_images:99 - Playwright jiomart 'Indus Chana Dal': 1 URLs
2026-06-05 17:18:49.037 | INFO     | nure.playwright_sources:collect_playwright_images:99 - Playwright flipkart 'Indus Chana Dal': 0 URLs
2026-06-05 17:18:49.219 | INFO     | __main__:process_urls_for_product:190 - Verified Source Attribution | Product: 751986dafbb0 | File: 751986dafbb0_000.jpg | Source: blinkit | URL: https://cdn.grofers.com/cdn-cgi/image/f=auto,fit=scale-down,q=70,metadata=none,w=270/da/cms-assets/cms/product/82f88731-9539-4333-b24d-169dc12ead21.png
2026-06-05 17:18:49.535 | INFO     | __main__:process_urls_for_product:190 - Verified Source Attribution | Product: 751986dafbb0 | File: 751986dafbb0_001.jpg | Source: blinkit | URL: https://cdn.grofers.com/cdn-cgi/image/f=auto,fit=scale-down,q=70,metadata=none,w=270/da/cms-assets/cms/product/1633253e-8ca3-47c7-88a6-b3358bc2bc61.png
2026-06-05 17:18:49.769 | INFO     | __main__:process_urls_for_product:190 - Verified Source Attribution | Product: 751986dafbb0 | File: 751986dafbb0_002.jpg | Source: blinkit | URL: https://cdn.grofers.com/cdn-cgi/image/f=auto,fit=scale-down,q=70,metadata=none,w=270/da/cms-assets/cms/product/484c2557-7300-4cc6-9816-a615bfc9b1a5.png
2026-06-05 17:18:50.004 | INFO     | __main__:process_urls_for_product:190 - Verified Source Attribution | Product: 751986dafbb0 | File: 751986dafbb0_003.jpg | Source: blinkit | URL: https://cdn.grofers.com/cdn-cgi/image/f=auto,fit=scale-down,q=70,metadata=none,w=270/da/cms-assets/cms/product/rc-upload-1771342312390-24.png
2026-06-05 17:18:50.235 | INFO     | __main__:process_urls_for_product:190 - Verified Source Attribution | Product: 751986dafbb0 | File: 751986dafbb0_004.jpg | Source: blinkit | URL: https://cdn.grofers.com/cdn-cgi/image/f=auto,fit=scale-down,q=70,metadata=none,w=270/da/cms-assets/cms/product/rc-upload-1777953701494-2944.png
2026-06-05 17:18:50.477 | INFO     | __main__:process_urls_for_product:190 - Verified Source Attribution | Product: 751986dafbb0 | File: 751986dafbb0_005.jpg | Source: blinkit | URL: https://cdn.grofers.com/cdn-cgi/image/f=auto,fit=scale-down,q=70,metadata=none,w=270/da/cms-assets/cms/product/94c32bcd-655e-4310-af8b-cfe51e929c7c.png
2026-06-05 17:18:50.764 | INFO     | __main__:process_urls_for_product:190 - Verified Source Attribution | Product: 751986dafbb0 | File: 751986dafbb0_006.jpg | Source: blinkit | URL: https://cdn.grofers.com/cdn-cgi/image/f=auto,fit=scale-down,q=70,metadata=none,w=270/da/cms-assets/cms/product/0d7be3e9-be3e-4fa3-8507-0c6d1dd7f31f.png
2026-06-05 17:18:51.000 | INFO     | __main__:process_urls_for_product:190 - Verified Source Attribution | Product: 751986dafbb0 | File: 751986dafbb0_007.jpg | Source: blinkit | URL: https://cdn.grofers.com/cdn-cgi/image/f=auto,fit=scale-down,q=70,metadata=none,w=270/da/cms-assets/cms/product/6b6aebe3-c079-44af-8124-3da152d1a2dd.png
2026-06-05 17:18:51.299 | INFO     | __main__:process_urls_for_product:190 - Verified Source Attribution | Product: 751986dafbb0 | File: 751986dafbb0_008.jpg | Source: blinkit | URL: https://cdn.grofers.com/cdn-cgi/image/f=auto,fit=scale-down,q=70,metadata=none,w=270/da/cms-assets/cms/product/rc-upload-1777953701494-2966.png
2026-06-05 17:18:51.560 | INFO     | __main__:process_urls_for_product:190 - Verified Source Attribution | Product: 751986dafbb0 | File: 751986dafbb0_009.jpg | Source: blinkit | URL: https://cdn.grofers.com/cdn-cgi/image/f=auto,fit=scale-down,q=70,metadata=none,w=270/da/cms-assets/cms/product/bfbb365d-9ad0-42a9-821e-0c0606d5f2d3.png
2026-06-05 17:18:51.802 | INFO     | __main__:process_urls_for_product:190 - Verified Source Attribution | Product: 751986dafbb0 | File: 751986dafbb0_010.jpg | Source: blinkit | URL: https://cdn.grofers.com/cdn-cgi/image/f=auto,fit=scale-down,q=70,metadata=none,w=270/da/cms-assets/cms/product/72b6d382-30b8-4aff-984d-9b4a4b6252e4.png
2026-06-05 17:18:52.103 | INFO     | __main__:process_urls_for_product:190 - Verified Source Attribution | Product: 751986dafbb0 | File: 751986dafbb0_011.jpg | Source: blinkit | URL: https://cdn.grofers.com/cdn-cgi/image/f=auto,fit=scale-down,q=70,metadata=none,w=270/da/cms-assets/cms/product/8f0c5b36-ed5f-4d14-aa4f-538d1798cd81.png
2026-06-05 17:18:52.349 | INFO     | __main__:process_urls_for_product:190 - Verified Source Attribution | Product: 751986dafbb0 | File: 751986dafbb0_012.jpg | Source: blinkit | URL: https://cdn.grofers.com/cdn-cgi/image/f=auto,fit=scale-down,q=70,metadata=none,w=270/da/cms-assets/cms/product/24bd3e0b-939f-48a9-a5bb-15e7f2009697.png
2026-06-05 17:18:52.639 | INFO     | __main__:process_urls_for_product:190 - Verified Source Attribution | Product: 751986dafbb0 | File: 751986dafbb0_013.jpg | Source: blinkit | URL: https://cdn.grofers.com/cdn-cgi/image/f=auto,fit=scale-down,q=70,metadata=none,w=270/da/cms-assets/cms/product/f2ae944a-d8cb-4df1-87be-cb75686c5ad0.png
2026-06-05 17:20:19.873 | INFO     | __main__:download_product_images:223 - Product 77909b5a6735 has 0 images (min 10). Using Playwright fallback.
2026-06-05 17:20:23.265 | INFO     | nure.playwright_sources:collect_playwright_images:99 - Playwright blinkit 'Raju Chana dal': 15 URLs
2026-06-05 17:20:26.588 | DEBUG    | nure.playwright_sources:collect_playwright_images:95 - Playwright timeout for bigbasket on Raju Chana dal
2026-06-05 17:20:26.589 | INFO     | nure.playwright_sources:collect_playwright_images:99 - Playwright bigbasket 'Raju Chana dal': 0 URLs
2026-06-05 17:20:29.062 | INFO     | nure.playwright_sources:collect_playwright_images:99 - Playwright jiomart 'Raju Chana dal': 1 URLs
2026-06-05 17:20:31.567 | INFO     | nure.playwright_sources:collect_playwright_images:99 - Playwright flipkart 'Raju Chana dal': 0 URLs
2026-06-05 17:20:31.704 | INFO     | __main__:process_urls_for_product:190 - Verified Source Attribution | Product: 77909b5a6735 | File: 77909b5a6735_000.jpg | Source: blinkit | URL: https://cdn.grofers.com/cdn-cgi/image/f=auto,fit=scale-down,q=70,metadata=none,w=270/da/cms-assets/cms/product/72b6d382-30b8-4aff-984d-9b4a4b6252e4.png
2026-06-05 17:20:31.981 | INFO     | __main__:process_urls_for_product:190 - Verified Source Attribution | Product: 77909b5a6735 | File: 77909b5a6735_001.jpg | Source: blinkit | URL: https://cdn.grofers.com/cdn-cgi/image/f=auto,fit=scale-down,q=70,metadata=none,w=270/da/cms-assets/cms/product/9ccc8b60-0a5c-4956-af7f-798cf1d4f585.png
2026-06-05 17:20:32.200 | INFO     | __main__:process_urls_for_product:190 - Verified Source Attribution | Product: 77909b5a6735 | File: 77909b5a6735_002.jpg | Source: blinkit | URL: https://cdn.grofers.com/cdn-cgi/image/f=auto,fit=scale-down,q=70,metadata=none,w=270/da/cms-assets/cms/product/ece92beb-c310-4ef0-8b4a-c8006ed8d842.png
2026-06-05 17:20:32.420 | INFO     | __main__:process_urls_for_product:190 - Verified Source Attribution | Product: 77909b5a6735 | File: 77909b5a6735_003.jpg | Source: blinkit | URL: https://cdn.grofers.com/cdn-cgi/image/f=auto,fit=scale-down,q=70,metadata=none,w=270/da/cms-assets/cms/product/f97ab23a-b1fa-41f1-be54-14e8323a04ae.png
2026-06-05 17:20:32.637 | INFO     | __main__:process_urls_for_product:190 - Verified Source Attribution | Product: 77909b5a6735 | File: 77909b5a6735_004.jpg | Source: blinkit | URL: https://cdn.grofers.com/cdn-cgi/image/f=auto,fit=scale-down,q=70,metadata=none,w=270/da/cms-assets/cms/product/89c73c28-0ab5-4f86-a0d3-1a0e34724a81.png
2026-06-05 17:20:32.868 | INFO     | __main__:process_urls_for_product:190 - Verified Source Attribution | Product: 77909b5a6735 | File: 77909b5a6735_005.jpg | Source: blinkit | URL: https://cdn.grofers.com/cdn-cgi/image/f=auto,fit=scale-down,q=70,metadata=none,w=270/da/cms-assets/cms/product/cc621f07-2aa2-407e-b764-06dc2e6c979b.png
2026-06-05 17:20:33.095 | INFO     | __main__:process_urls_for_product:190 - Verified Source Attribution | Product: 77909b5a6735 | File: 77909b5a6735_006.jpg | Source: blinkit | URL: https://cdn.grofers.com/cdn-cgi/image/f=auto,fit=scale-down,q=70,metadata=none,w=270/da/cms-assets/cms/product/6b6aebe3-c079-44af-8124-3da152d1a2dd.png
2026-06-05 17:20:33.329 | INFO     | __main__:process_urls_for_product:190 - Verified Source Attribution | Product: 77909b5a6735 | File: 77909b5a6735_007.jpg | Source: blinkit | URL: https://cdn.grofers.com/cdn-cgi/image/f=auto,fit=scale-down,q=70,metadata=none,w=270/da/cms-assets/cms/product/484c2557-7300-4cc6-9816-a615bfc9b1a5.png
2026-06-05 17:20:33.568 | INFO     | __main__:process_urls_for_product:190 - Verified Source Attribution | Product: 77909b5a6735 | File: 77909b5a6735_008.jpg | Source: blinkit | URL: https://cdn.grofers.com/cdn-cgi/image/f=auto,fit=scale-down,q=70,metadata=none,w=270/da/cms-assets/cms/product/1633253e-8ca3-47c7-88a6-b3358bc2bc61.png
2026-06-05 17:20:33.807 | INFO     | __main__:process_urls_for_product:190 - Verified Source Attribution | Product: 77909b5a6735 | File: 77909b5a6735_009.jpg | Source: blinkit | URL: https://cdn.grofers.com/cdn-cgi/image/f=auto,fit=scale-down,q=70,metadata=none,w=270/da/cms-assets/cms/product/b555378c-1582-4893-b233-43c54f269334.png
2026-06-05 17:20:34.096 | INFO     | __main__:process_urls_for_product:190 - Verified Source Attribution | Product: 77909b5a6735 | File: 77909b5a6735_010.jpg | Source: blinkit | URL: https://cdn.grofers.com/cdn-cgi/image/f=auto,fit=scale-down,q=70,metadata=none,w=270/da/cms-assets/cms/product/58b3bb48-cfea-4f6c-85b4-9e3de35adcee.png
2026-06-05 17:20:34.321 | INFO     | __main__:process_urls_for_product:190 - Verified Source Attribution | Product: 77909b5a6735 | File: 77909b5a6735_011.jpg | Source: blinkit | URL: https://cdn.grofers.com/cdn-cgi/image/f=auto,fit=scale-down,q=70,metadata=none,w=270/da/cms-assets/cms/product/82f88731-9539-4333-b24d-169dc12ead21.png
2026-06-05 17:20:34.564 | INFO     | __main__:process_urls_for_product:190 - Verified Source Attribution | Product: 77909b5a6735 | File: 77909b5a6735_012.jpg | Source: blinkit | URL: https://cdn.grofers.com/cdn-cgi/image/f=auto,fit=scale-down,q=70,metadata=none,w=270/da/cms-assets/cms/product/rc-upload-1776859606016-264.png
2026-06-05 17:22:53.512 | INFO     | __main__:download_product_images:223 - Product 15a6063f665e has 0 images (min 10). Using Playwright fallback.
2026-06-05 17:22:57.109 | INFO     | nure.playwright_sources:collect_playwright_images:99 - Playwright blinkit 'samrat Chana Dal': 15 URLs
2026-06-05 17:23:00.436 | DEBUG    | nure.playwright_sources:collect_playwright_images:95 - Playwright timeout for bigbasket on samrat Chana Dal
2026-06-05 17:23:00.436 | INFO     | nure.playwright_sources:collect_playwright_images:99 - Playwright bigbasket 'samrat Chana Dal': 0 URLs
2026-06-05 17:23:02.829 | INFO     | nure.playwright_sources:collect_playwright_images:99 - Playwright jiomart 'samrat Chana Dal': 1 URLs
2026-06-05 17:23:05.627 | INFO     | nure.playwright_sources:collect_playwright_images:99 - Playwright flipkart 'samrat Chana Dal 40gram': 0 URLs
2026-06-05 17:23:05.764 | INFO     | __main__:process_urls_for_product:190 - Verified Source Attribution | Product: 15a6063f665e | File: 15a6063f665e_000.jpg | Source: blinkit | URL: https://cdn.grofers.com/cdn-cgi/image/f=auto,fit=scale-down,q=70,metadata=none,w=270/da/cms-assets/cms/product/72b6d382-30b8-4aff-984d-9b4a4b6252e4.png
2026-06-05 17:23:06.056 | INFO     | __main__:process_urls_for_product:190 - Verified Source Attribution | Product: 15a6063f665e | File: 15a6063f665e_001.jpg | Source: blinkit | URL: https://cdn.grofers.com/cdn-cgi/image/f=auto,fit=scale-down,q=70,metadata=none,w=270/da/cms-assets/cms/product/ece92beb-c310-4ef0-8b4a-c8006ed8d842.png
2026-06-05 17:23:06.313 | INFO     | __main__:process_urls_for_product:190 - Verified Source Attribution | Product: 15a6063f665e | File: 15a6063f665e_002.jpg | Source: blinkit | URL: https://cdn.grofers.com/cdn-cgi/image/f=auto,fit=scale-down,q=70,metadata=none,w=270/da/cms-assets/cms/product/9130d8d0-3e0d-4a61-a784-60477dd3b239.png
2026-06-05 17:23:06.592 | INFO     | __main__:process_urls_for_product:190 - Verified Source Attribution | Product: 15a6063f665e | File: 15a6063f665e_003.jpg | Source: blinkit | URL: https://cdn.grofers.com/cdn-cgi/image/f=auto,fit=scale-down,q=70,metadata=none,w=270/da/cms-assets/cms/product/9ccc8b60-0a5c-4956-af7f-798cf1d4f585.png
2026-06-05 17:23:06.831 | INFO     | __main__:process_urls_for_product:190 - Verified Source Attribution | Product: 15a6063f665e | File: 15a6063f665e_004.jpg | Source: blinkit | URL: https://cdn.grofers.com/cdn-cgi/image/f=auto,fit=scale-down,q=70,metadata=none,w=270/da/cms-assets/cms/product/cc621f07-2aa2-407e-b764-06dc2e6c979b.png
2026-06-05 17:23:07.082 | INFO     | __main__:process_urls_for_product:190 - Verified Source Attribution | Product: 15a6063f665e | File: 15a6063f665e_005.jpg | Source: blinkit | URL: https://cdn.grofers.com/cdn-cgi/image/f=auto,fit=scale-down,q=70,metadata=none,w=270/da/cms-assets/cms/product/58b3bb48-cfea-4f6c-85b4-9e3de35adcee.png
2026-06-05 17:23:07.325 | INFO     | __main__:process_urls_for_product:190 - Verified Source Attribution | Product: 15a6063f665e | File: 15a6063f665e_006.jpg | Source: blinkit | URL: https://cdn.grofers.com/cdn-cgi/image/f=auto,fit=scale-down,q=70,metadata=none,w=270/da/cms-assets/cms/product/6b6aebe3-c079-44af-8124-3da152d1a2dd.png
2026-06-05 17:23:07.572 | INFO     | __main__:process_urls_for_product:190 - Verified Source Attribution | Product: 15a6063f665e | File: 15a6063f665e_007.jpg | Source: blinkit | URL: https://cdn.grofers.com/cdn-cgi/image/f=auto,fit=scale-down,q=70,metadata=none,w=270/da/cms-assets/cms/product/484c2557-7300-4cc6-9816-a615bfc9b1a5.png
2026-06-05 17:23:07.817 | INFO     | __main__:process_urls_for_product:190 - Verified Source Attribution | Product: 15a6063f665e | File: 15a6063f665e_008.jpg | Source: blinkit | URL: https://cdn.grofers.com/cdn-cgi/image/f=auto,fit=scale-down,q=70,metadata=none,w=270/da/cms-assets/cms/product/rc-upload-1776471758958-15.png
2026-06-05 17:23:08.066 | INFO     | __main__:process_urls_for_product:190 - Verified Source Attribution | Product: 15a6063f665e | File: 15a6063f665e_009.jpg | Source: blinkit | URL: https://cdn.grofers.com/cdn-cgi/image/f=auto,fit=scale-down,q=70,metadata=none,w=270/da/cms-assets/cms/product/b6630cb4-c3fd-48cf-b5b4-1b304e3dc704.png
2026-06-05 17:23:08.313 | INFO     | __main__:process_urls_for_product:190 - Verified Source Attribution | Product: 15a6063f665e | File: 15a6063f665e_010.jpg | Source: blinkit | URL: https://cdn.grofers.com/cdn-cgi/image/f=auto,fit=scale-down,q=70,metadata=none,w=270/da/cms-assets/cms/product/89c73c28-0ab5-4f86-a0d3-1a0e34724a81.png
2026-06-05 17:23:08.566 | INFO     | __main__:process_urls_for_product:190 - Verified Source Attribution | Product: 15a6063f665e | File: 15a6063f665e_011.jpg | Source: blinkit | URL: https://cdn.grofers.com/cdn-cgi/image/f=auto,fit=scale-down,q=70,metadata=none,w=270/da/cms-assets/cms/product/rc-upload-1775625358577-339.png
2026-06-05 17:23:08.800 | INFO     | __main__:process_urls_for_product:190 - Verified Source Attribution | Product: 15a6063f665e | File: 15a6063f665e_012.jpg | Source: blinkit | URL: https://cdn.grofers.com/cdn-cgi/image/f=auto,fit=scale-down,q=70,metadata=none,w=270/da/cms-assets/cms/product/f97ab23a-b1fa-41f1-be54-14e8323a04ae.png
2026-06-05 17:23:11.354 | INFO     | nure.image_sources:collect_amazon_images:178 - Amazon 'Balaji Chana Dal': 1 URLs
2026-06-05 17:23:13.076 | INFO     | nure.image_sources:collect_bing_images:149 - Bing 'Balaji Chana Dal': 0 URLs
2026-06-05 17:23:50.034 | INFO     | __main__:process_urls_for_product:190 - Verified Source Attribution | Product: 5eb598c8d7a6 | File: 5eb598c8d7a6_000.jpg | Source: amazon | URL: https://m.media-amazon.com/images/I/31Ip4aURUpL.png
2026-06-05 17:23:50.188 | INFO     | __main__:download_product_images:223 - Product 5eb598c8d7a6 has 1 images (min 10). Using Playwright fallback.
2026-06-05 17:23:54.661 | INFO     | nure.playwright_sources:collect_playwright_images:99 - Playwright blinkit 'Balaji Chana Dal': 15 URLs
2026-06-05 17:23:58.171 | DEBUG    | nure.playwright_sources:collect_playwright_images:95 - Playwright timeout for bigbasket on Balaji Chana Dal
2026-06-05 17:23:58.171 | INFO     | nure.playwright_sources:collect_playwright_images:99 - Playwright bigbasket 'Balaji Chana Dal': 0 URLs
2026-06-05 17:24:01.016 | INFO     | nure.playwright_sources:collect_playwright_images:99 - Playwright jiomart 'Balaji Chana Dal': 1 URLs
2026-06-05 17:24:03.702 | INFO     | nure.playwright_sources:collect_playwright_images:99 - Playwright flipkart 'Balaji Chana Dal': 0 URLs
2026-06-05 17:24:03.896 | INFO     | __main__:process_urls_for_product:190 - Verified Source Attribution | Product: 5eb598c8d7a6 | File: 5eb598c8d7a6_001.jpg | Source: blinkit | URL: https://cdn.grofers.com/cdn-cgi/image/f=auto,fit=scale-down,q=70,metadata=none,w=270/da/cms-assets/cms/product/355563a7-3a0c-477e-8e41-1f0df08ecbba.png
2026-06-05 17:24:04.195 | INFO     | __main__:process_urls_for_product:190 - Verified Source Attribution | Product: 5eb598c8d7a6 | File: 5eb598c8d7a6_002.jpg | Source: blinkit | URL: https://cdn.grofers.com/cdn-cgi/image/f=auto,fit=scale-down,q=70,metadata=none,w=270/da/cms-assets/cms/product/rc-upload-1775044979893-243.png
2026-06-05 17:24:04.446 | INFO     | __main__:process_urls_for_product:190 - Verified Source Attribution | Product: 5eb598c8d7a6 | File: 5eb598c8d7a6_003.jpg | Source: blinkit | URL: https://cdn.grofers.com/cdn-cgi/image/f=auto,fit=scale-down,q=70,metadata=none,w=270/da/cms-assets/cms/product/rc-upload-1777953701494-8647.png
2026-06-05 17:24:04.696 | INFO     | __main__:process_urls_for_product:190 - Verified Source Attribution | Product: 5eb598c8d7a6 | File: 5eb598c8d7a6_004.jpg | Source: blinkit | URL: https://cdn.grofers.com/cdn-cgi/image/f=auto,fit=scale-down,q=70,metadata=none,w=270/da/cms-assets/cms/product/6c5a8237-fec8-464d-a6ad-a7abe0ea6c12.png
2026-06-05 17:24:04.939 | INFO     | __main__:process_urls_for_product:190 - Verified Source Attribution | Product: 5eb598c8d7a6 | File: 5eb598c8d7a6_005.jpg | Source: blinkit | URL: https://cdn.grofers.com/cdn-cgi/image/f=auto,fit=scale-down,q=70,metadata=none,w=270/da/cms-assets/cms/product/264e51e2-e3ce-4a05-a3c3-8009ccfbc1bd.png
2026-06-05 17:24:05.193 | INFO     | __main__:process_urls_for_product:190 - Verified Source Attribution | Product: 5eb598c8d7a6 | File: 5eb598c8d7a6_006.jpg | Source: blinkit | URL: https://cdn.grofers.com/cdn-cgi/image/f=auto,fit=scale-down,q=70,metadata=none,w=270/da/cms-assets/cms/product/rc-upload-1777953701494-8338.png
2026-06-05 17:24:05.446 | INFO     | __main__:process_urls_for_product:190 - Verified Source Attribution | Product: 5eb598c8d7a6 | File: 5eb598c8d7a6_007.jpg | Source: blinkit | URL: https://cdn.grofers.com/cdn-cgi/image/f=auto,fit=scale-down,q=70,metadata=none,w=270/da/cms-assets/cms/product/rc-upload-1777953701494-9605.png
2026-06-05 17:24:05.701 | INFO     | __main__:process_urls_for_product:190 - Verified Source Attribution | Product: 5eb598c8d7a6 | File: 5eb598c8d7a6_008.jpg | Source: blinkit | URL: https://cdn.grofers.com/cdn-cgi/image/f=auto,fit=scale-down,q=70,metadata=none,w=270/da/cms-assets/cms/product/ff193411-9d17-4f8f-8cb2-e434e717e373.png
2026-06-05 17:24:05.963 | INFO     | __main__:process_urls_for_product:190 - Verified Source Attribution | Product: 5eb598c8d7a6 | File: 5eb598c8d7a6_009.jpg | Source: blinkit | URL: https://cdn.grofers.com/cdn-cgi/image/f=auto,fit=scale-down,q=70,metadata=none,w=270/da/cms-assets/cms/product/rc-upload-1777953701494-9586.png
2026-06-05 17:24:06.210 | INFO     | __main__:process_urls_for_product:190 - Verified Source Attribution | Product: 5eb598c8d7a6 | File: 5eb598c8d7a6_010.jpg | Source: blinkit | URL: https://cdn.grofers.com/cdn-cgi/image/f=auto,fit=scale-down,q=70,metadata=none,w=270/da/cms-assets/cms/product/716290f6-2028-405b-a7eb-256c84261baa.png
2026-06-05 17:24:06.455 | INFO     | __main__:process_urls_for_product:190 - Verified Source Attribution | Product: 5eb598c8d7a6 | File: 5eb598c8d7a6_011.jpg | Source: blinkit | URL: https://cdn.grofers.com/cdn-cgi/image/f=auto,fit=scale-down,q=70,metadata=none,w=270/da/cms-assets/cms/product/rc-upload-1777953701494-8474.png
2026-06-05 17:24:06.745 | INFO     | __main__:process_urls_for_product:190 - Verified Source Attribution | Product: 5eb598c8d7a6 | File: 5eb598c8d7a6_012.jpg | Source: blinkit | URL: https://cdn.grofers.com/cdn-cgi/image/f=auto,fit=scale-down,q=70,metadata=none,w=270/da/cms-assets/cms/product/rc-upload-1779219891239-25.png
2026-06-05 17:24:06.998 | INFO     | __main__:process_urls_for_product:190 - Verified Source Attribution | Product: 5eb598c8d7a6 | File: 5eb598c8d7a6_013.jpg | Source: blinkit | URL: https://cdn.grofers.com/cdn-cgi/image/f=auto,fit=scale-down,q=70,metadata=none,w=270/da/cms-assets/cms/product/6311692b-204d-4786-ab8c-3af729b039ac.png
2026-06-05 17:25:18.637 | INFO     | __main__:download_product_images:223 - Product 6377481d34ac has 0 images (min 10). Using Playwright fallback.
2026-06-05 17:25:22.081 | INFO     | nure.playwright_sources:collect_playwright_images:99 - Playwright blinkit 'Bombay Kitchen Foods  Inc. Bom': 15 URLs
2026-06-05 17:25:25.392 | DEBUG    | nure.playwright_sources:collect_playwright_images:95 - Playwright timeout for bigbasket on Bombay Kitchen Foods  Inc. Bom
2026-06-05 17:25:25.392 | INFO     | nure.playwright_sources:collect_playwright_images:99 - Playwright bigbasket 'Bombay Kitchen Foods  Inc. Bom': 0 URLs
2026-06-05 17:25:27.690 | INFO     | nure.playwright_sources:collect_playwright_images:99 - Playwright jiomart 'Bombay Kitchen Foods  Inc. Bom': 1 URLs
2026-06-05 17:25:30.621 | INFO     | nure.playwright_sources:collect_playwright_images:99 - Playwright flipkart 'Bombay Kitchen Foods  Inc. Bom': 0 URLs
2026-06-05 17:25:30.745 | INFO     | __main__:process_urls_for_product:190 - Verified Source Attribution | Product: 6377481d34ac | File: 6377481d34ac_000.jpg | Source: blinkit | URL: https://cdn.grofers.com/cdn-cgi/image/f=auto,fit=scale-down,q=70,metadata=none,w=270/da/cms-assets/cms/product/72b6d382-30b8-4aff-984d-9b4a4b6252e4.png
2026-06-05 17:25:31.023 | INFO     | __main__:process_urls_for_product:190 - Verified Source Attribution | Product: 6377481d34ac | File: 6377481d34ac_001.jpg | Source: blinkit | URL: https://cdn.grofers.com/cdn-cgi/image/f=auto,fit=scale-down,q=70,metadata=none,w=270/da/cms-assets/cms/product/d962eff0-6af0-4929-9a37-0b230867350e.png
2026-06-05 17:25:31.250 | INFO     | __main__:process_urls_for_product:190 - Verified Source Attribution | Product: 6377481d34ac | File: 6377481d34ac_002.jpg | Source: blinkit | URL: https://cdn.grofers.com/cdn-cgi/image/f=auto,fit=scale-down,q=70,metadata=none,w=270/da/cms-assets/cms/product/9ccc8b60-0a5c-4956-af7f-798cf1d4f585.png
2026-06-05 17:25:31.533 | INFO     | __main__:process_urls_for_product:190 - Verified Source Attribution | Product: 6377481d34ac | File: 6377481d34ac_003.jpg | Source: blinkit | URL: https://cdn.grofers.com/cdn-cgi/image/f=auto,fit=scale-down,q=70,metadata=none,w=270/da/cms-assets/cms/product/ece92beb-c310-4ef0-8b4a-c8006ed8d842.png
2026-06-05 17:25:31.773 | INFO     | __main__:process_urls_for_product:190 - Verified Source Attribution | Product: 6377481d34ac | File: 6377481d34ac_004.jpg | Source: blinkit | URL: https://cdn.grofers.com/cdn-cgi/image/f=auto,fit=scale-down,q=70,metadata=none,w=270/da/cms-assets/cms/product/f97ab23a-b1fa-41f1-be54-14e8323a04ae.png
2026-06-05 17:25:32.024 | INFO     | __main__:process_urls_for_product:190 - Verified Source Attribution | Product: 6377481d34ac | File: 6377481d34ac_005.jpg | Source: blinkit | URL: https://cdn.grofers.com/cdn-cgi/image/f=auto,fit=scale-down,q=70,metadata=none,w=270/da/cms-assets/cms/product/f8863d0a-8d5c-4eee-aefc-981f283576bb.png
2026-06-05 17:25:32.261 | INFO     | __main__:process_urls_for_product:190 - Verified Source Attribution | Product: 6377481d34ac | File: 6377481d34ac_006.jpg | Source: blinkit | URL: https://cdn.grofers.com/cdn-cgi/image/f=auto,fit=scale-down,q=70,metadata=none,w=270/da/cms-assets/cms/product/cc621f07-2aa2-407e-b764-06dc2e6c979b.png
2026-06-05 17:25:32.499 | INFO     | __main__:process_urls_for_product:190 - Verified Source Attribution | Product: 6377481d34ac | File: 6377481d34ac_007.jpg | Source: blinkit | URL: https://cdn.grofers.com/cdn-cgi/image/f=auto,fit=scale-down,q=70,metadata=none,w=270/da/cms-assets/cms/product/rc-upload-1780066591778-4.png
2026-06-05 17:25:32.747 | INFO     | __main__:process_urls_for_product:190 - Verified Source Attribution | Product: 6377481d34ac | File: 6377481d34ac_008.jpg | Source: blinkit | URL: https://cdn.grofers.com/cdn-cgi/image/f=auto,fit=scale-down,q=70,metadata=none,w=270/da/cms-assets/cms/product/6b6aebe3-c079-44af-8124-3da152d1a2dd.png
2026-06-05 17:25:33.030 | INFO     | __main__:process_urls_for_product:190 - Verified Source Attribution | Product: 6377481d34ac | File: 6377481d34ac_009.jpg | Source: blinkit | URL: https://cdn.grofers.com/cdn-cgi/image/f=auto,fit=scale-down,q=70,metadata=none,w=270/da/cms-assets/cms/product/3bb697bd-0144-4739-b548-cc5a48d09c56.png
2026-06-05 17:25:33.281 | INFO     | __main__:process_urls_for_product:190 - Verified Source Attribution | Product: 6377481d34ac | File: 6377481d34ac_010.jpg | Source: blinkit | URL: https://cdn.grofers.com/cdn-cgi/image/f=auto,fit=scale-down,q=70,metadata=none,w=270/da/cms-assets/cms/product/89c73c28-0ab5-4f86-a0d3-1a0e34724a81.png
2026-06-05 17:25:33.569 | INFO     | __main__:process_urls_for_product:190 - Verified Source Attribution | Product: 6377481d34ac | File: 6377481d34ac_011.jpg | Source: blinkit | URL: https://cdn.grofers.com/cdn-cgi/image/f=auto,fit=scale-down,q=70,metadata=none,w=270/da/cms-assets/cms/product/rc-upload-1777456672791-441.png
2026-06-05 17:25:33.809 | INFO     | __main__:process_urls_for_product:190 - Verified Source Attribution | Product: 6377481d34ac | File: 6377481d34ac_012.jpg | Source: blinkit | URL: https://cdn.grofers.com/cdn-cgi/image/f=auto,fit=scale-down,q=70,metadata=none,w=270/da/cms-assets/cms/product/e9775f72-3b04-46ef-8acb-1b5790d97b0f.png
2026-06-05 17:25:36.981 | INFO     | nure.image_sources:collect_amazon_images:178 - Amazon 'R-Pure Agro Specialities Chana Dal Masal': 2 URLs
2026-06-05 17:25:38.959 | INFO     | nure.image_sources:collect_bing_images:149 - Bing 'R-Pure Agro Specialities Chana Dal Masal': 0 URLs
2026-06-05 17:26:15.851 | INFO     | __main__:process_urls_for_product:190 - Verified Source Attribution | Product: ca13e448cd71 | File: ca13e448cd71_000.jpg | Source: amazon | URL: https://m.media-amazon.com/images/I/31Ip4aURUpL.png
2026-06-05 17:26:16.426 | INFO     | __main__:process_urls_for_product:190 - Verified Source Attribution | Product: ca13e448cd71 | File: ca13e448cd71_001.jpg | Source: amazon | URL: https://m.media-amazon.com/images/I/510Ef2YMB4L.jpg
2026-06-05 17:26:16.578 | INFO     | __main__:download_product_images:223 - Product ca13e448cd71 has 2 images (min 10). Using Playwright fallback.
2026-06-05 17:26:19.910 | INFO     | nure.playwright_sources:collect_playwright_images:99 - Playwright blinkit 'R-Pure Agro Specialities Chana': 15 URLs
2026-06-05 17:26:23.226 | DEBUG    | nure.playwright_sources:collect_playwright_images:95 - Playwright timeout for bigbasket on R-Pure Agro Specialities Chana
2026-06-05 17:26:23.227 | INFO     | nure.playwright_sources:collect_playwright_images:99 - Playwright bigbasket 'R-Pure Agro Specialities Chana': 0 URLs
2026-06-05 17:26:25.650 | INFO     | nure.playwright_sources:collect_playwright_images:99 - Playwright jiomart 'R-Pure Agro Specialities Chana': 1 URLs
2026-06-05 17:26:28.461 | INFO     | nure.playwright_sources:collect_playwright_images:99 - Playwright flipkart 'R-Pure Agro Specialities Chana': 0 URLs
2026-06-05 17:26:28.640 | INFO     | __main__:process_urls_for_product:190 - Verified Source Attribution | Product: ca13e448cd71 | File: ca13e448cd71_002.jpg | Source: blinkit | URL: https://cdn.grofers.com/cdn-cgi/image/f=auto,fit=scale-down,q=70,metadata=none,w=270/da/cms-assets/cms/product/384e9263-24e5-4d0b-9942-8201d6e31f27.png
2026-06-05 17:26:28.941 | INFO     | __main__:process_urls_for_product:190 - Verified Source Attribution | Product: ca13e448cd71 | File: ca13e448cd71_003.jpg | Source: blinkit | URL: https://cdn.grofers.com/cdn-cgi/image/f=auto,fit=scale-down,q=70,metadata=none,w=270/da/cms-assets/cms/product/dc44e5b4-a658-435d-b630-036afe9c557c.png
2026-06-05 17:26:29.176 | INFO     | __main__:process_urls_for_product:190 - Verified Source Attribution | Product: ca13e448cd71 | File: ca13e448cd71_004.jpg | Source: blinkit | URL: https://cdn.grofers.com/cdn-cgi/image/f=auto,fit=scale-down,q=70,metadata=none,w=270/da/cms-assets/cms/product/63f14e10-ecae-4ecc-9d17-c2ba9555525d.png
2026-06-05 17:26:29.446 | INFO     | __main__:process_urls_for_product:190 - Verified Source Attribution | Product: ca13e448cd71 | File: ca13e448cd71_005.jpg | Source: blinkit | URL: https://cdn.grofers.com/cdn-cgi/image/f=auto,fit=scale-down,q=70,metadata=none,w=270/da/cms-assets/cms/product/7e9f3c8e-fc80-4eed-bf73-b66e930dd87f.png
2026-06-05 17:26:29.686 | INFO     | __main__:process_urls_for_product:190 - Verified Source Attribution | Product: ca13e448cd71 | File: ca13e448cd71_006.jpg | Source: blinkit | URL: https://cdn.grofers.com/cdn-cgi/image/f=auto,fit=scale-down,q=70,metadata=none,w=270/da/cms-assets/cms/product/fa059fae-54cb-4c80-b6ce-2668ce76e971.png
2026-06-05 17:26:29.927 | INFO     | __main__:process_urls_for_product:190 - Verified Source Attribution | Product: ca13e448cd71 | File: ca13e448cd71_007.jpg | Source: blinkit | URL: https://cdn.grofers.com/cdn-cgi/image/f=auto,fit=scale-down,q=70,metadata=none,w=270/da/cms-assets/cms/product/0ad77dc4-b90e-4e66-93a0-d3d9165368fd.png
2026-06-05 17:26:30.171 | INFO     | __main__:process_urls_for_product:190 - Verified Source Attribution | Product: ca13e448cd71 | File: ca13e448cd71_008.jpg | Source: blinkit | URL: https://cdn.grofers.com/cdn-cgi/image/f=auto,fit=scale-down,q=70,metadata=none,w=270/da/cms-assets/cms/product/19c943a7-36e2-4a0f-93cc-0970507586ed.png
2026-06-05 17:26:30.400 | INFO     | __main__:process_urls_for_product:190 - Verified Source Attribution | Product: ca13e448cd71 | File: ca13e448cd71_009.jpg | Source: blinkit | URL: https://cdn.grofers.com/cdn-cgi/image/f=auto,fit=scale-down,q=70,metadata=none,w=270/da/cms-assets/cms/product/49935ca2-f5d4-4edc-998e-8daeece79a46.png
2026-06-05 17:26:30.758 | INFO     | __main__:process_urls_for_product:190 - Verified Source Attribution | Product: ca13e448cd71 | File: ca13e448cd71_010.jpg | Source: blinkit | URL: https://cdn.grofers.com/cdn-cgi/image/f=auto,fit=scale-down,q=70,metadata=none,w=270/da/cms-assets/cms/product/8adb6f40-7992-4a59-bc50-d889a75f45cd.png
2026-06-05 17:26:31.000 | INFO     | __main__:process_urls_for_product:190 - Verified Source Attribution | Product: ca13e448cd71 | File: ca13e448cd71_011.jpg | Source: blinkit | URL: https://cdn.grofers.com/cdn-cgi/image/f=auto,fit=scale-down,q=70,metadata=none,w=270/da/cms-assets/cms/product/5c408dcf-97ca-4ae3-a30b-e8c4d0fb2a82.png
2026-06-05 17:26:31.315 | INFO     | __main__:process_urls_for_product:190 - Verified Source Attribution | Product: ca13e448cd71 | File: ca13e448cd71_012.jpg | Source: blinkit | URL: https://cdn.grofers.com/cdn-cgi/image/f=auto,fit=scale-down,q=70,metadata=none,w=270/da/cms-assets/cms/product/f4713208-3642-42d6-887d-f01dba17a6d4.png
2026-06-05 17:26:31.616 | INFO     | __main__:process_urls_for_product:190 - Verified Source Attribution | Product: ca13e448cd71 | File: ca13e448cd71_013.jpg | Source: blinkit | URL: https://cdn.grofers.com/cdn-cgi/image/f=auto,fit=scale-down,q=70,metadata=none,w=270/da/cms-assets/cms/product/53f57f66-2347-434f-87ef-828777e4c58a.png
2026-06-05 17:27:27.634 | INFO     | __main__:download_product_images:223 - Product d4909d6bd5df has 0 images (min 10). Using Playwright fallback.
2026-06-05 17:27:31.310 | INFO     | nure.playwright_sources:collect_playwright_images:99 - Playwright blinkit 'Ashoka Ashoka Chana Dal Tikki': 15 URLs
2026-06-05 17:27:34.797 | DEBUG    | nure.playwright_sources:collect_playwright_images:95 - Playwright timeout for bigbasket on Ashoka Ashoka Chana Dal Tikki
2026-06-05 17:27:34.798 | INFO     | nure.playwright_sources:collect_playwright_images:99 - Playwright bigbasket 'Ashoka Ashoka Chana Dal Tikki': 0 URLs
2026-06-05 17:27:37.038 | INFO     | nure.playwright_sources:collect_playwright_images:99 - Playwright jiomart 'Ashoka Ashoka Chana Dal Tikki': 1 URLs
2026-06-05 17:27:39.675 | INFO     | nure.playwright_sources:collect_playwright_images:99 - Playwright flipkart 'Ashoka Ashoka Chana Dal Tikki ': 0 URLs
2026-06-05 17:27:39.892 | INFO     | __main__:process_urls_for_product:190 - Verified Source Attribution | Product: d4909d6bd5df | File: d4909d6bd5df_000.jpg | Source: blinkit | URL: https://cdn.grofers.com/cdn-cgi/image/f=auto,fit=scale-down,q=70,metadata=none,w=270/da/cms-assets/cms/product/rc-upload-1778664014838-326.png
2026-06-05 17:27:40.198 | INFO     | __main__:process_urls_for_product:190 - Verified Source Attribution | Product: d4909d6bd5df | File: d4909d6bd5df_001.jpg | Source: blinkit | URL: https://cdn.grofers.com/cdn-cgi/image/f=auto,fit=scale-down,q=70,metadata=none,w=270/da/cms-assets/cms/product/9dc0163b-9ef4-4329-a93f-11ee31d7372d.png
2026-06-05 17:27:40.440 | INFO     | __main__:process_urls_for_product:190 - Verified Source Attribution | Product: d4909d6bd5df | File: d4909d6bd5df_002.jpg | Source: blinkit | URL: https://cdn.grofers.com/cdn-cgi/image/f=auto,fit=scale-down,q=70,metadata=none,w=270/da/cms-assets/cms/product/rc-upload-1772099592287-27.png
2026-06-05 17:27:40.688 | INFO     | __main__:process_urls_for_product:190 - Verified Source Attribution | Product: d4909d6bd5df | File: d4909d6bd5df_003.jpg | Source: blinkit | URL: https://cdn.grofers.com/cdn-cgi/image/f=auto,fit=scale-down,q=70,metadata=none,w=270/da/cms-assets/cms/product/72b6d382-30b8-4aff-984d-9b4a4b6252e4.png
2026-06-05 17:27:40.913 | INFO     | __main__:process_urls_for_product:190 - Verified Source Attribution | Product: d4909d6bd5df | File: d4909d6bd5df_004.jpg | Source: blinkit | URL: https://cdn.grofers.com/cdn-cgi/image/f=auto,fit=scale-down,q=70,metadata=none,w=270/da/cms-assets/cms/product/ece92beb-c310-4ef0-8b4a-c8006ed8d842.png
2026-06-05 17:27:41.138 | INFO     | __main__:process_urls_for_product:190 - Verified Source Attribution | Product: d4909d6bd5df | File: d4909d6bd5df_005.jpg | Source: blinkit | URL: https://cdn.grofers.com/cdn-cgi/image/f=auto,fit=scale-down,q=70,metadata=none,w=270/da/cms-assets/cms/product/a6934b7d-e252-4ea2-9ba2-15be04fbb5e0.png
2026-06-05 17:27:41.363 | INFO     | __main__:process_urls_for_product:190 - Verified Source Attribution | Product: d4909d6bd5df | File: d4909d6bd5df_006.jpg | Source: blinkit | URL: https://cdn.grofers.com/cdn-cgi/image/f=auto,fit=scale-down,q=70,metadata=none,w=270/da/cms-assets/cms/product/b6630cb4-c3fd-48cf-b5b4-1b304e3dc704.png
2026-06-05 17:27:41.596 | INFO     | __main__:process_urls_for_product:190 - Verified Source Attribution | Product: d4909d6bd5df | File: d4909d6bd5df_007.jpg | Source: blinkit | URL: https://cdn.grofers.com/cdn-cgi/image/f=auto,fit=scale-down,q=70,metadata=none,w=270/da/cms-assets/cms/product/40544cfe-4edf-40af-842b-4dd4bc243397.png
2026-06-05 17:27:41.836 | INFO     | __main__:process_urls_for_product:190 - Verified Source Attribution | Product: d4909d6bd5df | File: d4909d6bd5df_008.jpg | Source: blinkit | URL: https://cdn.grofers.com/cdn-cgi/image/f=auto,fit=scale-down,q=70,metadata=none,w=270/da/cms-assets/cms/product/rc-upload-1771413021767-25.png
2026-06-05 17:27:42.082 | INFO     | __main__:process_urls_for_product:190 - Verified Source Attribution | Product: d4909d6bd5df | File: d4909d6bd5df_009.jpg | Source: blinkit | URL: https://cdn.grofers.com/cdn-cgi/image/f=auto,fit=scale-down,q=70,metadata=none,w=270/da/cms-assets/cms/product/rc-upload-1773823433687-49.png
2026-06-05 17:27:42.317 | INFO     | __main__:process_urls_for_product:190 - Verified Source Attribution | Product: d4909d6bd5df | File: d4909d6bd5df_010.jpg | Source: blinkit | URL: https://cdn.grofers.com/cdn-cgi/image/f=auto,fit=scale-down,q=70,metadata=none,w=270/da/cms-assets/cms/product/c68d7bea-95db-4eec-b8e4-3a887b57b5c6.png
2026-06-05 17:27:42.552 | INFO     | __main__:process_urls_for_product:190 - Verified Source Attribution | Product: d4909d6bd5df | File: d4909d6bd5df_011.jpg | Source: blinkit | URL: https://cdn.grofers.com/cdn-cgi/image/f=auto,fit=scale-down,q=70,metadata=none,w=270/da/cms-assets/cms/product/rc-upload-1778655936306-730.png
2026-06-05 17:27:42.823 | INFO     | __main__:process_urls_for_product:190 - Verified Source Attribution | Product: d4909d6bd5df | File: d4909d6bd5df_012.jpg | Source: blinkit | URL: https://cdn.grofers.com/cdn-cgi/image/f=auto,fit=scale-down,q=70,metadata=none,w=270/da/cms-assets/cms/product/4701abb5-092f-4b33-8775-a8234d3547f9.png
2026-06-05 17:27:43.059 | INFO     | __main__:process_urls_for_product:190 - Verified Source Attribution | Product: d4909d6bd5df | File: d4909d6bd5df_013.jpg | Source: blinkit | URL: https://cdn.grofers.com/cdn-cgi/image/f=auto,fit=scale-down,q=70,metadata=none,w=270/da/cms-assets/cms/product/9ccc8b60-0a5c-4956-af7f-798cf1d4f585.png
2026-06-05 17:28:39.065 | INFO     | __main__:download_product_images:223 - Product e4876853a2c6 has 0 images (min 10). Using Playwright fallback.
2026-06-05 17:28:42.629 | INFO     | nure.playwright_sources:collect_playwright_images:99 - Playwright blinkit 'Laxmi Chana Dal': 15 URLs
2026-06-05 17:28:45.973 | DEBUG    | nure.playwright_sources:collect_playwright_images:95 - Playwright timeout for bigbasket on Laxmi Chana Dal
2026-06-05 17:28:45.973 | INFO     | nure.playwright_sources:collect_playwright_images:99 - Playwright bigbasket 'Laxmi Chana Dal': 0 URLs
2026-06-05 17:28:48.248 | INFO     | nure.playwright_sources:collect_playwright_images:99 - Playwright jiomart 'Laxmi Chana Dal': 1 URLs
2026-06-05 17:28:50.932 | INFO     | nure.playwright_sources:collect_playwright_images:99 - Playwright flipkart 'Laxmi Chana Dal': 0 URLs
2026-06-05 17:28:51.130 | INFO     | __main__:process_urls_for_product:190 - Verified Source Attribution | Product: e4876853a2c6 | File: e4876853a2c6_000.jpg | Source: blinkit | URL: https://cdn.grofers.com/cdn-cgi/image/f=auto,fit=scale-down,q=70,metadata=none,w=270/da/cms-assets/cms/product/72b6d382-30b8-4aff-984d-9b4a4b6252e4.png
2026-06-05 17:28:51.411 | INFO     | __main__:process_urls_for_product:190 - Verified Source Attribution | Product: e4876853a2c6 | File: e4876853a2c6_001.jpg | Source: blinkit | URL: https://cdn.grofers.com/cdn-cgi/image/f=auto,fit=scale-down,q=70,metadata=none,w=270/da/cms-assets/cms/product/9ccc8b60-0a5c-4956-af7f-798cf1d4f585.png
2026-06-05 17:28:51.656 | INFO     | __main__:process_urls_for_product:190 - Verified Source Attribution | Product: e4876853a2c6 | File: e4876853a2c6_002.jpg | Source: blinkit | URL: https://cdn.grofers.com/cdn-cgi/image/f=auto,fit=scale-down,q=70,metadata=none,w=270/da/cms-assets/cms/product/cc621f07-2aa2-407e-b764-06dc2e6c979b.png
2026-06-05 17:28:51.890 | INFO     | __main__:process_urls_for_product:190 - Verified Source Attribution | Product: e4876853a2c6 | File: e4876853a2c6_003.jpg | Source: blinkit | URL: https://cdn.grofers.com/cdn-cgi/image/f=auto,fit=scale-down,q=70,metadata=none,w=270/da/cms-assets/cms/product/f97ab23a-b1fa-41f1-be54-14e8323a04ae.png
2026-06-05 17:28:52.120 | INFO     | __main__:process_urls_for_product:190 - Verified Source Attribution | Product: e4876853a2c6 | File: e4876853a2c6_004.jpg | Source: blinkit | URL: https://cdn.grofers.com/cdn-cgi/image/f=auto,fit=scale-down,q=70,metadata=none,w=270/da/cms-assets/cms/product/89c73c28-0ab5-4f86-a0d3-1a0e34724a81.png
2026-06-05 17:28:52.354 | INFO     | __main__:process_urls_for_product:190 - Verified Source Attribution | Product: e4876853a2c6 | File: e4876853a2c6_005.jpg | Source: blinkit | URL: https://cdn.grofers.com/cdn-cgi/image/f=auto,fit=scale-down,q=70,metadata=none,w=270/da/cms-assets/cms/product/1633253e-8ca3-47c7-88a6-b3358bc2bc61.png
2026-06-05 17:28:52.586 | INFO     | __main__:process_urls_for_product:190 - Verified Source Attribution | Product: e4876853a2c6 | File: e4876853a2c6_006.jpg | Source: blinkit | URL: https://cdn.grofers.com/cdn-cgi/image/f=auto,fit=scale-down,q=70,metadata=none,w=270/da/cms-assets/cms/product/ece92beb-c310-4ef0-8b4a-c8006ed8d842.png
2026-06-05 17:28:52.825 | INFO     | __main__:process_urls_for_product:190 - Verified Source Attribution | Product: e4876853a2c6 | File: e4876853a2c6_007.jpg | Source: blinkit | URL: https://cdn.grofers.com/cdn-cgi/image/f=auto,fit=scale-down,q=70,metadata=none,w=270/da/cms-assets/cms/product/rc-upload-1776170193370-410.png
2026-06-05 17:28:53.069 | INFO     | __main__:process_urls_for_product:190 - Verified Source Attribution | Product: e4876853a2c6 | File: e4876853a2c6_008.jpg | Source: blinkit | URL: https://cdn.grofers.com/cdn-cgi/image/f=auto,fit=scale-down,q=70,metadata=none,w=270/da/cms-assets/cms/product/8f0c5b36-ed5f-4d14-aa4f-538d1798cd81.png
2026-06-05 17:28:53.310 | INFO     | __main__:process_urls_for_product:190 - Verified Source Attribution | Product: e4876853a2c6 | File: e4876853a2c6_009.jpg | Source: blinkit | URL: https://cdn.grofers.com/cdn-cgi/image/f=auto,fit=scale-down,q=70,metadata=none,w=270/da/cms-assets/cms/product/4c138c46-341f-446d-afc2-a2d6f517eefe.png
2026-06-05 17:28:53.560 | INFO     | __main__:process_urls_for_product:190 - Verified Source Attribution | Product: e4876853a2c6 | File: e4876853a2c6_010.jpg | Source: blinkit | URL: https://cdn.grofers.com/cdn-cgi/image/f=auto,fit=scale-down,q=70,metadata=none,w=270/da/cms-assets/cms/product/b555378c-1582-4893-b233-43c54f269334.png
2026-06-05 17:28:53.814 | INFO     | __main__:process_urls_for_product:190 - Verified Source Attribution | Product: e4876853a2c6 | File: e4876853a2c6_011.jpg | Source: blinkit | URL: https://cdn.grofers.com/cdn-cgi/image/f=auto,fit=scale-down,q=70,metadata=none,w=270/da/cms-assets/cms/product/6b6aebe3-c079-44af-8124-3da152d1a2dd.png
2026-06-05 17:28:54.066 | INFO     | __main__:process_urls_for_product:190 - Verified Source Attribution | Product: e4876853a2c6 | File: e4876853a2c6_012.jpg | Source: blinkit | URL: https://cdn.grofers.com/cdn-cgi/image/f=auto,fit=scale-down,q=70,metadata=none,w=270/da/cms-assets/cms/product/24bd3e0b-939f-48a9-a5bb-15e7f2009697.png
2026-06-05 17:31:34.444 | INFO     | __main__:download_product_images:223 - Product e629089214e5 has 0 images (min 10). Using Playwright fallback.
2026-06-05 17:31:37.796 | INFO     | nure.playwright_sources:collect_playwright_images:99 - Playwright blinkit 'Hero Salade de Chana Dal': 15 URLs
2026-06-05 17:31:41.157 | DEBUG    | nure.playwright_sources:collect_playwright_images:95 - Playwright timeout for bigbasket on Hero Salade de Chana Dal
2026-06-05 17:31:41.157 | INFO     | nure.playwright_sources:collect_playwright_images:99 - Playwright bigbasket 'Hero Salade de Chana Dal': 0 URLs
2026-06-05 17:31:46.182 | DEBUG    | nure.playwright_sources:collect_playwright_images:95 - Playwright timeout for jiomart on Hero Salade de Chana Dal
2026-06-05 17:31:46.183 | INFO     | nure.playwright_sources:collect_playwright_images:99 - Playwright jiomart 'Hero Salade de Chana Dal': 0 URLs
2026-06-05 17:31:48.729 | INFO     | nure.playwright_sources:collect_playwright_images:99 - Playwright flipkart 'Hero Salade de Chana Dal 220 g': 0 URLs
2026-06-05 17:31:48.865 | INFO     | __main__:process_urls_for_product:190 - Verified Source Attribution | Product: e629089214e5 | File: e629089214e5_000.jpg | Source: blinkit | URL: https://cdn.grofers.com/cdn-cgi/image/f=auto,fit=scale-down,q=70,metadata=none,w=270/da/cms-assets/cms/product/58b3bb48-cfea-4f6c-85b4-9e3de35adcee.png
2026-06-05 17:31:49.147 | INFO     | __main__:process_urls_for_product:190 - Verified Source Attribution | Product: e629089214e5 | File: e629089214e5_001.jpg | Source: blinkit | URL: https://cdn.grofers.com/cdn-cgi/image/f=auto,fit=scale-down,q=70,metadata=none,w=270/da/cms-assets/cms/product/bfbb365d-9ad0-42a9-821e-0c0606d5f2d3.png
2026-06-05 17:31:49.373 | INFO     | __main__:process_urls_for_product:190 - Verified Source Attribution | Product: e629089214e5 | File: e629089214e5_002.jpg | Source: blinkit | URL: https://cdn.grofers.com/cdn-cgi/image/f=auto,fit=scale-down,q=70,metadata=none,w=270/da/cms-assets/cms/product/72b6d382-30b8-4aff-984d-9b4a4b6252e4.png
2026-06-05 17:31:49.614 | INFO     | __main__:process_urls_for_product:190 - Verified Source Attribution | Product: e629089214e5 | File: e629089214e5_003.jpg | Source: blinkit | URL: https://cdn.grofers.com/cdn-cgi/image/f=auto,fit=scale-down,q=70,metadata=none,w=270/da/cms-assets/cms/product/cc621f07-2aa2-407e-b764-06dc2e6c979b.png
2026-06-05 17:31:49.860 | INFO     | __main__:process_urls_for_product:190 - Verified Source Attribution | Product: e629089214e5 | File: e629089214e5_004.jpg | Source: blinkit | URL: https://cdn.grofers.com/cdn-cgi/image/f=auto,fit=scale-down,q=70,metadata=none,w=270/da/cms-assets/cms/product/ece92beb-c310-4ef0-8b4a-c8006ed8d842.png
2026-06-05 17:31:50.097 | INFO     | __main__:process_urls_for_product:190 - Verified Source Attribution | Product: e629089214e5 | File: e629089214e5_005.jpg | Source: blinkit | URL: https://cdn.grofers.com/cdn-cgi/image/f=auto,fit=scale-down,q=70,metadata=none,w=270/da/cms-assets/cms/product/89c73c28-0ab5-4f86-a0d3-1a0e34724a81.png
2026-06-05 17:31:50.353 | INFO     | __main__:process_urls_for_product:190 - Verified Source Attribution | Product: e629089214e5 | File: e629089214e5_006.jpg | Source: blinkit | URL: https://cdn.grofers.com/cdn-cgi/image/f=auto,fit=scale-down,q=70,metadata=none,w=270/da/cms-assets/cms/product/baa1d309-8797-4882-a7e9-d1d479d221b8.png
2026-06-05 17:31:50.600 | INFO     | __main__:process_urls_for_product:190 - Verified Source Attribution | Product: e629089214e5 | File: e629089214e5_007.jpg | Source: blinkit | URL: https://cdn.grofers.com/cdn-cgi/image/f=auto,fit=scale-down,q=70,metadata=none,w=270/da/cms-assets/cms/product/0d7be3e9-be3e-4fa3-8507-0c6d1dd7f31f.png
2026-06-05 17:31:50.844 | INFO     | __main__:process_urls_for_product:190 - Verified Source Attribution | Product: e629089214e5 | File: e629089214e5_008.jpg | Source: blinkit | URL: https://cdn.grofers.com/cdn-cgi/image/f=auto,fit=scale-down,q=70,metadata=none,w=270/da/cms-assets/cms/product/82f88731-9539-4333-b24d-169dc12ead21.png
2026-06-05 17:31:51.118 | INFO     | __main__:process_urls_for_product:190 - Verified Source Attribution | Product: e629089214e5 | File: e629089214e5_009.jpg | Source: blinkit | URL: https://cdn.grofers.com/cdn-cgi/image/f=auto,fit=scale-down,q=70,metadata=none,w=270/da/cms-assets/cms/product/fc21c27d-f16e-4e17-adf5-81e2a94c18d7.png
2026-06-05 17:31:51.347 | INFO     | __main__:process_urls_for_product:190 - Verified Source Attribution | Product: e629089214e5 | File: e629089214e5_010.jpg | Source: blinkit | URL: https://cdn.grofers.com/cdn-cgi/image/f=auto,fit=scale-down,q=70,metadata=none,w=270/da/cms-assets/cms/product/6b6aebe3-c079-44af-8124-3da152d1a2dd.png
2026-06-05 17:31:51.585 | INFO     | __main__:process_urls_for_product:190 - Verified Source Attribution | Product: e629089214e5 | File: e629089214e5_011.jpg | Source: blinkit | URL: https://cdn.grofers.com/cdn-cgi/image/f=auto,fit=scale-down,q=70,metadata=none,w=270/da/cms-assets/cms/product/rc-upload-1776170193370-410.png
2026-06-05 17:31:51.832 | INFO     | __main__:process_urls_for_product:190 - Verified Source Attribution | Product: e629089214e5 | File: e629089214e5_012.jpg | Source: blinkit | URL: https://cdn.grofers.com/cdn-cgi/image/f=auto,fit=scale-down,q=70,metadata=none,w=270/da/cms-assets/cms/product/f97ab23a-b1fa-41f1-be54-14e8323a04ae.png
2026-06-05 17:31:52.070 | INFO     | __main__:process_urls_for_product:190 - Verified Source Attribution | Product: e629089214e5 | File: e629089214e5_013.jpg | Source: blinkit | URL: https://cdn.grofers.com/cdn-cgi/image/f=auto,fit=scale-down,q=70,metadata=none,w=270/da/cms-assets/cms/product/rc-upload-1771342312390-24.png
2026-06-05 17:33:31.421 | INFO     | __main__:download_product_images:223 - Product 7268ff5a15a8 has 0 images (min 10). Using Playwright fallback.
2026-06-05 17:33:34.725 | INFO     | nure.playwright_sources:collect_playwright_images:99 - Playwright blinkit 'Heera chana dal': 15 URLs
2026-06-05 17:33:38.102 | DEBUG    | nure.playwright_sources:collect_playwright_images:95 - Playwright timeout for bigbasket on Heera chana dal
2026-06-05 17:33:38.102 | INFO     | nure.playwright_sources:collect_playwright_images:99 - Playwright bigbasket 'Heera chana dal': 0 URLs
2026-06-05 17:33:40.914 | INFO     | nure.playwright_sources:collect_playwright_images:99 - Playwright jiomart 'Heera chana dal': 1 URLs
2026-06-05 17:33:43.491 | INFO     | nure.playwright_sources:collect_playwright_images:99 - Playwright flipkart 'Heera chana dal 200g': 0 URLs
2026-06-05 17:33:43.624 | INFO     | __main__:process_urls_for_product:190 - Verified Source Attribution | Product: 7268ff5a15a8 | File: 7268ff5a15a8_000.jpg | Source: blinkit | URL: https://cdn.grofers.com/cdn-cgi/image/f=auto,fit=scale-down,q=70,metadata=none,w=270/da/cms-assets/cms/product/72b6d382-30b8-4aff-984d-9b4a4b6252e4.png
2026-06-05 17:33:43.907 | INFO     | __main__:process_urls_for_product:190 - Verified Source Attribution | Product: 7268ff5a15a8 | File: 7268ff5a15a8_001.jpg | Source: blinkit | URL: https://cdn.grofers.com/cdn-cgi/image/f=auto,fit=scale-down,q=70,metadata=none,w=270/da/cms-assets/cms/product/ece92beb-c310-4ef0-8b4a-c8006ed8d842.png
2026-06-05 17:33:44.136 | INFO     | __main__:process_urls_for_product:190 - Verified Source Attribution | Product: 7268ff5a15a8 | File: 7268ff5a15a8_002.jpg | Source: blinkit | URL: https://cdn.grofers.com/cdn-cgi/image/f=auto,fit=scale-down,q=70,metadata=none,w=270/da/cms-assets/cms/product/9ccc8b60-0a5c-4956-af7f-798cf1d4f585.png
2026-06-05 17:33:44.367 | INFO     | __main__:process_urls_for_product:190 - Verified Source Attribution | Product: 7268ff5a15a8 | File: 7268ff5a15a8_003.jpg | Source: blinkit | URL: https://cdn.grofers.com/cdn-cgi/image/f=auto,fit=scale-down,q=70,metadata=none,w=270/da/cms-assets/cms/product/89c73c28-0ab5-4f86-a0d3-1a0e34724a81.png
2026-06-05 17:33:44.604 | INFO     | __main__:process_urls_for_product:190 - Verified Source Attribution | Product: 7268ff5a15a8 | File: 7268ff5a15a8_004.jpg | Source: blinkit | URL: https://cdn.grofers.com/cdn-cgi/image/f=auto,fit=scale-down,q=70,metadata=none,w=270/da/cms-assets/cms/product/f97ab23a-b1fa-41f1-be54-14e8323a04ae.png
2026-06-05 17:33:44.835 | INFO     | __main__:process_urls_for_product:190 - Verified Source Attribution | Product: 7268ff5a15a8 | File: 7268ff5a15a8_005.jpg | Source: blinkit | URL: https://cdn.grofers.com/cdn-cgi/image/f=auto,fit=scale-down,q=70,metadata=none,w=270/da/cms-assets/cms/product/cc621f07-2aa2-407e-b764-06dc2e6c979b.png
2026-06-05 17:33:45.077 | INFO     | __main__:process_urls_for_product:190 - Verified Source Attribution | Product: 7268ff5a15a8 | File: 7268ff5a15a8_006.jpg | Source: blinkit | URL: https://cdn.grofers.com/cdn-cgi/image/f=auto,fit=scale-down,q=70,metadata=none,w=270/da/cms-assets/cms/product/58b3bb48-cfea-4f6c-85b4-9e3de35adcee.png
2026-06-05 17:33:45.325 | INFO     | __main__:process_urls_for_product:190 - Verified Source Attribution | Product: 7268ff5a15a8 | File: 7268ff5a15a8_007.jpg | Source: blinkit | URL: https://cdn.grofers.com/cdn-cgi/image/f=auto,fit=scale-down,q=70,metadata=none,w=270/da/cms-assets/cms/product/82f88731-9539-4333-b24d-169dc12ead21.png
2026-06-05 17:33:45.578 | INFO     | __main__:process_urls_for_product:190 - Verified Source Attribution | Product: 7268ff5a15a8 | File: 7268ff5a15a8_008.jpg | Source: blinkit | URL: https://cdn.grofers.com/cdn-cgi/image/f=auto,fit=scale-down,q=70,metadata=none,w=270/da/cms-assets/cms/product/rc-upload-1776170193370-410.png
2026-06-05 17:33:45.820 | INFO     | __main__:process_urls_for_product:190 - Verified Source Attribution | Product: 7268ff5a15a8 | File: 7268ff5a15a8_009.jpg | Source: blinkit | URL: https://cdn.grofers.com/cdn-cgi/image/f=auto,fit=scale-down,q=70,metadata=none,w=270/da/cms-assets/cms/product/6b6aebe3-c079-44af-8124-3da152d1a2dd.png
2026-06-05 17:33:46.060 | INFO     | __main__:process_urls_for_product:190 - Verified Source Attribution | Product: 7268ff5a15a8 | File: 7268ff5a15a8_010.jpg | Source: blinkit | URL: https://cdn.grofers.com/cdn-cgi/image/f=auto,fit=scale-down,q=70,metadata=none,w=270/da/cms-assets/cms/product/484c2557-7300-4cc6-9816-a615bfc9b1a5.png
2026-06-05 17:33:46.313 | INFO     | __main__:process_urls_for_product:190 - Verified Source Attribution | Product: 7268ff5a15a8 | File: 7268ff5a15a8_011.jpg | Source: blinkit | URL: https://cdn.grofers.com/cdn-cgi/image/f=auto,fit=scale-down,q=70,metadata=none,w=270/da/cms-assets/cms/product/b555378c-1582-4893-b233-43c54f269334.png
2026-06-05 17:33:46.559 | INFO     | __main__:process_urls_for_product:190 - Verified Source Attribution | Product: 7268ff5a15a8 | File: 7268ff5a15a8_012.jpg | Source: blinkit | URL: https://cdn.grofers.com/cdn-cgi/image/f=auto,fit=scale-down,q=70,metadata=none,w=270/da/cms-assets/cms/product/rc-upload-1771342312390-24.png
2026-06-05 17:33:46.807 | INFO     | __main__:process_urls_for_product:190 - Verified Source Attribution | Product: 7268ff5a15a8 | File: 7268ff5a15a8_013.jpg | Source: blinkit | URL: https://cdn.grofers.com/cdn-cgi/image/f=auto,fit=scale-down,q=70,metadata=none,w=270/da/cms-assets/cms/product/1633253e-8ca3-47c7-88a6-b3358bc2bc61.png
2026-06-05 17:33:49.443 | INFO     | nure.image_sources:collect_amazon_images:178 - Amazon 'Ammaas Roasted Chana Dal': 2 URLs
2026-06-05 17:33:51.136 | INFO     | nure.image_sources:collect_bing_images:149 - Bing 'Ammaas Roasted Chana Dal': 0 URLs
2026-06-05 17:34:27.856 | INFO     | __main__:process_urls_for_product:190 - Verified Source Attribution | Product: f3b94f06dcc2 | File: f3b94f06dcc2_000.jpg | Source: amazon | URL: https://m.media-amazon.com/images/I/31Ip4aURUpL.png
2026-06-05 17:34:28.638 | INFO     | __main__:process_urls_for_product:190 - Verified Source Attribution | Product: f3b94f06dcc2 | File: f3b94f06dcc2_001.jpg | Source: amazon | URL: https://m.media-amazon.com/images/I/71w7s6kupvL.jpg
2026-06-05 17:34:28.791 | INFO     | __main__:download_product_images:223 - Product f3b94f06dcc2 has 2 images (min 10). Using Playwright fallback.
2026-06-05 17:34:32.319 | INFO     | nure.playwright_sources:collect_playwright_images:99 - Playwright blinkit 'Ammaas Roasted Chana Dal': 15 URLs
2026-06-05 17:34:35.710 | DEBUG    | nure.playwright_sources:collect_playwright_images:95 - Playwright timeout for bigbasket on Ammaas Roasted Chana Dal
2026-06-05 17:34:35.711 | INFO     | nure.playwright_sources:collect_playwright_images:99 - Playwright bigbasket 'Ammaas Roasted Chana Dal': 0 URLs
2026-06-05 17:34:38.058 | INFO     | nure.playwright_sources:collect_playwright_images:99 - Playwright jiomart 'Ammaas Roasted Chana Dal': 1 URLs
2026-06-05 17:34:40.801 | INFO     | nure.playwright_sources:collect_playwright_images:99 - Playwright flipkart 'Ammaas Roasted Chana Dal': 0 URLs
2026-06-05 17:34:40.982 | INFO     | __main__:process_urls_for_product:190 - Verified Source Attribution | Product: f3b94f06dcc2 | File: f3b94f06dcc2_002.jpg | Source: blinkit | URL: https://cdn.grofers.com/cdn-cgi/image/f=auto,fit=scale-down,q=70,metadata=none,w=270/da/cms-assets/cms/product/ece92beb-c310-4ef0-8b4a-c8006ed8d842.png
2026-06-05 17:34:41.347 | INFO     | __main__:process_urls_for_product:190 - Verified Source Attribution | Product: f3b94f06dcc2 | File: f3b94f06dcc2_003.jpg | Source: blinkit | URL: https://cdn.grofers.com/cdn-cgi/image/f=auto,fit=scale-down,q=70,metadata=none,w=270/da/cms-assets/cms/product/58b3bb48-cfea-4f6c-85b4-9e3de35adcee.png
2026-06-05 17:34:41.597 | INFO     | __main__:process_urls_for_product:190 - Verified Source Attribution | Product: f3b94f06dcc2 | File: f3b94f06dcc2_004.jpg | Source: blinkit | URL: https://cdn.grofers.com/cdn-cgi/image/f=auto,fit=scale-down,q=70,metadata=none,w=270/da/cms-assets/cms/product/baa1d309-8797-4882-a7e9-d1d479d221b8.png
2026-06-05 17:34:41.862 | INFO     | __main__:process_urls_for_product:190 - Verified Source Attribution | Product: f3b94f06dcc2 | File: f3b94f06dcc2_005.jpg | Source: blinkit | URL: https://cdn.grofers.com/cdn-cgi/image/f=auto,fit=scale-down,q=70,metadata=none,w=270/da/cms-assets/cms/product/rc-upload-1775625358577-339.png
2026-06-05 17:34:42.143 | INFO     | __main__:process_urls_for_product:190 - Verified Source Attribution | Product: f3b94f06dcc2 | File: f3b94f06dcc2_006.jpg | Source: blinkit | URL: https://cdn.grofers.com/cdn-cgi/image/f=auto,fit=scale-down,q=70,metadata=none,w=270/da/cms-assets/cms/product/45bda01a-235a-4fa4-84c0-5dfd6b5a11f2.png
2026-06-05 17:34:42.400 | INFO     | __main__:process_urls_for_product:190 - Verified Source Attribution | Product: f3b94f06dcc2 | File: f3b94f06dcc2_007.jpg | Source: blinkit | URL: https://cdn.grofers.com/cdn-cgi/image/f=auto,fit=scale-down,q=70,metadata=none,w=270/da/cms-assets/cms/product/fe7ad4ea-3619-4e8b-b378-14d81b3dcc0f.png
2026-06-05 17:34:42.677 | INFO     | __main__:process_urls_for_product:190 - Verified Source Attribution | Product: f3b94f06dcc2 | File: f3b94f06dcc2_008.jpg | Source: blinkit | URL: https://cdn.grofers.com/cdn-cgi/image/f=auto,fit=scale-down,q=70,metadata=none,w=270/da/cms-assets/cms/product/rc-upload-1779256334018-402.png
2026-06-05 17:34:42.945 | INFO     | __main__:process_urls_for_product:190 - Verified Source Attribution | Product: f3b94f06dcc2 | File: f3b94f06dcc2_009.jpg | Source: blinkit | URL: https://cdn.grofers.com/cdn-cgi/image/f=auto,fit=scale-down,q=70,metadata=none,w=270/da/cms-assets/cms/product/rc-upload-1776251241311-563.png
2026-06-05 17:34:43.255 | INFO     | __main__:process_urls_for_product:190 - Verified Source Attribution | Product: f3b94f06dcc2 | File: f3b94f06dcc2_010.jpg | Source: blinkit | URL: https://cdn.grofers.com/cdn-cgi/image/f=auto,fit=scale-down,q=70,metadata=none,w=270/da/cms-assets/cms/product/f736a140-a543-4719-b943-75895a9a5285.png
2026-06-05 17:34:43.562 | INFO     | __main__:process_urls_for_product:190 - Verified Source Attribution | Product: f3b94f06dcc2 | File: f3b94f06dcc2_011.jpg | Source: blinkit | URL: https://cdn.grofers.com/cdn-cgi/image/f=auto,fit=scale-down,q=70,metadata=none,w=270/da/cms-assets/cms/product/6f594328-bacf-4b58-ace0-6abb8d22dcc7.png
2026-06-05 17:34:44.012 | INFO     | __main__:process_urls_for_product:190 - Verified Source Attribution | Product: f3b94f06dcc2 | File: f3b94f06dcc2_012.jpg | Source: blinkit | URL: https://cdn.grofers.com/cdn-cgi/image/f=auto,fit=scale-down,q=70,metadata=none,w=270/da/cms-assets/cms/product/rc-upload-1771221584742-1107.png
2026-06-05 17:34:44.256 | INFO     | __main__:process_urls_for_product:190 - Verified Source Attribution | Product: f3b94f06dcc2 | File: f3b94f06dcc2_013.jpg | Source: blinkit | URL: https://cdn.grofers.com/cdn-cgi/image/f=auto,fit=scale-down,q=70,metadata=none,w=270/da/cms-assets/cms/product/141094a1-a4dd-4054-9ad5-1b7a03ccd0fa.png
2026-06-05 17:34:44.585 | INFO     | __main__:process_urls_for_product:190 - Verified Source Attribution | Product: f3b94f06dcc2 | File: f3b94f06dcc2_014.jpg | Source: blinkit | URL: https://cdn.grofers.com/cdn-cgi/image/f=auto,fit=scale-down,q=70,metadata=none,w=270/da/cms-assets/cms/product/34902a70-3bcc-4a0b-8d37-94768c10b85e.png
2026-06-05 17:34:47.959 | INFO     | nure.image_sources:collect_amazon_images:178 - Amazon 'Swad Chana dal Namkeen': 2 URLs
2026-06-05 17:34:49.932 | INFO     | nure.image_sources:collect_bing_images:149 - Bing 'Swad Chana dal Namkeen': 0 URLs
2026-06-05 17:35:26.719 | INFO     | __main__:process_urls_for_product:190 - Verified Source Attribution | Product: 4eb5f946c8a2 | File: 4eb5f946c8a2_000.jpg | Source: amazon | URL: https://m.media-amazon.com/images/I/31Ip4aURUpL.png
2026-06-05 17:35:27.875 | INFO     | __main__:process_urls_for_product:190 - Verified Source Attribution | Product: 4eb5f946c8a2 | File: 4eb5f946c8a2_001.jpg | Source: amazon | URL: https://m.media-amazon.com/images/I/81uml4LXj6L.jpg
2026-06-05 17:35:28.038 | INFO     | __main__:download_product_images:223 - Product 4eb5f946c8a2 has 2 images (min 10). Using Playwright fallback.
2026-06-05 17:35:31.702 | INFO     | nure.playwright_sources:collect_playwright_images:99 - Playwright blinkit 'Swad Chana dal Namkeen': 15 URLs
2026-06-05 17:35:35.169 | DEBUG    | nure.playwright_sources:collect_playwright_images:95 - Playwright timeout for bigbasket on Swad Chana dal Namkeen
2026-06-05 17:35:35.169 | INFO     | nure.playwright_sources:collect_playwright_images:99 - Playwright bigbasket 'Swad Chana dal Namkeen': 0 URLs
2026-06-05 17:35:37.949 | INFO     | nure.playwright_sources:collect_playwright_images:99 - Playwright jiomart 'Swad Chana dal Namkeen': 1 URLs
2026-06-05 17:35:40.406 | INFO     | nure.playwright_sources:collect_playwright_images:99 - Playwright flipkart 'Swad Chana dal Namkeen': 0 URLs
2026-06-05 17:35:40.529 | INFO     | __main__:process_urls_for_product:190 - Verified Source Attribution | Product: 4eb5f946c8a2 | File: 4eb5f946c8a2_002.jpg | Source: blinkit | URL: https://cdn.grofers.com/cdn-cgi/image/f=auto,fit=scale-down,q=70,metadata=none,w=270/da/cms-assets/cms/product/b6630cb4-c3fd-48cf-b5b4-1b304e3dc704.png
2026-06-05 17:35:40.801 | INFO     | __main__:process_urls_for_product:190 - Verified Source Attribution | Product: 4eb5f946c8a2 | File: 4eb5f946c8a2_003.jpg | Source: blinkit | URL: https://cdn.grofers.com/cdn-cgi/image/f=auto,fit=scale-down,q=70,metadata=none,w=270/da/cms-assets/cms/product/c68d7bea-95db-4eec-b8e4-3a887b57b5c6.png
2026-06-05 17:35:41.043 | INFO     | __main__:process_urls_for_product:190 - Verified Source Attribution | Product: 4eb5f946c8a2 | File: 4eb5f946c8a2_004.jpg | Source: blinkit | URL: https://cdn.grofers.com/cdn-cgi/image/f=auto,fit=scale-down,q=70,metadata=none,w=270/da/cms-assets/cms/product/6f594328-bacf-4b58-ace0-6abb8d22dcc7.png
2026-06-05 17:35:41.275 | INFO     | __main__:process_urls_for_product:190 - Verified Source Attribution | Product: 4eb5f946c8a2 | File: 4eb5f946c8a2_005.jpg | Source: blinkit | URL: https://cdn.grofers.com/cdn-cgi/image/f=auto,fit=scale-down,q=70,metadata=none,w=270/da/cms-assets/cms/product/d25f70f0-805a-47eb-8dba-8bb9d919429c.png
2026-06-05 17:35:41.508 | INFO     | __main__:process_urls_for_product:190 - Verified Source Attribution | Product: 4eb5f946c8a2 | File: 4eb5f946c8a2_006.jpg | Source: blinkit | URL: https://cdn.grofers.com/cdn-cgi/image/f=auto,fit=scale-down,q=70,metadata=none,w=270/da/cms-assets/cms/product/58b3bb48-cfea-4f6c-85b4-9e3de35adcee.png
2026-06-05 17:35:41.738 | INFO     | __main__:process_urls_for_product:190 - Verified Source Attribution | Product: 4eb5f946c8a2 | File: 4eb5f946c8a2_007.jpg | Source: blinkit | URL: https://cdn.grofers.com/cdn-cgi/image/f=auto,fit=scale-down,q=70,metadata=none,w=270/da/cms-assets/cms/product/ece92beb-c310-4ef0-8b4a-c8006ed8d842.png
2026-06-05 17:35:41.978 | INFO     | __main__:process_urls_for_product:190 - Verified Source Attribution | Product: 4eb5f946c8a2 | File: 4eb5f946c8a2_008.jpg | Source: blinkit | URL: https://cdn.grofers.com/cdn-cgi/image/f=auto,fit=scale-down,q=70,metadata=none,w=270/da/cms-assets/cms/product/rc-upload-1775625358577-339.png
2026-06-05 17:35:42.208 | INFO     | __main__:process_urls_for_product:190 - Verified Source Attribution | Product: 4eb5f946c8a2 | File: 4eb5f946c8a2_009.jpg | Source: blinkit | URL: https://cdn.grofers.com/cdn-cgi/image/f=auto,fit=scale-down,q=70,metadata=none,w=270/da/cms-assets/cms/product/rc-upload-1776251241311-563.png
2026-06-05 17:35:42.514 | INFO     | __main__:process_urls_for_product:190 - Verified Source Attribution | Product: 4eb5f946c8a2 | File: 4eb5f946c8a2_010.jpg | Source: blinkit | URL: https://cdn.grofers.com/cdn-cgi/image/f=auto,fit=scale-down,q=70,metadata=none,w=270/da/cms-assets/cms/product/45bda01a-235a-4fa4-84c0-5dfd6b5a11f2.png
2026-06-05 17:35:42.829 | INFO     | __main__:process_urls_for_product:190 - Verified Source Attribution | Product: 4eb5f946c8a2 | File: 4eb5f946c8a2_011.jpg | Source: blinkit | URL: https://cdn.grofers.com/cdn-cgi/image/f=auto,fit=scale-down,q=70,metadata=none,w=270/da/cms-assets/cms/product/rc-upload-1771221584742-1107.png
2026-06-05 17:35:43.072 | INFO     | __main__:process_urls_for_product:190 - Verified Source Attribution | Product: 4eb5f946c8a2 | File: 4eb5f946c8a2_012.jpg | Source: blinkit | URL: https://cdn.grofers.com/cdn-cgi/image/f=auto,fit=scale-down,q=70,metadata=none,w=270/da/cms-assets/cms/product/fe7ad4ea-3619-4e8b-b378-14d81b3dcc0f.png
2026-06-05 17:35:43.312 | INFO     | __main__:process_urls_for_product:190 - Verified Source Attribution | Product: 4eb5f946c8a2 | File: 4eb5f946c8a2_013.jpg | Source: blinkit | URL: https://cdn.grofers.com/cdn-cgi/image/f=auto,fit=scale-down,q=70,metadata=none,w=270/da/cms-assets/cms/product/f736a140-a543-4719-b943-75895a9a5285.png
2026-06-05 17:35:45.909 | INFO     | nure.image_sources:collect_amazon_images:178 - Amazon 'Stocked Chana Dal': 2 URLs
2026-06-05 17:35:47.665 | INFO     | nure.image_sources:collect_bing_images:149 - Bing 'Stocked Chana Dal': 0 URLs
2026-06-05 17:36:25.005 | INFO     | __main__:process_urls_for_product:190 - Verified Source Attribution | Product: f6b74dc80108 | File: f6b74dc80108_000.jpg | Source: amazon | URL: https://m.media-amazon.com/images/I/31Ip4aURUpL.png
2026-06-05 17:36:25.455 | INFO     | __main__:process_urls_for_product:190 - Verified Source Attribution | Product: f6b74dc80108 | File: f6b74dc80108_001.jpg | Source: amazon | URL: https://m.media-amazon.com/images/I/51G3mq4MinL.jpg
2026-06-05 17:36:25.605 | INFO     | __main__:download_product_images:223 - Product f6b74dc80108 has 2 images (min 10). Using Playwright fallback.
2026-06-05 17:36:29.678 | INFO     | nure.playwright_sources:collect_playwright_images:99 - Playwright blinkit 'Stocked Chana Dal': 15 URLs
2026-06-05 17:36:33.004 | DEBUG    | nure.playwright_sources:collect_playwright_images:95 - Playwright timeout for bigbasket on Stocked Chana Dal
2026-06-05 17:36:33.004 | INFO     | nure.playwright_sources:collect_playwright_images:99 - Playwright bigbasket 'Stocked Chana Dal': 0 URLs
2026-06-05 17:36:35.371 | INFO     | nure.playwright_sources:collect_playwright_images:99 - Playwright jiomart 'Stocked Chana Dal': 1 URLs
2026-06-05 17:36:37.998 | INFO     | nure.playwright_sources:collect_playwright_images:99 - Playwright flipkart 'Stocked Chana Dal': 0 URLs
2026-06-05 17:36:38.121 | INFO     | __main__:process_urls_for_product:190 - Verified Source Attribution | Product: f6b74dc80108 | File: f6b74dc80108_002.jpg | Source: blinkit | URL: https://cdn.grofers.com/cdn-cgi/image/f=auto,fit=scale-down,q=70,metadata=none,w=270/da/cms-assets/cms/product/2483b1e4-6b95-4777-82ba-9ea62a37f40d.png
2026-06-05 17:36:38.409 | INFO     | __main__:process_urls_for_product:190 - Verified Source Attribution | Product: f6b74dc80108 | File: f6b74dc80108_003.jpg | Source: blinkit | URL: https://cdn.grofers.com/cdn-cgi/image/f=auto,fit=scale-down,q=70,metadata=none,w=270/da/cms-assets/cms/product/rc-upload-1780066591778-4.png
2026-06-05 17:36:38.668 | INFO     | __main__:process_urls_for_product:190 - Verified Source Attribution | Product: f6b74dc80108 | File: f6b74dc80108_004.jpg | Source: blinkit | URL: https://cdn.grofers.com/cdn-cgi/image/f=auto,fit=scale-down,q=70,metadata=none,w=270/da/cms-assets/cms/product/rc-upload-1776859606016-264.png
2026-06-05 17:36:38.938 | INFO     | __main__:process_urls_for_product:190 - Verified Source Attribution | Product: f6b74dc80108 | File: f6b74dc80108_005.jpg | Source: blinkit | URL: https://cdn.grofers.com/cdn-cgi/image/f=auto,fit=scale-down,q=70,metadata=none,w=270/da/cms-assets/cms/product/6edeca68-6e99-42a4-855b-81fa187a4022.png
2026-06-05 17:36:39.183 | INFO     | __main__:process_urls_for_product:190 - Verified Source Attribution | Product: f6b74dc80108 | File: f6b74dc80108_006.jpg | Source: blinkit | URL: https://cdn.grofers.com/cdn-cgi/image/f=auto,fit=scale-down,q=70,metadata=none,w=270/da/cms-assets/cms/product/fc21c27d-f16e-4e17-adf5-81e2a94c18d7.png
2026-06-05 17:36:39.424 | INFO     | __main__:process_urls_for_product:190 - Verified Source Attribution | Product: f6b74dc80108 | File: f6b74dc80108_007.jpg | Source: blinkit | URL: https://cdn.grofers.com/cdn-cgi/image/f=auto,fit=scale-down,q=70,metadata=none,w=270/da/cms-assets/cms/product/72b6d382-30b8-4aff-984d-9b4a4b6252e4.png
2026-06-05 17:36:39.672 | INFO     | __main__:process_urls_for_product:190 - Verified Source Attribution | Product: f6b74dc80108 | File: f6b74dc80108_008.jpg | Source: blinkit | URL: https://cdn.grofers.com/cdn-cgi/image/f=auto,fit=scale-down,q=70,metadata=none,w=270/da/cms-assets/cms/product/cbc357af-38c8-45c8-8afa-a1a5703dc1af.png
2026-06-05 17:36:39.919 | INFO     | __main__:process_urls_for_product:190 - Verified Source Attribution | Product: f6b74dc80108 | File: f6b74dc80108_009.jpg | Source: blinkit | URL: https://cdn.grofers.com/cdn-cgi/image/f=auto,fit=scale-down,q=70,metadata=none,w=270/da/cms-assets/cms/product/0d7be3e9-be3e-4fa3-8507-0c6d1dd7f31f.png
2026-06-05 17:36:40.169 | INFO     | __main__:process_urls_for_product:190 - Verified Source Attribution | Product: f6b74dc80108 | File: f6b74dc80108_010.jpg | Source: blinkit | URL: https://cdn.grofers.com/cdn-cgi/image/f=auto,fit=scale-down,q=70,metadata=none,w=270/da/cms-assets/cms/product/484c2557-7300-4cc6-9816-a615bfc9b1a5.png
2026-06-05 17:36:40.428 | INFO     | __main__:process_urls_for_product:190 - Verified Source Attribution | Product: f6b74dc80108 | File: f6b74dc80108_011.jpg | Source: blinkit | URL: https://cdn.grofers.com/cdn-cgi/image/f=auto,fit=scale-down,q=70,metadata=none,w=270/da/cms-assets/cms/product/5b817cea-9c04-4699-8ab2-02de62e13f3e.png
2026-06-05 17:36:40.666 | INFO     | __main__:process_urls_for_product:190 - Verified Source Attribution | Product: f6b74dc80108 | File: f6b74dc80108_012.jpg | Source: blinkit | URL: https://cdn.grofers.com/cdn-cgi/image/f=auto,fit=scale-down,q=70,metadata=none,w=270/da/cms-assets/cms/product/rc-upload-1771342312390-24.png
2026-06-05 17:36:40.918 | INFO     | __main__:process_urls_for_product:190 - Verified Source Attribution | Product: f6b74dc80108 | File: f6b74dc80108_013.jpg | Source: blinkit | URL: https://cdn.grofers.com/cdn-cgi/image/f=auto,fit=scale-down,q=70,metadata=none,w=270/da/cms-assets/cms/product/82f88731-9539-4333-b24d-169dc12ead21.png
2026-06-05 17:36:41.166 | INFO     | __main__:process_urls_for_product:190 - Verified Source Attribution | Product: f6b74dc80108 | File: f6b74dc80108_014.jpg | Source: blinkit | URL: https://cdn.grofers.com/cdn-cgi/image/f=auto,fit=scale-down,q=70,metadata=none,w=270/da/cms-assets/cms/product/ece92beb-c310-4ef0-8b4a-c8006ed8d842.png
2026-06-05 17:36:41.411 | INFO     | __main__:process_urls_for_product:190 - Verified Source Attribution | Product: f6b74dc80108 | File: f6b74dc80108_015.jpg | Source: blinkit | URL: https://cdn.grofers.com/cdn-cgi/image/f=auto,fit=scale-down,q=70,metadata=none,w=270/da/cms-assets/cms/product/cc621f07-2aa2-407e-b764-06dc2e6c979b.png
2026-06-05 17:37:52.945 | INFO     | __main__:download_product_images:223 - Product 719a75589c40 has 0 images (min 10). Using Playwright fallback.
2026-06-05 17:37:56.746 | INFO     | nure.playwright_sources:collect_playwright_images:99 - Playwright blinkit 'Ramdev Chana Dal': 15 URLs
2026-06-05 17:38:00.151 | DEBUG    | nure.playwright_sources:collect_playwright_images:95 - Playwright timeout for bigbasket on Ramdev Chana Dal
2026-06-05 17:38:00.151 | INFO     | nure.playwright_sources:collect_playwright_images:99 - Playwright bigbasket 'Ramdev Chana Dal': 0 URLs
2026-06-05 17:38:02.423 | INFO     | nure.playwright_sources:collect_playwright_images:99 - Playwright jiomart 'Ramdev Chana Dal': 1 URLs
2026-06-05 17:38:05.207 | INFO     | nure.playwright_sources:collect_playwright_images:99 - Playwright flipkart 'Ramdev Chana Dal': 0 URLs
2026-06-05 17:38:05.334 | INFO     | __main__:process_urls_for_product:190 - Verified Source Attribution | Product: 719a75589c40 | File: 719a75589c40_000.jpg | Source: blinkit | URL: https://cdn.grofers.com/cdn-cgi/image/f=auto,fit=scale-down,q=70,metadata=none,w=270/da/cms-assets/cms/product/72b6d382-30b8-4aff-984d-9b4a4b6252e4.png
2026-06-05 17:38:05.624 | INFO     | __main__:process_urls_for_product:190 - Verified Source Attribution | Product: 719a75589c40 | File: 719a75589c40_001.jpg | Source: blinkit | URL: https://cdn.grofers.com/cdn-cgi/image/f=auto,fit=scale-down,q=70,metadata=none,w=270/da/cms-assets/cms/product/9ccc8b60-0a5c-4956-af7f-798cf1d4f585.png
2026-06-05 17:38:05.875 | INFO     | __main__:process_urls_for_product:190 - Verified Source Attribution | Product: 719a75589c40 | File: 719a75589c40_002.jpg | Source: blinkit | URL: https://cdn.grofers.com/cdn-cgi/image/f=auto,fit=scale-down,q=70,metadata=none,w=270/da/cms-assets/cms/product/cc621f07-2aa2-407e-b764-06dc2e6c979b.png
2026-06-05 17:38:06.113 | INFO     | __main__:process_urls_for_product:190 - Verified Source Attribution | Product: 719a75589c40 | File: 719a75589c40_003.jpg | Source: blinkit | URL: https://cdn.grofers.com/cdn-cgi/image/f=auto,fit=scale-down,q=70,metadata=none,w=270/da/cms-assets/cms/product/89c73c28-0ab5-4f86-a0d3-1a0e34724a81.png
2026-06-05 17:38:06.370 | INFO     | __main__:process_urls_for_product:190 - Verified Source Attribution | Product: 719a75589c40 | File: 719a75589c40_004.jpg | Source: blinkit | URL: https://cdn.grofers.com/cdn-cgi/image/f=auto,fit=scale-down,q=70,metadata=none,w=270/da/cms-assets/cms/product/f97ab23a-b1fa-41f1-be54-14e8323a04ae.png
2026-06-05 17:38:06.614 | INFO     | __main__:process_urls_for_product:190 - Verified Source Attribution | Product: 719a75589c40 | File: 719a75589c40_005.jpg | Source: blinkit | URL: https://cdn.grofers.com/cdn-cgi/image/f=auto,fit=scale-down,q=70,metadata=none,w=270/da/cms-assets/cms/product/b555378c-1582-4893-b233-43c54f269334.png
2026-06-05 17:38:06.857 | INFO     | __main__:process_urls_for_product:190 - Verified Source Attribution | Product: 719a75589c40 | File: 719a75589c40_006.jpg | Source: blinkit | URL: https://cdn.grofers.com/cdn-cgi/image/f=auto,fit=scale-down,q=70,metadata=none,w=270/da/cms-assets/cms/product/6b6aebe3-c079-44af-8124-3da152d1a2dd.png
2026-06-05 17:38:07.092 | INFO     | __main__:process_urls_for_product:190 - Verified Source Attribution | Product: 719a75589c40 | File: 719a75589c40_007.jpg | Source: blinkit | URL: https://cdn.grofers.com/cdn-cgi/image/f=auto,fit=scale-down,q=70,metadata=none,w=270/da/cms-assets/cms/product/ece92beb-c310-4ef0-8b4a-c8006ed8d842.png
2026-06-05 17:38:07.328 | INFO     | __main__:process_urls_for_product:190 - Verified Source Attribution | Product: 719a75589c40 | File: 719a75589c40_008.jpg | Source: blinkit | URL: https://cdn.grofers.com/cdn-cgi/image/f=auto,fit=scale-down,q=70,metadata=none,w=270/da/cms-assets/cms/product/484c2557-7300-4cc6-9816-a615bfc9b1a5.png
2026-06-05 17:38:07.575 | INFO     | __main__:process_urls_for_product:190 - Verified Source Attribution | Product: 719a75589c40 | File: 719a75589c40_009.jpg | Source: blinkit | URL: https://cdn.grofers.com/cdn-cgi/image/f=auto,fit=scale-down,q=70,metadata=none,w=270/da/cms-assets/cms/product/rc-upload-1776170193370-410.png
2026-06-05 17:38:07.825 | INFO     | __main__:process_urls_for_product:190 - Verified Source Attribution | Product: 719a75589c40 | File: 719a75589c40_010.jpg | Source: blinkit | URL: https://cdn.grofers.com/cdn-cgi/image/f=auto,fit=scale-down,q=70,metadata=none,w=270/da/cms-assets/cms/product/82f88731-9539-4333-b24d-169dc12ead21.png
2026-06-05 17:38:08.082 | INFO     | __main__:process_urls_for_product:190 - Verified Source Attribution | Product: 719a75589c40 | File: 719a75589c40_011.jpg | Source: blinkit | URL: https://cdn.grofers.com/cdn-cgi/image/f=auto,fit=scale-down,q=70,metadata=none,w=270/da/cms-assets/cms/product/58b3bb48-cfea-4f6c-85b4-9e3de35adcee.png
2026-06-05 17:38:08.330 | INFO     | __main__:process_urls_for_product:190 - Verified Source Attribution | Product: 719a75589c40 | File: 719a75589c40_012.jpg | Source: blinkit | URL: https://cdn.grofers.com/cdn-cgi/image/f=auto,fit=scale-down,q=70,metadata=none,w=270/da/cms-assets/cms/product/94c32bcd-655e-4310-af8b-cfe51e929c7c.png
2026-06-05 17:38:08.578 | INFO     | __main__:process_urls_for_product:190 - Verified Source Attribution | Product: 719a75589c40 | File: 719a75589c40_013.jpg | Source: blinkit | URL: https://cdn.grofers.com/cdn-cgi/image/f=auto,fit=scale-down,q=70,metadata=none,w=270/da/cms-assets/cms/product/2b58bf62-315b-4bf2-92b6-d1f4c608bfd4.png
2026-06-05 17:39:05.641 | INFO     | __main__:download_product_images:223 - Product 9175c209c16e has 0 images (min 10). Using Playwright fallback.
2026-06-05 17:39:09.078 | INFO     | nure.playwright_sources:collect_playwright_images:99 - Playwright blinkit 'Noor Gazal Chana Dal': 15 URLs
2026-06-05 17:39:12.494 | DEBUG    | nure.playwright_sources:collect_playwright_images:95 - Playwright timeout for bigbasket on Noor Gazal Chana Dal
2026-06-05 17:39:12.494 | INFO     | nure.playwright_sources:collect_playwright_images:99 - Playwright bigbasket 'Noor Gazal Chana Dal': 0 URLs
2026-06-05 17:39:15.347 | INFO     | nure.playwright_sources:collect_playwright_images:99 - Playwright jiomart 'Noor Gazal Chana Dal': 1 URLs
2026-06-05 17:39:18.032 | INFO     | nure.playwright_sources:collect_playwright_images:99 - Playwright flipkart 'Noor Gazal Chana Dal 500gm': 0 URLs
2026-06-05 17:39:18.178 | INFO     | __main__:process_urls_for_product:190 - Verified Source Attribution | Product: 9175c209c16e | File: 9175c209c16e_000.jpg | Source: blinkit | URL: https://cdn.grofers.com/cdn-cgi/image/f=auto,fit=scale-down,q=70,metadata=none,w=270/da/cms-assets/cms/product/rc-upload-1776859606016-264.png
2026-06-05 17:39:18.472 | INFO     | __main__:process_urls_for_product:190 - Verified Source Attribution | Product: 9175c209c16e | File: 9175c209c16e_001.jpg | Source: blinkit | URL: https://cdn.grofers.com/cdn-cgi/image/f=auto,fit=scale-down,q=70,metadata=none,w=270/da/cms-assets/cms/product/72b6d382-30b8-4aff-984d-9b4a4b6252e4.png
2026-06-05 17:39:18.720 | INFO     | __main__:process_urls_for_product:190 - Verified Source Attribution | Product: 9175c209c16e | File: 9175c209c16e_002.jpg | Source: blinkit | URL: https://cdn.grofers.com/cdn-cgi/image/f=auto,fit=scale-down,q=70,metadata=none,w=270/da/cms-assets/cms/product/cc621f07-2aa2-407e-b764-06dc2e6c979b.png
2026-06-05 17:39:18.958 | INFO     | __main__:process_urls_for_product:190 - Verified Source Attribution | Product: 9175c209c16e | File: 9175c209c16e_003.jpg | Source: blinkit | URL: https://cdn.grofers.com/cdn-cgi/image/f=auto,fit=scale-down,q=70,metadata=none,w=270/da/cms-assets/cms/product/6edeca68-6e99-42a4-855b-81fa187a4022.png
2026-06-05 17:39:19.204 | INFO     | __main__:process_urls_for_product:190 - Verified Source Attribution | Product: 9175c209c16e | File: 9175c209c16e_004.jpg | Source: blinkit | URL: https://cdn.grofers.com/cdn-cgi/image/f=auto,fit=scale-down,q=70,metadata=none,w=270/da/cms-assets/cms/product/9ccc8b60-0a5c-4956-af7f-798cf1d4f585.png
2026-06-05 17:39:19.455 | INFO     | __main__:process_urls_for_product:190 - Verified Source Attribution | Product: 9175c209c16e | File: 9175c209c16e_005.jpg | Source: blinkit | URL: https://cdn.grofers.com/cdn-cgi/image/f=auto,fit=scale-down,q=70,metadata=none,w=270/da/cms-assets/cms/product/f97ab23a-b1fa-41f1-be54-14e8323a04ae.png
2026-06-05 17:39:19.708 | INFO     | __main__:process_urls_for_product:190 - Verified Source Attribution | Product: 9175c209c16e | File: 9175c209c16e_006.jpg | Source: blinkit | URL: https://cdn.grofers.com/cdn-cgi/image/f=auto,fit=scale-down,q=70,metadata=none,w=270/da/cms-assets/cms/product/89c73c28-0ab5-4f86-a0d3-1a0e34724a81.png
2026-06-05 17:39:19.952 | INFO     | __main__:process_urls_for_product:190 - Verified Source Attribution | Product: 9175c209c16e | File: 9175c209c16e_007.jpg | Source: blinkit | URL: https://cdn.grofers.com/cdn-cgi/image/f=auto,fit=scale-down,q=70,metadata=none,w=270/da/cms-assets/cms/product/ece92beb-c310-4ef0-8b4a-c8006ed8d842.png
2026-06-05 17:39:20.202 | INFO     | __main__:process_urls_for_product:190 - Verified Source Attribution | Product: 9175c209c16e | File: 9175c209c16e_008.jpg | Source: blinkit | URL: https://cdn.grofers.com/cdn-cgi/image/f=auto,fit=scale-down,q=70,metadata=none,w=270/da/cms-assets/cms/product/82f88731-9539-4333-b24d-169dc12ead21.png
2026-06-05 17:39:20.445 | INFO     | __main__:process_urls_for_product:190 - Verified Source Attribution | Product: 9175c209c16e | File: 9175c209c16e_009.jpg | Source: blinkit | URL: https://cdn.grofers.com/cdn-cgi/image/f=auto,fit=scale-down,q=70,metadata=none,w=270/da/cms-assets/cms/product/b555378c-1582-4893-b233-43c54f269334.png
2026-06-05 17:39:20.698 | INFO     | __main__:process_urls_for_product:190 - Verified Source Attribution | Product: 9175c209c16e | File: 9175c209c16e_010.jpg | Source: blinkit | URL: https://cdn.grofers.com/cdn-cgi/image/f=auto,fit=scale-down,q=70,metadata=none,w=270/da/cms-assets/cms/product/58b3bb48-cfea-4f6c-85b4-9e3de35adcee.png
2026-06-05 17:39:20.947 | INFO     | __main__:process_urls_for_product:190 - Verified Source Attribution | Product: 9175c209c16e | File: 9175c209c16e_011.jpg | Source: blinkit | URL: https://cdn.grofers.com/cdn-cgi/image/f=auto,fit=scale-down,q=70,metadata=none,w=270/da/cms-assets/cms/product/rc-upload-1776170193370-410.png
2026-06-05 17:39:21.202 | INFO     | __main__:process_urls_for_product:190 - Verified Source Attribution | Product: 9175c209c16e | File: 9175c209c16e_012.jpg | Source: blinkit | URL: https://cdn.grofers.com/cdn-cgi/image/f=auto,fit=scale-down,q=70,metadata=none,w=270/da/cms-assets/cms/product/0d7be3e9-be3e-4fa3-8507-0c6d1dd7f31f.png
2026-06-05 17:39:21.437 | INFO     | __main__:process_urls_for_product:190 - Verified Source Attribution | Product: 9175c209c16e | File: 9175c209c16e_013.jpg | Source: blinkit | URL: https://cdn.grofers.com/cdn-cgi/image/f=auto,fit=scale-down,q=70,metadata=none,w=270/da/cms-assets/cms/product/94c32bcd-655e-4310-af8b-cfe51e929c7c.png
2026-06-05 17:39:24.252 | INFO     | nure.image_sources:collect_amazon_images:178 - Amazon 'Bikano Chana Dal (Snack)': 2 URLs
2026-06-05 17:39:25.935 | INFO     | nure.image_sources:collect_bing_images:149 - Bing 'Bikano Chana Dal (Snack)': 0 URLs
2026-06-05 17:40:02.632 | INFO     | __main__:process_urls_for_product:190 - Verified Source Attribution | Product: 0e7d2527d737 | File: 0e7d2527d737_000.jpg | Source: amazon | URL: https://m.media-amazon.com/images/I/31Ip4aURUpL.png
2026-06-05 17:40:03.313 | INFO     | __main__:process_urls_for_product:190 - Verified Source Attribution | Product: 0e7d2527d737 | File: 0e7d2527d737_001.jpg | Source: amazon | URL: https://m.media-amazon.com/images/I/71NqDTrE6SL.jpg
2026-06-05 17:40:03.469 | INFO     | __main__:download_product_images:223 - Product 0e7d2527d737 has 2 images (min 10). Using Playwright fallback.
2026-06-05 17:40:06.884 | INFO     | nure.playwright_sources:collect_playwright_images:99 - Playwright blinkit 'Bikano Chana Dal (Snack)': 15 URLs
2026-06-05 17:40:10.294 | DEBUG    | nure.playwright_sources:collect_playwright_images:95 - Playwright timeout for bigbasket on Bikano Chana Dal (Snack)
2026-06-05 17:40:10.294 | INFO     | nure.playwright_sources:collect_playwright_images:99 - Playwright bigbasket 'Bikano Chana Dal (Snack)': 0 URLs
2026-06-05 17:40:12.935 | INFO     | nure.playwright_sources:collect_playwright_images:99 - Playwright jiomart 'Bikano Chana Dal (Snack)': 1 URLs
2026-06-05 17:40:16.153 | INFO     | nure.playwright_sources:collect_playwright_images:99 - Playwright flipkart 'Bikano Chana Dal (Snack)': 0 URLs
2026-06-05 17:40:16.294 | INFO     | __main__:process_urls_for_product:190 - Verified Source Attribution | Product: 0e7d2527d737 | File: 0e7d2527d737_002.jpg | Source: blinkit | URL: https://cdn.grofers.com/cdn-cgi/image/f=auto,fit=scale-down,q=70,metadata=none,w=270/da/cms-assets/cms/product/rc-upload-1776224931608-66.png
2026-06-05 17:40:16.585 | INFO     | __main__:process_urls_for_product:190 - Verified Source Attribution | Product: 0e7d2527d737 | File: 0e7d2527d737_003.jpg | Source: blinkit | URL: https://cdn.grofers.com/cdn-cgi/image/f=auto,fit=scale-down,q=70,metadata=none,w=270/da/cms-assets/cms/product/6f594328-bacf-4b58-ace0-6abb8d22dcc7.png
2026-06-05 17:40:16.829 | INFO     | __main__:process_urls_for_product:190 - Verified Source Attribution | Product: 0e7d2527d737 | File: 0e7d2527d737_004.jpg | Source: blinkit | URL: https://cdn.grofers.com/cdn-cgi/image/f=auto,fit=scale-down,q=70,metadata=none,w=270/da/cms-assets/cms/product/rc-upload-1770963085463-92.png
2026-06-05 17:40:17.069 | INFO     | __main__:process_urls_for_product:190 - Verified Source Attribution | Product: 0e7d2527d737 | File: 0e7d2527d737_005.jpg | Source: blinkit | URL: https://cdn.grofers.com/cdn-cgi/image/f=auto,fit=scale-down,q=70,metadata=none,w=270/da/cms-assets/cms/product/b6630cb4-c3fd-48cf-b5b4-1b304e3dc704.png
2026-06-05 17:40:17.308 | INFO     | __main__:process_urls_for_product:190 - Verified Source Attribution | Product: 0e7d2527d737 | File: 0e7d2527d737_006.jpg | Source: blinkit | URL: https://cdn.grofers.com/cdn-cgi/image/f=auto,fit=scale-down,q=70,metadata=none,w=270/da/cms-assets/cms/product/58b3bb48-cfea-4f6c-85b4-9e3de35adcee.png
2026-06-05 17:40:17.562 | INFO     | __main__:process_urls_for_product:190 - Verified Source Attribution | Product: 0e7d2527d737 | File: 0e7d2527d737_007.jpg | Source: blinkit | URL: https://cdn.grofers.com/cdn-cgi/image/f=auto,fit=scale-down,q=70,metadata=none,w=270/da/cms-assets/cms/product/ece92beb-c310-4ef0-8b4a-c8006ed8d842.png
2026-06-05 17:40:17.804 | INFO     | __main__:process_urls_for_product:190 - Verified Source Attribution | Product: 0e7d2527d737 | File: 0e7d2527d737_008.jpg | Source: blinkit | URL: https://cdn.grofers.com/cdn-cgi/image/f=auto,fit=scale-down,q=70,metadata=none,w=270/da/cms-assets/cms/product/baa1d309-8797-4882-a7e9-d1d479d221b8.png
2026-06-05 17:40:18.139 | INFO     | __main__:process_urls_for_product:190 - Verified Source Attribution | Product: 0e7d2527d737 | File: 0e7d2527d737_009.jpg | Source: blinkit | URL: https://cdn.grofers.com/cdn-cgi/image/f=auto,fit=scale-down,q=70,metadata=none,w=270/da/cms-assets/cms/product/537c7926-3c0f-49d6-b984-0a0621c3634f.png
2026-06-05 17:40:18.388 | INFO     | __main__:process_urls_for_product:190 - Verified Source Attribution | Product: 0e7d2527d737 | File: 0e7d2527d737_010.jpg | Source: blinkit | URL: https://cdn.grofers.com/cdn-cgi/image/f=auto,fit=scale-down,q=70,metadata=none,w=270/da/cms-assets/cms/product/d25f70f0-805a-47eb-8dba-8bb9d919429c.png
2026-06-05 17:40:18.634 | INFO     | __main__:process_urls_for_product:190 - Verified Source Attribution | Product: 0e7d2527d737 | File: 0e7d2527d737_011.jpg | Source: blinkit | URL: https://cdn.grofers.com/cdn-cgi/image/f=auto,fit=scale-down,q=70,metadata=none,w=270/da/cms-assets/cms/product/c68d7bea-95db-4eec-b8e4-3a887b57b5c6.png
2026-06-05 17:40:18.878 | INFO     | __main__:process_urls_for_product:190 - Verified Source Attribution | Product: 0e7d2527d737 | File: 0e7d2527d737_012.jpg | Source: blinkit | URL: https://cdn.grofers.com/cdn-cgi/image/f=auto,fit=scale-down,q=70,metadata=none,w=270/da/cms-assets/cms/product/6478b029-5900-4449-ba0d-497a0dc217e2.png
2026-06-05 17:40:19.116 | INFO     | __main__:process_urls_for_product:190 - Verified Source Attribution | Product: 0e7d2527d737 | File: 0e7d2527d737_013.jpg | Source: blinkit | URL: https://cdn.grofers.com/cdn-cgi/image/f=auto,fit=scale-down,q=70,metadata=none,w=270/da/cms-assets/cms/product/fe7ad4ea-3619-4e8b-b378-14d81b3dcc0f.png
2026-06-05 17:40:19.372 | INFO     | __main__:process_urls_for_product:190 - Verified Source Attribution | Product: 0e7d2527d737 | File: 0e7d2527d737_014.jpg | Source: blinkit | URL: https://cdn.grofers.com/cdn-cgi/image/f=auto,fit=scale-down,q=70,metadata=none,w=270/da/cms-assets/cms/product/rc-upload-1777953701494-8714.png
2026-06-05 17:40:22.379 | INFO     | nure.image_sources:collect_amazon_images:178 - Amazon 'Saurbhi Split Chana dal': 2 URLs
2026-06-05 17:40:24.377 | INFO     | nure.image_sources:collect_bing_images:149 - Bing 'Saurbhi Split Chana dal': 0 URLs
2026-06-05 17:41:01.096 | INFO     | __main__:process_urls_for_product:190 - Verified Source Attribution | Product: 4311857b56cd | File: 4311857b56cd_000.jpg | Source: amazon | URL: https://m.media-amazon.com/images/I/31Ip4aURUpL.png
2026-06-05 17:41:01.796 | INFO     | __main__:process_urls_for_product:190 - Verified Source Attribution | Product: 4311857b56cd | File: 4311857b56cd_001.jpg | Source: amazon | URL: https://m.media-amazon.com/images/I/61DmuNgntxL.jpg
2026-06-05 17:41:01.947 | INFO     | __main__:download_product_images:223 - Product 4311857b56cd has 2 images (min 10). Using Playwright fallback.
2026-06-05 17:41:05.162 | INFO     | nure.playwright_sources:collect_playwright_images:99 - Playwright blinkit 'Saurbhi Split Chana dal': 15 URLs
2026-06-05 17:41:08.649 | DEBUG    | nure.playwright_sources:collect_playwright_images:95 - Playwright timeout for bigbasket on Saurbhi Split Chana dal
2026-06-05 17:41:08.649 | INFO     | nure.playwright_sources:collect_playwright_images:99 - Playwright bigbasket 'Saurbhi Split Chana dal': 0 URLs
2026-06-05 17:41:10.937 | INFO     | nure.playwright_sources:collect_playwright_images:99 - Playwright jiomart 'Saurbhi Split Chana dal': 1 URLs
2026-06-05 17:41:13.618 | INFO     | nure.playwright_sources:collect_playwright_images:99 - Playwright flipkart 'Saurbhi Split Chana dal': 0 URLs
2026-06-05 17:41:13.745 | INFO     | __main__:process_urls_for_product:190 - Verified Source Attribution | Product: 4311857b56cd | File: 4311857b56cd_002.jpg | Source: blinkit | URL: https://cdn.grofers.com/cdn-cgi/image/f=auto,fit=scale-down,q=70,metadata=none,w=270/da/cms-assets/cms/product/6edeca68-6e99-42a4-855b-81fa187a4022.png
2026-06-05 17:41:14.042 | INFO     | __main__:process_urls_for_product:190 - Verified Source Attribution | Product: 4311857b56cd | File: 4311857b56cd_003.jpg | Source: blinkit | URL: https://cdn.grofers.com/cdn-cgi/image/f=auto,fit=scale-down,q=70,metadata=none,w=270/da/cms-assets/cms/product/9ccc8b60-0a5c-4956-af7f-798cf1d4f585.png
2026-06-05 17:41:14.286 | INFO     | __main__:process_urls_for_product:190 - Verified Source Attribution | Product: 4311857b56cd | File: 4311857b56cd_004.jpg | Source: blinkit | URL: https://cdn.grofers.com/cdn-cgi/image/f=auto,fit=scale-down,q=70,metadata=none,w=270/da/cms-assets/cms/product/72b6d382-30b8-4aff-984d-9b4a4b6252e4.png
2026-06-05 17:41:14.523 | INFO     | __main__:process_urls_for_product:190 - Verified Source Attribution | Product: 4311857b56cd | File: 4311857b56cd_005.jpg | Source: blinkit | URL: https://cdn.grofers.com/cdn-cgi/image/f=auto,fit=scale-down,q=70,metadata=none,w=270/da/cms-assets/cms/product/cc621f07-2aa2-407e-b764-06dc2e6c979b.png
2026-06-05 17:41:14.765 | INFO     | __main__:process_urls_for_product:190 - Verified Source Attribution | Product: 4311857b56cd | File: 4311857b56cd_006.jpg | Source: blinkit | URL: https://cdn.grofers.com/cdn-cgi/image/f=auto,fit=scale-down,q=70,metadata=none,w=270/da/cms-assets/cms/product/fc21c27d-f16e-4e17-adf5-81e2a94c18d7.png
2026-06-05 17:41:15.019 | INFO     | __main__:process_urls_for_product:190 - Verified Source Attribution | Product: 4311857b56cd | File: 4311857b56cd_007.jpg | Source: blinkit | URL: https://cdn.grofers.com/cdn-cgi/image/f=auto,fit=scale-down,q=70,metadata=none,w=270/da/cms-assets/cms/product/rc-upload-1771342312390-24.png
2026-06-05 17:41:15.264 | INFO     | __main__:process_urls_for_product:190 - Verified Source Attribution | Product: 4311857b56cd | File: 4311857b56cd_008.jpg | Source: blinkit | URL: https://cdn.grofers.com/cdn-cgi/image/f=auto,fit=scale-down,q=70,metadata=none,w=270/da/cms-assets/cms/product/89c73c28-0ab5-4f86-a0d3-1a0e34724a81.png
2026-06-05 17:41:15.510 | INFO     | __main__:process_urls_for_product:190 - Verified Source Attribution | Product: 4311857b56cd | File: 4311857b56cd_009.jpg | Source: blinkit | URL: https://cdn.grofers.com/cdn-cgi/image/f=auto,fit=scale-down,q=70,metadata=none,w=270/da/cms-assets/cms/product/94c32bcd-655e-4310-af8b-cfe51e929c7c.png
2026-06-05 17:41:15.750 | INFO     | __main__:process_urls_for_product:190 - Verified Source Attribution | Product: 4311857b56cd | File: 4311857b56cd_010.jpg | Source: blinkit | URL: https://cdn.grofers.com/cdn-cgi/image/f=auto,fit=scale-down,q=70,metadata=none,w=270/da/cms-assets/cms/product/82f88731-9539-4333-b24d-169dc12ead21.png
2026-06-05 17:41:16.005 | INFO     | __main__:process_urls_for_product:190 - Verified Source Attribution | Product: 4311857b56cd | File: 4311857b56cd_011.jpg | Source: blinkit | URL: https://cdn.grofers.com/cdn-cgi/image/f=auto,fit=scale-down,q=70,metadata=none,w=270/da/cms-assets/cms/product/f97ab23a-b1fa-41f1-be54-14e8323a04ae.png
2026-06-05 17:41:16.247 | INFO     | __main__:process_urls_for_product:190 - Verified Source Attribution | Product: 4311857b56cd | File: 4311857b56cd_012.jpg | Source: blinkit | URL: https://cdn.grofers.com/cdn-cgi/image/f=auto,fit=scale-down,q=70,metadata=none,w=270/da/cms-assets/cms/product/rc-upload-1776859606016-264.png
2026-06-05 17:41:16.493 | INFO     | __main__:process_urls_for_product:190 - Verified Source Attribution | Product: 4311857b56cd | File: 4311857b56cd_013.jpg | Source: blinkit | URL: https://cdn.grofers.com/cdn-cgi/image/f=auto,fit=scale-down,q=70,metadata=none,w=270/da/cms-assets/cms/product/484c2557-7300-4cc6-9816-a615bfc9b1a5.png
2026-06-05 17:41:16.744 | INFO     | __main__:process_urls_for_product:190 - Verified Source Attribution | Product: 4311857b56cd | File: 4311857b56cd_014.jpg | Source: blinkit | URL: https://cdn.grofers.com/cdn-cgi/image/f=auto,fit=scale-down,q=70,metadata=none,w=270/da/cms-assets/cms/product/6b6aebe3-c079-44af-8124-3da152d1a2dd.png
2026-06-05 17:41:16.997 | INFO     | __main__:process_urls_for_product:190 - Verified Source Attribution | Product: 4311857b56cd | File: 4311857b56cd_015.jpg | Source: blinkit | URL: https://cdn.grofers.com/cdn-cgi/image/f=auto,fit=scale-down,q=70,metadata=none,w=270/da/cms-assets/cms/product/0d7be3e9-be3e-4fa3-8507-0c6d1dd7f31f.png
2026-06-05 17:42:28.272 | INFO     | __main__:download_product_images:223 - Product 2b9133ba7322 has 0 images (min 10). Using Playwright fallback.
2026-06-05 17:42:31.654 | INFO     | nure.playwright_sources:collect_playwright_images:99 - Playwright blinkit 'Divya Chana Dal Split Chickpea': 15 URLs
2026-06-05 17:42:35.006 | DEBUG    | nure.playwright_sources:collect_playwright_images:95 - Playwright timeout for bigbasket on Divya Chana Dal Split Chickpea
2026-06-05 17:42:35.006 | INFO     | nure.playwright_sources:collect_playwright_images:99 - Playwright bigbasket 'Divya Chana Dal Split Chickpea': 0 URLs
2026-06-05 17:42:37.788 | INFO     | nure.playwright_sources:collect_playwright_images:99 - Playwright jiomart 'Divya Chana Dal Split Chickpea': 1 URLs
2026-06-05 17:42:40.313 | INFO     | nure.playwright_sources:collect_playwright_images:99 - Playwright flipkart 'Divya Chana Dal Split Chickpea': 0 URLs
2026-06-05 17:42:40.443 | INFO     | __main__:process_urls_for_product:190 - Verified Source Attribution | Product: 2b9133ba7322 | File: 2b9133ba7322_000.jpg | Source: blinkit | URL: https://cdn.grofers.com/cdn-cgi/image/f=auto,fit=scale-down,q=70,metadata=none,w=270/da/cms-assets/cms/product/72b6d382-30b8-4aff-984d-9b4a4b6252e4.png
2026-06-05 17:42:40.744 | INFO     | __main__:process_urls_for_product:190 - Verified Source Attribution | Product: 2b9133ba7322 | File: 2b9133ba7322_001.jpg | Source: blinkit | URL: https://cdn.grofers.com/cdn-cgi/image/f=auto,fit=scale-down,q=70,metadata=none,w=270/da/cms-assets/cms/product/cc621f07-2aa2-407e-b764-06dc2e6c979b.png
2026-06-05 17:42:40.990 | INFO     | __main__:process_urls_for_product:190 - Verified Source Attribution | Product: 2b9133ba7322 | File: 2b9133ba7322_002.jpg | Source: blinkit | URL: https://cdn.grofers.com/cdn-cgi/image/f=auto,fit=scale-down,q=70,metadata=none,w=270/da/cms-assets/cms/product/9ccc8b60-0a5c-4956-af7f-798cf1d4f585.png
2026-06-05 17:42:41.230 | INFO     | __main__:process_urls_for_product:190 - Verified Source Attribution | Product: 2b9133ba7322 | File: 2b9133ba7322_003.jpg | Source: blinkit | URL: https://cdn.grofers.com/cdn-cgi/image/f=auto,fit=scale-down,q=70,metadata=none,w=270/da/cms-assets/cms/product/484c2557-7300-4cc6-9816-a615bfc9b1a5.png
2026-06-05 17:42:41.471 | INFO     | __main__:process_urls_for_product:190 - Verified Source Attribution | Product: 2b9133ba7322 | File: 2b9133ba7322_004.jpg | Source: blinkit | URL: https://cdn.grofers.com/cdn-cgi/image/f=auto,fit=scale-down,q=70,metadata=none,w=270/da/cms-assets/cms/product/6b6aebe3-c079-44af-8124-3da152d1a2dd.png
2026-06-05 17:42:41.722 | INFO     | __main__:process_urls_for_product:190 - Verified Source Attribution | Product: 2b9133ba7322 | File: 2b9133ba7322_005.jpg | Source: blinkit | URL: https://cdn.grofers.com/cdn-cgi/image/f=auto,fit=scale-down,q=70,metadata=none,w=270/da/cms-assets/cms/product/rc-upload-1771342312390-24.png
2026-06-05 17:42:41.973 | INFO     | __main__:process_urls_for_product:190 - Verified Source Attribution | Product: 2b9133ba7322 | File: 2b9133ba7322_006.jpg | Source: blinkit | URL: https://cdn.grofers.com/cdn-cgi/image/f=auto,fit=scale-down,q=70,metadata=none,w=270/da/cms-assets/cms/product/b555378c-1582-4893-b233-43c54f269334.png
2026-06-05 17:42:42.217 | INFO     | __main__:process_urls_for_product:190 - Verified Source Attribution | Product: 2b9133ba7322 | File: 2b9133ba7322_007.jpg | Source: blinkit | URL: https://cdn.grofers.com/cdn-cgi/image/f=auto,fit=scale-down,q=70,metadata=none,w=270/da/cms-assets/cms/product/89c73c28-0ab5-4f86-a0d3-1a0e34724a81.png
2026-06-05 17:42:42.465 | INFO     | __main__:process_urls_for_product:190 - Verified Source Attribution | Product: 2b9133ba7322 | File: 2b9133ba7322_008.jpg | Source: blinkit | URL: https://cdn.grofers.com/cdn-cgi/image/f=auto,fit=scale-down,q=70,metadata=none,w=270/da/cms-assets/cms/product/rc-upload-1776859606016-264.png
2026-06-05 17:42:42.719 | INFO     | __main__:process_urls_for_product:190 - Verified Source Attribution | Product: 2b9133ba7322 | File: 2b9133ba7322_009.jpg | Source: blinkit | URL: https://cdn.grofers.com/cdn-cgi/image/f=auto,fit=scale-down,q=70,metadata=none,w=270/da/cms-assets/cms/product/f97ab23a-b1fa-41f1-be54-14e8323a04ae.png
2026-06-05 17:42:43.008 | INFO     | __main__:process_urls_for_product:190 - Verified Source Attribution | Product: 2b9133ba7322 | File: 2b9133ba7322_010.jpg | Source: blinkit | URL: https://cdn.grofers.com/cdn-cgi/image/f=auto,fit=scale-down,q=70,metadata=none,w=270/da/cms-assets/cms/product/82f88731-9539-4333-b24d-169dc12ead21.png
2026-06-05 17:42:43.267 | INFO     | __main__:process_urls_for_product:190 - Verified Source Attribution | Product: 2b9133ba7322 | File: 2b9133ba7322_011.jpg | Source: blinkit | URL: https://cdn.grofers.com/cdn-cgi/image/f=auto,fit=scale-down,q=70,metadata=none,w=270/da/cms-assets/cms/product/58b3bb48-cfea-4f6c-85b4-9e3de35adcee.png
2026-06-05 17:42:43.514 | INFO     | __main__:process_urls_for_product:190 - Verified Source Attribution | Product: 2b9133ba7322 | File: 2b9133ba7322_012.jpg | Source: blinkit | URL: https://cdn.grofers.com/cdn-cgi/image/f=auto,fit=scale-down,q=70,metadata=none,w=270/da/cms-assets/cms/product/rc-upload-1776170193370-410.png
2026-06-05 17:42:43.755 | INFO     | __main__:process_urls_for_product:190 - Verified Source Attribution | Product: 2b9133ba7322 | File: 2b9133ba7322_013.jpg | Source: blinkit | URL: https://cdn.grofers.com/cdn-cgi/image/f=auto,fit=scale-down,q=70,metadata=none,w=270/da/cms-assets/cms/product/2b58bf62-315b-4bf2-92b6-d1f4c608bfd4.png
2026-06-05 17:42:47.161 | INFO     | nure.image_sources:collect_amazon_images:178 - Amazon 'Praana Chana Dal': 2 URLs
2026-06-05 17:42:48.992 | INFO     | nure.image_sources:collect_bing_images:149 - Bing 'Praana Chana Dal': 0 URLs
2026-06-05 17:43:25.683 | INFO     | __main__:process_urls_for_product:190 - Verified Source Attribution | Product: 82a85efc7ae2 | File: 82a85efc7ae2_000.jpg | Source: amazon | URL: https://m.media-amazon.com/images/I/31Ip4aURUpL.png
2026-06-05 17:43:26.356 | INFO     | __main__:process_urls_for_product:190 - Verified Source Attribution | Product: 82a85efc7ae2 | File: 82a85efc7ae2_001.jpg | Source: amazon | URL: https://m.media-amazon.com/images/I/61DmuNgntxL.jpg
2026-06-05 17:43:26.508 | INFO     | __main__:download_product_images:223 - Product 82a85efc7ae2 has 2 images (min 10). Using Playwright fallback.
2026-06-05 17:43:29.655 | INFO     | nure.playwright_sources:collect_playwright_images:99 - Playwright blinkit 'Praana Chana Dal': 15 URLs
2026-06-05 17:43:33.067 | DEBUG    | nure.playwright_sources:collect_playwright_images:95 - Playwright timeout for bigbasket on Praana Chana Dal
2026-06-05 17:43:33.067 | INFO     | nure.playwright_sources:collect_playwright_images:99 - Playwright bigbasket 'Praana Chana Dal': 0 URLs
2026-06-05 17:43:35.354 | INFO     | nure.playwright_sources:collect_playwright_images:99 - Playwright jiomart 'Praana Chana Dal': 1 URLs
2026-06-05 17:43:37.978 | INFO     | nure.playwright_sources:collect_playwright_images:99 - Playwright flipkart 'Praana Chana Dal': 0 URLs
2026-06-05 17:43:38.123 | INFO     | __main__:process_urls_for_product:190 - Verified Source Attribution | Product: 82a85efc7ae2 | File: 82a85efc7ae2_002.jpg | Source: blinkit | URL: https://cdn.grofers.com/cdn-cgi/image/f=auto,fit=scale-down,q=70,metadata=none,w=270/da/cms-assets/cms/product/9ccc8b60-0a5c-4956-af7f-798cf1d4f585.png
2026-06-05 17:43:38.425 | INFO     | __main__:process_urls_for_product:190 - Verified Source Attribution | Product: 82a85efc7ae2 | File: 82a85efc7ae2_003.jpg | Source: blinkit | URL: https://cdn.grofers.com/cdn-cgi/image/f=auto,fit=scale-down,q=70,metadata=none,w=270/da/cms-assets/cms/product/72b6d382-30b8-4aff-984d-9b4a4b6252e4.png
2026-06-05 17:43:38.666 | INFO     | __main__:process_urls_for_product:190 - Verified Source Attribution | Product: 82a85efc7ae2 | File: 82a85efc7ae2_004.jpg | Source: blinkit | URL: https://cdn.grofers.com/cdn-cgi/image/f=auto,fit=scale-down,q=70,metadata=none,w=270/da/cms-assets/cms/product/cc621f07-2aa2-407e-b764-06dc2e6c979b.png
2026-06-05 17:43:38.920 | INFO     | __main__:process_urls_for_product:190 - Verified Source Attribution | Product: 82a85efc7ae2 | File: 82a85efc7ae2_005.jpg | Source: blinkit | URL: https://cdn.grofers.com/cdn-cgi/image/f=auto,fit=scale-down,q=70,metadata=none,w=270/da/cms-assets/cms/product/ece92beb-c310-4ef0-8b4a-c8006ed8d842.png
2026-06-05 17:43:39.160 | INFO     | __main__:process_urls_for_product:190 - Verified Source Attribution | Product: 82a85efc7ae2 | File: 82a85efc7ae2_006.jpg | Source: blinkit | URL: https://cdn.grofers.com/cdn-cgi/image/f=auto,fit=scale-down,q=70,metadata=none,w=270/da/cms-assets/cms/product/58b3bb48-cfea-4f6c-85b4-9e3de35adcee.png
2026-06-05 17:43:39.408 | INFO     | __main__:process_urls_for_product:190 - Verified Source Attribution | Product: 82a85efc7ae2 | File: 82a85efc7ae2_007.jpg | Source: blinkit | URL: https://cdn.grofers.com/cdn-cgi/image/f=auto,fit=scale-down,q=70,metadata=none,w=270/da/cms-assets/cms/product/0d7be3e9-be3e-4fa3-8507-0c6d1dd7f31f.png
2026-06-05 17:43:39.652 | INFO     | __main__:process_urls_for_product:190 - Verified Source Attribution | Product: 82a85efc7ae2 | File: 82a85efc7ae2_008.jpg | Source: blinkit | URL: https://cdn.grofers.com/cdn-cgi/image/f=auto,fit=scale-down,q=70,metadata=none,w=270/da/cms-assets/cms/product/89c73c28-0ab5-4f86-a0d3-1a0e34724a81.png
2026-06-05 17:43:39.898 | INFO     | __main__:process_urls_for_product:190 - Verified Source Attribution | Product: 82a85efc7ae2 | File: 82a85efc7ae2_009.jpg | Source: blinkit | URL: https://cdn.grofers.com/cdn-cgi/image/f=auto,fit=scale-down,q=70,metadata=none,w=270/da/cms-assets/cms/product/fc21c27d-f16e-4e17-adf5-81e2a94c18d7.png
2026-06-05 17:43:40.131 | INFO     | __main__:process_urls_for_product:190 - Verified Source Attribution | Product: 82a85efc7ae2 | File: 82a85efc7ae2_010.jpg | Source: blinkit | URL: https://cdn.grofers.com/cdn-cgi/image/f=auto,fit=scale-down,q=70,metadata=none,w=270/da/cms-assets/cms/product/rc-upload-1776170193370-410.png
2026-06-05 17:43:40.363 | INFO     | __main__:process_urls_for_product:190 - Verified Source Attribution | Product: 82a85efc7ae2 | File: 82a85efc7ae2_011.jpg | Source: blinkit | URL: https://cdn.grofers.com/cdn-cgi/image/f=auto,fit=scale-down,q=70,metadata=none,w=270/da/cms-assets/cms/product/484c2557-7300-4cc6-9816-a615bfc9b1a5.png
2026-06-05 17:43:40.594 | INFO     | __main__:process_urls_for_product:190 - Verified Source Attribution | Product: 82a85efc7ae2 | File: 82a85efc7ae2_012.jpg | Source: blinkit | URL: https://cdn.grofers.com/cdn-cgi/image/f=auto,fit=scale-down,q=70,metadata=none,w=270/da/cms-assets/cms/product/rc-upload-1776859606016-264.png
2026-06-05 17:43:40.832 | INFO     | __main__:process_urls_for_product:190 - Verified Source Attribution | Product: 82a85efc7ae2 | File: 82a85efc7ae2_013.jpg | Source: blinkit | URL: https://cdn.grofers.com/cdn-cgi/image/f=auto,fit=scale-down,q=70,metadata=none,w=270/da/cms-assets/cms/product/6b6aebe3-c079-44af-8124-3da152d1a2dd.png
2026-06-05 17:43:41.069 | INFO     | __main__:process_urls_for_product:190 - Verified Source Attribution | Product: 82a85efc7ae2 | File: 82a85efc7ae2_014.jpg | Source: blinkit | URL: https://cdn.grofers.com/cdn-cgi/image/f=auto,fit=scale-down,q=70,metadata=none,w=270/da/cms-assets/cms/product/f97ab23a-b1fa-41f1-be54-14e8323a04ae.png
2026-06-05 17:43:41.324 | INFO     | __main__:process_urls_for_product:190 - Verified Source Attribution | Product: 82a85efc7ae2 | File: 82a85efc7ae2_015.jpg | Source: blinkit | URL: https://cdn.grofers.com/cdn-cgi/image/f=auto,fit=scale-down,q=70,metadata=none,w=270/da/cms-assets/cms/product/rc-upload-1771342312390-24.png
2026-06-05 17:43:44.153 | INFO     | nure.image_sources:collect_amazon_images:178 - Amazon 'Laxmi Chana Dal Split Chickpeas': 2 URLs
2026-06-05 17:43:45.804 | INFO     | nure.image_sources:collect_bing_images:149 - Bing 'Laxmi Chana Dal Split Chickpeas': 0 URLs
2026-06-05 17:44:22.463 | INFO     | __main__:process_urls_for_product:190 - Verified Source Attribution | Product: c280cbf9024c | File: c280cbf9024c_000.jpg | Source: amazon | URL: https://m.media-amazon.com/images/I/31Ip4aURUpL.png
2026-06-05 17:44:24.016 | INFO     | __main__:process_urls_for_product:190 - Verified Source Attribution | Product: c280cbf9024c | File: c280cbf9024c_001.jpg | Source: amazon | URL: https://m.media-amazon.com/images/I/71ihk-uRlAL.jpg
2026-06-05 17:44:24.175 | INFO     | __main__:download_product_images:223 - Product c280cbf9024c has 2 images (min 10). Using Playwright fallback.
2026-06-05 17:44:27.567 | INFO     | nure.playwright_sources:collect_playwright_images:99 - Playwright blinkit 'Laxmi Chana Dal Split Chickpea': 15 URLs
2026-06-05 17:44:30.907 | DEBUG    | nure.playwright_sources:collect_playwright_images:95 - Playwright timeout for bigbasket on Laxmi Chana Dal Split Chickpea
2026-06-05 17:44:30.907 | INFO     | nure.playwright_sources:collect_playwright_images:99 - Playwright bigbasket 'Laxmi Chana Dal Split Chickpea': 0 URLs
2026-06-05 17:44:33.762 | INFO     | nure.playwright_sources:collect_playwright_images:99 - Playwright jiomart 'Laxmi Chana Dal Split Chickpea': 1 URLs
2026-06-05 17:44:36.506 | INFO     | nure.playwright_sources:collect_playwright_images:99 - Playwright flipkart 'Laxmi Chana Dal Split Chickpea': 0 URLs
2026-06-05 17:44:36.642 | INFO     | __main__:process_urls_for_product:190 - Verified Source Attribution | Product: c280cbf9024c | File: c280cbf9024c_002.jpg | Source: blinkit | URL: https://cdn.grofers.com/cdn-cgi/image/f=auto,fit=scale-down,q=70,metadata=none,w=270/da/cms-assets/cms/product/9ccc8b60-0a5c-4956-af7f-798cf1d4f585.png
2026-06-05 17:44:36.935 | INFO     | __main__:process_urls_for_product:190 - Verified Source Attribution | Product: c280cbf9024c | File: c280cbf9024c_003.jpg | Source: blinkit | URL: https://cdn.grofers.com/cdn-cgi/image/f=auto,fit=scale-down,q=70,metadata=none,w=270/da/cms-assets/cms/product/72b6d382-30b8-4aff-984d-9b4a4b6252e4.png
2026-06-05 17:44:37.185 | INFO     | __main__:process_urls_for_product:190 - Verified Source Attribution | Product: c280cbf9024c | File: c280cbf9024c_004.jpg | Source: blinkit | URL: https://cdn.grofers.com/cdn-cgi/image/f=auto,fit=scale-down,q=70,metadata=none,w=270/da/cms-assets/cms/product/cc621f07-2aa2-407e-b764-06dc2e6c979b.png
2026-06-05 17:44:37.434 | INFO     | __main__:process_urls_for_product:190 - Verified Source Attribution | Product: c280cbf9024c | File: c280cbf9024c_005.jpg | Source: blinkit | URL: https://cdn.grofers.com/cdn-cgi/image/f=auto,fit=scale-down,q=70,metadata=none,w=270/da/cms-assets/cms/product/rc-upload-1776170193370-410.png
2026-06-05 17:44:37.674 | INFO     | __main__:process_urls_for_product:190 - Verified Source Attribution | Product: c280cbf9024c | File: c280cbf9024c_006.jpg | Source: blinkit | URL: https://cdn.grofers.com/cdn-cgi/image/f=auto,fit=scale-down,q=70,metadata=none,w=270/da/cms-assets/cms/product/89c73c28-0ab5-4f86-a0d3-1a0e34724a81.png
2026-06-05 17:44:37.924 | INFO     | __main__:process_urls_for_product:190 - Verified Source Attribution | Product: c280cbf9024c | File: c280cbf9024c_007.jpg | Source: blinkit | URL: https://cdn.grofers.com/cdn-cgi/image/f=auto,fit=scale-down,q=70,metadata=none,w=270/da/cms-assets/cms/product/f97ab23a-b1fa-41f1-be54-14e8323a04ae.png
2026-06-05 17:44:38.168 | INFO     | __main__:process_urls_for_product:190 - Verified Source Attribution | Product: c280cbf9024c | File: c280cbf9024c_008.jpg | Source: blinkit | URL: https://cdn.grofers.com/cdn-cgi/image/f=auto,fit=scale-down,q=70,metadata=none,w=270/da/cms-assets/cms/product/b555378c-1582-4893-b233-43c54f269334.png
2026-06-05 17:44:38.405 | INFO     | __main__:process_urls_for_product:190 - Verified Source Attribution | Product: c280cbf9024c | File: c280cbf9024c_009.jpg | Source: blinkit | URL: https://cdn.grofers.com/cdn-cgi/image/f=auto,fit=scale-down,q=70,metadata=none,w=270/da/cms-assets/cms/product/ece92beb-c310-4ef0-8b4a-c8006ed8d842.png
2026-06-05 17:44:38.660 | INFO     | __main__:process_urls_for_product:190 - Verified Source Attribution | Product: c280cbf9024c | File: c280cbf9024c_010.jpg | Source: blinkit | URL: https://cdn.grofers.com/cdn-cgi/image/f=auto,fit=scale-down,q=70,metadata=none,w=270/da/cms-assets/cms/product/rc-upload-1776859606016-264.png
2026-06-05 17:44:38.906 | INFO     | __main__:process_urls_for_product:190 - Verified Source Attribution | Product: c280cbf9024c | File: c280cbf9024c_011.jpg | Source: blinkit | URL: https://cdn.grofers.com/cdn-cgi/image/f=auto,fit=scale-down,q=70,metadata=none,w=270/da/cms-assets/cms/product/6b6aebe3-c079-44af-8124-3da152d1a2dd.png
2026-06-05 17:44:39.204 | INFO     | __main__:process_urls_for_product:190 - Verified Source Attribution | Product: c280cbf9024c | File: c280cbf9024c_012.jpg | Source: blinkit | URL: https://cdn.grofers.com/cdn-cgi/image/f=auto,fit=scale-down,q=70,metadata=none,w=270/da/cms-assets/cms/product/d9439df0-f769-4091-a583-2d9bcbc08d5a.png
2026-06-05 17:44:39.455 | INFO     | __main__:process_urls_for_product:190 - Verified Source Attribution | Product: c280cbf9024c | File: c280cbf9024c_013.jpg | Source: blinkit | URL: https://cdn.grofers.com/cdn-cgi/image/f=auto,fit=scale-down,q=70,metadata=none,w=270/da/cms-assets/cms/product/6edeca68-6e99-42a4-855b-81fa187a4022.png
2026-06-05 17:44:39.710 | INFO     | __main__:process_urls_for_product:190 - Verified Source Attribution | Product: c280cbf9024c | File: c280cbf9024c_014.jpg | Source: blinkit | URL: https://cdn.grofers.com/cdn-cgi/image/f=auto,fit=scale-down,q=70,metadata=none,w=270/da/cms-assets/cms/product/82f88731-9539-4333-b24d-169dc12ead21.png
2026-06-05 17:44:39.956 | INFO     | __main__:process_urls_for_product:190 - Verified Source Attribution | Product: c280cbf9024c | File: c280cbf9024c_015.jpg | Source: blinkit | URL: https://cdn.grofers.com/cdn-cgi/image/f=auto,fit=scale-down,q=70,metadata=none,w=270/da/cms-assets/cms/product/484c2557-7300-4cc6-9816-a615bfc9b1a5.png
2026-06-05 17:45:51.529 | INFO     | __main__:download_product_images:223 - Product 42fcf66d82dc has 0 images (min 10). Using Playwright fallback.
2026-06-05 17:45:55.083 | INFO     | nure.playwright_sources:collect_playwright_images:99 - Playwright blinkit 'Saral CHANA DAL': 15 URLs
2026-06-05 17:45:58.505 | DEBUG    | nure.playwright_sources:collect_playwright_images:95 - Playwright timeout for bigbasket on Saral CHANA DAL
2026-06-05 17:45:58.506 | INFO     | nure.playwright_sources:collect_playwright_images:99 - Playwright bigbasket 'Saral CHANA DAL': 0 URLs
2026-06-05 17:46:01.458 | INFO     | nure.playwright_sources:collect_playwright_images:99 - Playwright jiomart 'Saral CHANA DAL': 1 URLs
2026-06-05 17:46:03.956 | INFO     | nure.playwright_sources:collect_playwright_images:99 - Playwright flipkart 'Saral CHANA DAL 2 lbs': 0 URLs
2026-06-05 17:46:04.096 | INFO     | __main__:process_urls_for_product:190 - Verified Source Attribution | Product: 42fcf66d82dc | File: 42fcf66d82dc_000.jpg | Source: blinkit | URL: https://cdn.grofers.com/cdn-cgi/image/f=auto,fit=scale-down,q=70,metadata=none,w=270/da/cms-assets/cms/product/72b6d382-30b8-4aff-984d-9b4a4b6252e4.png
2026-06-05 17:46:04.393 | INFO     | __main__:process_urls_for_product:190 - Verified Source Attribution | Product: 42fcf66d82dc | File: 42fcf66d82dc_001.jpg | Source: blinkit | URL: https://cdn.grofers.com/cdn-cgi/image/f=auto,fit=scale-down,q=70,metadata=none,w=270/da/cms-assets/cms/product/9ccc8b60-0a5c-4956-af7f-798cf1d4f585.png
2026-06-05 17:46:04.640 | INFO     | __main__:process_urls_for_product:190 - Verified Source Attribution | Product: 42fcf66d82dc | File: 42fcf66d82dc_002.jpg | Source: blinkit | URL: https://cdn.grofers.com/cdn-cgi/image/f=auto,fit=scale-down,q=70,metadata=none,w=270/da/cms-assets/cms/product/cc621f07-2aa2-407e-b764-06dc2e6c979b.png
2026-06-05 17:46:04.876 | INFO     | __main__:process_urls_for_product:190 - Verified Source Attribution | Product: 42fcf66d82dc | File: 42fcf66d82dc_003.jpg | Source: blinkit | URL: https://cdn.grofers.com/cdn-cgi/image/f=auto,fit=scale-down,q=70,metadata=none,w=270/da/cms-assets/cms/product/89c73c28-0ab5-4f86-a0d3-1a0e34724a81.png
2026-06-05 17:46:05.125 | INFO     | __main__:process_urls_for_product:190 - Verified Source Attribution | Product: 42fcf66d82dc | File: 42fcf66d82dc_004.jpg | Source: blinkit | URL: https://cdn.grofers.com/cdn-cgi/image/f=auto,fit=scale-down,q=70,metadata=none,w=270/da/cms-assets/cms/product/f97ab23a-b1fa-41f1-be54-14e8323a04ae.png
2026-06-05 17:46:05.363 | INFO     | __main__:process_urls_for_product:190 - Verified Source Attribution | Product: 42fcf66d82dc | File: 42fcf66d82dc_005.jpg | Source: blinkit | URL: https://cdn.grofers.com/cdn-cgi/image/f=auto,fit=scale-down,q=70,metadata=none,w=270/da/cms-assets/cms/product/ece92beb-c310-4ef0-8b4a-c8006ed8d842.png
2026-06-05 17:46:05.609 | INFO     | __main__:process_urls_for_product:190 - Verified Source Attribution | Product: 42fcf66d82dc | File: 42fcf66d82dc_006.jpg | Source: blinkit | URL: https://cdn.grofers.com/cdn-cgi/image/f=auto,fit=scale-down,q=70,metadata=none,w=270/da/cms-assets/cms/product/rc-upload-1776170193370-410.png
2026-06-05 17:46:05.859 | INFO     | __main__:process_urls_for_product:190 - Verified Source Attribution | Product: 42fcf66d82dc | File: 42fcf66d82dc_007.jpg | Source: blinkit | URL: https://cdn.grofers.com/cdn-cgi/image/f=auto,fit=scale-down,q=70,metadata=none,w=270/da/cms-assets/cms/product/1633253e-8ca3-47c7-88a6-b3358bc2bc61.png
2026-06-05 17:46:06.122 | INFO     | __main__:process_urls_for_product:190 - Verified Source Attribution | Product: 42fcf66d82dc | File: 42fcf66d82dc_008.jpg | Source: blinkit | URL: https://cdn.grofers.com/cdn-cgi/image/f=auto,fit=scale-down,q=70,metadata=none,w=270/da/cms-assets/cms/product/8f0c5b36-ed5f-4d14-aa4f-538d1798cd81.png
2026-06-05 17:46:06.373 | INFO     | __main__:process_urls_for_product:190 - Verified Source Attribution | Product: 42fcf66d82dc | File: 42fcf66d82dc_009.jpg | Source: blinkit | URL: https://cdn.grofers.com/cdn-cgi/image/f=auto,fit=scale-down,q=70,metadata=none,w=270/da/cms-assets/cms/product/6b6aebe3-c079-44af-8124-3da152d1a2dd.png
2026-06-05 17:46:06.621 | INFO     | __main__:process_urls_for_product:190 - Verified Source Attribution | Product: 42fcf66d82dc | File: 42fcf66d82dc_010.jpg | Source: blinkit | URL: https://cdn.grofers.com/cdn-cgi/image/f=auto,fit=scale-down,q=70,metadata=none,w=270/da/cms-assets/cms/product/4c138c46-341f-446d-afc2-a2d6f517eefe.png
2026-06-05 17:46:06.879 | INFO     | __main__:process_urls_for_product:190 - Verified Source Attribution | Product: 42fcf66d82dc | File: 42fcf66d82dc_011.jpg | Source: blinkit | URL: https://cdn.grofers.com/cdn-cgi/image/f=auto,fit=scale-down,q=70,metadata=none,w=270/da/cms-assets/cms/product/b555378c-1582-4893-b233-43c54f269334.png
2026-06-05 17:46:07.117 | INFO     | __main__:process_urls_for_product:190 - Verified Source Attribution | Product: 42fcf66d82dc | File: 42fcf66d82dc_012.jpg | Source: blinkit | URL: https://cdn.grofers.com/cdn-cgi/image/f=auto,fit=scale-down,q=70,metadata=none,w=270/da/cms-assets/cms/product/484c2557-7300-4cc6-9816-a615bfc9b1a5.png
2026-06-05 17:46:07.372 | INFO     | __main__:process_urls_for_product:190 - Verified Source Attribution | Product: 42fcf66d82dc | File: 42fcf66d82dc_013.jpg | Source: blinkit | URL: https://cdn.grofers.com/cdn-cgi/image/f=auto,fit=scale-down,q=70,metadata=none,w=270/da/cms-assets/cms/product/82f88731-9539-4333-b24d-169dc12ead21.png
2026-06-05 17:46:10.255 | INFO     | nure.image_sources:collect_amazon_images:178 - Amazon 'Fazlani Foods Fazlani foods, rajma masal': 3 URLs
2026-06-05 17:46:47.741 | INFO     | __main__:process_urls_for_product:190 - Verified Source Attribution | Product: a202da3453a7 | File: a202da3453a7_000.jpg | Source: amazon | URL: https://m.media-amazon.com/images/I/31Ip4aURUpL.png
2026-06-05 17:46:48.359 | INFO     | __main__:process_urls_for_product:190 - Verified Source Attribution | Product: a202da3453a7 | File: a202da3453a7_001.jpg | Source: amazon | URL: https://m.media-amazon.com/images/I/6176YsponDL.jpg
2026-06-05 17:46:49.377 | INFO     | __main__:process_urls_for_product:190 - Verified Source Attribution | Product: a202da3453a7 | File: a202da3453a7_002.jpg | Source: amazon | URL: https://m.media-amazon.com/images/I/71VEhonAugL.jpg
2026-06-05 17:46:49.537 | INFO     | __main__:download_product_images:223 - Product a202da3453a7 has 3 images (min 10). Using Playwright fallback.
2026-06-05 17:46:53.222 | INFO     | nure.playwright_sources:collect_playwright_images:99 - Playwright blinkit 'Fazlani Foods Fazlani foods, r': 15 URLs
2026-06-05 17:46:56.598 | DEBUG    | nure.playwright_sources:collect_playwright_images:95 - Playwright timeout for bigbasket on Fazlani Foods Fazlani foods, r
2026-06-05 17:46:56.598 | INFO     | nure.playwright_sources:collect_playwright_images:99 - Playwright bigbasket 'Fazlani Foods Fazlani foods, r': 0 URLs
2026-06-05 17:46:58.867 | INFO     | nure.playwright_sources:collect_playwright_images:99 - Playwright jiomart 'Fazlani Foods Fazlani foods, r': 1 URLs
2026-06-05 17:47:01.844 | INFO     | nure.playwright_sources:collect_playwright_images:99 - Playwright flipkart 'Fazlani Foods Fazlani foods, r': 0 URLs
2026-06-05 17:47:02.050 | INFO     | __main__:process_urls_for_product:190 - Verified Source Attribution | Product: a202da3453a7 | File: a202da3453a7_003.jpg | Source: blinkit | URL: https://cdn.grofers.com/cdn-cgi/image/f=auto,fit=scale-down,q=70,metadata=none,w=270/da/cms-assets/cms/product/34eb3f9a-16ed-4887-beb5-1749c6f90b98.png
2026-06-05 17:47:02.351 | INFO     | __main__:process_urls_for_product:190 - Verified Source Attribution | Product: a202da3453a7 | File: a202da3453a7_004.jpg | Source: blinkit | URL: https://cdn.grofers.com/cdn-cgi/image/f=auto,fit=scale-down,q=70,metadata=none,w=270/da/cms-assets/cms/product/426befa5-a528-4356-b699-291611f09257.png
2026-06-05 17:47:02.597 | INFO     | __main__:process_urls_for_product:190 - Verified Source Attribution | Product: a202da3453a7 | File: a202da3453a7_005.jpg | Source: blinkit | URL: https://cdn.grofers.com/cdn-cgi/image/f=auto,fit=scale-down,q=70,metadata=none,w=270/da/cms-assets/cms/product/0bdb6582-bfb8-4b6f-be84-37644e8c39ab.png
2026-06-05 17:47:02.885 | INFO     | __main__:process_urls_for_product:190 - Verified Source Attribution | Product: a202da3453a7 | File: a202da3453a7_006.jpg | Source: blinkit | URL: https://cdn.grofers.com/cdn-cgi/image/f=auto,fit=scale-down,q=70,metadata=none,w=270/da/cms-assets/cms/product/a7a2c47c-213c-4b3d-99a9-f4b5dfac957f.png
2026-06-05 17:47:03.145 | INFO     | __main__:process_urls_for_product:190 - Verified Source Attribution | Product: a202da3453a7 | File: a202da3453a7_007.jpg | Source: blinkit | URL: https://cdn.grofers.com/cdn-cgi/image/f=auto,fit=scale-down,q=70,metadata=none,w=270/da/cms-assets/cms/product/606d6220-d772-4dc4-b61d-e27e7fb319af.png
2026-06-05 17:47:03.385 | INFO     | __main__:process_urls_for_product:190 - Verified Source Attribution | Product: a202da3453a7 | File: a202da3453a7_008.jpg | Source: blinkit | URL: https://cdn.grofers.com/cdn-cgi/image/f=auto,fit=scale-down,q=70,metadata=none,w=270/da/cms-assets/cms/product/cc58c538-ba25-485e-92f6-f4ab7c7018c0.png
2026-06-05 17:47:03.637 | INFO     | __main__:process_urls_for_product:190 - Verified Source Attribution | Product: a202da3453a7 | File: a202da3453a7_009.jpg | Source: blinkit | URL: https://cdn.grofers.com/cdn-cgi/image/f=auto,fit=scale-down,q=70,metadata=none,w=270/da/cms-assets/cms/product/b1d83a9b-c84d-4063-bf6b-757cfb6e1569.png
2026-06-05 17:47:03.906 | INFO     | __main__:process_urls_for_product:190 - Verified Source Attribution | Product: a202da3453a7 | File: a202da3453a7_010.jpg | Source: blinkit | URL: https://cdn.grofers.com/cdn-cgi/image/f=auto,fit=scale-down,q=70,metadata=none,w=270/da/cms-assets/cms/product/0f0d2f5c-862b-4abb-8d6f-760d7b1936cd.png
2026-06-05 17:47:04.191 | INFO     | __main__:process_urls_for_product:190 - Verified Source Attribution | Product: a202da3453a7 | File: a202da3453a7_011.jpg | Source: blinkit | URL: https://cdn.grofers.com/cdn-cgi/image/f=auto,fit=scale-down,q=70,metadata=none,w=270/da/cms-assets/cms/product/678f3eeb-1cd2-41f3-87ee-0745a9188655.png
2026-06-05 17:47:04.442 | INFO     | __main__:process_urls_for_product:190 - Verified Source Attribution | Product: a202da3453a7 | File: a202da3453a7_012.jpg | Source: blinkit | URL: https://cdn.grofers.com/cdn-cgi/image/f=auto,fit=scale-down,q=70,metadata=none,w=270/da/cms-assets/cms/product/8d52bdbb-d0c0-4d8b-903e-8daa4ebb63fd.png
2026-06-05 17:47:04.733 | INFO     | __main__:process_urls_for_product:190 - Verified Source Attribution | Product: a202da3453a7 | File: a202da3453a7_013.jpg | Source: blinkit | URL: https://cdn.grofers.com/cdn-cgi/image/f=auto,fit=scale-down,q=70,metadata=none,w=270/da/cms-assets/cms/product/c7d47384-7191-4d51-96fb-ab582a839850.png
2026-06-05 17:47:04.985 | INFO     | __main__:process_urls_for_product:190 - Verified Source Attribution | Product: a202da3453a7 | File: a202da3453a7_014.jpg | Source: blinkit | URL: https://cdn.grofers.com/cdn-cgi/image/f=auto,fit=scale-down,q=70,metadata=none,w=270/da/cms-assets/cms/product/rc-upload-1777456672791-473.png
2026-06-05 17:47:05.286 | INFO     | __main__:process_urls_for_product:190 - Verified Source Attribution | Product: a202da3453a7 | File: a202da3453a7_015.jpg | Source: blinkit | URL: https://cdn.grofers.com/cdn-cgi/image/f=auto,fit=scale-down,q=70,metadata=none,w=270/da/cms-assets/cms/product/301e07b6-ef16-4a6d-ad2d-fd4d8af3015c.png
2026-06-05 17:47:05.535 | INFO     | __main__:process_urls_for_product:190 - Verified Source Attribution | Product: a202da3453a7 | File: a202da3453a7_016.jpg | Source: blinkit | URL: https://cdn.grofers.com/cdn-cgi/image/f=auto,fit=scale-down,q=70,metadata=none,w=270/da/cms-assets/cms/product/cb01ab35-aec2-4674-be77-f0146b284bcb.png
2026-06-05 17:47:09.162 | INFO     | nure.image_sources:collect_amazon_images:178 - Amazon 'ITC Kitchens Of India, Red Kidney Beans ': 3 URLs
2026-06-05 17:47:47.085 | INFO     | __main__:process_urls_for_product:190 - Verified Source Attribution | Product: 88ec3bcc5fa6 | File: 88ec3bcc5fa6_000.jpg | Source: amazon | URL: https://m.media-amazon.com/images/I/31Ip4aURUpL.png
2026-06-05 17:47:48.116 | INFO     | __main__:process_urls_for_product:190 - Verified Source Attribution | Product: 88ec3bcc5fa6 | File: 88ec3bcc5fa6_001.jpg | Source: amazon | URL: https://m.media-amazon.com/images/I/71VEhonAugL.jpg
2026-06-05 17:47:49.237 | INFO     | __main__:process_urls_for_product:190 - Verified Source Attribution | Product: 88ec3bcc5fa6 | File: 88ec3bcc5fa6_002.jpg | Source: amazon | URL: https://m.media-amazon.com/images/I/71ICs3zcOfL.jpg
2026-06-05 17:47:49.400 | INFO     | __main__:download_product_images:223 - Product 88ec3bcc5fa6 has 3 images (min 10). Using Playwright fallback.
2026-06-05 17:47:53.226 | INFO     | nure.playwright_sources:collect_playwright_images:99 - Playwright blinkit 'ITC Kitchens Of India, Red Kid': 15 URLs
2026-06-05 17:47:56.625 | DEBUG    | nure.playwright_sources:collect_playwright_images:95 - Playwright timeout for bigbasket on ITC Kitchens Of India, Red Kid
2026-06-05 17:47:56.626 | INFO     | nure.playwright_sources:collect_playwright_images:99 - Playwright bigbasket 'ITC Kitchens Of India, Red Kid': 0 URLs
2026-06-05 17:47:58.813 | INFO     | nure.playwright_sources:collect_playwright_images:99 - Playwright jiomart 'ITC Kitchens Of India, Red Kid': 1 URLs
2026-06-05 17:48:01.500 | INFO     | nure.playwright_sources:collect_playwright_images:99 - Playwright flipkart 'ITC Kitchens Of India, Red Kid': 0 URLs
2026-06-05 17:48:01.640 | INFO     | __main__:process_urls_for_product:190 - Verified Source Attribution | Product: 88ec3bcc5fa6 | File: 88ec3bcc5fa6_003.jpg | Source: blinkit | URL: https://cdn.grofers.com/cdn-cgi/image/f=auto,fit=scale-down,q=70,metadata=none,w=270/da/cms-assets/cms/product/f8863d0a-8d5c-4eee-aefc-981f283576bb.png
2026-06-05 17:48:01.934 | INFO     | __main__:process_urls_for_product:190 - Verified Source Attribution | Product: 88ec3bcc5fa6 | File: 88ec3bcc5fa6_004.jpg | Source: blinkit | URL: https://cdn.grofers.com/cdn-cgi/image/f=auto,fit=scale-down,q=70,metadata=none,w=270/da/cms-assets/cms/product/4d8af862-8bca-45e1-b05a-ac9343412524.png
2026-06-05 17:48:02.183 | INFO     | __main__:process_urls_for_product:190 - Verified Source Attribution | Product: 88ec3bcc5fa6 | File: 88ec3bcc5fa6_005.jpg | Source: blinkit | URL: https://cdn.grofers.com/cdn-cgi/image/f=auto,fit=scale-down,q=70,metadata=none,w=270/da/cms-assets/cms/product/9dc0163b-9ef4-4329-a93f-11ee31d7372d.png
2026-06-05 17:48:02.437 | INFO     | __main__:process_urls_for_product:190 - Verified Source Attribution | Product: 88ec3bcc5fa6 | File: 88ec3bcc5fa6_006.jpg | Source: blinkit | URL: https://cdn.grofers.com/cdn-cgi/image/f=auto,fit=scale-down,q=70,metadata=none,w=270/da/cms-assets/cms/product/84fb03e5-57e0-46f8-ba78-fc31c479fd08.png
2026-06-05 17:48:02.681 | INFO     | __main__:process_urls_for_product:190 - Verified Source Attribution | Product: 88ec3bcc5fa6 | File: 88ec3bcc5fa6_007.jpg | Source: blinkit | URL: https://cdn.grofers.com/cdn-cgi/image/f=auto,fit=scale-down,q=70,metadata=none,w=270/da/cms-assets/cms/product/rc-upload-1770272975530-88.png
2026-06-05 17:48:02.930 | INFO     | __main__:process_urls_for_product:190 - Verified Source Attribution | Product: 88ec3bcc5fa6 | File: 88ec3bcc5fa6_008.jpg | Source: blinkit | URL: https://cdn.grofers.com/cdn-cgi/image/f=auto,fit=scale-down,q=70,metadata=none,w=270/da/cms-assets/cms/product/5d17e7c1-ca64-4e9e-b85d-e0e6debdeca4.png
2026-06-05 17:48:03.180 | INFO     | __main__:process_urls_for_product:190 - Verified Source Attribution | Product: 88ec3bcc5fa6 | File: 88ec3bcc5fa6_009.jpg | Source: blinkit | URL: https://cdn.grofers.com/cdn-cgi/image/f=auto,fit=scale-down,q=70,metadata=none,w=270/da/cms-assets/cms/product/2b1e01a0-bfbf-46ea-8875-535f5e95052d.png
2026-06-05 17:48:03.430 | INFO     | __main__:process_urls_for_product:190 - Verified Source Attribution | Product: 88ec3bcc5fa6 | File: 88ec3bcc5fa6_010.jpg | Source: blinkit | URL: https://cdn.grofers.com/cdn-cgi/image/f=auto,fit=scale-down,q=70,metadata=none,w=270/da/cms-assets/cms/product/e576c372-ca0a-40a8-b61f-9bdd78716282.png
2026-06-05 17:48:03.673 | INFO     | __main__:process_urls_for_product:190 - Verified Source Attribution | Product: 88ec3bcc5fa6 | File: 88ec3bcc5fa6_011.jpg | Source: blinkit | URL: https://cdn.grofers.com/cdn-cgi/image/f=auto,fit=scale-down,q=70,metadata=none,w=270/da/cms-assets/cms/product/rc-upload-1777980652245-87.png
2026-06-05 17:48:03.914 | INFO     | __main__:process_urls_for_product:190 - Verified Source Attribution | Product: 88ec3bcc5fa6 | File: 88ec3bcc5fa6_012.jpg | Source: blinkit | URL: https://cdn.grofers.com/cdn-cgi/image/f=auto,fit=scale-down,q=70,metadata=none,w=270/da/cms-assets/cms/product/637b0b9e-05c1-43a3-93ff-34523c34f2b5.png
2026-06-05 17:48:04.183 | INFO     | __main__:process_urls_for_product:190 - Verified Source Attribution | Product: 88ec3bcc5fa6 | File: 88ec3bcc5fa6_013.jpg | Source: blinkit | URL: https://cdn.grofers.com/cdn-cgi/image/f=auto,fit=scale-down,q=70,metadata=none,w=270/da/cms-assets/cms/product/79725b12-0409-4f69-9cde-0924965a4e39.png
2026-06-05 17:48:04.437 | INFO     | __main__:process_urls_for_product:190 - Verified Source Attribution | Product: 88ec3bcc5fa6 | File: 88ec3bcc5fa6_014.jpg | Source: blinkit | URL: https://cdn.grofers.com/cdn-cgi/image/f=auto,fit=scale-down,q=70,metadata=none,w=270/da/cms-assets/cms/product/f79affc6-4da0-4904-a834-c28992bbccf2.png
2026-06-05 17:48:04.678 | INFO     | __main__:process_urls_for_product:190 - Verified Source Attribution | Product: 88ec3bcc5fa6 | File: 88ec3bcc5fa6_015.jpg | Source: blinkit | URL: https://cdn.grofers.com/cdn-cgi/image/f=auto,fit=scale-down,q=70,metadata=none,w=270/da/cms-assets/cms/product/rc-upload-1773385515396-890.png
2026-06-05 17:48:04.925 | INFO     | __main__:process_urls_for_product:190 - Verified Source Attribution | Product: 88ec3bcc5fa6 | File: 88ec3bcc5fa6_016.jpg | Source: blinkit | URL: https://cdn.grofers.com/cdn-cgi/image/f=auto,fit=scale-down,q=70,metadata=none,w=270/da/cms-assets/cms/product/a7a2c47c-213c-4b3d-99a9-f4b5dfac957f.png
2026-06-05 17:49:16.289 | INFO     | __main__:download_product_images:223 - Product e4626b7e9f67 has 0 images (min 10). Using Playwright fallback.
2026-06-05 17:49:19.863 | INFO     | nure.playwright_sources:collect_playwright_images:99 - Playwright blinkit 'Ashoka Shashi Rajma': 15 URLs
2026-06-05 17:49:23.282 | DEBUG    | nure.playwright_sources:collect_playwright_images:95 - Playwright timeout for bigbasket on Ashoka Shashi Rajma
2026-06-05 17:49:23.282 | INFO     | nure.playwright_sources:collect_playwright_images:99 - Playwright bigbasket 'Ashoka Shashi Rajma': 0 URLs
2026-06-05 17:49:25.522 | INFO     | nure.playwright_sources:collect_playwright_images:99 - Playwright jiomart 'Ashoka Shashi Rajma': 1 URLs
2026-06-05 17:49:28.338 | INFO     | nure.playwright_sources:collect_playwright_images:99 - Playwright flipkart 'Ashoka Shashi Rajma 10 oz': 0 URLs
2026-06-05 17:49:28.510 | INFO     | __main__:process_urls_for_product:190 - Verified Source Attribution | Product: e4626b7e9f67 | File: e4626b7e9f67_000.jpg | Source: blinkit | URL: https://cdn.grofers.com/cdn-cgi/image/f=auto,fit=scale-down,q=70,metadata=none,w=270/da/cms-assets/cms/product/rc-upload-1777456672791-452.png
2026-06-05 17:49:28.809 | INFO     | __main__:process_urls_for_product:190 - Verified Source Attribution | Product: e4626b7e9f67 | File: e4626b7e9f67_001.jpg | Source: blinkit | URL: https://cdn.grofers.com/cdn-cgi/image/f=auto,fit=scale-down,q=70,metadata=none,w=270/da/cms-assets/cms/product/rc-upload-1777287844551-473.png
2026-06-05 17:49:29.093 | INFO     | __main__:process_urls_for_product:190 - Verified Source Attribution | Product: e4626b7e9f67 | File: e4626b7e9f67_002.jpg | Source: blinkit | URL: https://cdn.grofers.com/cdn-cgi/image/f=auto,fit=scale-down,q=70,metadata=none,w=270/da/cms-assets/cms/product/rc-upload-1777287844551-391.png
2026-06-05 17:49:29.342 | INFO     | __main__:process_urls_for_product:190 - Verified Source Attribution | Product: e4626b7e9f67 | File: e4626b7e9f67_003.jpg | Source: blinkit | URL: https://cdn.grofers.com/cdn-cgi/image/f=auto,fit=scale-down,q=70,metadata=none,w=270/da/cms-assets/cms/product/c7d47384-7191-4d51-96fb-ab582a839850.png
2026-06-05 17:49:29.575 | INFO     | __main__:process_urls_for_product:190 - Verified Source Attribution | Product: e4626b7e9f67 | File: e4626b7e9f67_004.jpg | Source: blinkit | URL: https://cdn.grofers.com/cdn-cgi/image/f=auto,fit=scale-down,q=70,metadata=none,w=270/da/cms-assets/cms/product/95a67076-bb1b-47cd-8bcc-c6ba37d67c48.png
2026-06-05 17:49:29.942 | INFO     | __main__:process_urls_for_product:190 - Verified Source Attribution | Product: e4626b7e9f67 | File: e4626b7e9f67_005.jpg | Source: blinkit | URL: https://cdn.grofers.com/cdn-cgi/image/f=auto,fit=scale-down,q=70,metadata=none,w=270/da/cms-assets/cms/product/5474c0ea-a7d7-41fa-86e6-f2dcb23c6304.png
2026-06-05 17:49:30.190 | INFO     | __main__:process_urls_for_product:190 - Verified Source Attribution | Product: e4626b7e9f67 | File: e4626b7e9f67_006.jpg | Source: blinkit | URL: https://cdn.grofers.com/cdn-cgi/image/f=auto,fit=scale-down,q=70,metadata=none,w=270/da/cms-assets/cms/product/bcc4ec2b-2da6-4e93-917e-e32c4ba1db16.png
2026-06-05 17:49:30.436 | INFO     | __main__:process_urls_for_product:190 - Verified Source Attribution | Product: e4626b7e9f67 | File: e4626b7e9f67_007.jpg | Source: blinkit | URL: https://cdn.grofers.com/cdn-cgi/image/f=auto,fit=scale-down,q=70,metadata=none,w=270/da/cms-assets/cms/product/79e36e4e-e76e-4ec3-ba1d-4a8905bca342.png
2026-06-05 17:49:30.687 | INFO     | __main__:process_urls_for_product:190 - Verified Source Attribution | Product: e4626b7e9f67 | File: e4626b7e9f67_008.jpg | Source: blinkit | URL: https://cdn.grofers.com/cdn-cgi/image/f=auto,fit=scale-down,q=70,metadata=none,w=270/da/cms-assets/cms/product/rc-upload-1777456672791-473.png
2026-06-05 17:49:30.931 | INFO     | __main__:process_urls_for_product:190 - Verified Source Attribution | Product: e4626b7e9f67 | File: e4626b7e9f67_009.jpg | Source: blinkit | URL: https://cdn.grofers.com/cdn-cgi/image/f=auto,fit=scale-down,q=70,metadata=none,w=270/da/cms-assets/cms/product/767ca244-37d1-4e70-a1fd-6b3457cee5d9.png
2026-06-05 17:49:31.185 | INFO     | __main__:process_urls_for_product:190 - Verified Source Attribution | Product: e4626b7e9f67 | File: e4626b7e9f67_010.jpg | Source: blinkit | URL: https://cdn.grofers.com/cdn-cgi/image/f=auto,fit=scale-down,q=70,metadata=none,w=270/da/cms-assets/cms/product/d50f7782-9247-4025-a746-0a34f5bf8099.png
2026-06-05 17:49:31.447 | INFO     | __main__:process_urls_for_product:190 - Verified Source Attribution | Product: e4626b7e9f67 | File: e4626b7e9f67_011.jpg | Source: blinkit | URL: https://cdn.grofers.com/cdn-cgi/image/f=auto,fit=scale-down,q=70,metadata=none,w=270/da/cms-assets/cms/product/a12d02cb-2896-4501-96f7-7e2762302f55.png
2026-06-05 17:49:31.696 | INFO     | __main__:process_urls_for_product:190 - Verified Source Attribution | Product: e4626b7e9f67 | File: e4626b7e9f67_012.jpg | Source: blinkit | URL: https://cdn.grofers.com/cdn-cgi/image/f=auto,fit=scale-down,q=70,metadata=none,w=270/da/cms-assets/cms/product/5a83556a-ae47-4360-9480-051ecc3b5297.png
2026-06-05 17:52:24.558 | INFO     | __main__:download_product_images:223 - Product ae43e6029b5e has 0 images (min 10). Using Playwright fallback.
2026-06-05 17:52:28.016 | INFO     | nure.playwright_sources:collect_playwright_images:99 - Playwright blinkit 'ASHOKA Rajma pulao': 15 URLs
2026-06-05 17:52:31.431 | DEBUG    | nure.playwright_sources:collect_playwright_images:95 - Playwright timeout for bigbasket on ASHOKA Rajma pulao
2026-06-05 17:52:31.432 | INFO     | nure.playwright_sources:collect_playwright_images:99 - Playwright bigbasket 'ASHOKA Rajma pulao': 0 URLs
2026-06-05 17:52:33.700 | INFO     | nure.playwright_sources:collect_playwright_images:99 - Playwright jiomart 'ASHOKA Rajma pulao': 1 URLs
2026-06-05 17:52:36.290 | INFO     | nure.playwright_sources:collect_playwright_images:99 - Playwright flipkart 'ASHOKA Rajma pulao 280g': 0 URLs
2026-06-05 17:52:36.415 | INFO     | __main__:process_urls_for_product:190 - Verified Source Attribution | Product: ae43e6029b5e | File: ae43e6029b5e_000.jpg | Source: blinkit | URL: https://cdn.grofers.com/cdn-cgi/image/f=auto,fit=scale-down,q=70,metadata=none,w=270/da/cms-assets/cms/product/95a67076-bb1b-47cd-8bcc-c6ba37d67c48.png
2026-06-05 17:52:36.706 | INFO     | __main__:process_urls_for_product:190 - Verified Source Attribution | Product: ae43e6029b5e | File: ae43e6029b5e_001.jpg | Source: blinkit | URL: https://cdn.grofers.com/cdn-cgi/image/f=auto,fit=scale-down,q=70,metadata=none,w=270/da/cms-assets/cms/product/rc-upload-1777456672791-452.png
2026-06-05 17:52:36.953 | INFO     | __main__:process_urls_for_product:190 - Verified Source Attribution | Product: ae43e6029b5e | File: ae43e6029b5e_002.jpg | Source: blinkit | URL: https://cdn.grofers.com/cdn-cgi/image/f=auto,fit=scale-down,q=70,metadata=none,w=270/da/cms-assets/cms/product/79e36e4e-e76e-4ec3-ba1d-4a8905bca342.png
2026-06-05 17:52:37.188 | INFO     | __main__:process_urls_for_product:190 - Verified Source Attribution | Product: ae43e6029b5e | File: ae43e6029b5e_003.jpg | Source: blinkit | URL: https://cdn.grofers.com/cdn-cgi/image/f=auto,fit=scale-down,q=70,metadata=none,w=270/da/cms-assets/cms/product/b1d83a9b-c84d-4063-bf6b-757cfb6e1569.png
2026-06-05 17:52:37.437 | INFO     | __main__:process_urls_for_product:190 - Verified Source Attribution | Product: ae43e6029b5e | File: ae43e6029b5e_004.jpg | Source: blinkit | URL: https://cdn.grofers.com/cdn-cgi/image/f=auto,fit=scale-down,q=70,metadata=none,w=270/da/cms-assets/cms/product/rc-upload-1777287844551-473.png
2026-06-05 17:52:37.691 | INFO     | __main__:process_urls_for_product:190 - Verified Source Attribution | Product: ae43e6029b5e | File: ae43e6029b5e_005.jpg | Source: blinkit | URL: https://cdn.grofers.com/cdn-cgi/image/f=auto,fit=scale-down,q=70,metadata=none,w=270/da/cms-assets/cms/product/c7d47384-7191-4d51-96fb-ab582a839850.png
2026-06-05 17:52:37.930 | INFO     | __main__:process_urls_for_product:190 - Verified Source Attribution | Product: ae43e6029b5e | File: ae43e6029b5e_006.jpg | Source: blinkit | URL: https://cdn.grofers.com/cdn-cgi/image/f=auto,fit=scale-down,q=70,metadata=none,w=270/da/cms-assets/cms/product/5474c0ea-a7d7-41fa-86e6-f2dcb23c6304.png
2026-06-05 17:52:38.171 | INFO     | __main__:process_urls_for_product:190 - Verified Source Attribution | Product: ae43e6029b5e | File: ae43e6029b5e_007.jpg | Source: blinkit | URL: https://cdn.grofers.com/cdn-cgi/image/f=auto,fit=scale-down,q=70,metadata=none,w=270/da/cms-assets/cms/product/a12d02cb-2896-4501-96f7-7e2762302f55.png
2026-06-05 17:52:38.418 | INFO     | __main__:process_urls_for_product:190 - Verified Source Attribution | Product: ae43e6029b5e | File: ae43e6029b5e_008.jpg | Source: blinkit | URL: https://cdn.grofers.com/cdn-cgi/image/f=auto,fit=scale-down,q=70,metadata=none,w=270/da/cms-assets/cms/product/767ca244-37d1-4e70-a1fd-6b3457cee5d9.png
2026-06-05 17:52:38.823 | INFO     | __main__:process_urls_for_product:190 - Verified Source Attribution | Product: ae43e6029b5e | File: ae43e6029b5e_009.jpg | Source: blinkit | URL: https://cdn.grofers.com/cdn-cgi/image/f=auto,fit=scale-down,q=70,metadata=none,w=270/da/cms-assets/cms/product/d50f7782-9247-4025-a746-0a34f5bf8099.png
2026-06-05 17:52:39.063 | INFO     | __main__:process_urls_for_product:190 - Verified Source Attribution | Product: ae43e6029b5e | File: ae43e6029b5e_010.jpg | Source: blinkit | URL: https://cdn.grofers.com/cdn-cgi/image/f=auto,fit=scale-down,q=70,metadata=none,w=270/da/cms-assets/cms/product/bcc4ec2b-2da6-4e93-917e-e32c4ba1db16.png
2026-06-05 17:52:39.351 | INFO     | __main__:process_urls_for_product:190 - Verified Source Attribution | Product: ae43e6029b5e | File: ae43e6029b5e_011.jpg | Source: blinkit | URL: https://cdn.grofers.com/cdn-cgi/image/f=auto,fit=scale-down,q=70,metadata=none,w=270/da/cms-assets/cms/product/b4d34c60-9c36-41c6-9c5e-757103f1243f.png
2026-06-05 17:53:51.568 | INFO     | __main__:download_product_images:223 - Product e22c1456b8cc has 0 images (min 10). Using Playwright fallback.
2026-06-05 17:53:55.294 | INFO     | nure.playwright_sources:collect_playwright_images:99 - Playwright blinkit 'MTR Rajma masala': 15 URLs
2026-06-05 17:53:58.681 | DEBUG    | nure.playwright_sources:collect_playwright_images:95 - Playwright timeout for bigbasket on MTR Rajma masala
2026-06-05 17:53:58.682 | INFO     | nure.playwright_sources:collect_playwright_images:99 - Playwright bigbasket 'MTR Rajma masala': 0 URLs
2026-06-05 17:54:01.124 | INFO     | nure.playwright_sources:collect_playwright_images:99 - Playwright jiomart 'MTR Rajma masala': 1 URLs
2026-06-05 17:54:03.536 | INFO     | nure.playwright_sources:collect_playwright_images:99 - Playwright flipkart 'MTR Rajma masala 300 g': 0 URLs
2026-06-05 17:54:03.681 | INFO     | __main__:process_urls_for_product:190 - Verified Source Attribution | Product: e22c1456b8cc | File: e22c1456b8cc_000.jpg | Source: blinkit | URL: https://cdn.grofers.com/cdn-cgi/image/f=auto,fit=scale-down,q=70,metadata=none,w=270/da/cms-assets/cms/product/426befa5-a528-4356-b699-291611f09257.png
2026-06-05 17:54:03.977 | INFO     | __main__:process_urls_for_product:190 - Verified Source Attribution | Product: e22c1456b8cc | File: e22c1456b8cc_001.jpg | Source: blinkit | URL: https://cdn.grofers.com/cdn-cgi/image/f=auto,fit=scale-down,q=70,metadata=none,w=270/da/cms-assets/cms/product/0bdb6582-bfb8-4b6f-be84-37644e8c39ab.png
2026-06-05 17:54:04.221 | INFO     | __main__:process_urls_for_product:190 - Verified Source Attribution | Product: e22c1456b8cc | File: e22c1456b8cc_002.jpg | Source: blinkit | URL: https://cdn.grofers.com/cdn-cgi/image/f=auto,fit=scale-down,q=70,metadata=none,w=270/da/cms-assets/cms/product/301e07b6-ef16-4a6d-ad2d-fd4d8af3015c.png
2026-06-05 17:54:04.450 | INFO     | __main__:process_urls_for_product:190 - Verified Source Attribution | Product: e22c1456b8cc | File: e22c1456b8cc_003.jpg | Source: blinkit | URL: https://cdn.grofers.com/cdn-cgi/image/f=auto,fit=scale-down,q=70,metadata=none,w=270/da/cms-assets/cms/product/34eb3f9a-16ed-4887-beb5-1749c6f90b98.png
2026-06-05 17:54:04.698 | INFO     | __main__:process_urls_for_product:190 - Verified Source Attribution | Product: e22c1456b8cc | File: e22c1456b8cc_004.jpg | Source: blinkit | URL: https://cdn.grofers.com/cdn-cgi/image/f=auto,fit=scale-down,q=70,metadata=none,w=270/da/cms-assets/cms/product/a7a2c47c-213c-4b3d-99a9-f4b5dfac957f.png
2026-06-05 17:54:04.955 | INFO     | __main__:process_urls_for_product:190 - Verified Source Attribution | Product: e22c1456b8cc | File: e22c1456b8cc_005.jpg | Source: blinkit | URL: https://cdn.grofers.com/cdn-cgi/image/f=auto,fit=scale-down,q=70,metadata=none,w=270/da/cms-assets/cms/product/be9784c7-9987-4b5e-a35c-fc16dffd2445.png
2026-06-05 17:54:05.210 | INFO     | __main__:process_urls_for_product:190 - Verified Source Attribution | Product: e22c1456b8cc | File: e22c1456b8cc_006.jpg | Source: blinkit | URL: https://cdn.grofers.com/cdn-cgi/image/f=auto,fit=scale-down,q=70,metadata=none,w=270/da/cms-assets/cms/product/606d6220-d772-4dc4-b61d-e27e7fb319af.png
2026-06-05 17:54:05.467 | INFO     | __main__:process_urls_for_product:190 - Verified Source Attribution | Product: e22c1456b8cc | File: e22c1456b8cc_007.jpg | Source: blinkit | URL: https://cdn.grofers.com/cdn-cgi/image/f=auto,fit=scale-down,q=70,metadata=none,w=270/da/cms-assets/cms/product/b10839f9-b36b-44f8-8cbc-57b4fe0c05c2.png
2026-06-05 17:54:05.727 | INFO     | __main__:process_urls_for_product:190 - Verified Source Attribution | Product: e22c1456b8cc | File: e22c1456b8cc_008.jpg | Source: blinkit | URL: https://cdn.grofers.com/cdn-cgi/image/f=auto,fit=scale-down,q=70,metadata=none,w=270/da/cms-assets/cms/product/rc-upload-1775625358577-8.png
2026-06-05 17:54:05.978 | INFO     | __main__:process_urls_for_product:190 - Verified Source Attribution | Product: e22c1456b8cc | File: e22c1456b8cc_009.jpg | Source: blinkit | URL: https://cdn.grofers.com/cdn-cgi/image/f=auto,fit=scale-down,q=70,metadata=none,w=270/da/cms-assets/cms/product/rc-upload-1779585181843-275.png
2026-06-05 17:54:06.231 | INFO     | __main__:process_urls_for_product:190 - Verified Source Attribution | Product: e22c1456b8cc | File: e22c1456b8cc_010.jpg | Source: blinkit | URL: https://cdn.grofers.com/cdn-cgi/image/f=auto,fit=scale-down,q=70,metadata=none,w=270/da/cms-assets/cms/product/rc-upload-1773034390367-15.png
2026-06-05 17:54:06.499 | INFO     | __main__:process_urls_for_product:190 - Verified Source Attribution | Product: e22c1456b8cc | File: e22c1456b8cc_011.jpg | Source: blinkit | URL: https://cdn.grofers.com/cdn-cgi/image/f=auto,fit=scale-down,q=70,metadata=none,w=270/da/cms-assets/cms/product/rc-upload-1773034390367-361.png
2026-06-05 17:55:17.915 | INFO     | __main__:download_product_images:223 - Product 031a514e8737 has 0 images (min 10). Using Playwright fallback.
2026-06-05 17:55:21.528 | INFO     | nure.playwright_sources:collect_playwright_images:99 - Playwright blinkit 'Haldiram's Rajma Raseela': 15 URLs
2026-06-05 17:55:24.946 | DEBUG    | nure.playwright_sources:collect_playwright_images:95 - Playwright timeout for bigbasket on Haldiram's Rajma Raseela
2026-06-05 17:55:24.946 | INFO     | nure.playwright_sources:collect_playwright_images:99 - Playwright bigbasket 'Haldiram's Rajma Raseela': 0 URLs
2026-06-05 17:55:27.808 | INFO     | nure.playwright_sources:collect_playwright_images:99 - Playwright jiomart 'Haldiram's Rajma Raseela': 1 URLs
2026-06-05 17:55:30.505 | INFO     | nure.playwright_sources:collect_playwright_images:99 - Playwright flipkart 'Haldiram's Rajma Raseela 300 g': 0 URLs
2026-06-05 17:55:30.654 | INFO     | __main__:process_urls_for_product:190 - Verified Source Attribution | Product: 031a514e8737 | File: 031a514e8737_000.jpg | Source: blinkit | URL: https://cdn.grofers.com/cdn-cgi/image/f=auto,fit=scale-down,q=70,metadata=none,w=270/da/cms-assets/cms/product/301e07b6-ef16-4a6d-ad2d-fd4d8af3015c.png
2026-06-05 17:55:30.952 | INFO     | __main__:process_urls_for_product:190 - Verified Source Attribution | Product: 031a514e8737 | File: 031a514e8737_001.jpg | Source: blinkit | URL: https://cdn.grofers.com/cdn-cgi/image/f=auto,fit=scale-down,q=70,metadata=none,w=270/da/cms-assets/cms/product/be9784c7-9987-4b5e-a35c-fc16dffd2445.png
2026-06-05 17:55:31.199 | INFO     | __main__:process_urls_for_product:190 - Verified Source Attribution | Product: 031a514e8737 | File: 031a514e8737_002.jpg | Source: blinkit | URL: https://cdn.grofers.com/cdn-cgi/image/f=auto,fit=scale-down,q=70,metadata=none,w=270/da/cms-assets/cms/product/c7c0480f-9737-4100-b246-08da18300095.png
2026-06-05 17:55:31.535 | INFO     | __main__:process_urls_for_product:190 - Verified Source Attribution | Product: 031a514e8737 | File: 031a514e8737_003.jpg | Source: blinkit | URL: https://cdn.grofers.com/cdn-cgi/image/f=auto,fit=scale-down,q=70,metadata=none,w=270/da/cms-assets/cms/product/b123f5f2-9fb5-4b7d-a6ae-6526501ef3be.png
2026-06-05 17:55:31.783 | INFO     | __main__:process_urls_for_product:190 - Verified Source Attribution | Product: 031a514e8737 | File: 031a514e8737_004.jpg | Source: blinkit | URL: https://cdn.grofers.com/cdn-cgi/image/f=auto,fit=scale-down,q=70,metadata=none,w=270/da/cms-assets/cms/product/c7d47384-7191-4d51-96fb-ab582a839850.png
2026-06-05 17:55:32.046 | INFO     | __main__:process_urls_for_product:190 - Verified Source Attribution | Product: 031a514e8737 | File: 031a514e8737_005.jpg | Source: blinkit | URL: https://cdn.grofers.com/cdn-cgi/image/f=auto,fit=scale-down,q=70,metadata=none,w=270/da/cms-assets/cms/product/rc-upload-1779585181843-275.png
2026-06-05 17:55:32.293 | INFO     | __main__:process_urls_for_product:190 - Verified Source Attribution | Product: 031a514e8737 | File: 031a514e8737_006.jpg | Source: blinkit | URL: https://cdn.grofers.com/cdn-cgi/image/f=auto,fit=scale-down,q=70,metadata=none,w=270/da/cms-assets/cms/product/a7a2c47c-213c-4b3d-99a9-f4b5dfac957f.png
2026-06-05 17:55:32.626 | INFO     | __main__:process_urls_for_product:190 - Verified Source Attribution | Product: 031a514e8737 | File: 031a514e8737_007.jpg | Source: blinkit | URL: https://cdn.grofers.com/cdn-cgi/image/f=auto,fit=scale-down,q=70,metadata=none,w=270/da/cms-assets/cms/product/f0ae5a98-800a-4e98-ae1c-b7fc40f88c9d.png
2026-06-05 17:55:32.887 | INFO     | __main__:process_urls_for_product:190 - Verified Source Attribution | Product: 031a514e8737 | File: 031a514e8737_008.jpg | Source: blinkit | URL: https://cdn.grofers.com/cdn-cgi/image/f=auto,fit=scale-down,q=70,metadata=none,w=270/da/cms-assets/cms/product/rc-upload-1777456672791-452.png
2026-06-05 17:55:33.204 | INFO     | __main__:process_urls_for_product:190 - Verified Source Attribution | Product: 031a514e8737 | File: 031a514e8737_009.jpg | Source: blinkit | URL: https://cdn.grofers.com/cdn-cgi/image/f=auto,fit=scale-down,q=70,metadata=none,w=270/da/cms-assets/cms/product/426befa5-a528-4356-b699-291611f09257.png
2026-06-05 17:55:33.497 | INFO     | __main__:process_urls_for_product:190 - Verified Source Attribution | Product: 031a514e8737 | File: 031a514e8737_010.jpg | Source: blinkit | URL: https://cdn.grofers.com/cdn-cgi/image/f=auto,fit=scale-down,q=70,metadata=none,w=270/da/cms-assets/cms/product/5d16c302-105f-4029-aff7-34fb761c2891.png
2026-06-05 17:57:00.544 | INFO     | __main__:download_product_images:223 - Product 18d603c77b15 has 0 images (min 10). Using Playwright fallback.
2026-06-05 17:57:03.945 | INFO     | nure.playwright_sources:collect_playwright_images:99 - Playwright blinkit 'Brooklyn Delhi LLC Red Bean Ra': 15 URLs
2026-06-05 17:57:07.263 | DEBUG    | nure.playwright_sources:collect_playwright_images:95 - Playwright timeout for bigbasket on Brooklyn Delhi LLC Red Bean Ra
2026-06-05 17:57:07.264 | INFO     | nure.playwright_sources:collect_playwright_images:99 - Playwright bigbasket 'Brooklyn Delhi LLC Red Bean Ra': 0 URLs
2026-06-05 17:57:09.893 | INFO     | nure.playwright_sources:collect_playwright_images:99 - Playwright jiomart 'Brooklyn Delhi LLC Red Bean Ra': 1 URLs
2026-06-05 17:57:12.467 | INFO     | nure.playwright_sources:collect_playwright_images:99 - Playwright flipkart 'Brooklyn Delhi LLC Red Bean Ra': 0 URLs
2026-06-05 17:57:12.615 | INFO     | __main__:process_urls_for_product:190 - Verified Source Attribution | Product: 18d603c77b15 | File: 18d603c77b15_000.jpg | Source: blinkit | URL: https://cdn.grofers.com/cdn-cgi/image/f=auto,fit=scale-down,q=70,metadata=none,w=270/da/cms-assets/cms/product/0bdb6582-bfb8-4b6f-be84-37644e8c39ab.png
2026-06-05 17:57:12.910 | INFO     | __main__:process_urls_for_product:190 - Verified Source Attribution | Product: 18d603c77b15 | File: 18d603c77b15_001.jpg | Source: blinkit | URL: https://cdn.grofers.com/cdn-cgi/image/f=auto,fit=scale-down,q=70,metadata=none,w=270/da/cms-assets/cms/product/426befa5-a528-4356-b699-291611f09257.png
2026-06-05 17:57:13.153 | INFO     | __main__:process_urls_for_product:190 - Verified Source Attribution | Product: 18d603c77b15 | File: 18d603c77b15_002.jpg | Source: blinkit | URL: https://cdn.grofers.com/cdn-cgi/image/f=auto,fit=scale-down,q=70,metadata=none,w=270/da/cms-assets/cms/product/34eb3f9a-16ed-4887-beb5-1749c6f90b98.png
2026-06-05 17:57:13.399 | INFO     | __main__:process_urls_for_product:190 - Verified Source Attribution | Product: 18d603c77b15 | File: 18d603c77b15_003.jpg | Source: blinkit | URL: https://cdn.grofers.com/cdn-cgi/image/f=auto,fit=scale-down,q=70,metadata=none,w=270/da/cms-assets/cms/product/1958b549-ab07-4a21-982b-3090627363c2.png
2026-06-05 17:57:13.775 | INFO     | __main__:process_urls_for_product:190 - Verified Source Attribution | Product: 18d603c77b15 | File: 18d603c77b15_004.jpg | Source: blinkit | URL: https://cdn.grofers.com/cdn-cgi/image/f=auto,fit=scale-down,q=70,metadata=none,w=270/da/cms-assets/cms/product/c15731ac-6923-46f2-809d-86b901e5d919.png
2026-06-05 17:57:14.027 | INFO     | __main__:process_urls_for_product:190 - Verified Source Attribution | Product: 18d603c77b15 | File: 18d603c77b15_005.jpg | Source: blinkit | URL: https://cdn.grofers.com/cdn-cgi/image/f=auto,fit=scale-down,q=70,metadata=none,w=270/da/cms-assets/cms/product/606d6220-d772-4dc4-b61d-e27e7fb319af.png
2026-06-05 17:57:14.310 | INFO     | __main__:process_urls_for_product:190 - Verified Source Attribution | Product: 18d603c77b15 | File: 18d603c77b15_006.jpg | Source: blinkit | URL: https://cdn.grofers.com/cdn-cgi/image/f=auto,fit=scale-down,q=70,metadata=none,w=270/da/cms-assets/cms/product/37616140-5fc2-4ae5-883c-211a04d9da55.png
2026-06-05 17:57:14.542 | INFO     | __main__:process_urls_for_product:190 - Verified Source Attribution | Product: 18d603c77b15 | File: 18d603c77b15_007.jpg | Source: blinkit | URL: https://cdn.grofers.com/cdn-cgi/image/f=auto,fit=scale-down,q=70,metadata=none,w=270/da/cms-assets/cms/product/rc-upload-1777287844551-391.png
2026-06-05 17:57:14.909 | INFO     | __main__:process_urls_for_product:190 - Verified Source Attribution | Product: 18d603c77b15 | File: 18d603c77b15_008.jpg | Source: blinkit | URL: https://cdn.grofers.com/cdn-cgi/image/f=auto,fit=scale-down,q=70,metadata=none,w=270/da/cms-assets/cms/product/d50f7782-9247-4025-a746-0a34f5bf8099.png
2026-06-05 17:57:15.161 | INFO     | __main__:process_urls_for_product:190 - Verified Source Attribution | Product: 18d603c77b15 | File: 18d603c77b15_009.jpg | Source: blinkit | URL: https://cdn.grofers.com/cdn-cgi/image/f=auto,fit=scale-down,q=70,metadata=none,w=270/da/cms-assets/cms/product/rc-upload-1777456672791-473.png
2026-06-05 17:57:15.416 | INFO     | __main__:process_urls_for_product:190 - Verified Source Attribution | Product: 18d603c77b15 | File: 18d603c77b15_010.jpg | Source: blinkit | URL: https://cdn.grofers.com/cdn-cgi/image/f=auto,fit=scale-down,q=70,metadata=none,w=270/da/cms-assets/cms/product/rc-upload-1779585181843-275.png
2026-06-05 17:57:15.660 | INFO     | __main__:process_urls_for_product:190 - Verified Source Attribution | Product: 18d603c77b15 | File: 18d603c77b15_011.jpg | Source: blinkit | URL: https://cdn.grofers.com/cdn-cgi/image/f=auto,fit=scale-down,q=70,metadata=none,w=270/da/cms-assets/cms/product/8d52bdbb-d0c0-4d8b-903e-8daa4ebb63fd.png
2026-06-05 17:59:03.971 | INFO     | __main__:download_product_images:223 - Product 43e7cfa22ab2 has 0 images (min 10). Using Playwright fallback.
2026-06-05 17:59:07.311 | INFO     | nure.playwright_sources:collect_playwright_images:99 - Playwright blinkit 'Haldiram's Dilli style rajma r': 15 URLs
2026-06-05 17:59:10.679 | DEBUG    | nure.playwright_sources:collect_playwright_images:95 - Playwright timeout for bigbasket on Haldiram's Dilli style rajma r
2026-06-05 17:59:10.680 | INFO     | nure.playwright_sources:collect_playwright_images:99 - Playwright bigbasket 'Haldiram's Dilli style rajma r': 0 URLs
2026-06-05 17:59:12.884 | INFO     | nure.playwright_sources:collect_playwright_images:99 - Playwright jiomart 'Haldiram's Dilli style rajma r': 1 URLs
2026-06-05 17:59:15.540 | INFO     | nure.playwright_sources:collect_playwright_images:99 - Playwright flipkart 'Haldiram's Dilli style rajma r': 0 URLs
2026-06-05 17:59:15.679 | INFO     | __main__:process_urls_for_product:190 - Verified Source Attribution | Product: 43e7cfa22ab2 | File: 43e7cfa22ab2_000.jpg | Source: blinkit | URL: https://cdn.grofers.com/cdn-cgi/image/f=auto,fit=scale-down,q=70,metadata=none,w=270/da/cms-assets/cms/product/301e07b6-ef16-4a6d-ad2d-fd4d8af3015c.png
2026-06-05 17:59:15.998 | INFO     | __main__:process_urls_for_product:190 - Verified Source Attribution | Product: 43e7cfa22ab2 | File: 43e7cfa22ab2_001.jpg | Source: blinkit | URL: https://cdn.grofers.com/cdn-cgi/image/f=auto,fit=scale-down,q=70,metadata=none,w=270/da/cms-assets/cms/product/be9784c7-9987-4b5e-a35c-fc16dffd2445.png
2026-06-05 17:59:16.331 | INFO     | __main__:process_urls_for_product:190 - Verified Source Attribution | Product: 43e7cfa22ab2 | File: 43e7cfa22ab2_002.jpg | Source: blinkit | URL: https://cdn.grofers.com/cdn-cgi/image/f=auto,fit=scale-down,q=70,metadata=none,w=270/da/cms-assets/cms/product/c7c0480f-9737-4100-b246-08da18300095.png
2026-06-05 17:59:16.599 | INFO     | __main__:process_urls_for_product:190 - Verified Source Attribution | Product: 43e7cfa22ab2 | File: 43e7cfa22ab2_003.jpg | Source: blinkit | URL: https://cdn.grofers.com/cdn-cgi/image/f=auto,fit=scale-down,q=70,metadata=none,w=270/da/cms-assets/cms/product/b123f5f2-9fb5-4b7d-a6ae-6526501ef3be.png
2026-06-05 17:59:16.942 | INFO     | __main__:process_urls_for_product:190 - Verified Source Attribution | Product: 43e7cfa22ab2 | File: 43e7cfa22ab2_004.jpg | Source: blinkit | URL: https://cdn.grofers.com/cdn-cgi/image/f=auto,fit=scale-down,q=70,metadata=none,w=270/da/cms-assets/cms/product/rc-upload-1779585181843-275.png
2026-06-05 17:59:17.192 | INFO     | __main__:process_urls_for_product:190 - Verified Source Attribution | Product: 43e7cfa22ab2 | File: 43e7cfa22ab2_005.jpg | Source: blinkit | URL: https://cdn.grofers.com/cdn-cgi/image/f=auto,fit=scale-down,q=70,metadata=none,w=270/da/cms-assets/cms/product/64d9203e-c1bd-4c61-abca-6c49e07663d9.png
2026-06-05 17:59:17.435 | INFO     | __main__:process_urls_for_product:190 - Verified Source Attribution | Product: 43e7cfa22ab2 | File: 43e7cfa22ab2_006.jpg | Source: blinkit | URL: https://cdn.grofers.com/cdn-cgi/image/f=auto,fit=scale-down,q=70,metadata=none,w=270/da/cms-assets/cms/product/a7a2c47c-213c-4b3d-99a9-f4b5dfac957f.png
2026-06-05 17:59:17.692 | INFO     | __main__:process_urls_for_product:190 - Verified Source Attribution | Product: 43e7cfa22ab2 | File: 43e7cfa22ab2_007.jpg | Source: blinkit | URL: https://cdn.grofers.com/cdn-cgi/image/f=auto,fit=scale-down,q=70,metadata=none,w=270/da/cms-assets/cms/product/f0ae5a98-800a-4e98-ae1c-b7fc40f88c9d.png
2026-06-05 17:59:17.938 | INFO     | __main__:process_urls_for_product:190 - Verified Source Attribution | Product: 43e7cfa22ab2 | File: 43e7cfa22ab2_008.jpg | Source: blinkit | URL: https://cdn.grofers.com/cdn-cgi/image/f=auto,fit=scale-down,q=70,metadata=none,w=270/da/cms-assets/cms/product/678f3eeb-1cd2-41f3-87ee-0745a9188655.png
2026-06-05 17:59:18.190 | INFO     | __main__:process_urls_for_product:190 - Verified Source Attribution | Product: 43e7cfa22ab2 | File: 43e7cfa22ab2_009.jpg | Source: blinkit | URL: https://cdn.grofers.com/cdn-cgi/image/f=auto,fit=scale-down,q=70,metadata=none,w=270/da/cms-assets/cms/product/5d16c302-105f-4029-aff7-34fb761c2891.png
2026-06-05 17:59:18.450 | INFO     | __main__:process_urls_for_product:190 - Verified Source Attribution | Product: 43e7cfa22ab2 | File: 43e7cfa22ab2_010.jpg | Source: blinkit | URL: https://cdn.grofers.com/cdn-cgi/image/f=auto,fit=scale-down,q=70,metadata=none,w=270/da/cms-assets/cms/product/rc-upload-1777456672791-452.png
2026-06-05 17:59:18.756 | INFO     | __main__:process_urls_for_product:190 - Verified Source Attribution | Product: 43e7cfa22ab2 | File: 43e7cfa22ab2_011.jpg | Source: blinkit | URL: https://cdn.grofers.com/cdn-cgi/image/f=auto,fit=scale-down,q=70,metadata=none,w=270/da/cms-assets/cms/product/rc-upload-1776769807752-150.png
2026-06-05 17:59:21.932 | INFO     | nure.image_sources:collect_amazon_images:178 - Amazon 'Ashoka Shahi Rajma': 2 URLs
2026-06-05 17:59:24.027 | INFO     | nure.image_sources:collect_bing_images:149 - Bing 'Ashoka Shahi Rajma': 0 URLs
2026-06-05 18:00:00.906 | INFO     | __main__:process_urls_for_product:190 - Verified Source Attribution | Product: 060ff3701d21 | File: 060ff3701d21_000.jpg | Source: amazon | URL: https://m.media-amazon.com/images/I/31Ip4aURUpL.png
2026-06-05 18:00:02.027 | INFO     | __main__:process_urls_for_product:190 - Verified Source Attribution | Product: 060ff3701d21 | File: 060ff3701d21_001.jpg | Source: amazon | URL: https://m.media-amazon.com/images/I/71iXJkxdL4L.jpg
2026-06-05 18:00:02.178 | INFO     | __main__:download_product_images:223 - Product 060ff3701d21 has 2 images (min 10). Using Playwright fallback.
2026-06-05 18:00:05.518 | INFO     | nure.playwright_sources:collect_playwright_images:99 - Playwright blinkit 'Ashoka Shahi Rajma': 15 URLs
2026-06-05 18:00:08.889 | DEBUG    | nure.playwright_sources:collect_playwright_images:95 - Playwright timeout for bigbasket on Ashoka Shahi Rajma
2026-06-05 18:00:08.890 | INFO     | nure.playwright_sources:collect_playwright_images:99 - Playwright bigbasket 'Ashoka Shahi Rajma': 0 URLs
2026-06-05 18:00:11.613 | INFO     | nure.playwright_sources:collect_playwright_images:99 - Playwright jiomart 'Ashoka Shahi Rajma': 1 URLs
2026-06-05 18:00:14.287 | INFO     | nure.playwright_sources:collect_playwright_images:99 - Playwright flipkart 'Ashoka Shahi Rajma': 0 URLs
2026-06-05 18:00:14.452 | INFO     | __main__:process_urls_for_product:190 - Verified Source Attribution | Product: 060ff3701d21 | File: 060ff3701d21_002.jpg | Source: blinkit | URL: https://cdn.grofers.com/cdn-cgi/image/f=auto,fit=scale-down,q=70,metadata=none,w=270/da/cms-assets/cms/product/rc-upload-1777287844551-473.png
2026-06-05 18:00:14.742 | INFO     | __main__:process_urls_for_product:190 - Verified Source Attribution | Product: 060ff3701d21 | File: 060ff3701d21_003.jpg | Source: blinkit | URL: https://cdn.grofers.com/cdn-cgi/image/f=auto,fit=scale-down,q=70,metadata=none,w=270/da/cms-assets/cms/product/rc-upload-1777456672791-452.png
2026-06-05 18:00:14.991 | INFO     | __main__:process_urls_for_product:190 - Verified Source Attribution | Product: 060ff3701d21 | File: 060ff3701d21_004.jpg | Source: blinkit | URL: https://cdn.grofers.com/cdn-cgi/image/f=auto,fit=scale-down,q=70,metadata=none,w=270/da/cms-assets/cms/product/95a67076-bb1b-47cd-8bcc-c6ba37d67c48.png
2026-06-05 18:00:15.236 | INFO     | __main__:process_urls_for_product:190 - Verified Source Attribution | Product: 060ff3701d21 | File: 060ff3701d21_005.jpg | Source: blinkit | URL: https://cdn.grofers.com/cdn-cgi/image/f=auto,fit=scale-down,q=70,metadata=none,w=270/da/cms-assets/cms/product/c7d47384-7191-4d51-96fb-ab582a839850.png
2026-06-05 18:00:15.484 | INFO     | __main__:process_urls_for_product:190 - Verified Source Attribution | Product: 060ff3701d21 | File: 060ff3701d21_006.jpg | Source: blinkit | URL: https://cdn.grofers.com/cdn-cgi/image/f=auto,fit=scale-down,q=70,metadata=none,w=270/da/cms-assets/cms/product/5474c0ea-a7d7-41fa-86e6-f2dcb23c6304.png
2026-06-05 18:00:15.719 | INFO     | __main__:process_urls_for_product:190 - Verified Source Attribution | Product: 060ff3701d21 | File: 060ff3701d21_007.jpg | Source: blinkit | URL: https://cdn.grofers.com/cdn-cgi/image/f=auto,fit=scale-down,q=70,metadata=none,w=270/da/cms-assets/cms/product/bcc4ec2b-2da6-4e93-917e-e32c4ba1db16.png
2026-06-05 18:00:15.967 | INFO     | __main__:process_urls_for_product:190 - Verified Source Attribution | Product: 060ff3701d21 | File: 060ff3701d21_008.jpg | Source: blinkit | URL: https://cdn.grofers.com/cdn-cgi/image/f=auto,fit=scale-down,q=70,metadata=none,w=270/da/cms-assets/cms/product/a12d02cb-2896-4501-96f7-7e2762302f55.png
2026-06-05 18:00:16.202 | INFO     | __main__:process_urls_for_product:190 - Verified Source Attribution | Product: 060ff3701d21 | File: 060ff3701d21_009.jpg | Source: blinkit | URL: https://cdn.grofers.com/cdn-cgi/image/f=auto,fit=scale-down,q=70,metadata=none,w=270/da/cms-assets/cms/product/79e36e4e-e76e-4ec3-ba1d-4a8905bca342.png
2026-06-05 18:00:16.437 | INFO     | __main__:process_urls_for_product:190 - Verified Source Attribution | Product: 060ff3701d21 | File: 060ff3701d21_010.jpg | Source: blinkit | URL: https://cdn.grofers.com/cdn-cgi/image/f=auto,fit=scale-down,q=70,metadata=none,w=270/da/cms-assets/cms/product/d50f7782-9247-4025-a746-0a34f5bf8099.png
2026-06-05 18:00:16.686 | INFO     | __main__:process_urls_for_product:190 - Verified Source Attribution | Product: 060ff3701d21 | File: 060ff3701d21_011.jpg | Source: blinkit | URL: https://cdn.grofers.com/cdn-cgi/image/f=auto,fit=scale-down,q=70,metadata=none,w=270/da/cms-assets/cms/product/b1d83a9b-c84d-4063-bf6b-757cfb6e1569.png
2026-06-05 18:00:16.941 | INFO     | __main__:process_urls_for_product:190 - Verified Source Attribution | Product: 060ff3701d21 | File: 060ff3701d21_012.jpg | Source: blinkit | URL: https://cdn.grofers.com/cdn-cgi/image/f=auto,fit=scale-down,q=70,metadata=none,w=270/da/cms-assets/cms/product/678f3eeb-1cd2-41f3-87ee-0745a9188655.png
2026-06-05 18:00:17.188 | INFO     | __main__:process_urls_for_product:190 - Verified Source Attribution | Product: 060ff3701d21 | File: 060ff3701d21_013.jpg | Source: blinkit | URL: https://cdn.grofers.com/cdn-cgi/image/f=auto,fit=scale-down,q=70,metadata=none,w=270/da/cms-assets/cms/product/rc-upload-1777456672791-473.png
2026-06-05 18:00:17.438 | INFO     | __main__:process_urls_for_product:190 - Verified Source Attribution | Product: 060ff3701d21 | File: 060ff3701d21_014.jpg | Source: blinkit | URL: https://cdn.grofers.com/cdn-cgi/image/f=auto,fit=scale-down,q=70,metadata=none,w=270/da/cms-assets/cms/product/rc-upload-1777287844551-391.png
2026-06-05 18:00:20.482 | INFO     | nure.image_sources:collect_amazon_images:178 - Amazon 'Kohinoor Rajma Masala': 2 URLs
2026-06-05 18:00:22.195 | INFO     | nure.image_sources:collect_bing_images:149 - Bing 'Kohinoor Rajma Masala': 0 URLs
2026-06-05 18:00:58.951 | INFO     | __main__:process_urls_for_product:190 - Verified Source Attribution | Product: dbf5d53d4f56 | File: dbf5d53d4f56_000.jpg | Source: amazon | URL: https://m.media-amazon.com/images/I/31Ip4aURUpL.png
2026-06-05 18:00:59.564 | INFO     | __main__:process_urls_for_product:190 - Verified Source Attribution | Product: dbf5d53d4f56 | File: dbf5d53d4f56_001.jpg | Source: amazon | URL: https://m.media-amazon.com/images/I/6176YsponDL.jpg
2026-06-05 18:00:59.729 | INFO     | __main__:download_product_images:223 - Product dbf5d53d4f56 has 2 images (min 10). Using Playwright fallback.
2026-06-05 18:01:03.581 | INFO     | nure.playwright_sources:collect_playwright_images:99 - Playwright blinkit 'Kohinoor Rajma Masala': 15 URLs
2026-06-05 18:01:07.000 | DEBUG    | nure.playwright_sources:collect_playwright_images:95 - Playwright timeout for bigbasket on Kohinoor Rajma Masala
2026-06-05 18:01:07.000 | INFO     | nure.playwright_sources:collect_playwright_images:99 - Playwright bigbasket 'Kohinoor Rajma Masala': 0 URLs
2026-06-05 18:01:09.378 | INFO     | nure.playwright_sources:collect_playwright_images:99 - Playwright jiomart 'Kohinoor Rajma Masala': 1 URLs
2026-06-05 18:01:12.006 | INFO     | nure.playwright_sources:collect_playwright_images:99 - Playwright flipkart 'Kohinoor Rajma Masala': 0 URLs
2026-06-05 18:01:12.232 | INFO     | __main__:process_urls_for_product:190 - Verified Source Attribution | Product: dbf5d53d4f56 | File: dbf5d53d4f56_002.jpg | Source: blinkit | URL: https://cdn.grofers.com/cdn-cgi/image/f=auto,fit=scale-down,q=70,metadata=none,w=270/da/cms-assets/cms/product/426befa5-a528-4356-b699-291611f09257.png
2026-06-05 18:01:12.523 | INFO     | __main__:process_urls_for_product:190 - Verified Source Attribution | Product: dbf5d53d4f56 | File: dbf5d53d4f56_003.jpg | Source: blinkit | URL: https://cdn.grofers.com/cdn-cgi/image/f=auto,fit=scale-down,q=70,metadata=none,w=270/da/cms-assets/cms/product/0bdb6582-bfb8-4b6f-be84-37644e8c39ab.png
2026-06-05 18:01:12.765 | INFO     | __main__:process_urls_for_product:190 - Verified Source Attribution | Product: dbf5d53d4f56 | File: dbf5d53d4f56_004.jpg | Source: blinkit | URL: https://cdn.grofers.com/cdn-cgi/image/f=auto,fit=scale-down,q=70,metadata=none,w=270/da/cms-assets/cms/product/34eb3f9a-16ed-4887-beb5-1749c6f90b98.png
2026-06-05 18:01:13.022 | INFO     | __main__:process_urls_for_product:190 - Verified Source Attribution | Product: dbf5d53d4f56 | File: dbf5d53d4f56_005.jpg | Source: blinkit | URL: https://cdn.grofers.com/cdn-cgi/image/f=auto,fit=scale-down,q=70,metadata=none,w=270/da/cms-assets/cms/product/606d6220-d772-4dc4-b61d-e27e7fb319af.png
2026-06-05 18:01:13.272 | INFO     | __main__:process_urls_for_product:190 - Verified Source Attribution | Product: dbf5d53d4f56 | File: dbf5d53d4f56_006.jpg | Source: blinkit | URL: https://cdn.grofers.com/cdn-cgi/image/f=auto,fit=scale-down,q=70,metadata=none,w=270/da/cms-assets/cms/product/rc-upload-1771991783673-922.png
2026-06-05 18:01:13.530 | INFO     | __main__:process_urls_for_product:190 - Verified Source Attribution | Product: dbf5d53d4f56 | File: dbf5d53d4f56_007.jpg | Source: blinkit | URL: https://cdn.grofers.com/cdn-cgi/image/f=auto,fit=scale-down,q=70,metadata=none,w=270/da/cms-assets/cms/product/rc-upload-1778470572131-1614.png
2026-06-05 18:01:13.776 | INFO     | __main__:process_urls_for_product:190 - Verified Source Attribution | Product: dbf5d53d4f56 | File: dbf5d53d4f56_008.jpg | Source: blinkit | URL: https://cdn.grofers.com/cdn-cgi/image/f=auto,fit=scale-down,q=70,metadata=none,w=270/da/cms-assets/cms/product/rc-upload-1771991783673-911.png
2026-06-05 18:01:14.023 | INFO     | __main__:process_urls_for_product:190 - Verified Source Attribution | Product: dbf5d53d4f56 | File: dbf5d53d4f56_009.jpg | Source: blinkit | URL: https://cdn.grofers.com/cdn-cgi/image/f=auto,fit=scale-down,q=70,metadata=none,w=270/da/cms-assets/cms/product/522389e0-a502-4c2d-83b0-ef3f49b846e2.png
2026-06-05 18:01:14.301 | INFO     | __main__:process_urls_for_product:190 - Verified Source Attribution | Product: dbf5d53d4f56 | File: dbf5d53d4f56_010.jpg | Source: blinkit | URL: https://cdn.grofers.com/cdn-cgi/image/f=auto,fit=scale-down,q=70,metadata=none,w=270/da/cms-assets/cms/product/345829e4-508c-47a5-aee7-9ad35bac9291.png
2026-06-05 18:01:14.552 | INFO     | __main__:process_urls_for_product:190 - Verified Source Attribution | Product: dbf5d53d4f56 | File: dbf5d53d4f56_011.jpg | Source: blinkit | URL: https://cdn.grofers.com/cdn-cgi/image/f=auto,fit=scale-down,q=70,metadata=none,w=270/da/cms-assets/cms/product/rc-upload-1778470572131-1625.png
2026-06-05 18:01:14.834 | INFO     | __main__:process_urls_for_product:190 - Verified Source Attribution | Product: dbf5d53d4f56 | File: dbf5d53d4f56_012.jpg | Source: blinkit | URL: https://cdn.grofers.com/cdn-cgi/image/f=auto,fit=scale-down,q=70,metadata=none,w=270/da/cms-assets/cms/product/69a31956-f8d0-478e-ba19-64c61b2e4635.png
2026-06-05 18:01:15.086 | INFO     | __main__:process_urls_for_product:190 - Verified Source Attribution | Product: dbf5d53d4f56 | File: dbf5d53d4f56_013.jpg | Source: blinkit | URL: https://cdn.grofers.com/cdn-cgi/image/f=auto,fit=scale-down,q=70,metadata=none,w=270/da/cms-assets/cms/product/3b020124-a683-46d7-a5ce-6576dcd1d5fe.png
2026-06-05 18:01:15.327 | INFO     | __main__:process_urls_for_product:190 - Verified Source Attribution | Product: dbf5d53d4f56 | File: dbf5d53d4f56_014.jpg | Source: blinkit | URL: https://cdn.grofers.com/cdn-cgi/image/f=auto,fit=scale-down,q=70,metadata=none,w=270/da/cms-assets/cms/product/rc-upload-1773385515396-4.png
2026-06-05 18:03:21.685 | INFO     | __main__:download_product_images:223 - Product aa696d87bf98 has 0 images (min 10). Using Playwright fallback.
2026-06-05 18:03:25.176 | INFO     | nure.playwright_sources:collect_playwright_images:99 - Playwright blinkit 'MTR MTR Ready-To-Eat Rajma Mas': 15 URLs
2026-06-05 18:03:28.552 | DEBUG    | nure.playwright_sources:collect_playwright_images:95 - Playwright timeout for bigbasket on MTR MTR Ready-To-Eat Rajma Mas
2026-06-05 18:03:28.552 | INFO     | nure.playwright_sources:collect_playwright_images:99 - Playwright bigbasket 'MTR MTR Ready-To-Eat Rajma Mas': 0 URLs
2026-06-05 18:03:30.837 | INFO     | nure.playwright_sources:collect_playwright_images:99 - Playwright jiomart 'MTR MTR Ready-To-Eat Rajma Mas': 1 URLs
2026-06-05 18:03:33.534 | INFO     | nure.playwright_sources:collect_playwright_images:99 - Playwright flipkart 'MTR MTR Ready-To-Eat Rajma Mas': 0 URLs
2026-06-05 18:03:33.664 | INFO     | __main__:process_urls_for_product:190 - Verified Source Attribution | Product: aa696d87bf98 | File: aa696d87bf98_000.jpg | Source: blinkit | URL: https://cdn.grofers.com/cdn-cgi/image/f=auto,fit=scale-down,q=70,metadata=none,w=270/da/cms-assets/cms/product/301e07b6-ef16-4a6d-ad2d-fd4d8af3015c.png
2026-06-05 18:03:33.965 | INFO     | __main__:process_urls_for_product:190 - Verified Source Attribution | Product: aa696d87bf98 | File: aa696d87bf98_001.jpg | Source: blinkit | URL: https://cdn.grofers.com/cdn-cgi/image/f=auto,fit=scale-down,q=70,metadata=none,w=270/da/cms-assets/cms/product/be9784c7-9987-4b5e-a35c-fc16dffd2445.png
2026-06-05 18:03:34.213 | INFO     | __main__:process_urls_for_product:190 - Verified Source Attribution | Product: aa696d87bf98 | File: aa696d87bf98_002.jpg | Source: blinkit | URL: https://cdn.grofers.com/cdn-cgi/image/f=auto,fit=scale-down,q=70,metadata=none,w=270/da/cms-assets/cms/product/a7a2c47c-213c-4b3d-99a9-f4b5dfac957f.png
2026-06-05 18:03:34.464 | INFO     | __main__:process_urls_for_product:190 - Verified Source Attribution | Product: aa696d87bf98 | File: aa696d87bf98_003.jpg | Source: blinkit | URL: https://cdn.grofers.com/cdn-cgi/image/f=auto,fit=scale-down,q=70,metadata=none,w=270/da/cms-assets/cms/product/426befa5-a528-4356-b699-291611f09257.png
2026-06-05 18:03:34.715 | INFO     | __main__:process_urls_for_product:190 - Verified Source Attribution | Product: aa696d87bf98 | File: aa696d87bf98_004.jpg | Source: blinkit | URL: https://cdn.grofers.com/cdn-cgi/image/f=auto,fit=scale-down,q=70,metadata=none,w=270/da/cms-assets/cms/product/b10839f9-b36b-44f8-8cbc-57b4fe0c05c2.png
2026-06-05 18:03:34.959 | INFO     | __main__:process_urls_for_product:190 - Verified Source Attribution | Product: aa696d87bf98 | File: aa696d87bf98_005.jpg | Source: blinkit | URL: https://cdn.grofers.com/cdn-cgi/image/f=auto,fit=scale-down,q=70,metadata=none,w=270/da/cms-assets/cms/product/3b0755ca-5ec5-4d7c-bf01-786acf9eb277.png
2026-06-05 18:03:35.212 | INFO     | __main__:process_urls_for_product:190 - Verified Source Attribution | Product: aa696d87bf98 | File: aa696d87bf98_006.jpg | Source: blinkit | URL: https://cdn.grofers.com/cdn-cgi/image/f=auto,fit=scale-down,q=70,metadata=none,w=270/da/cms-assets/cms/product/f8863d0a-8d5c-4eee-aefc-981f283576bb.png
2026-06-05 18:03:35.460 | INFO     | __main__:process_urls_for_product:190 - Verified Source Attribution | Product: aa696d87bf98 | File: aa696d87bf98_007.jpg | Source: blinkit | URL: https://cdn.grofers.com/cdn-cgi/image/f=auto,fit=scale-down,q=70,metadata=none,w=270/da/cms-assets/cms/product/64d9203e-c1bd-4c61-abca-6c49e07663d9.png
2026-06-05 18:03:35.708 | INFO     | __main__:process_urls_for_product:190 - Verified Source Attribution | Product: aa696d87bf98 | File: aa696d87bf98_008.jpg | Source: blinkit | URL: https://cdn.grofers.com/cdn-cgi/image/f=auto,fit=scale-down,q=70,metadata=none,w=270/da/cms-assets/cms/product/rc-upload-1775625358577-8.png
2026-06-05 18:03:35.961 | INFO     | __main__:process_urls_for_product:190 - Verified Source Attribution | Product: aa696d87bf98 | File: aa696d87bf98_009.jpg | Source: blinkit | URL: https://cdn.grofers.com/cdn-cgi/image/f=auto,fit=scale-down,q=70,metadata=none,w=270/da/cms-assets/cms/product/0bdb6582-bfb8-4b6f-be84-37644e8c39ab.png
2026-06-05 18:03:36.200 | INFO     | __main__:process_urls_for_product:190 - Verified Source Attribution | Product: aa696d87bf98 | File: aa696d87bf98_010.jpg | Source: blinkit | URL: https://cdn.grofers.com/cdn-cgi/image/f=auto,fit=scale-down,q=70,metadata=none,w=270/da/cms-assets/cms/product/4ac7b3e3-3555-4a7f-8039-440e2bea7dd6.png
2026-06-05 18:03:36.450 | INFO     | __main__:process_urls_for_product:190 - Verified Source Attribution | Product: aa696d87bf98 | File: aa696d87bf98_011.jpg | Source: blinkit | URL: https://cdn.grofers.com/cdn-cgi/image/f=auto,fit=scale-down,q=70,metadata=none,w=270/da/cms-assets/cms/product/606d6220-d772-4dc4-b61d-e27e7fb319af.png
2026-06-05 18:03:36.688 | INFO     | __main__:process_urls_for_product:190 - Verified Source Attribution | Product: aa696d87bf98 | File: aa696d87bf98_012.jpg | Source: blinkit | URL: https://cdn.grofers.com/cdn-cgi/image/f=auto,fit=scale-down,q=70,metadata=none,w=270/da/cms-assets/cms/product/rc-upload-1779585181843-275.png
2026-06-05 18:03:36.948 | INFO     | __main__:process_urls_for_product:190 - Verified Source Attribution | Product: aa696d87bf98 | File: aa696d87bf98_013.jpg | Source: blinkit | URL: https://cdn.grofers.com/cdn-cgi/image/f=auto,fit=scale-down,q=70,metadata=none,w=270/da/cms-assets/cms/product/b0dfe9c1-ac5f-4f39-ac60-58b544138a55.png
2026-06-05 18:05:19.472 | INFO     | __main__:download_product_images:223 - Product e1fadc9d953c has 0 images (min 10). Using Playwright fallback.
2026-06-05 18:05:22.799 | INFO     | nure.playwright_sources:collect_playwright_images:99 - Playwright blinkit 'Golden orient Shahi rajma': 15 URLs
2026-06-05 18:05:26.218 | DEBUG    | nure.playwright_sources:collect_playwright_images:95 - Playwright timeout for bigbasket on Golden orient Shahi rajma
2026-06-05 18:05:26.218 | INFO     | nure.playwright_sources:collect_playwright_images:99 - Playwright bigbasket 'Golden orient Shahi rajma': 0 URLs
2026-06-05 18:05:28.571 | INFO     | nure.playwright_sources:collect_playwright_images:99 - Playwright jiomart 'Golden orient Shahi rajma': 1 URLs
2026-06-05 18:05:31.117 | INFO     | nure.playwright_sources:collect_playwright_images:99 - Playwright flipkart 'Golden orient Shahi rajma 250g': 0 URLs
2026-06-05 18:05:31.260 | INFO     | __main__:process_urls_for_product:190 - Verified Source Attribution | Product: e1fadc9d953c | File: e1fadc9d953c_000.jpg | Source: blinkit | URL: https://cdn.grofers.com/cdn-cgi/image/f=auto,fit=scale-down,q=70,metadata=none,w=270/da/cms-assets/cms/product/c7d47384-7191-4d51-96fb-ab582a839850.png
2026-06-05 18:05:31.635 | INFO     | __main__:process_urls_for_product:190 - Verified Source Attribution | Product: e1fadc9d953c | File: e1fadc9d953c_001.jpg | Source: blinkit | URL: https://cdn.grofers.com/cdn-cgi/image/f=auto,fit=scale-down,q=70,metadata=none,w=270/da/cms-assets/cms/product/426befa5-a528-4356-b699-291611f09257.png
2026-06-05 18:05:31.883 | INFO     | __main__:process_urls_for_product:190 - Verified Source Attribution | Product: e1fadc9d953c | File: e1fadc9d953c_002.jpg | Source: blinkit | URL: https://cdn.grofers.com/cdn-cgi/image/f=auto,fit=scale-down,q=70,metadata=none,w=270/da/cms-assets/cms/product/cc58c538-ba25-485e-92f6-f4ab7c7018c0.png
2026-06-05 18:05:32.114 | INFO     | __main__:process_urls_for_product:190 - Verified Source Attribution | Product: e1fadc9d953c | File: e1fadc9d953c_003.jpg | Source: blinkit | URL: https://cdn.grofers.com/cdn-cgi/image/f=auto,fit=scale-down,q=70,metadata=none,w=270/da/cms-assets/cms/product/d50f7782-9247-4025-a746-0a34f5bf8099.png
2026-06-05 18:05:32.346 | INFO     | __main__:process_urls_for_product:190 - Verified Source Attribution | Product: e1fadc9d953c | File: e1fadc9d953c_004.jpg | Source: blinkit | URL: https://cdn.grofers.com/cdn-cgi/image/f=auto,fit=scale-down,q=70,metadata=none,w=270/da/cms-assets/cms/product/cb01ab35-aec2-4674-be77-f0146b284bcb.png
2026-06-05 18:05:32.590 | INFO     | __main__:process_urls_for_product:190 - Verified Source Attribution | Product: e1fadc9d953c | File: e1fadc9d953c_005.jpg | Source: blinkit | URL: https://cdn.grofers.com/cdn-cgi/image/f=auto,fit=scale-down,q=70,metadata=none,w=270/da/cms-assets/cms/product/79e36e4e-e76e-4ec3-ba1d-4a8905bca342.png
2026-06-05 18:05:32.852 | INFO     | __main__:process_urls_for_product:190 - Verified Source Attribution | Product: e1fadc9d953c | File: e1fadc9d953c_006.jpg | Source: blinkit | URL: https://cdn.grofers.com/cdn-cgi/image/f=auto,fit=scale-down,q=70,metadata=none,w=270/da/cms-assets/cms/product/95a67076-bb1b-47cd-8bcc-c6ba37d67c48.png
2026-06-05 18:05:33.099 | INFO     | __main__:process_urls_for_product:190 - Verified Source Attribution | Product: e1fadc9d953c | File: e1fadc9d953c_007.jpg | Source: blinkit | URL: https://cdn.grofers.com/cdn-cgi/image/f=auto,fit=scale-down,q=70,metadata=none,w=270/da/cms-assets/cms/product/301e07b6-ef16-4a6d-ad2d-fd4d8af3015c.png
2026-06-05 18:05:33.393 | INFO     | __main__:process_urls_for_product:190 - Verified Source Attribution | Product: e1fadc9d953c | File: e1fadc9d953c_008.jpg | Source: blinkit | URL: https://cdn.grofers.com/cdn-cgi/image/f=auto,fit=scale-down,q=70,metadata=none,w=270/da/cms-assets/cms/product/5357d93d-c884-4bd5-a5f3-6caa4631cbf8.png
2026-06-05 18:05:33.640 | INFO     | __main__:process_urls_for_product:190 - Verified Source Attribution | Product: e1fadc9d953c | File: e1fadc9d953c_009.jpg | Source: blinkit | URL: https://cdn.grofers.com/cdn-cgi/image/f=auto,fit=scale-down,q=70,metadata=none,w=270/da/cms-assets/cms/product/5474c0ea-a7d7-41fa-86e6-f2dcb23c6304.png
2026-06-05 18:05:34.125 | INFO     | __main__:process_urls_for_product:190 - Verified Source Attribution | Product: e1fadc9d953c | File: e1fadc9d953c_010.jpg | Source: blinkit | URL: https://cdn.grofers.com/cdn-cgi/image/f=auto,fit=scale-down,q=70,metadata=none,w=270/da/cms-assets/cms/product/a12d02cb-2896-4501-96f7-7e2762302f55.png
2026-06-05 18:05:34.370 | INFO     | __main__:process_urls_for_product:190 - Verified Source Attribution | Product: e1fadc9d953c | File: e1fadc9d953c_011.jpg | Source: blinkit | URL: https://cdn.grofers.com/cdn-cgi/image/f=auto,fit=scale-down,q=70,metadata=none,w=270/da/cms-assets/cms/product/0bdb6582-bfb8-4b6f-be84-37644e8c39ab.png
2026-06-05 18:05:34.623 | INFO     | __main__:process_urls_for_product:190 - Verified Source Attribution | Product: e1fadc9d953c | File: e1fadc9d953c_012.jpg | Source: blinkit | URL: https://cdn.grofers.com/cdn-cgi/image/f=auto,fit=scale-down,q=70,metadata=none,w=270/da/cms-assets/cms/product/8d52bdbb-d0c0-4d8b-903e-8daa4ebb63fd.png
2026-06-05 18:05:38.198 | INFO     | nure.image_sources:collect_amazon_images:178 - Amazon '24 Mantra Rajma, Raw': 3 URLs
2026-06-05 18:06:16.579 | INFO     | __main__:process_urls_for_product:190 - Verified Source Attribution | Product: 8117224dc690 | File: 8117224dc690_000.jpg | Source: amazon | URL: https://m.media-amazon.com/images/I/31Ip4aURUpL.png
2026-06-05 18:06:17.052 | INFO     | __main__:process_urls_for_product:190 - Verified Source Attribution | Product: 8117224dc690 | File: 8117224dc690_001.jpg | Source: amazon | URL: https://m.media-amazon.com/images/I/51r5E3UjpWL.jpg
2026-06-05 18:06:18.166 | INFO     | __main__:process_urls_for_product:190 - Verified Source Attribution | Product: 8117224dc690 | File: 8117224dc690_002.jpg | Source: amazon | URL: https://m.media-amazon.com/images/I/71VEhonAugL.jpg
2026-06-05 18:06:18.332 | INFO     | __main__:download_product_images:223 - Product 8117224dc690 has 3 images (min 10). Using Playwright fallback.
2026-06-05 18:06:21.800 | INFO     | nure.playwright_sources:collect_playwright_images:99 - Playwright blinkit '24 Mantra Rajma, Raw': 15 URLs
2026-06-05 18:06:25.160 | DEBUG    | nure.playwright_sources:collect_playwright_images:95 - Playwright timeout for bigbasket on 24 Mantra Rajma, Raw
2026-06-05 18:06:25.162 | INFO     | nure.playwright_sources:collect_playwright_images:99 - Playwright bigbasket '24 Mantra Rajma, Raw': 0 URLs
2026-06-05 18:06:27.753 | INFO     | nure.playwright_sources:collect_playwright_images:99 - Playwright jiomart '24 Mantra Rajma, Raw': 1 URLs
2026-06-05 18:06:30.202 | INFO     | nure.playwright_sources:collect_playwright_images:99 - Playwright flipkart '24 Mantra Rajma, Raw': 0 URLs
2026-06-05 18:06:30.330 | INFO     | __main__:process_urls_for_product:190 - Verified Source Attribution | Product: 8117224dc690 | File: 8117224dc690_003.jpg | Source: blinkit | URL: https://cdn.grofers.com/cdn-cgi/image/f=auto,fit=scale-down,q=70,metadata=none,w=270/da/cms-assets/cms/product/rc-upload-1776769807752-150.png
2026-06-05 18:06:30.619 | INFO     | __main__:process_urls_for_product:190 - Verified Source Attribution | Product: 8117224dc690 | File: 8117224dc690_004.jpg | Source: blinkit | URL: https://cdn.grofers.com/cdn-cgi/image/f=auto,fit=scale-down,q=70,metadata=none,w=270/da/cms-assets/cms/product/d50f7782-9247-4025-a746-0a34f5bf8099.png
2026-06-05 18:06:30.859 | INFO     | __main__:process_urls_for_product:190 - Verified Source Attribution | Product: 8117224dc690 | File: 8117224dc690_005.jpg | Source: blinkit | URL: https://cdn.grofers.com/cdn-cgi/image/f=auto,fit=scale-down,q=70,metadata=none,w=270/da/cms-assets/cms/product/5a83556a-ae47-4360-9480-051ecc3b5297.png
2026-06-05 18:06:31.093 | INFO     | __main__:process_urls_for_product:190 - Verified Source Attribution | Product: 8117224dc690 | File: 8117224dc690_006.jpg | Source: blinkit | URL: https://cdn.grofers.com/cdn-cgi/image/f=auto,fit=scale-down,q=70,metadata=none,w=270/da/cms-assets/cms/product/cc58c538-ba25-485e-92f6-f4ab7c7018c0.png
2026-06-05 18:06:31.362 | INFO     | __main__:process_urls_for_product:190 - Verified Source Attribution | Product: 8117224dc690 | File: 8117224dc690_007.jpg | Source: blinkit | URL: https://cdn.grofers.com/cdn-cgi/image/f=auto,fit=scale-down,q=70,metadata=none,w=270/da/cms-assets/cms/product/985fb72b-528a-4ba7-ab6e-b33b0c409688.png
2026-06-05 18:06:31.625 | INFO     | __main__:process_urls_for_product:190 - Verified Source Attribution | Product: 8117224dc690 | File: 8117224dc690_008.jpg | Source: blinkit | URL: https://cdn.grofers.com/cdn-cgi/image/f=auto,fit=scale-down,q=70,metadata=none,w=270/da/cms-assets/cms/product/rc-upload-1773718842673-786.png
2026-06-05 18:06:31.857 | INFO     | __main__:process_urls_for_product:190 - Verified Source Attribution | Product: 8117224dc690 | File: 8117224dc690_009.jpg | Source: blinkit | URL: https://cdn.grofers.com/cdn-cgi/image/f=auto,fit=scale-down,q=70,metadata=none,w=270/da/cms-assets/cms/product/bcc4ec2b-2da6-4e93-917e-e32c4ba1db16.png
2026-06-05 18:06:32.096 | INFO     | __main__:process_urls_for_product:190 - Verified Source Attribution | Product: 8117224dc690 | File: 8117224dc690_010.jpg | Source: blinkit | URL: https://cdn.grofers.com/cdn-cgi/image/f=auto,fit=scale-down,q=70,metadata=none,w=270/da/cms-assets/cms/product/1958b549-ab07-4a21-982b-3090627363c2.png
2026-06-05 18:06:32.349 | INFO     | __main__:process_urls_for_product:190 - Verified Source Attribution | Product: 8117224dc690 | File: 8117224dc690_011.jpg | Source: blinkit | URL: https://cdn.grofers.com/cdn-cgi/image/f=auto,fit=scale-down,q=70,metadata=none,w=270/da/cms-assets/cms/product/b1d83a9b-c84d-4063-bf6b-757cfb6e1569.png
2026-06-05 18:06:32.688 | INFO     | __main__:process_urls_for_product:190 - Verified Source Attribution | Product: 8117224dc690 | File: 8117224dc690_012.jpg | Source: blinkit | URL: https://cdn.grofers.com/cdn-cgi/image/f=auto,fit=scale-down,q=70,metadata=none,w=270/da/cms-assets/cms/product/cb01ab35-aec2-4674-be77-f0146b284bcb.png
2026-06-05 18:06:32.937 | INFO     | __main__:process_urls_for_product:190 - Verified Source Attribution | Product: 8117224dc690 | File: 8117224dc690_013.jpg | Source: blinkit | URL: https://cdn.grofers.com/cdn-cgi/image/f=auto,fit=scale-down,q=70,metadata=none,w=270/da/cms-assets/cms/product/95a67076-bb1b-47cd-8bcc-c6ba37d67c48.png
2026-06-05 18:06:33.191 | INFO     | __main__:process_urls_for_product:190 - Verified Source Attribution | Product: 8117224dc690 | File: 8117224dc690_014.jpg | Source: blinkit | URL: https://cdn.grofers.com/cdn-cgi/image/f=auto,fit=scale-down,q=70,metadata=none,w=270/da/cms-assets/cms/product/79e36e4e-e76e-4ec3-ba1d-4a8905bca342.png
2026-06-05 18:06:33.490 | INFO     | __main__:process_urls_for_product:190 - Verified Source Attribution | Product: 8117224dc690 | File: 8117224dc690_015.jpg | Source: blinkit | URL: https://cdn.grofers.com/cdn-cgi/image/f=auto,fit=scale-down,q=70,metadata=none,w=270/da/cms-assets/cms/product/a9d6d230-0db7-488e-9689-dc36fc568698.png
2026-06-05 18:07:45.282 | INFO     | __main__:download_product_images:223 - Product 95fa32bc821a has 0 images (min 10). Using Playwright fallback.
2026-06-05 18:07:48.874 | INFO     | nure.playwright_sources:collect_playwright_images:99 - Playwright blinkit 'Swad Raw Rajma': 15 URLs
2026-06-05 18:07:52.256 | DEBUG    | nure.playwright_sources:collect_playwright_images:95 - Playwright timeout for bigbasket on Swad Raw Rajma
2026-06-05 18:07:52.256 | INFO     | nure.playwright_sources:collect_playwright_images:99 - Playwright bigbasket 'Swad Raw Rajma': 0 URLs
2026-06-05 18:07:54.644 | INFO     | nure.playwright_sources:collect_playwright_images:99 - Playwright jiomart 'Swad Raw Rajma': 1 URLs
2026-06-05 18:07:57.180 | INFO     | nure.playwright_sources:collect_playwright_images:99 - Playwright flipkart 'Swad Raw Rajma 2 lbs': 0 URLs
2026-06-05 18:07:57.333 | INFO     | __main__:process_urls_for_product:190 - Verified Source Attribution | Product: 95fa32bc821a | File: 95fa32bc821a_000.jpg | Source: blinkit | URL: https://cdn.grofers.com/cdn-cgi/image/f=auto,fit=scale-down,q=70,metadata=none,w=270/da/cms-assets/cms/product/cc58c538-ba25-485e-92f6-f4ab7c7018c0.png
2026-06-05 18:07:57.625 | INFO     | __main__:process_urls_for_product:190 - Verified Source Attribution | Product: 95fa32bc821a | File: 95fa32bc821a_001.jpg | Source: blinkit | URL: https://cdn.grofers.com/cdn-cgi/image/f=auto,fit=scale-down,q=70,metadata=none,w=270/da/cms-assets/cms/product/c7d47384-7191-4d51-96fb-ab582a839850.png
2026-06-05 18:07:57.935 | INFO     | __main__:process_urls_for_product:190 - Verified Source Attribution | Product: 95fa32bc821a | File: 95fa32bc821a_002.jpg | Source: blinkit | URL: https://cdn.grofers.com/cdn-cgi/image/f=auto,fit=scale-down,q=70,metadata=none,w=270/da/cms-assets/cms/product/rc-upload-1779585181843-275.png
2026-06-05 18:07:58.168 | INFO     | __main__:process_urls_for_product:190 - Verified Source Attribution | Product: 95fa32bc821a | File: 95fa32bc821a_003.jpg | Source: blinkit | URL: https://cdn.grofers.com/cdn-cgi/image/f=auto,fit=scale-down,q=70,metadata=none,w=270/da/cms-assets/cms/product/8d52bdbb-d0c0-4d8b-903e-8daa4ebb63fd.png
2026-06-05 18:07:58.398 | INFO     | __main__:process_urls_for_product:190 - Verified Source Attribution | Product: 95fa32bc821a | File: 95fa32bc821a_004.jpg | Source: blinkit | URL: https://cdn.grofers.com/cdn-cgi/image/f=auto,fit=scale-down,q=70,metadata=none,w=270/da/cms-assets/cms/product/cb01ab35-aec2-4674-be77-f0146b284bcb.png
2026-06-05 18:07:58.630 | INFO     | __main__:process_urls_for_product:190 - Verified Source Attribution | Product: 95fa32bc821a | File: 95fa32bc821a_005.jpg | Source: blinkit | URL: https://cdn.grofers.com/cdn-cgi/image/f=auto,fit=scale-down,q=70,metadata=none,w=270/da/cms-assets/cms/product/rc-upload-1776769807752-150.png
2026-06-05 18:07:58.860 | INFO     | __main__:process_urls_for_product:190 - Verified Source Attribution | Product: 95fa32bc821a | File: 95fa32bc821a_006.jpg | Source: blinkit | URL: https://cdn.grofers.com/cdn-cgi/image/f=auto,fit=scale-down,q=70,metadata=none,w=270/da/cms-assets/cms/product/rc-upload-1777456672791-473.png
2026-06-05 18:07:59.097 | INFO     | __main__:process_urls_for_product:190 - Verified Source Attribution | Product: 95fa32bc821a | File: 95fa32bc821a_007.jpg | Source: blinkit | URL: https://cdn.grofers.com/cdn-cgi/image/f=auto,fit=scale-down,q=70,metadata=none,w=270/da/cms-assets/cms/product/0f0d2f5c-862b-4abb-8d6f-760d7b1936cd.png
2026-06-05 18:07:59.336 | INFO     | __main__:process_urls_for_product:190 - Verified Source Attribution | Product: 95fa32bc821a | File: 95fa32bc821a_008.jpg | Source: blinkit | URL: https://cdn.grofers.com/cdn-cgi/image/f=auto,fit=scale-down,q=70,metadata=none,w=270/da/cms-assets/cms/product/37616140-5fc2-4ae5-883c-211a04d9da55.png
2026-06-05 18:07:59.586 | INFO     | __main__:process_urls_for_product:190 - Verified Source Attribution | Product: 95fa32bc821a | File: 95fa32bc821a_009.jpg | Source: blinkit | URL: https://cdn.grofers.com/cdn-cgi/image/f=auto,fit=scale-down,q=70,metadata=none,w=270/da/cms-assets/cms/product/678f3eeb-1cd2-41f3-87ee-0745a9188655.png
2026-06-05 18:07:59.830 | INFO     | __main__:process_urls_for_product:190 - Verified Source Attribution | Product: 95fa32bc821a | File: 95fa32bc821a_010.jpg | Source: blinkit | URL: https://cdn.grofers.com/cdn-cgi/image/f=auto,fit=scale-down,q=70,metadata=none,w=270/da/cms-assets/cms/product/c15731ac-6923-46f2-809d-86b901e5d919.png
2026-06-05 18:08:00.078 | INFO     | __main__:process_urls_for_product:190 - Verified Source Attribution | Product: 95fa32bc821a | File: 95fa32bc821a_011.jpg | Source: blinkit | URL: https://cdn.grofers.com/cdn-cgi/image/f=auto,fit=scale-down,q=70,metadata=none,w=270/da/cms-assets/cms/product/rc-upload-1777287844551-391.png
2026-06-05 18:08:00.327 | INFO     | __main__:process_urls_for_product:190 - Verified Source Attribution | Product: 95fa32bc821a | File: 95fa32bc821a_012.jpg | Source: blinkit | URL: https://cdn.grofers.com/cdn-cgi/image/f=auto,fit=scale-down,q=70,metadata=none,w=270/da/cms-assets/cms/product/d50f7782-9247-4025-a746-0a34f5bf8099.png
2026-06-05 18:09:12.060 | INFO     | __main__:download_product_images:223 - Product 629f14f1e5f5 has 0 images (min 10). Using Playwright fallback.
2026-06-05 18:09:15.470 | INFO     | nure.playwright_sources:collect_playwright_images:99 - Playwright blinkit 'Aman’s Jammu Rajma': 15 URLs
2026-06-05 18:09:18.945 | DEBUG    | nure.playwright_sources:collect_playwright_images:95 - Playwright timeout for bigbasket on Aman’s Jammu Rajma
2026-06-05 18:09:18.946 | INFO     | nure.playwright_sources:collect_playwright_images:99 - Playwright bigbasket 'Aman’s Jammu Rajma': 0 URLs
2026-06-05 18:09:21.394 | INFO     | nure.playwright_sources:collect_playwright_images:99 - Playwright jiomart 'Aman’s Jammu Rajma': 1 URLs
2026-06-05 18:09:24.069 | INFO     | nure.playwright_sources:collect_playwright_images:99 - Playwright flipkart 'Aman’s Jammu Rajma': 0 URLs
2026-06-05 18:09:24.203 | INFO     | __main__:process_urls_for_product:190 - Verified Source Attribution | Product: 629f14f1e5f5 | File: 629f14f1e5f5_000.jpg | Source: blinkit | URL: https://cdn.grofers.com/cdn-cgi/image/f=auto,fit=scale-down,q=70,metadata=none,w=270/da/cms-assets/cms/product/37616140-5fc2-4ae5-883c-211a04d9da55.png
2026-06-05 18:09:24.483 | INFO     | __main__:process_urls_for_product:190 - Verified Source Attribution | Product: 629f14f1e5f5 | File: 629f14f1e5f5_001.jpg | Source: blinkit | URL: https://cdn.grofers.com/cdn-cgi/image/f=auto,fit=scale-down,q=70,metadata=none,w=270/da/cms-assets/cms/product/c7d47384-7191-4d51-96fb-ab582a839850.png
2026-06-05 18:09:24.725 | INFO     | __main__:process_urls_for_product:190 - Verified Source Attribution | Product: 629f14f1e5f5 | File: 629f14f1e5f5_002.jpg | Source: blinkit | URL: https://cdn.grofers.com/cdn-cgi/image/f=auto,fit=scale-down,q=70,metadata=none,w=270/da/cms-assets/cms/product/678f3eeb-1cd2-41f3-87ee-0745a9188655.png
2026-06-05 18:09:24.964 | INFO     | __main__:process_urls_for_product:190 - Verified Source Attribution | Product: 629f14f1e5f5 | File: 629f14f1e5f5_003.jpg | Source: blinkit | URL: https://cdn.grofers.com/cdn-cgi/image/f=auto,fit=scale-down,q=70,metadata=none,w=270/da/cms-assets/cms/product/c15731ac-6923-46f2-809d-86b901e5d919.png
2026-06-05 18:09:25.278 | INFO     | __main__:process_urls_for_product:190 - Verified Source Attribution | Product: 629f14f1e5f5 | File: 629f14f1e5f5_004.jpg | Source: blinkit | URL: https://cdn.grofers.com/cdn-cgi/image/f=auto,fit=scale-down,q=70,metadata=none,w=270/da/cms-assets/cms/product/cc58c538-ba25-485e-92f6-f4ab7c7018c0.png
2026-06-05 18:09:25.522 | INFO     | __main__:process_urls_for_product:190 - Verified Source Attribution | Product: 629f14f1e5f5 | File: 629f14f1e5f5_005.jpg | Source: blinkit | URL: https://cdn.grofers.com/cdn-cgi/image/f=auto,fit=scale-down,q=70,metadata=none,w=270/da/cms-assets/cms/product/d50f7782-9247-4025-a746-0a34f5bf8099.png
2026-06-05 18:09:25.765 | INFO     | __main__:process_urls_for_product:190 - Verified Source Attribution | Product: 629f14f1e5f5 | File: 629f14f1e5f5_006.jpg | Source: blinkit | URL: https://cdn.grofers.com/cdn-cgi/image/f=auto,fit=scale-down,q=70,metadata=none,w=270/da/cms-assets/cms/product/8d52bdbb-d0c0-4d8b-903e-8daa4ebb63fd.png
2026-06-05 18:09:26.015 | INFO     | __main__:process_urls_for_product:190 - Verified Source Attribution | Product: 629f14f1e5f5 | File: 629f14f1e5f5_007.jpg | Source: blinkit | URL: https://cdn.grofers.com/cdn-cgi/image/f=auto,fit=scale-down,q=70,metadata=none,w=270/da/cms-assets/cms/product/b1d83a9b-c84d-4063-bf6b-757cfb6e1569.png
2026-06-05 18:09:26.363 | INFO     | __main__:process_urls_for_product:190 - Verified Source Attribution | Product: 629f14f1e5f5 | File: 629f14f1e5f5_008.jpg | Source: blinkit | URL: https://cdn.grofers.com/cdn-cgi/image/f=auto,fit=scale-down,q=70,metadata=none,w=270/da/cms-assets/cms/product/606d6220-d772-4dc4-b61d-e27e7fb319af.png
2026-06-05 18:09:26.612 | INFO     | __main__:process_urls_for_product:190 - Verified Source Attribution | Product: 629f14f1e5f5 | File: 629f14f1e5f5_009.jpg | Source: blinkit | URL: https://cdn.grofers.com/cdn-cgi/image/f=auto,fit=scale-down,q=70,metadata=none,w=270/da/cms-assets/cms/product/rc-upload-1777456672791-473.png
2026-06-05 18:09:26.931 | INFO     | __main__:process_urls_for_product:190 - Verified Source Attribution | Product: 629f14f1e5f5 | File: 629f14f1e5f5_010.jpg | Source: blinkit | URL: https://cdn.grofers.com/cdn-cgi/image/f=auto,fit=scale-down,q=70,metadata=none,w=270/da/cms-assets/cms/product/rc-upload-1777456672791-452.png
2026-06-05 18:10:23.374 | INFO     | __main__:download_product_images:223 - Product 843131411375 has 0 images (min 10). Using Playwright fallback.
2026-06-05 18:10:26.644 | INFO     | nure.playwright_sources:collect_playwright_images:99 - Playwright blinkit 'Dmart Premia Rajma White': 15 URLs
2026-06-05 18:10:30.043 | DEBUG    | nure.playwright_sources:collect_playwright_images:95 - Playwright timeout for bigbasket on Dmart Premia Rajma White
2026-06-05 18:10:30.043 | INFO     | nure.playwright_sources:collect_playwright_images:99 - Playwright bigbasket 'Dmart Premia Rajma White': 0 URLs
2026-06-05 18:10:33.302 | INFO     | nure.playwright_sources:collect_playwright_images:99 - Playwright jiomart 'Dmart Premia Rajma White': 1 URLs
2026-06-05 18:10:35.817 | INFO     | nure.playwright_sources:collect_playwright_images:99 - Playwright flipkart 'Dmart Premia Rajma White 500g': 0 URLs
2026-06-05 18:10:35.958 | INFO     | __main__:process_urls_for_product:190 - Verified Source Attribution | Product: 843131411375 | File: 843131411375_000.jpg | Source: blinkit | URL: https://cdn.grofers.com/cdn-cgi/image/f=auto,fit=scale-down,q=70,metadata=none,w=270/da/cms-assets/cms/product/bcc4ec2b-2da6-4e93-917e-e32c4ba1db16.png
2026-06-05 18:10:36.252 | INFO     | __main__:process_urls_for_product:190 - Verified Source Attribution | Product: 843131411375 | File: 843131411375_001.jpg | Source: blinkit | URL: https://cdn.grofers.com/cdn-cgi/image/f=auto,fit=scale-down,q=70,metadata=none,w=270/da/cms-assets/cms/product/d50f7782-9247-4025-a746-0a34f5bf8099.png
2026-06-05 18:10:36.496 | INFO     | __main__:process_urls_for_product:190 - Verified Source Attribution | Product: 843131411375 | File: 843131411375_002.jpg | Source: blinkit | URL: https://cdn.grofers.com/cdn-cgi/image/f=auto,fit=scale-down,q=70,metadata=none,w=270/da/cms-assets/cms/product/cc58c538-ba25-485e-92f6-f4ab7c7018c0.png
2026-06-05 18:10:36.748 | INFO     | __main__:process_urls_for_product:190 - Verified Source Attribution | Product: 843131411375 | File: 843131411375_003.jpg | Source: blinkit | URL: https://cdn.grofers.com/cdn-cgi/image/f=auto,fit=scale-down,q=70,metadata=none,w=270/da/cms-assets/cms/product/95a67076-bb1b-47cd-8bcc-c6ba37d67c48.png
2026-06-05 18:10:36.994 | INFO     | __main__:process_urls_for_product:190 - Verified Source Attribution | Product: 843131411375 | File: 843131411375_004.jpg | Source: blinkit | URL: https://cdn.grofers.com/cdn-cgi/image/f=auto,fit=scale-down,q=70,metadata=none,w=270/da/cms-assets/cms/product/b4d34c60-9c36-41c6-9c5e-757103f1243f.png
2026-06-05 18:10:37.228 | INFO     | __main__:process_urls_for_product:190 - Verified Source Attribution | Product: 843131411375 | File: 843131411375_005.jpg | Source: blinkit | URL: https://cdn.grofers.com/cdn-cgi/image/f=auto,fit=scale-down,q=70,metadata=none,w=270/da/cms-assets/cms/product/37616140-5fc2-4ae5-883c-211a04d9da55.png
2026-06-05 18:10:37.476 | INFO     | __main__:process_urls_for_product:190 - Verified Source Attribution | Product: 843131411375 | File: 843131411375_006.jpg | Source: blinkit | URL: https://cdn.grofers.com/cdn-cgi/image/f=auto,fit=scale-down,q=70,metadata=none,w=270/da/cms-assets/cms/product/1958b549-ab07-4a21-982b-3090627363c2.png
2026-06-05 18:10:37.713 | INFO     | __main__:process_urls_for_product:190 - Verified Source Attribution | Product: 843131411375 | File: 843131411375_007.jpg | Source: blinkit | URL: https://cdn.grofers.com/cdn-cgi/image/f=auto,fit=scale-down,q=70,metadata=none,w=270/da/cms-assets/cms/product/79e36e4e-e76e-4ec3-ba1d-4a8905bca342.png
2026-06-05 18:10:37.950 | INFO     | __main__:process_urls_for_product:190 - Verified Source Attribution | Product: 843131411375 | File: 843131411375_008.jpg | Source: blinkit | URL: https://cdn.grofers.com/cdn-cgi/image/f=auto,fit=scale-down,q=70,metadata=none,w=270/da/cms-assets/cms/product/767ca244-37d1-4e70-a1fd-6b3457cee5d9.png
2026-06-05 18:10:38.373 | INFO     | __main__:process_urls_for_product:190 - Verified Source Attribution | Product: 843131411375 | File: 843131411375_009.jpg | Source: blinkit | URL: https://cdn.grofers.com/cdn-cgi/image/f=auto,fit=scale-down,q=70,metadata=none,w=270/da/cms-assets/cms/product/cb01ab35-aec2-4674-be77-f0146b284bcb.png
2026-06-05 18:10:38.629 | INFO     | __main__:process_urls_for_product:190 - Verified Source Attribution | Product: 843131411375 | File: 843131411375_010.jpg | Source: blinkit | URL: https://cdn.grofers.com/cdn-cgi/image/f=auto,fit=scale-down,q=70,metadata=none,w=270/da/cms-assets/cms/product/rc-upload-1773718842673-786.png
2026-06-05 18:10:41.448 | INFO     | nure.image_sources:collect_amazon_images:178 - Amazon 'Vadilal Rajma Masala': 2 URLs
2026-06-05 18:10:43.156 | INFO     | nure.image_sources:collect_bing_images:149 - Bing 'Vadilal Rajma Masala': 0 URLs
2026-06-05 18:11:20.262 | INFO     | __main__:process_urls_for_product:190 - Verified Source Attribution | Product: 859ef15c4325 | File: 859ef15c4325_000.jpg | Source: amazon | URL: https://m.media-amazon.com/images/I/31Ip4aURUpL.png
2026-06-05 18:11:21.294 | INFO     | __main__:process_urls_for_product:190 - Verified Source Attribution | Product: 859ef15c4325 | File: 859ef15c4325_001.jpg | Source: amazon | URL: https://m.media-amazon.com/images/I/71VEhonAugL.jpg
2026-06-05 18:11:21.455 | INFO     | __main__:download_product_images:223 - Product 859ef15c4325 has 2 images (min 10). Using Playwright fallback.
2026-06-05 18:11:24.733 | INFO     | nure.playwright_sources:collect_playwright_images:99 - Playwright blinkit 'Vadilal Rajma Masala': 15 URLs
2026-06-05 18:11:28.078 | DEBUG    | nure.playwright_sources:collect_playwright_images:95 - Playwright timeout for bigbasket on Vadilal Rajma Masala
2026-06-05 18:11:28.078 | INFO     | nure.playwright_sources:collect_playwright_images:99 - Playwright bigbasket 'Vadilal Rajma Masala': 0 URLs
2026-06-05 18:11:30.812 | INFO     | nure.playwright_sources:collect_playwright_images:99 - Playwright jiomart 'Vadilal Rajma Masala': 1 URLs
2026-06-05 18:11:33.550 | INFO     | nure.playwright_sources:collect_playwright_images:99 - Playwright flipkart 'Vadilal Rajma Masala': 0 URLs
2026-06-05 18:11:33.696 | INFO     | __main__:process_urls_for_product:190 - Verified Source Attribution | Product: 859ef15c4325 | File: 859ef15c4325_002.jpg | Source: blinkit | URL: https://cdn.grofers.com/cdn-cgi/image/f=auto,fit=scale-down,q=70,metadata=none,w=270/da/cms-assets/cms/product/426befa5-a528-4356-b699-291611f09257.png
2026-06-05 18:11:33.991 | INFO     | __main__:process_urls_for_product:190 - Verified Source Attribution | Product: 859ef15c4325 | File: 859ef15c4325_003.jpg | Source: blinkit | URL: https://cdn.grofers.com/cdn-cgi/image/f=auto,fit=scale-down,q=70,metadata=none,w=270/da/cms-assets/cms/product/0bdb6582-bfb8-4b6f-be84-37644e8c39ab.png
2026-06-05 18:11:34.241 | INFO     | __main__:process_urls_for_product:190 - Verified Source Attribution | Product: 859ef15c4325 | File: 859ef15c4325_004.jpg | Source: blinkit | URL: https://cdn.grofers.com/cdn-cgi/image/f=auto,fit=scale-down,q=70,metadata=none,w=270/da/cms-assets/cms/product/34eb3f9a-16ed-4887-beb5-1749c6f90b98.png
2026-06-05 18:11:34.480 | INFO     | __main__:process_urls_for_product:190 - Verified Source Attribution | Product: 859ef15c4325 | File: 859ef15c4325_005.jpg | Source: blinkit | URL: https://cdn.grofers.com/cdn-cgi/image/f=auto,fit=scale-down,q=70,metadata=none,w=270/da/cms-assets/cms/product/301e07b6-ef16-4a6d-ad2d-fd4d8af3015c.png
2026-06-05 18:11:34.742 | INFO     | __main__:process_urls_for_product:190 - Verified Source Attribution | Product: 859ef15c4325 | File: 859ef15c4325_006.jpg | Source: blinkit | URL: https://cdn.grofers.com/cdn-cgi/image/f=auto,fit=scale-down,q=70,metadata=none,w=270/da/cms-assets/cms/product/606d6220-d772-4dc4-b61d-e27e7fb319af.png
2026-06-05 18:11:34.978 | INFO     | __main__:process_urls_for_product:190 - Verified Source Attribution | Product: 859ef15c4325 | File: 859ef15c4325_007.jpg | Source: blinkit | URL: https://cdn.grofers.com/cdn-cgi/image/f=auto,fit=scale-down,q=70,metadata=none,w=270/da/cms-assets/cms/product/c7d47384-7191-4d51-96fb-ab582a839850.png
2026-06-05 18:11:35.290 | INFO     | __main__:process_urls_for_product:190 - Verified Source Attribution | Product: 859ef15c4325 | File: 859ef15c4325_008.jpg | Source: blinkit | URL: https://cdn.grofers.com/cdn-cgi/image/f=auto,fit=scale-down,q=70,metadata=none,w=270/da/cms-assets/cms/product/a7a2c47c-213c-4b3d-99a9-f4b5dfac957f.png
2026-06-05 18:11:35.541 | INFO     | __main__:process_urls_for_product:190 - Verified Source Attribution | Product: 859ef15c4325 | File: 859ef15c4325_009.jpg | Source: blinkit | URL: https://cdn.grofers.com/cdn-cgi/image/f=auto,fit=scale-down,q=70,metadata=none,w=270/da/cms-assets/cms/product/be9784c7-9987-4b5e-a35c-fc16dffd2445.png
2026-06-05 18:11:35.791 | INFO     | __main__:process_urls_for_product:190 - Verified Source Attribution | Product: 859ef15c4325 | File: 859ef15c4325_010.jpg | Source: blinkit | URL: https://cdn.grofers.com/cdn-cgi/image/f=auto,fit=scale-down,q=70,metadata=none,w=270/da/cms-assets/cms/product/rc-upload-1779585181843-275.png
2026-06-05 18:11:36.032 | INFO     | __main__:process_urls_for_product:190 - Verified Source Attribution | Product: 859ef15c4325 | File: 859ef15c4325_011.jpg | Source: blinkit | URL: https://cdn.grofers.com/cdn-cgi/image/f=auto,fit=scale-down,q=70,metadata=none,w=270/da/cms-assets/cms/product/d50f7782-9247-4025-a746-0a34f5bf8099.png
2026-06-05 18:11:36.282 | INFO     | __main__:process_urls_for_product:190 - Verified Source Attribution | Product: 859ef15c4325 | File: 859ef15c4325_012.jpg | Source: blinkit | URL: https://cdn.grofers.com/cdn-cgi/image/f=auto,fit=scale-down,q=70,metadata=none,w=270/da/cms-assets/cms/product/rc-upload-1777287844551-391.png
2026-06-05 18:11:36.584 | INFO     | __main__:process_urls_for_product:190 - Verified Source Attribution | Product: 859ef15c4325 | File: 859ef15c4325_013.jpg | Source: blinkit | URL: https://cdn.grofers.com/cdn-cgi/image/f=auto,fit=scale-down,q=70,metadata=none,w=270/da/cms-assets/cms/product/a5d40b95-e278-4ad2-ba5a-cf0c196ae062.png?bg_token=Colour%2Fsurface%2F00FFFFFF
2026-06-05 18:11:36.825 | INFO     | __main__:process_urls_for_product:190 - Verified Source Attribution | Product: 859ef15c4325 | File: 859ef15c4325_014.jpg | Source: blinkit | URL: https://cdn.grofers.com/cdn-cgi/image/f=auto,fit=scale-down,q=70,metadata=none,w=270/da/cms-assets/cms/product/rc-upload-1777456672791-452.png
2026-06-05 18:11:39.754 | INFO     | nure.image_sources:collect_amazon_images:178 - Amazon 'Tirupati’s Punjabi Rajma': 2 URLs
2026-06-05 18:11:41.364 | INFO     | nure.image_sources:collect_bing_images:149 - Bing 'Tirupati’s Punjabi Rajma': 0 URLs
2026-06-05 18:12:18.473 | INFO     | __main__:process_urls_for_product:190 - Verified Source Attribution | Product: e69ea2ff7819 | File: e69ea2ff7819_000.jpg | Source: amazon | URL: https://m.media-amazon.com/images/I/31Ip4aURUpL.png
2026-06-05 18:12:19.508 | INFO     | __main__:process_urls_for_product:190 - Verified Source Attribution | Product: e69ea2ff7819 | File: e69ea2ff7819_001.jpg | Source: amazon | URL: https://m.media-amazon.com/images/I/71VEhonAugL.jpg
2026-06-05 18:12:19.663 | INFO     | __main__:download_product_images:223 - Product e69ea2ff7819 has 2 images (min 10). Using Playwright fallback.
2026-06-05 18:12:23.043 | INFO     | nure.playwright_sources:collect_playwright_images:99 - Playwright blinkit 'Tirupati’s Punjabi Rajma': 15 URLs
2026-06-05 18:12:26.462 | DEBUG    | nure.playwright_sources:collect_playwright_images:95 - Playwright timeout for bigbasket on Tirupati’s Punjabi Rajma
2026-06-05 18:12:26.463 | INFO     | nure.playwright_sources:collect_playwright_images:99 - Playwright bigbasket 'Tirupati’s Punjabi Rajma': 0 URLs
2026-06-05 18:12:28.699 | INFO     | nure.playwright_sources:collect_playwright_images:99 - Playwright jiomart 'Tirupati’s Punjabi Rajma': 1 URLs
2026-06-05 18:12:31.221 | INFO     | nure.playwright_sources:collect_playwright_images:99 - Playwright flipkart 'Tirupati’s Punjabi Rajma': 0 URLs
2026-06-05 18:12:31.456 | INFO     | __main__:process_urls_for_product:190 - Verified Source Attribution | Product: e69ea2ff7819 | File: e69ea2ff7819_002.jpg | Source: blinkit | URL: https://cdn.grofers.com/cdn-cgi/image/f=auto,fit=scale-down,q=70,metadata=none,w=270/da/cms-assets/cms/product/606d6220-d772-4dc4-b61d-e27e7fb319af.png
2026-06-05 18:12:31.745 | INFO     | __main__:process_urls_for_product:190 - Verified Source Attribution | Product: e69ea2ff7819 | File: e69ea2ff7819_003.jpg | Source: blinkit | URL: https://cdn.grofers.com/cdn-cgi/image/f=auto,fit=scale-down,q=70,metadata=none,w=270/da/cms-assets/cms/product/37616140-5fc2-4ae5-883c-211a04d9da55.png
2026-06-05 18:12:31.984 | INFO     | __main__:process_urls_for_product:190 - Verified Source Attribution | Product: e69ea2ff7819 | File: e69ea2ff7819_004.jpg | Source: blinkit | URL: https://cdn.grofers.com/cdn-cgi/image/f=auto,fit=scale-down,q=70,metadata=none,w=270/da/cms-assets/cms/product/d50f7782-9247-4025-a746-0a34f5bf8099.png
2026-06-05 18:12:32.218 | INFO     | __main__:process_urls_for_product:190 - Verified Source Attribution | Product: e69ea2ff7819 | File: e69ea2ff7819_005.jpg | Source: blinkit | URL: https://cdn.grofers.com/cdn-cgi/image/f=auto,fit=scale-down,q=70,metadata=none,w=270/da/cms-assets/cms/product/rc-upload-1776769807752-150.png
2026-06-05 18:12:32.447 | INFO     | __main__:process_urls_for_product:190 - Verified Source Attribution | Product: e69ea2ff7819 | File: e69ea2ff7819_006.jpg | Source: blinkit | URL: https://cdn.grofers.com/cdn-cgi/image/f=auto,fit=scale-down,q=70,metadata=none,w=270/da/cms-assets/cms/product/c15731ac-6923-46f2-809d-86b901e5d919.png
2026-06-05 18:12:32.755 | INFO     | __main__:process_urls_for_product:190 - Verified Source Attribution | Product: e69ea2ff7819 | File: e69ea2ff7819_007.jpg | Source: blinkit | URL: https://cdn.grofers.com/cdn-cgi/image/f=auto,fit=scale-down,q=70,metadata=none,w=270/da/cms-assets/cms/product/c7d47384-7191-4d51-96fb-ab582a839850.png
2026-06-05 18:12:33.086 | INFO     | __main__:process_urls_for_product:190 - Verified Source Attribution | Product: e69ea2ff7819 | File: e69ea2ff7819_008.jpg | Source: blinkit | URL: https://cdn.grofers.com/cdn-cgi/image/f=auto,fit=scale-down,q=70,metadata=none,w=270/da/cms-assets/cms/product/678f3eeb-1cd2-41f3-87ee-0745a9188655.png
2026-06-05 18:12:33.334 | INFO     | __main__:process_urls_for_product:190 - Verified Source Attribution | Product: e69ea2ff7819 | File: e69ea2ff7819_009.jpg | Source: blinkit | URL: https://cdn.grofers.com/cdn-cgi/image/f=auto,fit=scale-down,q=70,metadata=none,w=270/da/cms-assets/cms/product/rc-upload-1777456672791-452.png
2026-06-05 18:12:33.587 | INFO     | __main__:process_urls_for_product:190 - Verified Source Attribution | Product: e69ea2ff7819 | File: e69ea2ff7819_010.jpg | Source: blinkit | URL: https://cdn.grofers.com/cdn-cgi/image/f=auto,fit=scale-down,q=70,metadata=none,w=270/da/cms-assets/cms/product/rc-upload-1779585181843-275.png
2026-06-05 18:12:33.819 | INFO     | __main__:process_urls_for_product:190 - Verified Source Attribution | Product: e69ea2ff7819 | File: e69ea2ff7819_011.jpg | Source: blinkit | URL: https://cdn.grofers.com/cdn-cgi/image/f=auto,fit=scale-down,q=70,metadata=none,w=270/da/cms-assets/cms/product/b1d83a9b-c84d-4063-bf6b-757cfb6e1569.png
2026-06-05 18:12:34.058 | INFO     | __main__:process_urls_for_product:190 - Verified Source Attribution | Product: e69ea2ff7819 | File: e69ea2ff7819_012.jpg | Source: blinkit | URL: https://cdn.grofers.com/cdn-cgi/image/f=auto,fit=scale-down,q=70,metadata=none,w=270/da/cms-assets/cms/product/cc58c538-ba25-485e-92f6-f4ab7c7018c0.png
2026-06-05 18:12:34.304 | INFO     | __main__:process_urls_for_product:190 - Verified Source Attribution | Product: e69ea2ff7819 | File: e69ea2ff7819_013.jpg | Source: blinkit | URL: https://cdn.grofers.com/cdn-cgi/image/f=auto,fit=scale-down,q=70,metadata=none,w=270/da/cms-assets/cms/product/79e36e4e-e76e-4ec3-ba1d-4a8905bca342.png
2026-06-05 18:12:36.982 | INFO     | nure.image_sources:collect_amazon_images:178 - Amazon 'Bowlful Rajma': 2 URLs
2026-06-05 18:12:38.796 | INFO     | nure.image_sources:collect_bing_images:149 - Bing 'Bowlful Rajma': 0 URLs
2026-06-05 18:13:15.969 | INFO     | __main__:process_urls_for_product:190 - Verified Source Attribution | Product: c96e5370cd65 | File: c96e5370cd65_000.jpg | Source: amazon | URL: https://m.media-amazon.com/images/I/31Ip4aURUpL.png
2026-06-05 18:13:16.575 | INFO     | __main__:process_urls_for_product:190 - Verified Source Attribution | Product: c96e5370cd65 | File: c96e5370cd65_001.jpg | Source: amazon | URL: https://m.media-amazon.com/images/I/61keQ5OWKaL.jpg
2026-06-05 18:13:16.727 | INFO     | __main__:download_product_images:223 - Product c96e5370cd65 has 2 images (min 10). Using Playwright fallback.
2026-06-05 18:13:20.062 | INFO     | nure.playwright_sources:collect_playwright_images:99 - Playwright blinkit 'Bowlful Rajma': 15 URLs
2026-06-05 18:13:23.422 | DEBUG    | nure.playwright_sources:collect_playwright_images:95 - Playwright timeout for bigbasket on Bowlful Rajma
2026-06-05 18:13:23.422 | INFO     | nure.playwright_sources:collect_playwright_images:99 - Playwright bigbasket 'Bowlful Rajma': 0 URLs
2026-06-05 18:13:26.074 | INFO     | nure.playwright_sources:collect_playwright_images:99 - Playwright jiomart 'Bowlful Rajma': 1 URLs
2026-06-05 18:13:28.590 | INFO     | nure.playwright_sources:collect_playwright_images:99 - Playwright flipkart 'Bowlful Rajma': 0 URLs
2026-06-05 18:13:28.729 | INFO     | __main__:process_urls_for_product:190 - Verified Source Attribution | Product: c96e5370cd65 | File: c96e5370cd65_002.jpg | Source: blinkit | URL: https://cdn.grofers.com/cdn-cgi/image/f=auto,fit=scale-down,q=70,metadata=none,w=270/da/cms-assets/cms/product/301e07b6-ef16-4a6d-ad2d-fd4d8af3015c.png
2026-06-05 18:13:29.024 | INFO     | __main__:process_urls_for_product:190 - Verified Source Attribution | Product: c96e5370cd65 | File: c96e5370cd65_003.jpg | Source: blinkit | URL: https://cdn.grofers.com/cdn-cgi/image/f=auto,fit=scale-down,q=70,metadata=none,w=270/da/cms-assets/cms/product/be9784c7-9987-4b5e-a35c-fc16dffd2445.png
2026-06-05 18:13:29.259 | INFO     | __main__:process_urls_for_product:190 - Verified Source Attribution | Product: c96e5370cd65 | File: c96e5370cd65_004.jpg | Source: blinkit | URL: https://cdn.grofers.com/cdn-cgi/image/f=auto,fit=scale-down,q=70,metadata=none,w=270/da/cms-assets/cms/product/rc-upload-1779585181843-275.png
2026-06-05 18:13:29.502 | INFO     | __main__:process_urls_for_product:190 - Verified Source Attribution | Product: c96e5370cd65 | File: c96e5370cd65_005.jpg | Source: blinkit | URL: https://cdn.grofers.com/cdn-cgi/image/f=auto,fit=scale-down,q=70,metadata=none,w=270/da/cms-assets/cms/product/606d6220-d772-4dc4-b61d-e27e7fb319af.png
2026-06-05 18:13:29.747 | INFO     | __main__:process_urls_for_product:190 - Verified Source Attribution | Product: c96e5370cd65 | File: c96e5370cd65_006.jpg | Source: blinkit | URL: https://cdn.grofers.com/cdn-cgi/image/f=auto,fit=scale-down,q=70,metadata=none,w=270/da/cms-assets/cms/product/a7a2c47c-213c-4b3d-99a9-f4b5dfac957f.png
2026-06-05 18:13:29.992 | INFO     | __main__:process_urls_for_product:190 - Verified Source Attribution | Product: c96e5370cd65 | File: c96e5370cd65_007.jpg | Source: blinkit | URL: https://cdn.grofers.com/cdn-cgi/image/f=auto,fit=scale-down,q=70,metadata=none,w=270/da/cms-assets/cms/product/a9d6d230-0db7-488e-9689-dc36fc568698.png
2026-06-05 18:13:30.230 | INFO     | __main__:process_urls_for_product:190 - Verified Source Attribution | Product: c96e5370cd65 | File: c96e5370cd65_008.jpg | Source: blinkit | URL: https://cdn.grofers.com/cdn-cgi/image/f=auto,fit=scale-down,q=70,metadata=none,w=270/da/cms-assets/cms/product/d50f7782-9247-4025-a746-0a34f5bf8099.png
2026-06-05 18:13:30.464 | INFO     | __main__:process_urls_for_product:190 - Verified Source Attribution | Product: c96e5370cd65 | File: c96e5370cd65_009.jpg | Source: blinkit | URL: https://cdn.grofers.com/cdn-cgi/image/f=auto,fit=scale-down,q=70,metadata=none,w=270/da/cms-assets/cms/product/rc-upload-1776769807752-150.png
2026-06-05 18:13:30.700 | INFO     | __main__:process_urls_for_product:190 - Verified Source Attribution | Product: c96e5370cd65 | File: c96e5370cd65_010.jpg | Source: blinkit | URL: https://cdn.grofers.com/cdn-cgi/image/f=auto,fit=scale-down,q=70,metadata=none,w=270/da/cms-assets/cms/product/79e36e4e-e76e-4ec3-ba1d-4a8905bca342.png
2026-06-05 18:13:30.936 | INFO     | __main__:process_urls_for_product:190 - Verified Source Attribution | Product: c96e5370cd65 | File: c96e5370cd65_011.jpg | Source: blinkit | URL: https://cdn.grofers.com/cdn-cgi/image/f=auto,fit=scale-down,q=70,metadata=none,w=270/da/cms-assets/cms/product/64d9203e-c1bd-4c61-abca-6c49e07663d9.png
2026-06-05 18:13:31.186 | INFO     | __main__:process_urls_for_product:190 - Verified Source Attribution | Product: c96e5370cd65 | File: c96e5370cd65_012.jpg | Source: blinkit | URL: https://cdn.grofers.com/cdn-cgi/image/f=auto,fit=scale-down,q=70,metadata=none,w=270/da/cms-assets/cms/product/rc-upload-1777456672791-452.png
2026-06-05 18:13:31.431 | INFO     | __main__:process_urls_for_product:190 - Verified Source Attribution | Product: c96e5370cd65 | File: c96e5370cd65_013.jpg | Source: blinkit | URL: https://cdn.grofers.com/cdn-cgi/image/f=auto,fit=scale-down,q=70,metadata=none,w=270/da/cms-assets/cms/product/678f3eeb-1cd2-41f3-87ee-0745a9188655.png
2026-06-05 18:13:31.688 | INFO     | __main__:process_urls_for_product:190 - Verified Source Attribution | Product: c96e5370cd65 | File: c96e5370cd65_014.jpg | Source: blinkit | URL: https://cdn.grofers.com/cdn-cgi/image/f=auto,fit=scale-down,q=70,metadata=none,w=270/da/cms-assets/cms/product/f8863d0a-8d5c-4eee-aefc-981f283576bb.png
2026-06-05 18:13:35.191 | INFO     | nure.image_sources:collect_amazon_images:178 - Amazon 'Five Minutes To Delhi Rajma': 3 URLs
2026-06-05 18:14:13.400 | INFO     | __main__:process_urls_for_product:190 - Verified Source Attribution | Product: 668080b27763 | File: 668080b27763_000.jpg | Source: amazon | URL: https://m.media-amazon.com/images/I/31Ip4aURUpL.png
2026-06-05 18:14:14.002 | INFO     | __main__:process_urls_for_product:190 - Verified Source Attribution | Product: 668080b27763 | File: 668080b27763_001.jpg | Source: amazon | URL: https://m.media-amazon.com/images/I/6176YsponDL.jpg
2026-06-05 18:14:15.042 | INFO     | __main__:process_urls_for_product:190 - Verified Source Attribution | Product: 668080b27763 | File: 668080b27763_002.jpg | Source: amazon | URL: https://m.media-amazon.com/images/I/71VEhonAugL.jpg
2026-06-05 18:14:15.203 | INFO     | __main__:download_product_images:223 - Product 668080b27763 has 3 images (min 10). Using Playwright fallback.
2026-06-05 18:14:18.791 | INFO     | nure.playwright_sources:collect_playwright_images:99 - Playwright blinkit 'Five Minutes To Delhi Rajma': 15 URLs
2026-06-05 18:14:22.174 | DEBUG    | nure.playwright_sources:collect_playwright_images:95 - Playwright timeout for bigbasket on Five Minutes To Delhi Rajma
2026-06-05 18:14:22.174 | INFO     | nure.playwright_sources:collect_playwright_images:99 - Playwright bigbasket 'Five Minutes To Delhi Rajma': 0 URLs
2026-06-05 18:14:24.960 | INFO     | nure.playwright_sources:collect_playwright_images:99 - Playwright jiomart 'Five Minutes To Delhi Rajma': 1 URLs
2026-06-05 18:14:27.471 | INFO     | nure.playwright_sources:collect_playwright_images:99 - Playwright flipkart 'Five Minutes To Delhi Rajma': 0 URLs
2026-06-05 18:14:27.600 | INFO     | __main__:process_urls_for_product:190 - Verified Source Attribution | Product: 668080b27763 | File: 668080b27763_003.jpg | Source: blinkit | URL: https://cdn.grofers.com/cdn-cgi/image/f=auto,fit=scale-down,q=70,metadata=none,w=270/da/cms-assets/cms/product/301e07b6-ef16-4a6d-ad2d-fd4d8af3015c.png
2026-06-05 18:14:27.893 | INFO     | __main__:process_urls_for_product:190 - Verified Source Attribution | Product: 668080b27763 | File: 668080b27763_004.jpg | Source: blinkit | URL: https://cdn.grofers.com/cdn-cgi/image/f=auto,fit=scale-down,q=70,metadata=none,w=270/da/cms-assets/cms/product/be9784c7-9987-4b5e-a35c-fc16dffd2445.png
2026-06-05 18:14:28.141 | INFO     | __main__:process_urls_for_product:190 - Verified Source Attribution | Product: 668080b27763 | File: 668080b27763_005.jpg | Source: blinkit | URL: https://cdn.grofers.com/cdn-cgi/image/f=auto,fit=scale-down,q=70,metadata=none,w=270/da/cms-assets/cms/product/606d6220-d772-4dc4-b61d-e27e7fb319af.png
2026-06-05 18:14:28.379 | INFO     | __main__:process_urls_for_product:190 - Verified Source Attribution | Product: 668080b27763 | File: 668080b27763_006.jpg | Source: blinkit | URL: https://cdn.grofers.com/cdn-cgi/image/f=auto,fit=scale-down,q=70,metadata=none,w=270/da/cms-assets/cms/product/rc-upload-1779585181843-275.png
2026-06-05 18:14:28.624 | INFO     | __main__:process_urls_for_product:190 - Verified Source Attribution | Product: 668080b27763 | File: 668080b27763_007.jpg | Source: blinkit | URL: https://cdn.grofers.com/cdn-cgi/image/f=auto,fit=scale-down,q=70,metadata=none,w=270/da/cms-assets/cms/product/a7a2c47c-213c-4b3d-99a9-f4b5dfac957f.png
2026-06-05 18:14:28.873 | INFO     | __main__:process_urls_for_product:190 - Verified Source Attribution | Product: 668080b27763 | File: 668080b27763_008.jpg | Source: blinkit | URL: https://cdn.grofers.com/cdn-cgi/image/f=auto,fit=scale-down,q=70,metadata=none,w=270/da/cms-assets/cms/product/b1d83a9b-c84d-4063-bf6b-757cfb6e1569.png
2026-06-05 18:14:29.123 | INFO     | __main__:process_urls_for_product:190 - Verified Source Attribution | Product: 668080b27763 | File: 668080b27763_009.jpg | Source: blinkit | URL: https://cdn.grofers.com/cdn-cgi/image/f=auto,fit=scale-down,q=70,metadata=none,w=270/da/cms-assets/cms/product/678f3eeb-1cd2-41f3-87ee-0745a9188655.png
2026-06-05 18:14:29.365 | INFO     | __main__:process_urls_for_product:190 - Verified Source Attribution | Product: 668080b27763 | File: 668080b27763_010.jpg | Source: blinkit | URL: https://cdn.grofers.com/cdn-cgi/image/f=auto,fit=scale-down,q=70,metadata=none,w=270/da/cms-assets/cms/product/37616140-5fc2-4ae5-883c-211a04d9da55.png
2026-06-05 18:14:29.611 | INFO     | __main__:process_urls_for_product:190 - Verified Source Attribution | Product: 668080b27763 | File: 668080b27763_011.jpg | Source: blinkit | URL: https://cdn.grofers.com/cdn-cgi/image/f=auto,fit=scale-down,q=70,metadata=none,w=270/da/cms-assets/cms/product/a9d6d230-0db7-488e-9689-dc36fc568698.png
2026-06-05 18:14:29.851 | INFO     | __main__:process_urls_for_product:190 - Verified Source Attribution | Product: 668080b27763 | File: 668080b27763_012.jpg | Source: blinkit | URL: https://cdn.grofers.com/cdn-cgi/image/f=auto,fit=scale-down,q=70,metadata=none,w=270/da/cms-assets/cms/product/d50f7782-9247-4025-a746-0a34f5bf8099.png
2026-06-05 18:14:30.112 | INFO     | __main__:process_urls_for_product:190 - Verified Source Attribution | Product: 668080b27763 | File: 668080b27763_013.jpg | Source: blinkit | URL: https://cdn.grofers.com/cdn-cgi/image/f=auto,fit=scale-down,q=70,metadata=none,w=270/da/cms-assets/cms/product/rc-upload-1777456672791-452.png
2026-06-05 18:14:30.354 | INFO     | __main__:process_urls_for_product:190 - Verified Source Attribution | Product: 668080b27763 | File: 668080b27763_014.jpg | Source: blinkit | URL: https://cdn.grofers.com/cdn-cgi/image/f=auto,fit=scale-down,q=70,metadata=none,w=270/da/cms-assets/cms/product/c15731ac-6923-46f2-809d-86b901e5d919.png
2026-06-05 18:14:30.596 | INFO     | __main__:process_urls_for_product:190 - Verified Source Attribution | Product: 668080b27763 | File: 668080b27763_015.jpg | Source: blinkit | URL: https://cdn.grofers.com/cdn-cgi/image/f=auto,fit=scale-down,q=70,metadata=none,w=270/da/cms-assets/cms/product/426befa5-a528-4356-b699-291611f09257.png
2026-06-05 18:15:42.287 | INFO     | __main__:download_product_images:223 - Product cf2a9ed95089 has 0 images (min 10). Using Playwright fallback.
2026-06-05 18:15:45.842 | INFO     | nure.playwright_sources:collect_playwright_images:99 - Playwright blinkit 'Orchid Kashmiri Rajma': 15 URLs
2026-06-05 18:15:49.234 | DEBUG    | nure.playwright_sources:collect_playwright_images:95 - Playwright timeout for bigbasket on Orchid Kashmiri Rajma
2026-06-05 18:15:49.234 | INFO     | nure.playwright_sources:collect_playwright_images:99 - Playwright bigbasket 'Orchid Kashmiri Rajma': 0 URLs
2026-06-05 18:15:51.943 | INFO     | nure.playwright_sources:collect_playwright_images:99 - Playwright jiomart 'Orchid Kashmiri Rajma': 1 URLs
2026-06-05 18:15:54.569 | INFO     | nure.playwright_sources:collect_playwright_images:99 - Playwright flipkart 'Orchid Kashmiri Rajma': 0 URLs
2026-06-05 18:15:54.702 | INFO     | __main__:process_urls_for_product:190 - Verified Source Attribution | Product: cf2a9ed95089 | File: cf2a9ed95089_000.jpg | Source: blinkit | URL: https://cdn.grofers.com/cdn-cgi/image/f=auto,fit=scale-down,q=70,metadata=none,w=270/da/cms-assets/cms/product/c7d47384-7191-4d51-96fb-ab582a839850.png
2026-06-05 18:15:54.995 | INFO     | __main__:process_urls_for_product:190 - Verified Source Attribution | Product: cf2a9ed95089 | File: cf2a9ed95089_001.jpg | Source: blinkit | URL: https://cdn.grofers.com/cdn-cgi/image/f=auto,fit=scale-down,q=70,metadata=none,w=270/da/cms-assets/cms/product/8d52bdbb-d0c0-4d8b-903e-8daa4ebb63fd.png
2026-06-05 18:15:55.251 | INFO     | __main__:process_urls_for_product:190 - Verified Source Attribution | Product: cf2a9ed95089 | File: cf2a9ed95089_002.jpg | Source: blinkit | URL: https://cdn.grofers.com/cdn-cgi/image/f=auto,fit=scale-down,q=70,metadata=none,w=270/da/cms-assets/cms/product/cb01ab35-aec2-4674-be77-f0146b284bcb.png
2026-06-05 18:15:55.488 | INFO     | __main__:process_urls_for_product:190 - Verified Source Attribution | Product: cf2a9ed95089 | File: cf2a9ed95089_003.jpg | Source: blinkit | URL: https://cdn.grofers.com/cdn-cgi/image/f=auto,fit=scale-down,q=70,metadata=none,w=270/da/cms-assets/cms/product/cc58c538-ba25-485e-92f6-f4ab7c7018c0.png
2026-06-05 18:15:55.798 | INFO     | __main__:process_urls_for_product:190 - Verified Source Attribution | Product: cf2a9ed95089 | File: cf2a9ed95089_004.jpg | Source: blinkit | URL: https://cdn.grofers.com/cdn-cgi/image/f=auto,fit=scale-down,q=70,metadata=none,w=270/da/cms-assets/cms/product/37616140-5fc2-4ae5-883c-211a04d9da55.png
2026-06-05 18:15:56.032 | INFO     | __main__:process_urls_for_product:190 - Verified Source Attribution | Product: cf2a9ed95089 | File: cf2a9ed95089_005.jpg | Source: blinkit | URL: https://cdn.grofers.com/cdn-cgi/image/f=auto,fit=scale-down,q=70,metadata=none,w=270/da/cms-assets/cms/product/678f3eeb-1cd2-41f3-87ee-0745a9188655.png
2026-06-05 18:15:56.280 | INFO     | __main__:process_urls_for_product:190 - Verified Source Attribution | Product: cf2a9ed95089 | File: cf2a9ed95089_006.jpg | Source: blinkit | URL: https://cdn.grofers.com/cdn-cgi/image/f=auto,fit=scale-down,q=70,metadata=none,w=270/da/cms-assets/cms/product/b1d83a9b-c84d-4063-bf6b-757cfb6e1569.png
2026-06-05 18:15:56.516 | INFO     | __main__:process_urls_for_product:190 - Verified Source Attribution | Product: cf2a9ed95089 | File: cf2a9ed95089_007.jpg | Source: blinkit | URL: https://cdn.grofers.com/cdn-cgi/image/f=auto,fit=scale-down,q=70,metadata=none,w=270/da/cms-assets/cms/product/rc-upload-1777456672791-473.png
2026-06-05 18:15:56.753 | INFO     | __main__:process_urls_for_product:190 - Verified Source Attribution | Product: cf2a9ed95089 | File: cf2a9ed95089_008.jpg | Source: blinkit | URL: https://cdn.grofers.com/cdn-cgi/image/f=auto,fit=scale-down,q=70,metadata=none,w=270/da/cms-assets/cms/product/79e36e4e-e76e-4ec3-ba1d-4a8905bca342.png
2026-06-05 18:15:57.008 | INFO     | __main__:process_urls_for_product:190 - Verified Source Attribution | Product: cf2a9ed95089 | File: cf2a9ed95089_009.jpg | Source: blinkit | URL: https://cdn.grofers.com/cdn-cgi/image/f=auto,fit=scale-down,q=70,metadata=none,w=270/da/cms-assets/cms/product/d50f7782-9247-4025-a746-0a34f5bf8099.png
2026-06-05 18:15:57.247 | INFO     | __main__:process_urls_for_product:190 - Verified Source Attribution | Product: cf2a9ed95089 | File: cf2a9ed95089_010.jpg | Source: blinkit | URL: https://cdn.grofers.com/cdn-cgi/image/f=auto,fit=scale-down,q=70,metadata=none,w=270/da/cms-assets/cms/product/a9d6d230-0db7-488e-9689-dc36fc568698.png
2026-06-05 18:15:57.498 | INFO     | __main__:process_urls_for_product:190 - Verified Source Attribution | Product: cf2a9ed95089 | File: cf2a9ed95089_011.jpg | Source: blinkit | URL: https://cdn.grofers.com/cdn-cgi/image/f=auto,fit=scale-down,q=70,metadata=none,w=270/da/cms-assets/cms/product/95a67076-bb1b-47cd-8bcc-c6ba37d67c48.png
2026-06-05 18:15:57.750 | INFO     | __main__:process_urls_for_product:190 - Verified Source Attribution | Product: cf2a9ed95089 | File: cf2a9ed95089_012.jpg | Source: blinkit | URL: https://cdn.grofers.com/cdn-cgi/image/f=auto,fit=scale-down,q=70,metadata=none,w=270/da/cms-assets/cms/product/rc-upload-1777287844551-391.png
2026-06-05 18:16:00.544 | INFO     | nure.image_sources:collect_amazon_images:178 - Amazon 'Indian Delibites Chitra Rajma': 2 URLs
2026-06-05 18:16:02.051 | INFO     | nure.image_sources:collect_bing_images:149 - Bing 'Indian Delibites Chitra Rajma': 0 URLs
2026-06-05 18:16:46.300 | INFO     | __main__:download_product_images:223 - Product f0ccfd37debe has 0 images (min 10). Using Playwright fallback.
2026-06-05 18:16:47.410 | DEBUG    | nure.playwright_sources:collect_playwright_images:97 - Playwright error for blinkit: Page.goto: net::ERR_INTERNET_DISCONNECTED at https://blinkit.com/s/?q=Indian+Delibites+Chitra+Rajma
Call log:
navigating to "https://blinkit.com/s/?q=Indian+Delibites+Chitra+Rajma", waiting until "load"

2026-06-05 18:16:47.410 | INFO     | nure.playwright_sources:collect_playwright_images:99 - Playwright blinkit 'Indian Delibites Chitra Rajma': 0 URLs
2026-06-05 18:16:47.452 | DEBUG    | nure.playwright_sources:collect_playwright_images:97 - Playwright error for bigbasket: Page.goto: net::ERR_INTERNET_DISCONNECTED at https://www.bigbasket.com/ps/?q=Indian+Delibites+Chitra+Rajma
Call log:
navigating to "https://www.bigbasket.com/ps/?q=Indian+Delibites+Chitra+Rajma", waiting until "load"

2026-06-05 18:16:47.452 | INFO     | nure.playwright_sources:collect_playwright_images:99 - Playwright bigbasket 'Indian Delibites Chitra Rajma': 0 URLs
2026-06-05 18:16:47.462 | DEBUG    | nure.playwright_sources:collect_playwright_images:97 - Playwright error for jiomart: Page.goto: net::ERR_INTERNET_DISCONNECTED at https://www.jiomart.com/search/Indian+Delibites+Chitra+Rajma
Call log:
navigating to "https://www.jiomart.com/search/Indian+Delibites+Chitra+Rajma", waiting until "load"

2026-06-05 18:16:47.462 | INFO     | nure.playwright_sources:collect_playwright_images:99 - Playwright jiomart 'Indian Delibites Chitra Rajma': 0 URLs
2026-06-05 18:16:47.471 | DEBUG    | nure.playwright_sources:collect_playwright_images:97 - Playwright error for flipkart: Page.goto: net::ERR_INTERNET_DISCONNECTED at https://www.flipkart.com/search?q=Indian+Delibites+Chitra+Rajma&marketplace=GROCERY
Call log:
navigating to "https://www.flipkart.com/search?q=Indian+Delibites+Chitra+Rajma&marketplace=GROCERY", waiting until "load"

2026-06-05 18:16:47.472 | INFO     | nure.playwright_sources:collect_playwright_images:99 - Playwright flipkart 'Indian Delibites Chitra Rajma': 0 URLs
2026-06-05 18:16:47.527 | DEBUG    | nure.image_sources:_get:46 - GET failed: HTTPSConnectionPool(host='world.openfoodfacts.org', port=443): Max retries exceeded with url: /api/v2/product/8904063204660.json?fields=images%2Cimage_front_url%2Cimage_front_small_url%2Cimage_ingredients_url%2Cimage_nutrition_url%2Cimage_packaging_url (Caused by NameResolutionError("HTTPSConnection(host='world.openfoodfacts.org', port=443): Failed to resolve 'world.openfoodfacts.org' ([Errno 11001] getaddrinfo failed)"))
2026-06-05 18:16:47.841 | DEBUG    | nure.image_sources:_get:46 - GET failed: HTTPSConnectionPool(host='www.amazon.in', port=443): Max retries exceeded with url: /s?k=Haldiram%27s+Rajma+Chawal&i=grocery (Caused by NameResolutionError("HTTPSConnection(host='www.amazon.in', port=443): Failed to resolve 'www.amazon.in' ([Errno 11001] getaddrinfo failed)"))
2026-06-05 18:16:49.050 | DEBUG    | nure.image_sources:_get:46 - GET failed: HTTPSConnectionPool(host='www.bing.com', port=443): Max retries exceeded with url: /images/search?q=Haldiram%27s+Rajma+Chawal (Caused by NameResolutionError("HTTPSConnection(host='www.bing.com', port=443): Failed to resolve 'www.bing.com' ([Errno 11001] getaddrinfo failed)"))
2026-06-05 18:16:49.317 | INFO     | __main__:download_product_images:223 - Product 4979bfd8064e has 0 images (min 10). Using Playwright fallback.
2026-06-05 18:16:52.388 | DEBUG    | nure.playwright_sources:collect_playwright_images:97 - Playwright error for blinkit: Page.goto: net::ERR_INTERNET_DISCONNECTED at https://blinkit.com/s/?q=Haldiram%27s+Rajma+Chawal
Call log:
navigating to "https://blinkit.com/s/?q=Haldiram%27s+Rajma+Chawal", waiting until "load"

2026-06-05 18:16:52.389 | INFO     | nure.playwright_sources:collect_playwright_images:99 - Playwright blinkit 'Haldiram's Rajma Chawal': 0 URLs
2026-06-05 18:16:52.525 | DEBUG    | nure.playwright_sources:collect_playwright_images:97 - Playwright error for bigbasket: Page.goto: net::ERR_INTERNET_DISCONNECTED at https://www.bigbasket.com/ps/?q=Haldiram%27s+Rajma+Chawal
Call log:
navigating to "https://www.bigbasket.com/ps/?q=Haldiram%27s+Rajma+Chawal", waiting until "load"

2026-06-05 18:16:52.526 | INFO     | nure.playwright_sources:collect_playwright_images:99 - Playwright bigbasket 'Haldiram's Rajma Chawal': 0 URLs
2026-06-05 18:16:52.774 | DEBUG    | nure.playwright_sources:collect_playwright_images:97 - Playwright error for jiomart: Page.goto: net::ERR_INTERNET_DISCONNECTED at https://www.jiomart.com/search/Haldiram%27s+Rajma+Chawal
Call log:
navigating to "https://www.jiomart.com/search/Haldiram%27s+Rajma+Chawal", waiting until "load"

2026-06-05 18:16:52.774 | INFO     | nure.playwright_sources:collect_playwright_images:99 - Playwright jiomart 'Haldiram's Rajma Chawal': 0 URLs
2026-06-05 18:16:52.801 | DEBUG    | nure.playwright_sources:collect_playwright_images:97 - Playwright error for flipkart: Page.goto: net::ERR_INTERNET_DISCONNECTED at https://www.flipkart.com/search?q=Haldiram%27s+Rajma+Chawal&marketplace=GROCERY
Call log:
navigating to "https://www.flipkart.com/search?q=Haldiram%27s+Rajma+Chawal&marketplace=GROCERY", waiting until "load"

2026-06-05 18:16:52.801 | INFO     | nure.playwright_sources:collect_playwright_images:99 - Playwright flipkart 'Haldiram's Rajma Chawal': 0 URLs
2026-06-05 18:16:54.295 | DEBUG    | nure.image_sources:_get:46 - GET failed: HTTPSConnectionPool(host='world.openfoodfacts.org', port=443): Max retries exceeded with url: /api/v2/product/8906001056966.json?fields=images%2Cimage_front_url%2Cimage_front_small_url%2Cimage_ingredients_url%2Cimage_nutrition_url%2Cimage_packaging_url (Caused by NameResolutionError("HTTPSConnection(host='world.openfoodfacts.org', port=443): Failed to resolve 'world.openfoodfacts.org' ([Errno 11001] getaddrinfo failed)"))
2026-06-05 18:16:54.627 | DEBUG    | nure.image_sources:_get:46 - GET failed: HTTPSConnectionPool(host='www.amazon.in', port=443): Max retries exceeded with url: /s?k=Mother%E2%80%99s+Recipe+Amritsari+Rajma&i=grocery (Caused by NameResolutionError("HTTPSConnection(host='www.amazon.in', port=443): Failed to resolve 'www.amazon.in' ([Errno 11001] getaddrinfo failed)"))
2026-06-05 18:16:56.100 | DEBUG    | nure.image_sources:_get:46 - GET failed: HTTPSConnectionPool(host='www.bing.com', port=443): Max retries exceeded with url: /images/search?q=Mother%E2%80%99s+Recipe+Amritsari+Rajma (Caused by NameResolutionError("HTTPSConnection(host='www.bing.com', port=443): Failed to resolve 'www.bing.com' ([Errno 11001] getaddrinfo failed)"))
2026-06-05 18:16:56.130 | INFO     | __main__:download_product_images:223 - Product 394bd4ee32c8 has 0 images (min 10). Using Playwright fallback.
2026-06-05 18:16:57.169 | DEBUG    | nure.playwright_sources:collect_playwright_images:97 - Playwright error for blinkit: Page.goto: net::ERR_INTERNET_DISCONNECTED at https://blinkit.com/s/?q=Mother%E2%80%99s+Recipe+Amritsari+Rajma
Call log:
navigating to "https://blinkit.com/s/?q=Mother%E2%80%99s+Recipe+Amritsari+Rajma", waiting until "load"

2026-06-05 18:16:57.169 | INFO     | nure.playwright_sources:collect_playwright_images:99 - Playwright blinkit 'Mother’s Recipe Amritsari Rajm': 0 URLs
2026-06-05 18:16:57.249 | DEBUG    | nure.playwright_sources:collect_playwright_images:97 - Playwright error for bigbasket: Page.goto: net::ERR_INTERNET_DISCONNECTED at https://www.bigbasket.com/ps/?q=Mother%E2%80%99s+Recipe+Amritsari+Rajma
Call log:
navigating to "https://www.bigbasket.com/ps/?q=Mother%E2%80%99s+Recipe+Amritsari+Rajma", waiting until "load"

2026-06-05 18:16:57.249 | INFO     | nure.playwright_sources:collect_playwright_images:99 - Playwright bigbasket 'Mother’s Recipe Amritsari Rajm': 0 URLs
2026-06-05 18:16:57.268 | DEBUG    | nure.playwright_sources:collect_playwright_images:97 - Playwright error for jiomart: Page.goto: net::ERR_INTERNET_DISCONNECTED at https://www.jiomart.com/search/Mother%E2%80%99s+Recipe+Amritsari+Rajma
Call log:
navigating to "https://www.jiomart.com/search/Mother%E2%80%99s+Recipe+Amritsari+Rajma", waiting until "load"

2026-06-05 18:16:57.268 | INFO     | nure.playwright_sources:collect_playwright_images:99 - Playwright jiomart 'Mother’s Recipe Amritsari Rajm': 0 URLs
2026-06-05 18:16:57.287 | DEBUG    | nure.playwright_sources:collect_playwright_images:97 - Playwright error for flipkart: Page.goto: net::ERR_INTERNET_DISCONNECTED at https://www.flipkart.com/search?q=Mother%E2%80%99s+Recipe+Amritsari+Rajma&marketplace=GROCERY
Call log:
navigating to "https://www.flipkart.com/search?q=Mother%E2%80%99s+Recipe+Amritsari+Rajma&marketplace=GROCERY", waiting until "load"

2026-06-05 18:16:57.287 | INFO     | nure.playwright_sources:collect_playwright_images:99 - Playwright flipkart 'Mother’s Recipe Amritsari Rajm': 0 URLs
2026-06-05 18:16:57.522 | DEBUG    | nure.image_sources:_get:46 - GET failed: HTTPSConnectionPool(host='world.openfoodfacts.org', port=443): Max retries exceeded with url: /api/v2/product/0723246291338.json?fields=images%2Cimage_front_url%2Cimage_front_small_url%2Cimage_ingredients_url%2Cimage_nutrition_url%2Cimage_packaging_url (Caused by NameResolutionError("HTTPSConnection(host='world.openfoodfacts.org', port=443): Failed to resolve 'world.openfoodfacts.org' ([Errno 11001] getaddrinfo failed)"))
2026-06-05 18:16:57.831 | DEBUG    | nure.image_sources:_get:46 - GET failed: HTTPSConnectionPool(host='www.amazon.in', port=443): Max retries exceeded with url: /s?k=Laxmi+Rajma+Masala+10+oz&i=grocery (Caused by NameResolutionError("HTTPSConnection(host='www.amazon.in', port=443): Failed to resolve 'www.amazon.in' ([Errno 11001] getaddrinfo failed)"))
2026-06-05 18:16:59.054 | DEBUG    | nure.image_sources:_get:46 - GET failed: HTTPSConnectionPool(host='www.bing.com', port=443): Max retries exceeded with url: /images/search?q=Laxmi+Rajma+Masala (Caused by NameResolutionError("HTTPSConnection(host='www.bing.com', port=443): Failed to resolve 'www.bing.com' ([Errno 11001] getaddrinfo failed)"))
2026-06-05 18:16:59.086 | INFO     | __main__:download_product_images:223 - Product 9a34fe992b77 has 0 images (min 10). Using Playwright fallback.
2026-06-05 18:16:59.962 | DEBUG    | nure.playwright_sources:collect_playwright_images:97 - Playwright error for blinkit: Page.goto: net::ERR_INTERNET_DISCONNECTED at https://blinkit.com/s/?q=Laxmi+Rajma+Masala
Call log:
navigating to "https://blinkit.com/s/?q=Laxmi+Rajma+Masala", waiting until "load"

2026-06-05 18:16:59.962 | INFO     | nure.playwright_sources:collect_playwright_images:99 - Playwright blinkit 'Laxmi Rajma Masala': 0 URLs
2026-06-05 18:17:00.043 | DEBUG    | nure.playwright_sources:collect_playwright_images:97 - Playwright error for bigbasket: Page.goto: net::ERR_INTERNET_DISCONNECTED at https://www.bigbasket.com/ps/?q=Laxmi+Rajma+Masala
Call log:
navigating to "https://www.bigbasket.com/ps/?q=Laxmi+Rajma+Masala", waiting until "load"

2026-06-05 18:17:00.044 | INFO     | nure.playwright_sources:collect_playwright_images:99 - Playwright bigbasket 'Laxmi Rajma Masala': 0 URLs
2026-06-05 18:17:00.062 | DEBUG    | nure.playwright_sources:collect_playwright_images:97 - Playwright error for jiomart: Page.goto: net::ERR_INTERNET_DISCONNECTED at https://www.jiomart.com/search/Laxmi+Rajma+Masala
Call log:
navigating to "https://www.jiomart.com/search/Laxmi+Rajma+Masala", waiting until "load"

2026-06-05 18:17:00.062 | INFO     | nure.playwright_sources:collect_playwright_images:99 - Playwright jiomart 'Laxmi Rajma Masala': 0 URLs
2026-06-05 18:17:00.080 | DEBUG    | nure.playwright_sources:collect_playwright_images:97 - Playwright error for flipkart: Page.goto: net::ERR_INTERNET_DISCONNECTED at https://www.flipkart.com/search?q=Laxmi+Rajma+Masala+10+oz&marketplace=GROCERY
Call log:
navigating to "https://www.flipkart.com/search?q=Laxmi+Rajma+Masala+10+oz&marketplace=GROCERY", waiting until "load"

2026-06-05 18:17:00.081 | INFO     | nure.playwright_sources:collect_playwright_images:99 - Playwright flipkart 'Laxmi Rajma Masala 10 oz': 0 URLs
2026-06-05 18:17:00.190 | DEBUG    | nure.image_sources:_get:46 - GET failed: HTTPSConnectionPool(host='world.openfoodfacts.org', port=443): Max retries exceeded with url: /api/v2/product/5031416082897.json?fields=images%2Cimage_front_url%2Cimage_front_small_url%2Cimage_ingredients_url%2Cimage_nutrition_url%2Cimage_packaging_url (Caused by NameResolutionError("HTTPSConnection(host='world.openfoodfacts.org', port=443): Failed to resolve 'world.openfoodfacts.org' ([Errno 11001] getaddrinfo failed)"))
2026-06-05 18:17:00.509 | DEBUG    | nure.image_sources:_get:46 - GET failed: HTTPSConnectionPool(host='www.amazon.in', port=443): Max retries exceeded with url: /s?k=Heera+Rajma&i=grocery (Caused by NameResolutionError("HTTPSConnection(host='www.amazon.in', port=443): Failed to resolve 'www.amazon.in' ([Errno 11001] getaddrinfo failed)"))
2026-06-05 18:17:01.442 | DEBUG    | nure.image_sources:_get:46 - GET failed: HTTPSConnectionPool(host='www.bing.com', port=443): Max retries exceeded with url: /images/search?q=Heera+Rajma (Caused by NameResolutionError("HTTPSConnection(host='www.bing.com', port=443): Failed to resolve 'www.bing.com' ([Errno 11001] getaddrinfo failed)"))
2026-06-05 18:17:01.488 | INFO     | __main__:download_product_images:223 - Product 53f3b5d09883 has 0 images (min 10). Using Playwright fallback.
2026-06-05 18:17:02.378 | DEBUG    | nure.playwright_sources:collect_playwright_images:97 - Playwright error for blinkit: Page.goto: net::ERR_INTERNET_DISCONNECTED at https://blinkit.com/s/?q=Heera+Rajma
Call log:
navigating to "https://blinkit.com/s/?q=Heera+Rajma", waiting until "load"

2026-06-05 18:17:02.379 | INFO     | nure.playwright_sources:collect_playwright_images:99 - Playwright blinkit 'Heera Rajma': 0 URLs
2026-06-05 18:17:02.458 | DEBUG    | nure.playwright_sources:collect_playwright_images:97 - Playwright error for bigbasket: Page.goto: net::ERR_INTERNET_DISCONNECTED at https://www.bigbasket.com/ps/?q=Heera+Rajma
Call log:
navigating to "https://www.bigbasket.com/ps/?q=Heera+Rajma", waiting until "load"

2026-06-05 18:17:02.458 | INFO     | nure.playwright_sources:collect_playwright_images:99 - Playwright bigbasket 'Heera Rajma': 0 URLs
2026-06-05 18:17:02.474 | DEBUG    | nure.playwright_sources:collect_playwright_images:97 - Playwright error for jiomart: Page.goto: net::ERR_INTERNET_DISCONNECTED at https://www.jiomart.com/search/Heera+Rajma
Call log:
navigating to "https://www.jiomart.com/search/Heera+Rajma", waiting until "load"

2026-06-05 18:17:02.474 | INFO     | nure.playwright_sources:collect_playwright_images:99 - Playwright jiomart 'Heera Rajma': 0 URLs
2026-06-05 18:17:02.490 | DEBUG    | nure.playwright_sources:collect_playwright_images:97 - Playwright error for flipkart: Page.goto: net::ERR_INTERNET_DISCONNECTED at https://www.flipkart.com/search?q=Heera+Rajma&marketplace=GROCERY
Call log:
navigating to "https://www.flipkart.com/search?q=Heera+Rajma&marketplace=GROCERY", waiting until "load"

2026-06-05 18:17:02.490 | INFO     | nure.playwright_sources:collect_playwright_images:99 - Playwright flipkart 'Heera Rajma': 0 URLs
2026-06-05 18:17:02.597 | DEBUG    | nure.image_sources:_get:46 - GET failed: HTTPSConnectionPool(host='world.openfoodfacts.org', port=443): Max retries exceeded with url: /api/v2/product/0051179100954.json?fields=images%2Cimage_front_url%2Cimage_front_small_url%2Cimage_ingredients_url%2Cimage_nutrition_url%2Cimage_packaging_url (Caused by NameResolutionError("HTTPSConnection(host='world.openfoodfacts.org', port=443): Failed to resolve 'world.openfoodfacts.org' ([Errno 11001] getaddrinfo failed)"))
2026-06-05 18:17:02.908 | DEBUG    | nure.image_sources:_get:46 - GET failed: HTTPSConnectionPool(host='www.amazon.in', port=443): Max retries exceeded with url: /s?k=Raja+Foods+Kabuli+Chana+2+lbs&i=grocery (Caused by NameResolutionError("HTTPSConnection(host='www.amazon.in', port=443): Failed to resolve 'www.amazon.in' ([Errno 11001] getaddrinfo failed)"))
2026-06-05 18:17:04.174 | DEBUG    | nure.image_sources:_get:46 - GET failed: HTTPSConnectionPool(host='www.bing.com', port=443): Max retries exceeded with url: /images/search?q=Raja+Foods+Kabuli+Chana (Caused by NameResolutionError("HTTPSConnection(host='www.bing.com', port=443): Failed to resolve 'www.bing.com' ([Errno 11001] getaddrinfo failed)"))
2026-06-05 18:17:04.202 | INFO     | __main__:download_product_images:223 - Product f0104a12b8d1 has 0 images (min 10). Using Playwright fallback.
2026-06-05 18:17:05.080 | DEBUG    | nure.playwright_sources:collect_playwright_images:97 - Playwright error for blinkit: Page.goto: net::ERR_INTERNET_DISCONNECTED at https://blinkit.com/s/?q=Raja+Foods+Kabuli+Chana
Call log:
navigating to "https://blinkit.com/s/?q=Raja+Foods+Kabuli+Chana", waiting until "load"

2026-06-05 18:17:05.081 | INFO     | nure.playwright_sources:collect_playwright_images:99 - Playwright blinkit 'Raja Foods Kabuli Chana': 0 URLs
2026-06-05 18:17:05.158 | DEBUG    | nure.playwright_sources:collect_playwright_images:97 - Playwright error for bigbasket: Page.goto: net::ERR_INTERNET_DISCONNECTED at https://www.bigbasket.com/ps/?q=Raja+Foods+Kabuli+Chana
Call log:
navigating to "https://www.bigbasket.com/ps/?q=Raja+Foods+Kabuli+Chana", waiting until "load"

2026-06-05 18:17:05.158 | INFO     | nure.playwright_sources:collect_playwright_images:99 - Playwright bigbasket 'Raja Foods Kabuli Chana': 0 URLs
2026-06-05 18:17:05.175 | DEBUG    | nure.playwright_sources:collect_playwright_images:97 - Playwright error for jiomart: Page.goto: net::ERR_INTERNET_DISCONNECTED at https://www.jiomart.com/search/Raja+Foods+Kabuli+Chana
Call log:
navigating to "https://www.jiomart.com/search/Raja+Foods+Kabuli+Chana", waiting until "load"

2026-06-05 18:17:05.175 | INFO     | nure.playwright_sources:collect_playwright_images:99 - Playwright jiomart 'Raja Foods Kabuli Chana': 0 URLs
2026-06-05 18:17:05.193 | DEBUG    | nure.playwright_sources:collect_playwright_images:97 - Playwright error for flipkart: Page.goto: net::ERR_INTERNET_DISCONNECTED at https://www.flipkart.com/search?q=Raja+Foods+Kabuli+Chana+2+lbs&marketplace=GROCERY
Call log:
navigating to "https://www.flipkart.com/search?q=Raja+Foods+Kabuli+Chana+2+lbs&marketplace=GROCERY", waiting until "load"

2026-06-05 18:17:05.193 | INFO     | nure.playwright_sources:collect_playwright_images:99 - Playwright flipkart 'Raja Foods Kabuli Chana 2 lbs': 0 URLs
2026-06-05 18:17:05.298 | DEBUG    | nure.image_sources:_get:46 - GET failed: HTTPSConnectionPool(host='world.openfoodfacts.org', port=443): Max retries exceeded with url: /api/v2/product/8904083512219.json?fields=images%2Cimage_front_url%2Cimage_front_small_url%2Cimage_ingredients_url%2Cimage_nutrition_url%2Cimage_packaging_url (Caused by NameResolutionError("HTTPSConnection(host='world.openfoodfacts.org', port=443): Failed to resolve 'world.openfoodfacts.org' ([Errno 11001] getaddrinfo failed)"))
2026-06-05 18:17:05.608 | DEBUG    | nure.image_sources:_get:46 - GET failed: HTTPSConnectionPool(host='www.amazon.in', port=443): Max retries exceeded with url: /s?k=24+Mantra+Organic+KABULI+CHANA+CHICKPEA&i=grocery (Caused by NameResolutionError("HTTPSConnection(host='www.amazon.in', port=443): Failed to resolve 'www.amazon.in' ([Errno 11001] getaddrinfo failed)"))
2026-06-05 18:17:06.704 | DEBUG    | nure.image_sources:_get:46 - GET failed: HTTPSConnectionPool(host='www.bing.com', port=443): Max retries exceeded with url: /images/search?q=24+Mantra+Organic+KABULI+CHANA+CHICKPEA (Caused by NameResolutionError("HTTPSConnection(host='www.bing.com', port=443): Failed to resolve 'www.bing.com' ([Errno 11001] getaddrinfo failed)"))
2026-06-05 18:17:06.742 | INFO     | __main__:download_product_images:223 - Product 853059c3a2b9 has 0 images (min 10). Using Playwright fallback.
2026-06-05 18:17:07.574 | DEBUG    | nure.playwright_sources:collect_playwright_images:97 - Playwright error for blinkit: Page.goto: net::ERR_INTERNET_DISCONNECTED at https://blinkit.com/s/?q=24+Mantra+Organic+KABULI+CHANA+CHICKPEA
Call log:
navigating to "https://blinkit.com/s/?q=24+Mantra+Organic+KABULI+CHANA+CHICKPEA", waiting until "load"

2026-06-05 18:17:07.574 | INFO     | nure.playwright_sources:collect_playwright_images:99 - Playwright blinkit '24 Mantra Organic KABULI CHANA': 0 URLs
2026-06-05 18:17:07.654 | DEBUG    | nure.playwright_sources:collect_playwright_images:97 - Playwright error for bigbasket: Page.goto: net::ERR_INTERNET_DISCONNECTED at https://www.bigbasket.com/ps/?q=24+Mantra+Organic+KABULI+CHANA+CHICKPEA
Call log:
navigating to "https://www.bigbasket.com/ps/?q=24+Mantra+Organic+KABULI+CHANA+CHICKPEA", waiting until "load"

2026-06-05 18:17:07.654 | INFO     | nure.playwright_sources:collect_playwright_images:99 - Playwright bigbasket '24 Mantra Organic KABULI CHANA': 0 URLs
2026-06-05 18:17:07.672 | DEBUG    | nure.playwright_sources:collect_playwright_images:97 - Playwright error for jiomart: Page.goto: net::ERR_INTERNET_DISCONNECTED at https://www.jiomart.com/search/24+Mantra+Organic+KABULI+CHANA+CHICKPEA
Call log:
navigating to "https://www.jiomart.com/search/24+Mantra+Organic+KABULI+CHANA+CHICKPEA", waiting until "load"

2026-06-05 18:17:07.672 | INFO     | nure.playwright_sources:collect_playwright_images:99 - Playwright jiomart '24 Mantra Organic KABULI CHANA': 0 URLs
2026-06-05 18:17:07.690 | DEBUG    | nure.playwright_sources:collect_playwright_images:97 - Playwright error for flipkart: Page.goto: net::ERR_INTERNET_DISCONNECTED at https://www.flipkart.com/search?q=24+Mantra+Organic+KABULI+CHANA+CHICKPEA&marketplace=GROCERY
Call log:
navigating to "https://www.flipkart.com/search?q=24+Mantra+Organic+KABULI+CHANA+CHICKPEA&marketplace=GROCERY", waiting until "load"

2026-06-05 18:17:07.690 | INFO     | nure.playwright_sources:collect_playwright_images:99 - Playwright flipkart '24 Mantra Organic KABULI CHANA': 0 URLs
2026-06-05 18:17:07.805 | DEBUG    | nure.image_sources:_get:46 - GET failed: HTTPSConnectionPool(host='world.openfoodfacts.org', port=443): Max retries exceeded with url: /api/v2/product/0892786131524.json?fields=images%2Cimage_front_url%2Cimage_front_small_url%2Cimage_ingredients_url%2Cimage_nutrition_url%2Cimage_packaging_url (Caused by NameResolutionError("HTTPSConnection(host='world.openfoodfacts.org', port=443): Failed to resolve 'world.openfoodfacts.org' ([Errno 11001] getaddrinfo failed)"))
2026-06-05 18:17:08.124 | DEBUG    | nure.image_sources:_get:46 - GET failed: HTTPSConnectionPool(host='www.amazon.in', port=443): Max retries exceeded with url: /s?k=Real+Kabuli+Chana&i=grocery (Caused by NameResolutionError("HTTPSConnection(host='www.amazon.in', port=443): Failed to resolve 'www.amazon.in' ([Errno 11001] getaddrinfo failed)"))
2026-06-05 18:17:09.548 | DEBUG    | nure.image_sources:_get:46 - GET failed: HTTPSConnectionPool(host='www.bing.com', port=443): Max retries exceeded with url: /images/search?q=Real+Kabuli+Chana (Caused by NameResolutionError("HTTPSConnection(host='www.bing.com', port=443): Failed to resolve 'www.bing.com' ([Errno 11001] getaddrinfo failed)"))
2026-06-05 18:17:09.587 | INFO     | __main__:download_product_images:223 - Product 9d1f1fb65a6e has 0 images (min 10). Using Playwright fallback.
2026-06-05 18:17:10.446 | DEBUG    | nure.playwright_sources:collect_playwright_images:97 - Playwright error for blinkit: Page.goto: net::ERR_INTERNET_DISCONNECTED at https://blinkit.com/s/?q=Real+Kabuli+Chana
Call log:
navigating to "https://blinkit.com/s/?q=Real+Kabuli+Chana", waiting until "load"

2026-06-05 18:17:10.447 | INFO     | nure.playwright_sources:collect_playwright_images:99 - Playwright blinkit 'Real Kabuli Chana': 0 URLs
2026-06-05 18:17:10.526 | DEBUG    | nure.playwright_sources:collect_playwright_images:97 - Playwright error for bigbasket: Page.goto: net::ERR_INTERNET_DISCONNECTED at https://www.bigbasket.com/ps/?q=Real+Kabuli+Chana
Call log:
navigating to "https://www.bigbasket.com/ps/?q=Real+Kabuli+Chana", waiting until "load"

2026-06-05 18:17:10.526 | INFO     | nure.playwright_sources:collect_playwright_images:99 - Playwright bigbasket 'Real Kabuli Chana': 0 URLs
2026-06-05 18:17:10.543 | DEBUG    | nure.playwright_sources:collect_playwright_images:97 - Playwright error for jiomart: Page.goto: net::ERR_INTERNET_DISCONNECTED at https://www.jiomart.com/search/Real+Kabuli+Chana
Call log:
navigating to "https://www.jiomart.com/search/Real+Kabuli+Chana", waiting until "load"

2026-06-05 18:17:10.543 | INFO     | nure.playwright_sources:collect_playwright_images:99 - Playwright jiomart 'Real Kabuli Chana': 0 URLs
2026-06-05 18:17:10.559 | DEBUG    | nure.playwright_sources:collect_playwright_images:97 - Playwright error for flipkart: Page.goto: net::ERR_INTERNET_DISCONNECTED at https://www.flipkart.com/search?q=Real+Kabuli+Chana&marketplace=GROCERY
Call log:
navigating to "https://www.flipkart.com/search?q=Real+Kabuli+Chana&marketplace=GROCERY", waiting until "load"

2026-06-05 18:17:10.559 | INFO     | nure.playwright_sources:collect_playwright_images:99 - Playwright flipkart 'Real Kabuli Chana': 0 URLs
2026-06-05 18:17:10.666 | DEBUG    | nure.image_sources:_get:46 - GET failed: HTTPSConnectionPool(host='world.openfoodfacts.org', port=443): Max retries exceeded with url: /api/v2/product/0723246232010.json?fields=images%2Cimage_front_url%2Cimage_front_small_url%2Cimage_ingredients_url%2Cimage_nutrition_url%2Cimage_packaging_url (Caused by NameResolutionError("HTTPSConnection(host='world.openfoodfacts.org', port=443): Failed to resolve 'world.openfoodfacts.org' ([Errno 11001] getaddrinfo failed)"))
2026-06-05 18:17:10.972 | DEBUG    | nure.image_sources:_get:46 - GET failed: HTTPSConnectionPool(host='www.amazon.in', port=443): Max retries exceeded with url: /s?k=Laxmi+Kabuli+Chana&i=grocery (Caused by NameResolutionError("HTTPSConnection(host='www.amazon.in', port=443): Failed to resolve 'www.amazon.in' ([Errno 11001] getaddrinfo failed)"))
2026-06-05 18:17:12.020 | DEBUG    | nure.image_sources:_get:46 - GET failed: HTTPSConnectionPool(host='www.bing.com', port=443): Max retries exceeded with url: /images/search?q=Laxmi+Kabuli+Chana (Caused by NameResolutionError("HTTPSConnection(host='www.bing.com', port=443): Failed to resolve 'www.bing.com' ([Errno 11001] getaddrinfo failed)"))
2026-06-05 18:17:12.049 | INFO     | __main__:download_product_images:223 - Product ff20f5dc93fc has 0 images (min 10). Using Playwright fallback.
2026-06-05 18:17:12.916 | DEBUG    | nure.playwright_sources:collect_playwright_images:97 - Playwright error for blinkit: Page.goto: net::ERR_INTERNET_DISCONNECTED at https://blinkit.com/s/?q=Laxmi+Kabuli+Chana
Call log:
navigating to "https://blinkit.com/s/?q=Laxmi+Kabuli+Chana", waiting until "load"

2026-06-05 18:17:12.917 | INFO     | nure.playwright_sources:collect_playwright_images:99 - Playwright blinkit 'Laxmi Kabuli Chana': 0 URLs
2026-06-05 18:17:13.003 | DEBUG    | nure.playwright_sources:collect_playwright_images:97 - Playwright error for bigbasket: Page.goto: net::ERR_INTERNET_DISCONNECTED at https://www.bigbasket.com/ps/?q=Laxmi+Kabuli+Chana
Call log:
navigating to "https://www.bigbasket.com/ps/?q=Laxmi+Kabuli+Chana", waiting until "load"

2026-06-05 18:17:13.004 | INFO     | nure.playwright_sources:collect_playwright_images:99 - Playwright bigbasket 'Laxmi Kabuli Chana': 0 URLs
2026-06-05 18:17:13.021 | DEBUG    | nure.playwright_sources:collect_playwright_images:97 - Playwright error for jiomart: Page.goto: net::ERR_INTERNET_DISCONNECTED at https://www.jiomart.com/search/Laxmi+Kabuli+Chana
Call log:
navigating to "https://www.jiomart.com/search/Laxmi+Kabuli+Chana", waiting until "load"

2026-06-05 18:17:13.021 | INFO     | nure.playwright_sources:collect_playwright_images:99 - Playwright jiomart 'Laxmi Kabuli Chana': 0 URLs
2026-06-05 18:17:13.040 | DEBUG    | nure.playwright_sources:collect_playwright_images:97 - Playwright error for flipkart: Page.goto: net::ERR_INTERNET_DISCONNECTED at https://www.flipkart.com/search?q=Laxmi+Kabuli+Chana&marketplace=GROCERY
Call log:
navigating to "https://www.flipkart.com/search?q=Laxmi+Kabuli+Chana&marketplace=GROCERY", waiting until "load"

2026-06-05 18:17:13.040 | INFO     | nure.playwright_sources:collect_playwright_images:99 - Playwright flipkart 'Laxmi Kabuli Chana': 0 URLs
2026-06-05 18:17:13.154 | DEBUG    | nure.image_sources:_get:46 - GET failed: HTTPSConnectionPool(host='world.openfoodfacts.org', port=443): Max retries exceeded with url: /api/v2/product/0011433113366.json?fields=images%2Cimage_front_url%2Cimage_front_small_url%2Cimage_ingredients_url%2Cimage_nutrition_url%2Cimage_packaging_url (Caused by NameResolutionError("HTTPSConnection(host='world.openfoodfacts.org', port=443): Failed to resolve 'world.openfoodfacts.org' ([Errno 11001] getaddrinfo failed)"))
2026-06-05 18:17:13.475 | DEBUG    | nure.image_sources:_get:46 - GET failed: HTTPSConnectionPool(host='www.amazon.in', port=443): Max retries exceeded with url: /s?k=Deep+Kabuli+Chana&i=grocery (Caused by NameResolutionError("HTTPSConnection(host='www.amazon.in', port=443): Failed to resolve 'www.amazon.in' ([Errno 11001] getaddrinfo failed)"))
2026-06-05 18:17:14.791 | DEBUG    | nure.image_sources:_get:46 - GET failed: HTTPSConnectionPool(host='www.bing.com', port=443): Max retries exceeded with url: /images/search?q=Deep+Kabuli+Chana (Caused by NameResolutionError("HTTPSConnection(host='www.bing.com', port=443): Failed to resolve 'www.bing.com' ([Errno 11001] getaddrinfo failed)"))
2026-06-05 18:17:14.831 | INFO     | __main__:download_product_images:223 - Product fe5199b95712 has 0 images (min 10). Using Playwright fallback.
2026-06-05 18:17:15.836 | DEBUG    | nure.playwright_sources:collect_playwright_images:97 - Playwright error for blinkit: Page.goto: net::ERR_INTERNET_DISCONNECTED at https://blinkit.com/s/?q=Deep+Kabuli+Chana
Call log:
navigating to "https://blinkit.com/s/?q=Deep+Kabuli+Chana", waiting until "load"

2026-06-05 18:17:15.836 | INFO     | nure.playwright_sources:collect_playwright_images:99 - Playwright blinkit 'Deep Kabuli Chana': 0 URLs
2026-06-05 18:17:15.919 | DEBUG    | nure.playwright_sources:collect_playwright_images:97 - Playwright error for bigbasket: Page.goto: net::ERR_INTERNET_DISCONNECTED at https://www.bigbasket.com/ps/?q=Deep+Kabuli+Chana
Call log:
navigating to "https://www.bigbasket.com/ps/?q=Deep+Kabuli+Chana", waiting until "load"

2026-06-05 18:17:15.920 | INFO     | nure.playwright_sources:collect_playwright_images:99 - Playwright bigbasket 'Deep Kabuli Chana': 0 URLs
2026-06-05 18:17:15.939 | DEBUG    | nure.playwright_sources:collect_playwright_images:97 - Playwright error for jiomart: Page.goto: net::ERR_INTERNET_DISCONNECTED at https://www.jiomart.com/search/Deep+Kabuli+Chana
Call log:
navigating to "https://www.jiomart.com/search/Deep+Kabuli+Chana", waiting until "load"

2026-06-05 18:17:15.939 | INFO     | nure.playwright_sources:collect_playwright_images:99 - Playwright jiomart 'Deep Kabuli Chana': 0 URLs
2026-06-05 18:17:15.955 | DEBUG    | nure.playwright_sources:collect_playwright_images:97 - Playwright error for flipkart: Page.goto: net::ERR_INTERNET_DISCONNECTED at https://www.flipkart.com/search?q=Deep+Kabuli+Chana&marketplace=GROCERY
Call log:
navigating to "https://www.flipkart.com/search?q=Deep+Kabuli+Chana&marketplace=GROCERY", waiting until "load"

2026-06-05 18:17:15.955 | INFO     | nure.playwright_sources:collect_playwright_images:99 - Playwright flipkart 'Deep Kabuli Chana': 0 URLs
2026-06-05 18:17:16.060 | DEBUG    | nure.image_sources:_get:46 - GET failed: HTTPSConnectionPool(host='world.openfoodfacts.org', port=443): Max retries exceeded with url: /api/v2/product/0859800005957.json?fields=images%2Cimage_front_url%2Cimage_front_small_url%2Cimage_ingredients_url%2Cimage_nutrition_url%2Cimage_packaging_url (Caused by NameResolutionError("HTTPSConnection(host='world.openfoodfacts.org', port=443): Failed to resolve 'world.openfoodfacts.org' ([Errno 11001] getaddrinfo failed)"))
2026-06-05 18:17:16.371 | DEBUG    | nure.image_sources:_get:46 - GET failed: HTTPSConnectionPool(host='www.amazon.in', port=443): Max retries exceeded with url: /s?k=Aara+Kabuli+Chana&i=grocery (Caused by NameResolutionError("HTTPSConnection(host='www.amazon.in', port=443): Failed to resolve 'www.amazon.in' ([Errno 11001] getaddrinfo failed)"))
2026-06-05 18:17:17.213 | DEBUG    | nure.image_sources:_get:46 - GET failed: HTTPSConnectionPool(host='www.bing.com', port=443): Max retries exceeded with url: /images/search?q=Aara+Kabuli+Chana (Caused by NameResolutionError("HTTPSConnection(host='www.bing.com', port=443): Failed to resolve 'www.bing.com' ([Errno 11001] getaddrinfo failed)"))
2026-06-05 18:17:17.251 | INFO     | __main__:download_product_images:223 - Product 8ac7b2116be4 has 0 images (min 10). Using Playwright fallback.
2026-06-05 18:17:18.128 | DEBUG    | nure.playwright_sources:collect_playwright_images:97 - Playwright error for blinkit: Page.goto: net::ERR_INTERNET_DISCONNECTED at https://blinkit.com/s/?q=Aara+Kabuli+Chana
Call log:
navigating to "https://blinkit.com/s/?q=Aara+Kabuli+Chana", waiting until "load"

2026-06-05 18:17:18.129 | INFO     | nure.playwright_sources:collect_playwright_images:99 - Playwright blinkit 'Aara Kabuli Chana': 0 URLs
2026-06-05 18:17:18.209 | DEBUG    | nure.playwright_sources:collect_playwright_images:97 - Playwright error for bigbasket: Page.goto: net::ERR_INTERNET_DISCONNECTED at https://www.bigbasket.com/ps/?q=Aara+Kabuli+Chana
Call log:
navigating to "https://www.bigbasket.com/ps/?q=Aara+Kabuli+Chana", waiting until "load"

2026-06-05 18:17:18.209 | INFO     | nure.playwright_sources:collect_playwright_images:99 - Playwright bigbasket 'Aara Kabuli Chana': 0 URLs
2026-06-05 18:17:18.225 | DEBUG    | nure.playwright_sources:collect_playwright_images:97 - Playwright error for jiomart: Page.goto: net::ERR_INTERNET_DISCONNECTED at https://www.jiomart.com/search/Aara+Kabuli+Chana
Call log:
navigating to "https://www.jiomart.com/search/Aara+Kabuli+Chana", waiting until "load"

2026-06-05 18:17:18.225 | INFO     | nure.playwright_sources:collect_playwright_images:99 - Playwright jiomart 'Aara Kabuli Chana': 0 URLs
2026-06-05 18:17:18.242 | DEBUG    | nure.playwright_sources:collect_playwright_images:97 - Playwright error for flipkart: Page.goto: net::ERR_INTERNET_DISCONNECTED at https://www.flipkart.com/search?q=Aara+Kabuli+Chana&marketplace=GROCERY
Call log:
navigating to "https://www.flipkart.com/search?q=Aara+Kabuli+Chana&marketplace=GROCERY", waiting until "load"

2026-06-05 18:17:18.242 | INFO     | nure.playwright_sources:collect_playwright_images:99 - Playwright flipkart 'Aara Kabuli Chana': 0 URLs
2026-06-05 18:17:18.348 | DEBUG    | nure.image_sources:_get:46 - GET failed: HTTPSConnectionPool(host='world.openfoodfacts.org', port=443): Max retries exceeded with url: /api/v2/product/0011433163231.json?fields=images%2Cimage_front_url%2Cimage_front_small_url%2Cimage_ingredients_url%2Cimage_nutrition_url%2Cimage_packaging_url (Caused by NameResolutionError("HTTPSConnection(host='world.openfoodfacts.org', port=443): Failed to resolve 'world.openfoodfacts.org' ([Errno 11001] getaddrinfo failed)"))
2026-06-05 18:17:18.669 | DEBUG    | nure.image_sources:_get:46 - GET failed: HTTPSConnectionPool(host='www.amazon.in', port=443): Max retries exceeded with url: /s?k=Deep+Kabuli+Chana+Chickpeas&i=grocery (Caused by NameResolutionError("HTTPSConnection(host='www.amazon.in', port=443): Failed to resolve 'www.amazon.in' ([Errno 11001] getaddrinfo failed)"))
2026-06-05 18:17:19.885 | DEBUG    | nure.image_sources:_get:46 - GET failed: HTTPSConnectionPool(host='www.bing.com', port=443): Max retries exceeded with url: /images/search?q=Deep+Kabuli+Chana+Chickpeas (Caused by NameResolutionError("HTTPSConnection(host='www.bing.com', port=443): Failed to resolve 'www.bing.com' ([Errno 11001] getaddrinfo failed)"))
2026-06-05 18:17:19.916 | INFO     | __main__:download_product_images:223 - Product ddc3161aa80e has 0 images (min 10). Using Playwright fallback.
2026-06-05 18:17:20.735 | DEBUG    | nure.playwright_sources:collect_playwright_images:97 - Playwright error for blinkit: Page.goto: net::ERR_INTERNET_DISCONNECTED at https://blinkit.com/s/?q=Deep+Kabuli+Chana+Chickpeas
Call log:
navigating to "https://blinkit.com/s/?q=Deep+Kabuli+Chana+Chickpeas", waiting until "load"

2026-06-05 18:17:20.736 | INFO     | nure.playwright_sources:collect_playwright_images:99 - Playwright blinkit 'Deep Kabuli Chana Chickpeas': 0 URLs
2026-06-05 18:17:20.814 | DEBUG    | nure.playwright_sources:collect_playwright_images:97 - Playwright error for bigbasket: Page.goto: net::ERR_INTERNET_DISCONNECTED at https://www.bigbasket.com/ps/?q=Deep+Kabuli+Chana+Chickpeas
Call log:
navigating to "https://www.bigbasket.com/ps/?q=Deep+Kabuli+Chana+Chickpeas", waiting until "load"

2026-06-05 18:17:20.814 | INFO     | nure.playwright_sources:collect_playwright_images:99 - Playwright bigbasket 'Deep Kabuli Chana Chickpeas': 0 URLs
2026-06-05 18:17:20.829 | DEBUG    | nure.playwright_sources:collect_playwright_images:97 - Playwright error for jiomart: Page.goto: net::ERR_INTERNET_DISCONNECTED at https://www.jiomart.com/search/Deep+Kabuli+Chana+Chickpeas
Call log:
navigating to "https://www.jiomart.com/search/Deep+Kabuli+Chana+Chickpeas", waiting until "load"

2026-06-05 18:17:20.830 | INFO     | nure.playwright_sources:collect_playwright_images:99 - Playwright jiomart 'Deep Kabuli Chana Chickpeas': 0 URLs
2026-06-05 18:17:20.847 | DEBUG    | nure.playwright_sources:collect_playwright_images:97 - Playwright error for flipkart: Page.goto: net::ERR_INTERNET_DISCONNECTED at https://www.flipkart.com/search?q=Deep+Kabuli+Chana+Chickpeas&marketplace=GROCERY
Call log:
navigating to "https://www.flipkart.com/search?q=Deep+Kabuli+Chana+Chickpeas&marketplace=GROCERY", waiting until "load"

2026-06-05 18:17:20.847 | INFO     | nure.playwright_sources:collect_playwright_images:99 - Playwright flipkart 'Deep Kabuli Chana Chickpeas': 0 URLs
2026-06-05 18:17:20.954 | DEBUG    | nure.image_sources:_get:46 - GET failed: HTTPSConnectionPool(host='world.openfoodfacts.org', port=443): Max retries exceeded with url: /api/v2/product/0714760830684.json?fields=images%2Cimage_front_url%2Cimage_front_small_url%2Cimage_ingredients_url%2Cimage_nutrition_url%2Cimage_packaging_url (Caused by NameResolutionError("HTTPSConnection(host='world.openfoodfacts.org', port=443): Failed to resolve 'world.openfoodfacts.org' ([Errno 11001] getaddrinfo failed)"))
2026-06-05 18:17:21.271 | DEBUG    | nure.image_sources:_get:46 - GET failed: HTTPSConnectionPool(host='www.amazon.in', port=443): Max retries exceeded with url: /s?k=Deer+Kabuli+chana&i=grocery (Caused by NameResolutionError("HTTPSConnection(host='www.amazon.in', port=443): Failed to resolve 'www.amazon.in' ([Errno 11001] getaddrinfo failed)"))
2026-06-05 18:17:22.619 | DEBUG    | nure.image_sources:_get:46 - GET failed: HTTPSConnectionPool(host='www.bing.com', port=443): Max retries exceeded with url: /images/search?q=Deer+Kabuli+chana (Caused by NameResolutionError("HTTPSConnection(host='www.bing.com', port=443): Failed to resolve 'www.bing.com' ([Errno 11001] getaddrinfo failed)"))
2026-06-05 18:17:22.651 | INFO     | __main__:download_product_images:223 - Product 7cdc773cc31e has 0 images (min 10). Using Playwright fallback.
2026-06-05 18:17:45.141 | DEBUG    | nure.playwright_sources:collect_playwright_images:97 - Playwright error for blinkit: Page.goto: net::ERR_INTERNET_DISCONNECTED at https://blinkit.com/s/?q=Deer+Kabuli+chana
Call log:
navigating to "https://blinkit.com/s/?q=Deer+Kabuli+chana", waiting until "load"

2026-06-05 18:17:45.141 | INFO     | nure.playwright_sources:collect_playwright_images:99 - Playwright blinkit 'Deer Kabuli chana': 0 URLs
2026-06-05 18:17:45.887 | DEBUG    | nure.playwright_sources:collect_playwright_images:97 - Playwright error for bigbasket: Page.goto: net::ERR_NETWORK_IO_SUSPENDED at https://www.bigbasket.com/ps/?q=Deer+Kabuli+chana
Call log:
navigating to "https://www.bigbasket.com/ps/?q=Deer+Kabuli+chana", waiting until "load"

2026-06-05 18:17:45.887 | INFO     | nure.playwright_sources:collect_playwright_images:99 - Playwright bigbasket 'Deer Kabuli chana': 0 URLs
2026-06-05 18:17:47.019 | DEBUG    | nure.playwright_sources:collect_playwright_images:97 - Playwright error for jiomart: Page.goto: net::ERR_NETWORK_IO_SUSPENDED at https://www.jiomart.com/search/Deer+Kabuli+chana
Call log:
navigating to "https://www.jiomart.com/search/Deer+Kabuli+chana", waiting until "load"

2026-06-05 18:17:47.039 | INFO     | nure.playwright_sources:collect_playwright_images:99 - Playwright jiomart 'Deer Kabuli chana': 0 URLs
2026-06-05 18:17:48.443 | DEBUG    | nure.playwright_sources:collect_playwright_images:97 - Playwright error for flipkart: Page.goto: net::ERR_INTERNET_DISCONNECTED at https://www.flipkart.com/search?q=Deer+Kabuli+chana&marketplace=GROCERY
Call log:
navigating to "https://www.flipkart.com/search?q=Deer+Kabuli+chana&marketplace=GROCERY", waiting until "load"

2026-06-05 18:17:48.444 | INFO     | nure.playwright_sources:collect_playwright_images:99 - Playwright flipkart 'Deer Kabuli chana': 0 URLs
2026-06-05 18:17:48.836 | DEBUG    | nure.image_sources:_get:46 - GET failed: HTTPSConnectionPool(host='world.openfoodfacts.org', port=443): Max retries exceeded with url: /api/v2/product/0723246181172.json?fields=images%2Cimage_front_url%2Cimage_front_small_url%2Cimage_ingredients_url%2Cimage_nutrition_url%2Cimage_packaging_url (Caused by NameResolutionError("HTTPSConnection(host='world.openfoodfacts.org', port=443): Failed to resolve 'world.openfoodfacts.org' ([Errno 11001] getaddrinfo failed)"))
2026-06-05 18:17:49.255 | DEBUG    | nure.image_sources:_get:46 - GET failed: HTTPSConnectionPool(host='www.amazon.in', port=443): Max retries exceeded with url: /s?k=Laxmi+Kabuli+Chana+Chickpeas&i=grocery (Caused by NameResolutionError("HTTPSConnection(host='www.amazon.in', port=443): Failed to resolve 'www.amazon.in' ([Errno 11001] getaddrinfo failed)"))
2026-06-05 18:17:50.786 | DEBUG    | nure.image_sources:_get:46 - GET failed: HTTPSConnectionPool(host='www.bing.com', port=443): Max retries exceeded with url: /images/search?q=Laxmi+Kabuli+Chana+Chickpeas (Caused by NameResolutionError("HTTPSConnection(host='www.bing.com', port=443): Failed to resolve 'www.bing.com' ([Errno 11001] getaddrinfo failed)"))
2026-06-05 18:17:51.126 | INFO     | __main__:download_product_images:223 - Product 509096dfe716 has 0 images (min 10). Using Playwright fallback.
2026-06-05 18:17:53.108 | DEBUG    | nure.playwright_sources:collect_playwright_images:97 - Playwright error for blinkit: Page.goto: net::ERR_INTERNET_DISCONNECTED at https://blinkit.com/s/?q=Laxmi+Kabuli+Chana+Chickpeas
Call log:
navigating to "https://blinkit.com/s/?q=Laxmi+Kabuli+Chana+Chickpeas", waiting until "load"

2026-06-05 18:17:53.108 | INFO     | nure.playwright_sources:collect_playwright_images:99 - Playwright blinkit 'Laxmi Kabuli Chana Chickpeas': 0 URLs
2026-06-05 18:17:53.246 | DEBUG    | nure.playwright_sources:collect_playwright_images:97 - Playwright error for bigbasket: Page.goto: net::ERR_INTERNET_DISCONNECTED at https://www.bigbasket.com/ps/?q=Laxmi+Kabuli+Chana+Chickpeas
Call log:
navigating to "https://www.bigbasket.com/ps/?q=Laxmi+Kabuli+Chana+Chickpeas", waiting until "load"

2026-06-05 18:17:53.246 | INFO     | nure.playwright_sources:collect_playwright_images:99 - Playwright bigbasket 'Laxmi Kabuli Chana Chickpeas': 0 URLs
2026-06-05 18:17:53.317 | DEBUG    | nure.playwright_sources:collect_playwright_images:97 - Playwright error for jiomart: Page.goto: net::ERR_INTERNET_DISCONNECTED at https://www.jiomart.com/search/Laxmi+Kabuli+Chana+Chickpeas
Call log:
navigating to "https://www.jiomart.com/search/Laxmi+Kabuli+Chana+Chickpeas", waiting until "load"

2026-06-05 18:17:53.317 | INFO     | nure.playwright_sources:collect_playwright_images:99 - Playwright jiomart 'Laxmi Kabuli Chana Chickpeas': 0 URLs
2026-06-05 18:17:53.343 | DEBUG    | nure.playwright_sources:collect_playwright_images:97 - Playwright error for flipkart: Page.goto: net::ERR_INTERNET_DISCONNECTED at https://www.flipkart.com/search?q=Laxmi+Kabuli+Chana+Chickpeas&marketplace=GROCERY
Call log:
navigating to "https://www.flipkart.com/search?q=Laxmi+Kabuli+Chana+Chickpeas&marketplace=GROCERY", waiting until "load"

2026-06-05 18:17:53.343 | INFO     | nure.playwright_sources:collect_playwright_images:99 - Playwright flipkart 'Laxmi Kabuli Chana Chickpeas': 0 URLs
2026-06-05 18:17:53.561 | DEBUG    | nure.image_sources:_get:46 - GET failed: HTTPSConnectionPool(host='world.openfoodfacts.org', port=443): Max retries exceeded with url: /api/v2/product/8901786101009.json?fields=images%2Cimage_front_url%2Cimage_front_small_url%2Cimage_ingredients_url%2Cimage_nutrition_url%2Cimage_packaging_url (Caused by NameResolutionError("HTTPSConnection(host='world.openfoodfacts.org', port=443): Failed to resolve 'world.openfoodfacts.org' ([Errno 11001] getaddrinfo failed)"))
2026-06-05 18:17:53.865 | DEBUG    | nure.image_sources:_get:46 - GET failed: HTTPSConnectionPool(host='www.amazon.in', port=443): Max retries exceeded with url: /s?k=Everest+Everest+garam+Masala+100gm&i=grocery (Caused by NameResolutionError("HTTPSConnection(host='www.amazon.in', port=443): Failed to resolve 'www.amazon.in' ([Errno 11001] getaddrinfo failed)"))
2026-06-05 18:17:54.834 | DEBUG    | nure.image_sources:_get:46 - GET failed: HTTPSConnectionPool(host='www.bing.com', port=443): Max retries exceeded with url: /images/search?q=Everest+Everest+garam+Masala (Caused by NameResolutionError("HTTPSConnection(host='www.bing.com', port=443): Failed to resolve 'www.bing.com' ([Errno 11001] getaddrinfo failed)"))
2026-06-05 18:17:54.852 | INFO     | __main__:download_product_images:223 - Product c1f0d4d1007e has 0 images (min 10). Using Playwright fallback.
2026-06-05 18:17:55.562 | DEBUG    | nure.playwright_sources:collect_playwright_images:97 - Playwright error for blinkit: Page.goto: net::ERR_INTERNET_DISCONNECTED at https://blinkit.com/s/?q=Everest+Everest+garam+Masala
Call log:
navigating to "https://blinkit.com/s/?q=Everest+Everest+garam+Masala", waiting until "load"

2026-06-05 18:17:55.562 | INFO     | nure.playwright_sources:collect_playwright_images:99 - Playwright blinkit 'Everest Everest garam Masala': 0 URLs
2026-06-05 18:17:55.633 | DEBUG    | nure.playwright_sources:collect_playwright_images:97 - Playwright error for bigbasket: Page.goto: net::ERR_INTERNET_DISCONNECTED at https://www.bigbasket.com/ps/?q=Everest+Everest+garam+Masala
Call log:
navigating to "https://www.bigbasket.com/ps/?q=Everest+Everest+garam+Masala", waiting until "load"

2026-06-05 18:17:55.634 | INFO     | nure.playwright_sources:collect_playwright_images:99 - Playwright bigbasket 'Everest Everest garam Masala': 0 URLs
2026-06-05 18:17:55.664 | DEBUG    | nure.playwright_sources:collect_playwright_images:97 - Playwright error for jiomart: Page.goto: net::ERR_INTERNET_DISCONNECTED at https://www.jiomart.com/search/Everest+Everest+garam+Masala
Call log:
navigating to "https://www.jiomart.com/search/Everest+Everest+garam+Masala", waiting until "load"

2026-06-05 18:17:55.664 | INFO     | nure.playwright_sources:collect_playwright_images:99 - Playwright jiomart 'Everest Everest garam Masala': 0 URLs
2026-06-05 18:17:55.675 | DEBUG    | nure.playwright_sources:collect_playwright_images:97 - Playwright error for flipkart: Page.goto: net::ERR_INTERNET_DISCONNECTED at https://www.flipkart.com/search?q=Everest+Everest+garam+Masala+100gm&marketplace=GROCERY
Call log:
navigating to "https://www.flipkart.com/search?q=Everest+Everest+garam+Masala+100gm&marketplace=GROCERY", waiting until "load"

2026-06-05 18:17:55.675 | INFO     | nure.playwright_sources:collect_playwright_images:99 - Playwright flipkart 'Everest Everest garam Masala 1': 0 URLs
2026-06-05 18:17:55.781 | DEBUG    | nure.image_sources:_get:46 - GET failed: HTTPSConnectionPool(host='world.openfoodfacts.org', port=443): Max retries exceeded with url: /api/v2/product/8901786121007.json?fields=images%2Cimage_front_url%2Cimage_front_small_url%2Cimage_ingredients_url%2Cimage_nutrition_url%2Cimage_packaging_url (Caused by NameResolutionError("HTTPSConnection(host='world.openfoodfacts.org', port=443): Failed to resolve 'world.openfoodfacts.org' ([Errno 11001] getaddrinfo failed)"))
2026-06-05 18:17:56.091 | DEBUG    | nure.image_sources:_get:46 - GET failed: HTTPSConnectionPool(host='www.amazon.in', port=443): Max retries exceeded with url: /s?k=Everest+Kitchen+King+Masala+100gm&i=grocery (Caused by NameResolutionError("HTTPSConnection(host='www.amazon.in', port=443): Failed to resolve 'www.amazon.in' ([Errno 11001] getaddrinfo failed)"))
2026-06-05 18:17:57.506 | DEBUG    | nure.image_sources:_get:46 - GET failed: HTTPSConnectionPool(host='www.bing.com', port=443): Max retries exceeded with url: /images/search?q=Everest+Kitchen+King+Masala (Caused by NameResolutionError("HTTPSConnection(host='www.bing.com', port=443): Failed to resolve 'www.bing.com' ([Errno 11001] getaddrinfo failed)"))
2026-06-05 18:17:57.523 | INFO     | __main__:download_product_images:223 - Product 1e04b8338566 has 0 images (min 10). Using Playwright fallback.
2026-06-05 18:17:59.243 | DEBUG    | nure.playwright_sources:collect_playwright_images:97 - Playwright error for blinkit: Page.goto: net::ERR_INTERNET_DISCONNECTED at https://blinkit.com/s/?q=Everest+Kitchen+King+Masala
Call log:
navigating to "https://blinkit.com/s/?q=Everest+Kitchen+King+Masala", waiting until "load"

2026-06-05 18:17:59.243 | INFO     | nure.playwright_sources:collect_playwright_images:99 - Playwright blinkit 'Everest Kitchen King Masala': 0 URLs
2026-06-05 18:17:59.303 | DEBUG    | nure.playwright_sources:collect_playwright_images:97 - Playwright error for bigbasket: Page.goto: net::ERR_INTERNET_DISCONNECTED at https://www.bigbasket.com/ps/?q=Everest+Kitchen+King+Masala
Call log:
navigating to "https://www.bigbasket.com/ps/?q=Everest+Kitchen+King+Masala", waiting until "load"

2026-06-05 18:17:59.304 | INFO     | nure.playwright_sources:collect_playwright_images:99 - Playwright bigbasket 'Everest Kitchen King Masala': 0 URLs
2026-06-05 18:17:59.319 | DEBUG    | nure.playwright_sources:collect_playwright_images:97 - Playwright error for jiomart: Page.goto: net::ERR_INTERNET_DISCONNECTED at https://www.jiomart.com/search/Everest+Kitchen+King+Masala
Call log:
navigating to "https://www.jiomart.com/search/Everest+Kitchen+King+Masala", waiting until "load"

2026-06-05 18:17:59.320 | INFO     | nure.playwright_sources:collect_playwright_images:99 - Playwright jiomart 'Everest Kitchen King Masala': 0 URLs
2026-06-05 18:17:59.331 | DEBUG    | nure.playwright_sources:collect_playwright_images:97 - Playwright error for flipkart: Page.goto: net::ERR_INTERNET_DISCONNECTED at https://www.flipkart.com/search?q=Everest+Kitchen+King+Masala+100gm&marketplace=GROCERY
Call log:
navigating to "https://www.flipkart.com/search?q=Everest+Kitchen+King+Masala+100gm&marketplace=GROCERY", waiting until "load"

2026-06-05 18:17:59.331 | INFO     | nure.playwright_sources:collect_playwright_images:99 - Playwright flipkart 'Everest Kitchen King Masala 10': 0 URLs
2026-06-05 18:17:59.409 | DEBUG    | nure.image_sources:_get:46 - GET failed: HTTPSConnectionPool(host='world.openfoodfacts.org', port=443): Max retries exceeded with url: /api/v2/product/8901786131006.json?fields=images%2Cimage_front_url%2Cimage_front_small_url%2Cimage_ingredients_url%2Cimage_nutrition_url%2Cimage_packaging_url (Caused by NameResolutionError("HTTPSConnection(host='world.openfoodfacts.org', port=443): Failed to resolve 'world.openfoodfacts.org' ([Errno 11001] getaddrinfo failed)"))
2026-06-05 18:17:59.715 | DEBUG    | nure.image_sources:_get:46 - GET failed: HTTPSConnectionPool(host='www.amazon.in', port=443): Max retries exceeded with url: /s?k=Everest+Everest+Sabji+masala&i=grocery (Caused by NameResolutionError("HTTPSConnection(host='www.amazon.in', port=443): Failed to resolve 'www.amazon.in' ([Errno 11001] getaddrinfo failed)"))
2026-06-05 18:18:00.929 | DEBUG    | nure.image_sources:_get:46 - GET failed: HTTPSConnectionPool(host='www.bing.com', port=443): Max retries exceeded with url: /images/search?q=Everest+Everest+Sabji+masala (Caused by NameResolutionError("HTTPSConnection(host='www.bing.com', port=443): Failed to resolve 'www.bing.com' ([Errno 11001] getaddrinfo failed)"))
2026-06-05 18:18:00.948 | INFO     | __main__:download_product_images:223 - Product 9dd1e8a75b04 has 0 images (min 10). Using Playwright fallback.
2026-06-05 18:18:01.510 | DEBUG    | nure.playwright_sources:collect_playwright_images:97 - Playwright error for blinkit: Page.goto: net::ERR_INTERNET_DISCONNECTED at https://blinkit.com/s/?q=Everest+Everest+Sabji+masala
Call log:
navigating to "https://blinkit.com/s/?q=Everest+Everest+Sabji+masala", waiting until "load"

2026-06-05 18:18:01.510 | INFO     | nure.playwright_sources:collect_playwright_images:99 - Playwright blinkit 'Everest Everest Sabji masala': 0 URLs
2026-06-05 18:18:01.566 | DEBUG    | nure.playwright_sources:collect_playwright_images:97 - Playwright error for bigbasket: Page.goto: net::ERR_INTERNET_DISCONNECTED at https://www.bigbasket.com/ps/?q=Everest+Everest+Sabji+masala
Call log:
navigating to "https://www.bigbasket.com/ps/?q=Everest+Everest+Sabji+masala", waiting until "load"

2026-06-05 18:18:01.566 | INFO     | nure.playwright_sources:collect_playwright_images:99 - Playwright bigbasket 'Everest Everest Sabji masala': 0 URLs
2026-06-05 18:18:01.578 | DEBUG    | nure.playwright_sources:collect_playwright_images:97 - Playwright error for jiomart: Page.goto: net::ERR_INTERNET_DISCONNECTED at https://www.jiomart.com/search/Everest+Everest+Sabji+masala
Call log:
navigating to "https://www.jiomart.com/search/Everest+Everest+Sabji+masala", waiting until "load"

2026-06-05 18:18:01.578 | INFO     | nure.playwright_sources:collect_playwright_images:99 - Playwright jiomart 'Everest Everest Sabji masala': 0 URLs
2026-06-05 18:18:01.592 | DEBUG    | nure.playwright_sources:collect_playwright_images:97 - Playwright error for flipkart: Page.goto: net::ERR_INTERNET_DISCONNECTED at https://www.flipkart.com/search?q=Everest+Everest+Sabji+masala&marketplace=GROCERY
Call log:
navigating to "https://www.flipkart.com/search?q=Everest+Everest+Sabji+masala&marketplace=GROCERY", waiting until "load"

2026-06-05 18:18:01.592 | INFO     | nure.playwright_sources:collect_playwright_images:99 - Playwright flipkart 'Everest Everest Sabji masala': 0 URLs
2026-06-05 18:18:01.690 | DEBUG    | nure.image_sources:_get:46 - GET failed: HTTPSConnectionPool(host='world.openfoodfacts.org', port=443): Max retries exceeded with url: /api/v2/product/8901786081004.json?fields=images%2Cimage_front_url%2Cimage_front_small_url%2Cimage_ingredients_url%2Cimage_nutrition_url%2Cimage_packaging_url (Caused by NameResolutionError("HTTPSConnection(host='world.openfoodfacts.org', port=443): Failed to resolve 'world.openfoodfacts.org' ([Errno 11001] getaddrinfo failed)"))
2026-06-05 18:18:02.004 | DEBUG    | nure.image_sources:_get:46 - GET failed: HTTPSConnectionPool(host='www.amazon.in', port=443): Max retries exceeded with url: /s?k=Everest+Everest+Sambhar+masala+100gm&i=grocery (Caused by NameResolutionError("HTTPSConnection(host='www.amazon.in', port=443): Failed to resolve 'www.amazon.in' ([Errno 11001] getaddrinfo failed)"))
2026-06-05 18:18:03.210 | DEBUG    | nure.image_sources:_get:46 - GET failed: HTTPSConnectionPool(host='www.bing.com', port=443): Max retries exceeded with url: /images/search?q=Everest+Everest+Sambhar+masala (Caused by NameResolutionError("HTTPSConnection(host='www.bing.com', port=443): Failed to resolve 'www.bing.com' ([Errno 11001] getaddrinfo failed)"))
2026-06-05 18:18:03.229 | INFO     | __main__:download_product_images:223 - Product 5b710a8a86c8 has 0 images (min 10). Using Playwright fallback.
2026-06-05 21:23:39.064 | DEBUG    | nure.playwright_sources:collect_playwright_images:95 - Playwright timeout for blinkit on Everest Everest Sambhar masala
2026-06-05 21:23:39.064 | INFO     | nure.playwright_sources:collect_playwright_images:99 - Playwright blinkit 'Everest Everest Sambhar masala': 0 URLs
2026-06-05 21:23:44.109 | DEBUG    | nure.playwright_sources:collect_playwright_images:95 - Playwright timeout for bigbasket on Everest Everest Sambhar masala
2026-06-05 21:23:44.109 | INFO     | nure.playwright_sources:collect_playwright_images:99 - Playwright bigbasket 'Everest Everest Sambhar masala': 0 URLs
2026-06-05 21:23:50.188 | INFO     | nure.playwright_sources:collect_playwright_images:99 - Playwright jiomart 'Everest Everest Sambhar masala': 1 URLs
2026-06-05 21:23:53.620 | INFO     | nure.playwright_sources:collect_playwright_images:99 - Playwright flipkart 'Everest Everest Sambhar masala': 0 URLs
2026-06-05 21:23:59.364 | INFO     | __main__:download_product_images:223 - Product c8e677aaa9a5 has 0 images (min 10). Using Playwright fallback.
2026-06-05 21:24:04.116 | INFO     | nure.playwright_sources:collect_playwright_images:99 - Playwright blinkit 'Everest chiken biryani masala ': 15 URLs
2026-06-05 21:24:07.571 | DEBUG    | nure.playwright_sources:collect_playwright_images:95 - Playwright timeout for bigbasket on Everest chiken biryani masala 
2026-06-05 21:24:07.571 | INFO     | nure.playwright_sources:collect_playwright_images:99 - Playwright bigbasket 'Everest chiken biryani masala ': 0 URLs
2026-06-05 21:24:11.013 | INFO     | nure.playwright_sources:collect_playwright_images:99 - Playwright jiomart 'Everest chiken biryani masala ': 1 URLs
2026-06-05 21:24:13.951 | INFO     | nure.playwright_sources:collect_playwright_images:99 - Playwright flipkart 'Everest chiken biryani masala ': 0 URLs
2026-06-05 21:24:14.293 | INFO     | __main__:process_urls_for_product:190 - Verified Source Attribution | Product: c8e677aaa9a5 | File: c8e677aaa9a5_000.jpg | Source: blinkit | URL: https://cdn.grofers.com/cdn-cgi/image/f=auto,fit=scale-down,q=70,metadata=none,w=270/da/cms-assets/cms/product/3d34102a-dc34-4451-9dc4-e35fb65a3998.png
2026-06-05 21:24:14.640 | INFO     | __main__:process_urls_for_product:190 - Verified Source Attribution | Product: c8e677aaa9a5 | File: c8e677aaa9a5_001.jpg | Source: blinkit | URL: https://cdn.grofers.com/cdn-cgi/image/f=auto,fit=scale-down,q=70,metadata=none,w=270/da/cms-assets/cms/product/rc-upload-1777606736566-625.png
2026-06-05 21:24:14.916 | INFO     | __main__:process_urls_for_product:190 - Verified Source Attribution | Product: c8e677aaa9a5 | File: c8e677aaa9a5_002.jpg | Source: blinkit | URL: https://cdn.grofers.com/cdn-cgi/image/f=auto,fit=scale-down,q=70,metadata=none,w=270/da/cms-assets/cms/product/fb9c4ccb-274e-4b3f-89de-23cf6e957357.png
2026-06-05 21:24:15.290 | INFO     | __main__:process_urls_for_product:190 - Verified Source Attribution | Product: c8e677aaa9a5 | File: c8e677aaa9a5_003.jpg | Source: blinkit | URL: https://cdn.grofers.com/cdn-cgi/image/f=auto,fit=scale-down,q=70,metadata=none,w=270/da/cms-assets/cms/product/838dbda7-ed2d-444b-ba21-cf89f1149cdf.png
2026-06-05 21:24:15.564 | INFO     | __main__:process_urls_for_product:190 - Verified Source Attribution | Product: c8e677aaa9a5 | File: c8e677aaa9a5_004.jpg | Source: blinkit | URL: https://cdn.grofers.com/cdn-cgi/image/f=auto,fit=scale-down,q=70,metadata=none,w=270/da/cms-assets/cms/product/rc-upload-1780331131771-365.png
2026-06-05 21:24:15.821 | INFO     | __main__:process_urls_for_product:190 - Verified Source Attribution | Product: c8e677aaa9a5 | File: c8e677aaa9a5_005.jpg | Source: blinkit | URL: https://cdn.grofers.com/cdn-cgi/image/f=auto,fit=scale-down,q=70,metadata=none,w=270/da/cms-assets/cms/product/d1c5a654-dbb4-43c2-a50f-daae75a907de.png
2026-06-05 21:24:16.090 | INFO     | __main__:process_urls_for_product:190 - Verified Source Attribution | Product: c8e677aaa9a5 | File: c8e677aaa9a5_006.jpg | Source: blinkit | URL: https://cdn.grofers.com/cdn-cgi/image/f=auto,fit=scale-down,q=70,metadata=none,w=270/da/cms-assets/cms/product/8f155a79-4c38-40d3-9f71-efa96443b2dd.png
2026-06-05 21:24:16.356 | INFO     | __main__:process_urls_for_product:190 - Verified Source Attribution | Product: c8e677aaa9a5 | File: c8e677aaa9a5_007.jpg | Source: blinkit | URL: https://cdn.grofers.com/cdn-cgi/image/f=auto,fit=scale-down,q=70,metadata=none,w=270/da/cms-assets/cms/product/rc-upload-1775625358577-304.png
2026-06-05 21:24:16.622 | INFO     | __main__:process_urls_for_product:190 - Verified Source Attribution | Product: c8e677aaa9a5 | File: c8e677aaa9a5_008.jpg | Source: blinkit | URL: https://cdn.grofers.com/cdn-cgi/image/f=auto,fit=scale-down,q=70,metadata=none,w=270/da/cms-assets/cms/product/20c7c562-6e1c-488b-b12d-d22b4cb941f1.png
2026-06-05 21:24:16.886 | INFO     | __main__:process_urls_for_product:190 - Verified Source Attribution | Product: c8e677aaa9a5 | File: c8e677aaa9a5_009.jpg | Source: blinkit | URL: https://cdn.grofers.com/cdn-cgi/image/f=auto,fit=scale-down,q=70,metadata=none,w=270/da/cms-assets/cms/product/a4e8c6af-fc6a-45fd-be0a-9930c0de3361.png
2026-06-05 21:24:17.144 | INFO     | __main__:process_urls_for_product:190 - Verified Source Attribution | Product: c8e677aaa9a5 | File: c8e677aaa9a5_010.jpg | Source: blinkit | URL: https://cdn.grofers.com/cdn-cgi/image/f=auto,fit=scale-down,q=70,metadata=none,w=270/da/cms-assets/cms/product/2bd9db9b-9293-4d6b-9af7-12de934301a1.png
2026-06-05 21:24:17.401 | INFO     | __main__:process_urls_for_product:190 - Verified Source Attribution | Product: c8e677aaa9a5 | File: c8e677aaa9a5_011.jpg | Source: blinkit | URL: https://cdn.grofers.com/cdn-cgi/image/f=auto,fit=scale-down,q=70,metadata=none,w=270/da/cms-assets/cms/product/eb718037-1dad-48c4-af33-31a6acd9610e.png
2026-06-05 21:24:17.657 | INFO     | __main__:process_urls_for_product:190 - Verified Source Attribution | Product: c8e677aaa9a5 | File: c8e677aaa9a5_012.jpg | Source: blinkit | URL: https://cdn.grofers.com/cdn-cgi/image/f=auto,fit=scale-down,q=70,metadata=none,w=270/da/cms-assets/cms/product/de1867ab-c668-4547-850b-769f76dbfd0a.png
2026-06-05 21:24:19.193 | INFO     | __main__:process_urls_for_product:190 - Verified Source Attribution | Product: 0603aab803d3 | File: 0603aab803d3_000.jpg | Source: openfoodfacts | URL: https://images.openfoodfacts.org/images/products/394/878/601/0509/front_de.4.400.jpg
2026-06-05 21:24:19.740 | INFO     | __main__:process_urls_for_product:190 - Verified Source Attribution | Product: 0603aab803d3 | File: 0603aab803d3_001.jpg | Source: openfoodfacts | URL: https://images.openfoodfacts.org/images/products/394/878/601/0509/ingredients_en.7.400.jpg
2026-06-05 21:24:20.103 | INFO     | __main__:process_urls_for_product:190 - Verified Source Attribution | Product: 0603aab803d3 | File: 0603aab803d3_002.jpg | Source: openfoodfacts | URL: https://images.openfoodfacts.org/images/products/394/878/601/0509/nutrition_en.10.400.jpg
2026-06-05 21:24:26.174 | INFO     | __main__:download_product_images:223 - Product 0603aab803d3 has 3 images (min 10). Using Playwright fallback.
2026-06-05 21:24:30.232 | INFO     | nure.playwright_sources:collect_playwright_images:99 - Playwright blinkit 'Everest Kesari Milk Masala': 15 URLs
2026-06-05 21:24:33.623 | DEBUG    | nure.playwright_sources:collect_playwright_images:95 - Playwright timeout for bigbasket on Everest Kesari Milk Masala
2026-06-05 21:24:33.624 | INFO     | nure.playwright_sources:collect_playwright_images:99 - Playwright bigbasket 'Everest Kesari Milk Masala': 0 URLs
2026-06-05 21:24:36.752 | INFO     | nure.playwright_sources:collect_playwright_images:99 - Playwright jiomart 'Everest Kesari Milk Masala': 1 URLs
2026-06-05 21:24:39.882 | INFO     | nure.playwright_sources:collect_playwright_images:99 - Playwright flipkart 'Everest Kesari Milk Masala 50g': 0 URLs
2026-06-05 21:24:40.072 | INFO     | __main__:process_urls_for_product:190 - Verified Source Attribution | Product: 0603aab803d3 | File: 0603aab803d3_003.jpg | Source: blinkit | URL: https://cdn.grofers.com/cdn-cgi/image/f=auto,fit=scale-down,q=70,metadata=none,w=270/da/cms-assets/cms/product/b2ff0c07-a587-440a-a1b2-e9fc4d0727e9.png
2026-06-05 21:24:40.409 | INFO     | __main__:process_urls_for_product:190 - Verified Source Attribution | Product: 0603aab803d3 | File: 0603aab803d3_004.jpg | Source: blinkit | URL: https://cdn.grofers.com/cdn-cgi/image/f=auto,fit=scale-down,q=70,metadata=none,w=270/da/cms-assets/cms/product/d991a261-ae1a-483f-8c1c-a25b4e1916bb.png
2026-06-05 21:24:40.674 | INFO     | __main__:process_urls_for_product:190 - Verified Source Attribution | Product: 0603aab803d3 | File: 0603aab803d3_005.jpg | Source: blinkit | URL: https://cdn.grofers.com/cdn-cgi/image/f=auto,fit=scale-down,q=70,metadata=none,w=270/da/cms-assets/cms/product/692267d9-a9ea-410d-b9ee-98a7bb4d2565.png
2026-06-05 21:24:40.937 | INFO     | __main__:process_urls_for_product:190 - Verified Source Attribution | Product: 0603aab803d3 | File: 0603aab803d3_006.jpg | Source: blinkit | URL: https://cdn.grofers.com/cdn-cgi/image/f=auto,fit=scale-down,q=70,metadata=none,w=270/da/cms-assets/cms/product/5f1e02e5-d062-4bfc-af51-20a9634dc2f5.png
2026-06-05 21:24:41.184 | INFO     | __main__:process_urls_for_product:190 - Verified Source Attribution | Product: 0603aab803d3 | File: 0603aab803d3_007.jpg | Source: blinkit | URL: https://cdn.grofers.com/cdn-cgi/image/f=auto,fit=scale-down,q=70,metadata=none,w=270/da/cms-assets/cms/product/c988c2c6-0808-4296-838f-aa20db89c1ed.png
2026-06-05 21:24:41.437 | INFO     | __main__:process_urls_for_product:190 - Verified Source Attribution | Product: 0603aab803d3 | File: 0603aab803d3_008.jpg | Source: blinkit | URL: https://cdn.grofers.com/cdn-cgi/image/f=auto,fit=scale-down,q=70,metadata=none,w=270/da/cms-assets/cms/product/rc-upload-1776940564959-270.png
2026-06-05 21:24:41.826 | INFO     | __main__:process_urls_for_product:190 - Verified Source Attribution | Product: 0603aab803d3 | File: 0603aab803d3_009.jpg | Source: blinkit | URL: https://cdn.grofers.com/cdn-cgi/image/f=auto,fit=scale-down,q=70,metadata=none,w=270/da/cms-assets/cms/product/49770d7b-514c-4a05-a2b1-20bad50461ec.png
2026-06-05 21:24:42.092 | INFO     | __main__:process_urls_for_product:190 - Verified Source Attribution | Product: 0603aab803d3 | File: 0603aab803d3_010.jpg | Source: blinkit | URL: https://cdn.grofers.com/cdn-cgi/image/f=auto,fit=scale-down,q=70,metadata=none,w=270/da/cms-assets/cms/product/3b9f0328-c7ec-45ac-80ce-2a804019f253.png
2026-06-05 21:24:42.354 | INFO     | __main__:process_urls_for_product:190 - Verified Source Attribution | Product: 0603aab803d3 | File: 0603aab803d3_011.jpg | Source: blinkit | URL: https://cdn.grofers.com/cdn-cgi/image/f=auto,fit=scale-down,q=70,metadata=none,w=270/da/cms-assets/cms/product/9dea2d22-108f-4021-aeec-e95b4e271e16.png
2026-06-05 21:24:42.616 | INFO     | __main__:process_urls_for_product:190 - Verified Source Attribution | Product: 0603aab803d3 | File: 0603aab803d3_012.jpg | Source: blinkit | URL: https://cdn.grofers.com/cdn-cgi/image/f=auto,fit=scale-down,q=70,metadata=none,w=270/da/cms-assets/cms/product/d1c5a654-dbb4-43c2-a50f-daae75a907de.png
2026-06-05 21:24:42.884 | INFO     | __main__:process_urls_for_product:190 - Verified Source Attribution | Product: 0603aab803d3 | File: 0603aab803d3_013.jpg | Source: blinkit | URL: https://cdn.grofers.com/cdn-cgi/image/f=auto,fit=scale-down,q=70,metadata=none,w=270/da/cms-assets/cms/product/rc-upload-1773901116365-871.png
2026-06-05 21:24:43.204 | INFO     | __main__:process_urls_for_product:190 - Verified Source Attribution | Product: 0603aab803d3 | File: 0603aab803d3_014.jpg | Source: blinkit | URL: https://cdn.grofers.com/cdn-cgi/image/f=auto,fit=scale-down,q=70,metadata=none,w=270/da/cms-assets/cms/product/rc-upload-1780639951650-314.png
2026-06-05 21:24:43.466 | INFO     | __main__:process_urls_for_product:190 - Verified Source Attribution | Product: 0603aab803d3 | File: 0603aab803d3_015.jpg | Source: blinkit | URL: https://cdn.grofers.com/cdn-cgi/image/f=auto,fit=scale-down,q=70,metadata=none,w=270/da/cms-assets/cms/product/rc-upload-1777606736566-691.png
2026-06-05 21:24:45.424 | INFO     | __main__:process_urls_for_product:190 - Verified Source Attribution | Product: c7ee973ee007 | File: c7ee973ee007_000.jpg | Source: openfoodfacts | URL: https://images.openfoodfacts.org/images/products/890/178/649/0509/front_en.3.400.jpg
2026-06-05 21:24:49.342 | INFO     | __main__:download_product_images:223 - Product c7ee973ee007 has 1 images (min 10). Using Playwright fallback.
2026-06-05 21:24:54.966 | DEBUG    | nure.playwright_sources:collect_playwright_images:95 - Playwright timeout for blinkit on Everest Everest fish curry mas
2026-06-05 21:24:54.967 | INFO     | nure.playwright_sources:collect_playwright_images:99 - Playwright blinkit 'Everest Everest fish curry mas': 0 URLs
2026-06-05 21:24:58.371 | DEBUG    | nure.playwright_sources:collect_playwright_images:95 - Playwright timeout for bigbasket on Everest Everest fish curry mas
2026-06-05 21:24:58.372 | INFO     | nure.playwright_sources:collect_playwright_images:99 - Playwright bigbasket 'Everest Everest fish curry mas': 0 URLs
2026-06-05 21:25:01.504 | INFO     | nure.playwright_sources:collect_playwright_images:99 - Playwright jiomart 'Everest Everest fish curry mas': 1 URLs
2026-06-05 21:25:04.646 | INFO     | nure.playwright_sources:collect_playwright_images:99 - Playwright flipkart 'Everest Everest fish curry mas': 0 URLs
2026-06-05 21:25:06.133 | INFO     | __main__:process_urls_for_product:190 - Verified Source Attribution | Product: d220facd76ac | File: d220facd76ac_000.jpg | Source: openfoodfacts | URL: https://images.openfoodfacts.org/images/products/890/178/602/0508/front_en.26.400.jpg
2026-06-05 21:25:07.019 | INFO     | __main__:process_urls_for_product:190 - Verified Source Attribution | Product: d220facd76ac | File: d220facd76ac_001.jpg | Source: openfoodfacts | URL: https://images.openfoodfacts.org/images/products/890/178/602/0508/nutrition_fr.10.400.jpg
2026-06-05 21:26:44.969 | INFO     | __main__:download_product_images:223 - Product d220facd76ac has 2 images (min 10). Using Playwright fallback.
2026-06-05 21:26:49.456 | INFO     | nure.playwright_sources:collect_playwright_images:99 - Playwright blinkit 'Everest EVEREST Masala tae': 15 URLs
2026-06-05 21:26:52.862 | DEBUG    | nure.playwright_sources:collect_playwright_images:95 - Playwright timeout for bigbasket on Everest EVEREST Masala tae
2026-06-05 21:26:52.863 | INFO     | nure.playwright_sources:collect_playwright_images:99 - Playwright bigbasket 'Everest EVEREST Masala tae': 0 URLs
2026-06-05 21:26:55.566 | INFO     | nure.playwright_sources:collect_playwright_images:99 - Playwright jiomart 'Everest EVEREST Masala tae': 1 URLs
2026-06-05 21:26:58.532 | INFO     | nure.playwright_sources:collect_playwright_images:99 - Playwright flipkart 'Everest EVEREST Masala tae 50 ': 0 URLs
2026-06-05 21:26:58.718 | INFO     | __main__:process_urls_for_product:190 - Verified Source Attribution | Product: d220facd76ac | File: d220facd76ac_002.jpg | Source: blinkit | URL: https://cdn.grofers.com/cdn-cgi/image/f=auto,fit=scale-down,q=70,metadata=none,w=270/da/cms-assets/cms/product/692267d9-a9ea-410d-b9ee-98a7bb4d2565.png
2026-06-05 21:26:59.045 | INFO     | __main__:process_urls_for_product:190 - Verified Source Attribution | Product: d220facd76ac | File: d220facd76ac_003.jpg | Source: blinkit | URL: https://cdn.grofers.com/cdn-cgi/image/f=auto,fit=scale-down,q=70,metadata=none,w=270/da/cms-assets/cms/product/d9164ab2-f36f-4fd3-a1ce-43734c76c14b.png
2026-06-05 21:26:59.300 | INFO     | __main__:process_urls_for_product:190 - Verified Source Attribution | Product: d220facd76ac | File: d220facd76ac_004.jpg | Source: blinkit | URL: https://cdn.grofers.com/cdn-cgi/image/f=auto,fit=scale-down,q=70,metadata=none,w=270/da/cms-assets/cms/product/5f1e02e5-d062-4bfc-af51-20a9634dc2f5.png
2026-06-05 21:26:59.565 | INFO     | __main__:process_urls_for_product:190 - Verified Source Attribution | Product: d220facd76ac | File: d220facd76ac_005.jpg | Source: blinkit | URL: https://cdn.grofers.com/cdn-cgi/image/f=auto,fit=scale-down,q=70,metadata=none,w=270/da/cms-assets/cms/product/b2ff0c07-a587-440a-a1b2-e9fc4d0727e9.png
2026-06-05 21:26:59.829 | INFO     | __main__:process_urls_for_product:190 - Verified Source Attribution | Product: d220facd76ac | File: d220facd76ac_006.jpg | Source: blinkit | URL: https://cdn.grofers.com/cdn-cgi/image/f=auto,fit=scale-down,q=70,metadata=none,w=270/da/cms-assets/cms/product/49770d7b-514c-4a05-a2b1-20bad50461ec.png
2026-06-05 21:27:00.093 | INFO     | __main__:process_urls_for_product:190 - Verified Source Attribution | Product: d220facd76ac | File: d220facd76ac_007.jpg | Source: blinkit | URL: https://cdn.grofers.com/cdn-cgi/image/f=auto,fit=scale-down,q=70,metadata=none,w=270/da/cms-assets/cms/product/rc-upload-1778758335441-962.png
2026-06-05 21:27:00.359 | INFO     | __main__:process_urls_for_product:190 - Verified Source Attribution | Product: d220facd76ac | File: d220facd76ac_008.jpg | Source: blinkit | URL: https://cdn.grofers.com/cdn-cgi/image/f=auto,fit=scale-down,q=70,metadata=none,w=270/da/cms-assets/cms/product/d77abf57-4461-4191-94bf-22e8bfb09328.png
2026-06-05 21:27:00.629 | INFO     | __main__:process_urls_for_product:190 - Verified Source Attribution | Product: d220facd76ac | File: d220facd76ac_009.jpg | Source: blinkit | URL: https://cdn.grofers.com/cdn-cgi/image/f=auto,fit=scale-down,q=70,metadata=none,w=270/da/cms-assets/cms/product/39d46e14-c30e-4fe1-aa57-56b5dd263bbb.png
2026-06-05 21:27:00.897 | INFO     | __main__:process_urls_for_product:190 - Verified Source Attribution | Product: d220facd76ac | File: d220facd76ac_010.jpg | Source: blinkit | URL: https://cdn.grofers.com/cdn-cgi/image/f=auto,fit=scale-down,q=70,metadata=none,w=270/da/cms-assets/cms/product/rc-upload-1778823645645-156.png
2026-06-05 21:27:01.162 | INFO     | __main__:process_urls_for_product:190 - Verified Source Attribution | Product: d220facd76ac | File: d220facd76ac_011.jpg | Source: blinkit | URL: https://cdn.grofers.com/cdn-cgi/image/f=auto,fit=scale-down,q=70,metadata=none,w=270/da/cms-assets/cms/product/061a71c6-3a4a-49f9-8265-03b7ab121552.png
2026-06-05 21:27:01.420 | INFO     | __main__:process_urls_for_product:190 - Verified Source Attribution | Product: d220facd76ac | File: d220facd76ac_012.jpg | Source: blinkit | URL: https://cdn.grofers.com/cdn-cgi/image/f=auto,fit=scale-down,q=70,metadata=none,w=270/da/cms-assets/cms/product/9dea2d22-108f-4021-aeec-e95b4e271e16.png
2026-06-05 21:27:01.681 | INFO     | __main__:process_urls_for_product:190 - Verified Source Attribution | Product: d220facd76ac | File: d220facd76ac_013.jpg | Source: blinkit | URL: https://cdn.grofers.com/cdn-cgi/image/f=auto,fit=scale-down,q=70,metadata=none,w=270/da/cms-assets/cms/product/63b36c14-e6a2-4c61-bf77-091b9b457c8a.png
2026-06-05 21:27:01.950 | INFO     | __main__:process_urls_for_product:190 - Verified Source Attribution | Product: d220facd76ac | File: d220facd76ac_014.jpg | Source: blinkit | URL: https://cdn.grofers.com/cdn-cgi/image/f=auto,fit=scale-down,q=70,metadata=none,w=270/da/cms-assets/cms/product/434d863f-688f-41c2-b8c5-a84d9452e375.png
2026-06-05 21:27:02.212 | INFO     | __main__:process_urls_for_product:190 - Verified Source Attribution | Product: d220facd76ac | File: d220facd76ac_015.jpg | Source: blinkit | URL: https://cdn.grofers.com/cdn-cgi/image/f=auto,fit=scale-down,q=70,metadata=none,w=270/da/cms-assets/cms/product/49935ca2-f5d4-4edc-998e-8daeece79a46.png
2026-06-05 21:27:59.172 | INFO     | __main__:download_product_images:223 - Product 905d1ec6cd75 has 0 images (min 10). Using Playwright fallback.
2026-06-05 21:28:03.581 | INFO     | nure.playwright_sources:collect_playwright_images:99 - Playwright blinkit 'Everest Shahi Paneer Masala': 15 URLs
2026-06-05 21:28:06.991 | DEBUG    | nure.playwright_sources:collect_playwright_images:95 - Playwright timeout for bigbasket on Everest Shahi Paneer Masala
2026-06-05 21:28:06.991 | INFO     | nure.playwright_sources:collect_playwright_images:99 - Playwright bigbasket 'Everest Shahi Paneer Masala': 0 URLs
2026-06-05 21:28:09.757 | INFO     | nure.playwright_sources:collect_playwright_images:99 - Playwright jiomart 'Everest Shahi Paneer Masala': 1 URLs
2026-06-05 21:28:12.780 | INFO     | nure.playwright_sources:collect_playwright_images:99 - Playwright flipkart 'Everest Shahi Paneer Masala 10': 0 URLs
2026-06-05 21:28:13.063 | INFO     | __main__:process_urls_for_product:190 - Verified Source Attribution | Product: 905d1ec6cd75 | File: 905d1ec6cd75_000.jpg | Source: blinkit | URL: https://cdn.grofers.com/cdn-cgi/image/f=auto,fit=scale-down,q=70,metadata=none,w=270/da/cms-assets/cms/product/03598e07-eaa6-4c4e-9fc6-6a6e103db89c.png
2026-06-05 21:28:13.388 | INFO     | __main__:process_urls_for_product:190 - Verified Source Attribution | Product: 905d1ec6cd75 | File: 905d1ec6cd75_001.jpg | Source: blinkit | URL: https://cdn.grofers.com/cdn-cgi/image/f=auto,fit=scale-down,q=70,metadata=none,w=270/da/cms-assets/cms/product/a891fb81-f3bd-4d0a-9516-4a9c644bff9a.png
2026-06-05 21:28:13.645 | INFO     | __main__:process_urls_for_product:190 - Verified Source Attribution | Product: 905d1ec6cd75 | File: 905d1ec6cd75_002.jpg | Source: blinkit | URL: https://cdn.grofers.com/cdn-cgi/image/f=auto,fit=scale-down,q=70,metadata=none,w=270/da/cms-assets/cms/product/rc-upload-1774843894847-217.png
2026-06-05 21:28:13.918 | INFO     | __main__:process_urls_for_product:190 - Verified Source Attribution | Product: 905d1ec6cd75 | File: 905d1ec6cd75_003.jpg | Source: blinkit | URL: https://cdn.grofers.com/cdn-cgi/image/f=auto,fit=scale-down,q=70,metadata=none,w=270/da/cms-assets/cms/product/491b8715-451d-4f96-9063-97f04c67d5b0.png
2026-06-05 21:28:14.185 | INFO     | __main__:process_urls_for_product:190 - Verified Source Attribution | Product: 905d1ec6cd75 | File: 905d1ec6cd75_004.jpg | Source: blinkit | URL: https://cdn.grofers.com/cdn-cgi/image/f=auto,fit=scale-down,q=70,metadata=none,w=270/da/cms-assets/cms/product/rc-upload-1770705263225-1583.png
2026-06-05 21:28:14.452 | INFO     | __main__:process_urls_for_product:190 - Verified Source Attribution | Product: 905d1ec6cd75 | File: 905d1ec6cd75_005.jpg | Source: blinkit | URL: https://cdn.grofers.com/cdn-cgi/image/f=auto,fit=scale-down,q=70,metadata=none,w=270/da/cms-assets/cms/product/ca3dade9-c80c-4b66-8994-d18379fd9d32.png
2026-06-05 21:28:14.725 | INFO     | __main__:process_urls_for_product:190 - Verified Source Attribution | Product: 905d1ec6cd75 | File: 905d1ec6cd75_006.jpg | Source: blinkit | URL: https://cdn.grofers.com/cdn-cgi/image/f=auto,fit=scale-down,q=70,metadata=none,w=270/da/cms-assets/cms/product/08713364-c196-47fa-81e6-346aeec1e46f.png
2026-06-05 21:28:15.002 | INFO     | __main__:process_urls_for_product:190 - Verified Source Attribution | Product: 905d1ec6cd75 | File: 905d1ec6cd75_007.jpg | Source: blinkit | URL: https://cdn.grofers.com/cdn-cgi/image/f=auto,fit=scale-down,q=70,metadata=none,w=270/da/cms-assets/cms/product/05f8a1c5-a9df-4eb3-9f03-af5d54457535.png
2026-06-05 21:28:15.272 | INFO     | __main__:process_urls_for_product:190 - Verified Source Attribution | Product: 905d1ec6cd75 | File: 905d1ec6cd75_008.jpg | Source: blinkit | URL: https://cdn.grofers.com/cdn-cgi/image/f=auto,fit=scale-down,q=70,metadata=none,w=270/da/cms-assets/cms/product/rc-upload-1777606736566-713.png
2026-06-05 21:28:15.540 | INFO     | __main__:process_urls_for_product:190 - Verified Source Attribution | Product: 905d1ec6cd75 | File: 905d1ec6cd75_009.jpg | Source: blinkit | URL: https://cdn.grofers.com/cdn-cgi/image/f=auto,fit=scale-down,q=70,metadata=none,w=270/da/cms-assets/cms/product/rc-upload-1777606736566-636.png
2026-06-05 21:28:15.807 | INFO     | __main__:process_urls_for_product:190 - Verified Source Attribution | Product: 905d1ec6cd75 | File: 905d1ec6cd75_010.jpg | Source: blinkit | URL: https://cdn.grofers.com/cdn-cgi/image/f=auto,fit=scale-down,q=70,metadata=none,w=270/da/cms-assets/cms/product/3b020124-a683-46d7-a5ce-6576dcd1d5fe.png
2026-06-05 21:28:16.061 | INFO     | __main__:process_urls_for_product:190 - Verified Source Attribution | Product: 905d1ec6cd75 | File: 905d1ec6cd75_011.jpg | Source: blinkit | URL: https://cdn.grofers.com/cdn-cgi/image/f=auto,fit=scale-down,q=70,metadata=none,w=270/da/cms-assets/cms/product/5ab79532-1c4d-438e-adfe-ea01cf841ca8.png
2026-06-05 21:28:16.325 | INFO     | __main__:process_urls_for_product:190 - Verified Source Attribution | Product: 905d1ec6cd75 | File: 905d1ec6cd75_012.jpg | Source: blinkit | URL: https://cdn.grofers.com/cdn-cgi/image/f=auto,fit=scale-down,q=70,metadata=none,w=270/da/cms-assets/cms/product/00e8f79a-e3ba-4802-934a-4d06b0b813c5.png
2026-06-05 21:29:41.873 | INFO     | __main__:download_product_images:223 - Product d373d75be69c has 0 images (min 10). Using Playwright fallback.
2026-06-05 21:29:46.663 | INFO     | nure.playwright_sources:collect_playwright_images:99 - Playwright blinkit 'Everest EVEREST Chhole Masala': 15 URLs
2026-06-05 21:29:50.102 | DEBUG    | nure.playwright_sources:collect_playwright_images:95 - Playwright timeout for bigbasket on Everest EVEREST Chhole Masala
2026-06-05 21:29:50.102 | INFO     | nure.playwright_sources:collect_playwright_images:99 - Playwright bigbasket 'Everest EVEREST Chhole Masala': 0 URLs
2026-06-05 21:29:52.920 | INFO     | nure.playwright_sources:collect_playwright_images:99 - Playwright jiomart 'Everest EVEREST Chhole Masala': 1 URLs
2026-06-05 21:29:55.898 | INFO     | nure.playwright_sources:collect_playwright_images:99 - Playwright flipkart 'Everest EVEREST Chhole Masala ': 0 URLs
2026-06-05 21:29:56.079 | INFO     | __main__:process_urls_for_product:190 - Verified Source Attribution | Product: d373d75be69c | File: d373d75be69c_000.jpg | Source: blinkit | URL: https://cdn.grofers.com/cdn-cgi/image/f=auto,fit=scale-down,q=70,metadata=none,w=270/da/cms-assets/cms/product/49935ca2-f5d4-4edc-998e-8daeece79a46.png
2026-06-05 21:29:56.423 | INFO     | __main__:process_urls_for_product:190 - Verified Source Attribution | Product: d373d75be69c | File: d373d75be69c_001.jpg | Source: blinkit | URL: https://cdn.grofers.com/cdn-cgi/image/f=auto,fit=scale-down,q=70,metadata=none,w=270/da/cms-assets/cms/product/0ad77dc4-b90e-4e66-93a0-d3d9165368fd.png
2026-06-05 21:29:56.690 | INFO     | __main__:process_urls_for_product:190 - Verified Source Attribution | Product: d373d75be69c | File: d373d75be69c_002.jpg | Source: blinkit | URL: https://cdn.grofers.com/cdn-cgi/image/f=auto,fit=scale-down,q=70,metadata=none,w=270/da/cms-assets/cms/product/fa059fae-54cb-4c80-b6ce-2668ce76e971.png
2026-06-05 21:29:56.951 | INFO     | __main__:process_urls_for_product:190 - Verified Source Attribution | Product: d373d75be69c | File: d373d75be69c_003.jpg | Source: blinkit | URL: https://cdn.grofers.com/cdn-cgi/image/f=auto,fit=scale-down,q=70,metadata=none,w=270/da/cms-assets/cms/product/19c943a7-36e2-4a0f-93cc-0970507586ed.png
2026-06-05 21:29:57.214 | INFO     | __main__:process_urls_for_product:190 - Verified Source Attribution | Product: d373d75be69c | File: d373d75be69c_004.jpg | Source: blinkit | URL: https://cdn.grofers.com/cdn-cgi/image/f=auto,fit=scale-down,q=70,metadata=none,w=270/da/cms-assets/cms/product/63f14e10-ecae-4ecc-9d17-c2ba9555525d.png
2026-06-05 21:29:57.482 | INFO     | __main__:process_urls_for_product:190 - Verified Source Attribution | Product: d373d75be69c | File: d373d75be69c_005.jpg | Source: blinkit | URL: https://cdn.grofers.com/cdn-cgi/image/f=auto,fit=scale-down,q=70,metadata=none,w=270/da/cms-assets/cms/product/dc44e5b4-a658-435d-b630-036afe9c557c.png
2026-06-05 21:29:57.747 | INFO     | __main__:process_urls_for_product:190 - Verified Source Attribution | Product: d373d75be69c | File: d373d75be69c_006.jpg | Source: blinkit | URL: https://cdn.grofers.com/cdn-cgi/image/f=auto,fit=scale-down,q=70,metadata=none,w=270/da/cms-assets/cms/product/384e9263-24e5-4d0b-9942-8201d6e31f27.png
2026-06-05 21:29:58.016 | INFO     | __main__:process_urls_for_product:190 - Verified Source Attribution | Product: d373d75be69c | File: d373d75be69c_007.jpg | Source: blinkit | URL: https://cdn.grofers.com/cdn-cgi/image/f=auto,fit=scale-down,q=70,metadata=none,w=270/da/cms-assets/cms/product/8adb6f40-7992-4a59-bc50-d889a75f45cd.png
2026-06-05 21:29:58.308 | INFO     | __main__:process_urls_for_product:190 - Verified Source Attribution | Product: d373d75be69c | File: d373d75be69c_008.jpg | Source: blinkit | URL: https://cdn.grofers.com/cdn-cgi/image/f=auto,fit=scale-down,q=70,metadata=none,w=270/da/cms-assets/cms/product/e045f9f7-168f-41fe-8785-f7b69814859e.png
2026-06-05 21:29:58.575 | INFO     | __main__:process_urls_for_product:190 - Verified Source Attribution | Product: d373d75be69c | File: d373d75be69c_009.jpg | Source: blinkit | URL: https://cdn.grofers.com/cdn-cgi/image/f=auto,fit=scale-down,q=70,metadata=none,w=270/da/cms-assets/cms/product/49770d7b-514c-4a05-a2b1-20bad50461ec.png
2026-06-05 21:29:58.938 | INFO     | __main__:process_urls_for_product:190 - Verified Source Attribution | Product: d373d75be69c | File: d373d75be69c_010.jpg | Source: blinkit | URL: https://cdn.grofers.com/cdn-cgi/image/f=auto,fit=scale-down,q=70,metadata=none,w=270/da/cms-assets/cms/product/426befa5-a528-4356-b699-291611f09257.png
2026-06-05 21:29:59.206 | INFO     | __main__:process_urls_for_product:190 - Verified Source Attribution | Product: d373d75be69c | File: d373d75be69c_011.jpg | Source: blinkit | URL: https://cdn.grofers.com/cdn-cgi/image/f=auto,fit=scale-down,q=70,metadata=none,w=270/da/cms-assets/cms/product/34eb3f9a-16ed-4887-beb5-1749c6f90b98.png
2026-06-05 21:29:59.469 | INFO     | __main__:process_urls_for_product:190 - Verified Source Attribution | Product: d373d75be69c | File: d373d75be69c_012.jpg | Source: blinkit | URL: https://cdn.grofers.com/cdn-cgi/image/f=auto,fit=scale-down,q=70,metadata=none,w=270/da/cms-assets/cms/product/606d6220-d772-4dc4-b61d-e27e7fb319af.png
2026-06-05 21:31:27.199 | INFO     | __main__:download_product_images:223 - Product 45e015e921be has 0 images (min 10). Using Playwright fallback.
2026-06-05 21:31:31.779 | INFO     | nure.playwright_sources:collect_playwright_images:99 - Playwright blinkit 'Everest Everest Chicken Masala': 15 URLs
2026-06-05 21:31:35.207 | DEBUG    | nure.playwright_sources:collect_playwright_images:95 - Playwright timeout for bigbasket on Everest Everest Chicken Masala
2026-06-05 21:31:35.207 | INFO     | nure.playwright_sources:collect_playwright_images:99 - Playwright bigbasket 'Everest Everest Chicken Masala': 0 URLs
2026-06-05 21:31:38.186 | INFO     | nure.playwright_sources:collect_playwright_images:99 - Playwright jiomart 'Everest Everest Chicken Masala': 1 URLs
2026-06-05 21:31:40.938 | INFO     | nure.playwright_sources:collect_playwright_images:99 - Playwright flipkart 'Everest Everest Chicken Masala': 0 URLs
2026-06-05 21:31:41.109 | INFO     | __main__:process_urls_for_product:190 - Verified Source Attribution | Product: 45e015e921be | File: 45e015e921be_000.jpg | Source: blinkit | URL: https://cdn.grofers.com/cdn-cgi/image/f=auto,fit=scale-down,q=70,metadata=none,w=270/da/cms-assets/cms/product/8f155a79-4c38-40d3-9f71-efa96443b2dd.png
2026-06-05 21:31:41.451 | INFO     | __main__:process_urls_for_product:190 - Verified Source Attribution | Product: 45e015e921be | File: 45e015e921be_001.jpg | Source: blinkit | URL: https://cdn.grofers.com/cdn-cgi/image/f=auto,fit=scale-down,q=70,metadata=none,w=270/da/cms-assets/cms/product/d1c5a654-dbb4-43c2-a50f-daae75a907de.png
2026-06-05 21:31:41.714 | INFO     | __main__:process_urls_for_product:190 - Verified Source Attribution | Product: 45e015e921be | File: 45e015e921be_002.jpg | Source: blinkit | URL: https://cdn.grofers.com/cdn-cgi/image/f=auto,fit=scale-down,q=70,metadata=none,w=270/da/cms-assets/cms/product/rc-upload-1777606736566-658.png
2026-06-05 21:31:41.973 | INFO     | __main__:process_urls_for_product:190 - Verified Source Attribution | Product: 45e015e921be | File: 45e015e921be_003.jpg | Source: blinkit | URL: https://cdn.grofers.com/cdn-cgi/image/f=auto,fit=scale-down,q=70,metadata=none,w=270/da/cms-assets/cms/product/2bd9db9b-9293-4d6b-9af7-12de934301a1.png
2026-06-05 21:31:42.227 | INFO     | __main__:process_urls_for_product:190 - Verified Source Attribution | Product: 45e015e921be | File: 45e015e921be_004.jpg | Source: blinkit | URL: https://cdn.grofers.com/cdn-cgi/image/f=auto,fit=scale-down,q=70,metadata=none,w=270/da/cms-assets/cms/product/rc-upload-1774944833006-29.png
2026-06-05 21:31:42.508 | INFO     | __main__:process_urls_for_product:190 - Verified Source Attribution | Product: 45e015e921be | File: 45e015e921be_005.jpg | Source: blinkit | URL: https://cdn.grofers.com/cdn-cgi/image/f=auto,fit=scale-down,q=70,metadata=none,w=270/da/cms-assets/cms/product/83d78eda-327b-4453-9616-2f0a4d16e24d.png
2026-06-05 21:31:42.782 | INFO     | __main__:process_urls_for_product:190 - Verified Source Attribution | Product: 45e015e921be | File: 45e015e921be_006.jpg | Source: blinkit | URL: https://cdn.grofers.com/cdn-cgi/image/f=auto,fit=scale-down,q=70,metadata=none,w=270/da/cms-assets/cms/product/2d019c0f-4762-4ca6-91fc-7a747ca1a835.png
2026-06-05 21:31:43.048 | INFO     | __main__:process_urls_for_product:190 - Verified Source Attribution | Product: 45e015e921be | File: 45e015e921be_007.jpg | Source: blinkit | URL: https://cdn.grofers.com/cdn-cgi/image/f=auto,fit=scale-down,q=70,metadata=none,w=270/da/cms-assets/cms/product/rc-upload-1776962073784-292.png
2026-06-05 21:31:43.306 | INFO     | __main__:process_urls_for_product:190 - Verified Source Attribution | Product: 45e015e921be | File: 45e015e921be_008.jpg | Source: blinkit | URL: https://cdn.grofers.com/cdn-cgi/image/f=auto,fit=scale-down,q=70,metadata=none,w=270/da/cms-assets/cms/product/144b7199-b931-4598-be11-7e94991d8123.png
2026-06-05 21:31:43.576 | INFO     | __main__:process_urls_for_product:190 - Verified Source Attribution | Product: 45e015e921be | File: 45e015e921be_009.jpg | Source: blinkit | URL: https://cdn.grofers.com/cdn-cgi/image/f=auto,fit=scale-down,q=70,metadata=none,w=270/da/cms-assets/cms/product/3859be5c-4e5f-42ff-a13d-1669f7b067a2.png
2026-06-05 21:31:43.837 | INFO     | __main__:process_urls_for_product:190 - Verified Source Attribution | Product: 45e015e921be | File: 45e015e921be_010.jpg | Source: blinkit | URL: https://cdn.grofers.com/cdn-cgi/image/f=auto,fit=scale-down,q=70,metadata=none,w=270/da/cms-assets/cms/product/f3adf6d4-673c-41c3-ae63-1508b4af2ecd.png
2026-06-05 21:31:44.104 | INFO     | __main__:process_urls_for_product:190 - Verified Source Attribution | Product: 45e015e921be | File: 45e015e921be_011.jpg | Source: blinkit | URL: https://cdn.grofers.com/cdn-cgi/image/f=auto,fit=scale-down,q=70,metadata=none,w=270/da/cms-assets/cms/product/a615e094-7de0-4f9d-ac31-33b233afc243.png
2026-06-05 21:31:44.365 | INFO     | __main__:process_urls_for_product:190 - Verified Source Attribution | Product: 45e015e921be | File: 45e015e921be_012.jpg | Source: blinkit | URL: https://cdn.grofers.com/cdn-cgi/image/f=auto,fit=scale-down,q=70,metadata=none,w=270/da/cms-assets/cms/product/rc-upload-1776829632782-763.png
2026-06-05 21:31:44.634 | INFO     | __main__:process_urls_for_product:190 - Verified Source Attribution | Product: 45e015e921be | File: 45e015e921be_013.jpg | Source: blinkit | URL: https://cdn.grofers.com/cdn-cgi/image/f=auto,fit=scale-down,q=70,metadata=none,w=270/da/cms-assets/cms/product/rc-upload-1771309849619-88.png
2026-06-05 21:32:42.014 | INFO     | __main__:download_product_images:223 - Product ca70e445df4c has 0 images (min 10). Using Playwright fallback.
2026-06-05 21:32:46.976 | INFO     | nure.playwright_sources:collect_playwright_images:99 - Playwright blinkit 'Everest Pani Puri Masala': 15 URLs
2026-06-05 21:32:50.408 | DEBUG    | nure.playwright_sources:collect_playwright_images:95 - Playwright timeout for bigbasket on Everest Pani Puri Masala
2026-06-05 21:32:50.408 | INFO     | nure.playwright_sources:collect_playwright_images:99 - Playwright bigbasket 'Everest Pani Puri Masala': 0 URLs
2026-06-05 21:32:53.668 | INFO     | nure.playwright_sources:collect_playwright_images:99 - Playwright jiomart 'Everest Pani Puri Masala': 1 URLs
2026-06-05 21:32:56.684 | INFO     | nure.playwright_sources:collect_playwright_images:99 - Playwright flipkart 'Everest Pani Puri Masala 50g': 0 URLs
2026-06-05 21:32:56.975 | INFO     | __main__:process_urls_for_product:190 - Verified Source Attribution | Product: ca70e445df4c | File: ca70e445df4c_000.jpg | Source: blinkit | URL: https://cdn.grofers.com/cdn-cgi/image/f=auto,fit=scale-down,q=70,metadata=none,w=270/da/cms-assets/cms/product/07413067-306d-45c9-b75b-26ec891f33df.png?bg_token=Colour%2Fsurface%2F00FFFFFF
2026-06-05 21:32:57.354 | INFO     | __main__:process_urls_for_product:190 - Verified Source Attribution | Product: ca70e445df4c | File: ca70e445df4c_001.jpg | Source: blinkit | URL: https://cdn.grofers.com/cdn-cgi/image/f=auto,fit=scale-down,q=70,metadata=none,w=270/da/cms-assets/cms/product/8dab0462-7d0c-4a31-b9d3-645e600addc2.png?bg_token=Colour%2Fsurface%2F00FFFFFF
2026-06-05 21:32:57.634 | INFO     | __main__:process_urls_for_product:190 - Verified Source Attribution | Product: ca70e445df4c | File: ca70e445df4c_002.jpg | Source: blinkit | URL: https://cdn.grofers.com/cdn-cgi/image/f=auto,fit=scale-down,q=70,metadata=none,w=270/da/cms-assets/cms/product/610f1265-0655-483e-beb3-baccfe1c6c9e.png?bg_token=Colour%2Fsurface%2F00FFFFFF
2026-06-05 21:32:57.920 | INFO     | __main__:process_urls_for_product:190 - Verified Source Attribution | Product: ca70e445df4c | File: ca70e445df4c_003.jpg | Source: blinkit | URL: https://cdn.grofers.com/cdn-cgi/image/f=auto,fit=scale-down,q=70,metadata=none,w=270/da/cms-assets/cms/product/rc-upload-1774348510123-581.png?bg_token=Colour%2Fsurface%2F00FFFFFF
2026-06-05 21:32:58.267 | INFO     | __main__:process_urls_for_product:190 - Verified Source Attribution | Product: ca70e445df4c | File: ca70e445df4c_004.jpg | Source: blinkit | URL: https://cdn.grofers.com/cdn-cgi/image/f=auto,fit=scale-down,q=70,metadata=none,w=270/da/cms-assets/cms/product/e525b8a8-d1c0-4139-a4bb-55e07e01dfa6.png?bg_token=Colour%2Fsurface%2F00FFFFFF
2026-06-05 21:32:58.542 | INFO     | __main__:process_urls_for_product:190 - Verified Source Attribution | Product: ca70e445df4c | File: ca70e445df4c_005.jpg | Source: blinkit | URL: https://cdn.grofers.com/cdn-cgi/image/f=auto,fit=scale-down,q=70,metadata=none,w=270/da/cms-assets/cms/product/rc-upload-1771991783673-911.png
2026-06-05 21:32:58.816 | INFO     | __main__:process_urls_for_product:190 - Verified Source Attribution | Product: ca70e445df4c | File: ca70e445df4c_006.jpg | Source: blinkit | URL: https://cdn.grofers.com/cdn-cgi/image/f=auto,fit=scale-down,q=70,metadata=none,w=270/da/cms-assets/cms/product/522389e0-a502-4c2d-83b0-ef3f49b846e2.png
2026-06-05 21:32:59.082 | INFO     | __main__:process_urls_for_product:190 - Verified Source Attribution | Product: ca70e445df4c | File: ca70e445df4c_007.jpg | Source: blinkit | URL: https://cdn.grofers.com/cdn-cgi/image/f=auto,fit=scale-down,q=70,metadata=none,w=270/da/cms-assets/cms/product/49770d7b-514c-4a05-a2b1-20bad50461ec.png
2026-06-05 21:32:59.353 | INFO     | __main__:process_urls_for_product:190 - Verified Source Attribution | Product: ca70e445df4c | File: ca70e445df4c_008.jpg | Source: blinkit | URL: https://cdn.grofers.com/cdn-cgi/image/f=auto,fit=scale-down,q=70,metadata=none,w=270/da/cms-assets/cms/product/5787ed07-8b50-4265-ac7a-1fd5b5e6e4d5.png
2026-06-05 21:32:59.636 | INFO     | __main__:process_urls_for_product:190 - Verified Source Attribution | Product: ca70e445df4c | File: ca70e445df4c_009.jpg | Source: blinkit | URL: https://cdn.grofers.com/cdn-cgi/image/f=auto,fit=scale-down,q=70,metadata=none,w=270/da/cms-assets/cms/product/be7427bd-fc44-406d-b3e6-c9d20c52f986.png
2026-06-05 21:32:59.915 | INFO     | __main__:process_urls_for_product:190 - Verified Source Attribution | Product: ca70e445df4c | File: ca70e445df4c_010.jpg | Source: blinkit | URL: https://cdn.grofers.com/cdn-cgi/image/f=auto,fit=scale-down,q=70,metadata=none,w=270/da/cms-assets/cms/product/rc-upload-1771828139315-1425.png
2026-06-05 21:33:00.190 | INFO     | __main__:process_urls_for_product:190 - Verified Source Attribution | Product: ca70e445df4c | File: ca70e445df4c_011.jpg | Source: blinkit | URL: https://cdn.grofers.com/cdn-cgi/image/f=auto,fit=scale-down,q=70,metadata=none,w=270/da/cms-assets/cms/product/rc-upload-1778348720635-185.png
2026-06-05 21:33:00.456 | INFO     | __main__:process_urls_for_product:190 - Verified Source Attribution | Product: ca70e445df4c | File: ca70e445df4c_012.jpg | Source: blinkit | URL: https://cdn.grofers.com/cdn-cgi/image/f=auto,fit=scale-down,q=70,metadata=none,w=270/da/cms-assets/cms/product/119e04eb-0cfa-4805-9852-0701655e0173.png
2026-06-05 21:33:57.981 | INFO     | __main__:download_product_images:223 - Product ac8d0c893803 has 0 images (min 10). Using Playwright fallback.
2026-06-05 21:34:02.502 | INFO     | nure.playwright_sources:collect_playwright_images:99 - Playwright blinkit 'Everest Tikka Masala Curry': 15 URLs
2026-06-05 21:34:05.954 | DEBUG    | nure.playwright_sources:collect_playwright_images:95 - Playwright timeout for bigbasket on Everest Tikka Masala Curry
2026-06-05 21:34:05.954 | INFO     | nure.playwright_sources:collect_playwright_images:99 - Playwright bigbasket 'Everest Tikka Masala Curry': 0 URLs
2026-06-05 21:34:09.115 | INFO     | nure.playwright_sources:collect_playwright_images:99 - Playwright jiomart 'Everest Tikka Masala Curry': 1 URLs
2026-06-05 21:34:12.052 | INFO     | nure.playwright_sources:collect_playwright_images:99 - Playwright flipkart 'Everest Tikka Masala Curry 1pc': 0 URLs
2026-06-05 21:34:12.258 | INFO     | __main__:process_urls_for_product:190 - Verified Source Attribution | Product: ac8d0c893803 | File: ac8d0c893803_000.jpg | Source: blinkit | URL: https://cdn.grofers.com/cdn-cgi/image/f=auto,fit=scale-down,q=70,metadata=none,w=270/da/cms-assets/cms/product/rc-upload-1777606736566-669.png
2026-06-05 21:34:12.611 | INFO     | __main__:process_urls_for_product:190 - Verified Source Attribution | Product: ac8d0c893803 | File: ac8d0c893803_001.jpg | Source: blinkit | URL: https://cdn.grofers.com/cdn-cgi/image/f=auto,fit=scale-down,q=70,metadata=none,w=270/da/cms-assets/cms/product/8f155a79-4c38-40d3-9f71-efa96443b2dd.png
2026-06-05 21:34:12.891 | INFO     | __main__:process_urls_for_product:190 - Verified Source Attribution | Product: ac8d0c893803 | File: ac8d0c893803_002.jpg | Source: blinkit | URL: https://cdn.grofers.com/cdn-cgi/image/f=auto,fit=scale-down,q=70,metadata=none,w=270/da/cms-assets/cms/product/fc79fa0b-f9a8-4ccb-8291-8b322155adfa.png
2026-06-05 21:34:13.160 | INFO     | __main__:process_urls_for_product:190 - Verified Source Attribution | Product: ac8d0c893803 | File: ac8d0c893803_003.jpg | Source: blinkit | URL: https://cdn.grofers.com/cdn-cgi/image/f=auto,fit=scale-down,q=70,metadata=none,w=270/da/cms-assets/cms/product/9dea2d22-108f-4021-aeec-e95b4e271e16.png
2026-06-05 21:34:13.536 | INFO     | __main__:process_urls_for_product:190 - Verified Source Attribution | Product: ac8d0c893803 | File: ac8d0c893803_004.jpg | Source: blinkit | URL: https://cdn.grofers.com/cdn-cgi/image/f=auto,fit=scale-down,q=70,metadata=none,w=270/da/cms-assets/cms/product/d1c5a654-dbb4-43c2-a50f-daae75a907de.png
2026-06-05 21:34:13.812 | INFO     | __main__:process_urls_for_product:190 - Verified Source Attribution | Product: ac8d0c893803 | File: ac8d0c893803_005.jpg | Source: blinkit | URL: https://cdn.grofers.com/cdn-cgi/image/f=auto,fit=scale-down,q=70,metadata=none,w=270/da/cms-assets/cms/product/b2ff0c07-a587-440a-a1b2-e9fc4d0727e9.png
2026-06-05 21:34:14.173 | INFO     | __main__:process_urls_for_product:190 - Verified Source Attribution | Product: ac8d0c893803 | File: ac8d0c893803_006.jpg | Source: blinkit | URL: https://cdn.grofers.com/cdn-cgi/image/f=auto,fit=scale-down,q=70,metadata=none,w=270/da/cms-assets/cms/product/5f1e02e5-d062-4bfc-af51-20a9634dc2f5.png
2026-06-05 21:34:14.431 | INFO     | __main__:process_urls_for_product:190 - Verified Source Attribution | Product: ac8d0c893803 | File: ac8d0c893803_007.jpg | Source: blinkit | URL: https://cdn.grofers.com/cdn-cgi/image/f=auto,fit=scale-down,q=70,metadata=none,w=270/da/cms-assets/cms/product/57faa0ab-69c7-4a4c-abee-628985565cbe.png
2026-06-05 21:34:14.695 | INFO     | __main__:process_urls_for_product:190 - Verified Source Attribution | Product: ac8d0c893803 | File: ac8d0c893803_008.jpg | Source: blinkit | URL: https://cdn.grofers.com/cdn-cgi/image/f=auto,fit=scale-down,q=70,metadata=none,w=270/da/cms-assets/cms/product/426befa5-a528-4356-b699-291611f09257.png
2026-06-05 21:34:14.969 | INFO     | __main__:process_urls_for_product:190 - Verified Source Attribution | Product: ac8d0c893803 | File: ac8d0c893803_009.jpg | Source: blinkit | URL: https://cdn.grofers.com/cdn-cgi/image/f=auto,fit=scale-down,q=70,metadata=none,w=270/da/cms-assets/cms/product/8b7993b7-0d4f-47f0-850f-668857bf2b05.png
2026-06-05 21:34:15.248 | INFO     | __main__:process_urls_for_product:190 - Verified Source Attribution | Product: ac8d0c893803 | File: ac8d0c893803_010.jpg | Source: blinkit | URL: https://cdn.grofers.com/cdn-cgi/image/f=auto,fit=scale-down,q=70,metadata=none,w=270/da/cms-assets/cms/product/rc-upload-1770705263225-1569.png
2026-06-05 21:34:15.506 | INFO     | __main__:process_urls_for_product:190 - Verified Source Attribution | Product: ac8d0c893803 | File: ac8d0c893803_011.jpg | Source: blinkit | URL: https://cdn.grofers.com/cdn-cgi/image/f=auto,fit=scale-down,q=70,metadata=none,w=270/da/cms-assets/cms/product/abeb2786-fba3-43ab-8ab0-cf02ec5d1495.png
2026-06-05 21:35:12.891 | INFO     | __main__:download_product_images:223 - Product 6f0e75f592a1 has 0 images (min 10). Using Playwright fallback.
2026-06-05 21:35:17.981 | INFO     | nure.playwright_sources:collect_playwright_images:99 - Playwright blinkit 'Everest Sambar Masala': 15 URLs
2026-06-05 21:35:21.524 | DEBUG    | nure.playwright_sources:collect_playwright_images:95 - Playwright timeout for bigbasket on Everest Sambar Masala
2026-06-05 21:35:21.525 | INFO     | nure.playwright_sources:collect_playwright_images:99 - Playwright bigbasket 'Everest Sambar Masala': 0 URLs
2026-06-05 21:35:25.692 | INFO     | nure.playwright_sources:collect_playwright_images:99 - Playwright jiomart 'Everest Sambar Masala': 1 URLs
2026-06-05 21:35:28.584 | INFO     | nure.playwright_sources:collect_playwright_images:99 - Playwright flipkart 'Everest Sambar Masala': 0 URLs
2026-06-05 21:35:28.822 | INFO     | __main__:process_urls_for_product:190 - Verified Source Attribution | Product: 6f0e75f592a1 | File: 6f0e75f592a1_000.jpg | Source: blinkit | URL: https://cdn.grofers.com/cdn-cgi/image/f=auto,fit=scale-down,q=70,metadata=none,w=270/da/cms-assets/cms/product/67493780-e527-4b7f-bbbd-88b75924bb41.png
2026-06-05 21:35:29.224 | INFO     | __main__:process_urls_for_product:190 - Verified Source Attribution | Product: 6f0e75f592a1 | File: 6f0e75f592a1_001.jpg | Source: blinkit | URL: https://cdn.grofers.com/cdn-cgi/image/f=auto,fit=scale-down,q=70,metadata=none,w=270/da/cms-assets/cms/product/d70dc261-4adb-44e3-8dc2-22b5de6a8a73.png
2026-06-05 21:35:29.482 | INFO     | __main__:process_urls_for_product:190 - Verified Source Attribution | Product: 6f0e75f592a1 | File: 6f0e75f592a1_002.jpg | Source: blinkit | URL: https://cdn.grofers.com/cdn-cgi/image/f=auto,fit=scale-down,q=70,metadata=none,w=270/da/cms-assets/cms/product/1b9363db-5bea-4924-8ecb-80246e4ebfaf.png
2026-06-05 21:35:29.775 | INFO     | __main__:process_urls_for_product:190 - Verified Source Attribution | Product: 6f0e75f592a1 | File: 6f0e75f592a1_003.jpg | Source: blinkit | URL: https://cdn.grofers.com/cdn-cgi/image/f=auto,fit=scale-down,q=70,metadata=none,w=270/da/cms-assets/cms/product/d56e2b17-be67-49f5-8c55-97c201ff2817.png
2026-06-05 21:35:30.030 | INFO     | __main__:process_urls_for_product:190 - Verified Source Attribution | Product: 6f0e75f592a1 | File: 6f0e75f592a1_004.jpg | Source: blinkit | URL: https://cdn.grofers.com/cdn-cgi/image/f=auto,fit=scale-down,q=70,metadata=none,w=270/da/cms-assets/cms/product/rc-upload-1775625358577-280.png
2026-06-05 21:35:30.297 | INFO     | __main__:process_urls_for_product:190 - Verified Source Attribution | Product: 6f0e75f592a1 | File: 6f0e75f592a1_005.jpg | Source: blinkit | URL: https://cdn.grofers.com/cdn-cgi/image/f=auto,fit=scale-down,q=70,metadata=none,w=270/da/cms-assets/cms/product/rc-upload-1773385515396-4.png
2026-06-05 21:35:30.566 | INFO     | __main__:process_urls_for_product:190 - Verified Source Attribution | Product: 6f0e75f592a1 | File: 6f0e75f592a1_006.jpg | Source: blinkit | URL: https://cdn.grofers.com/cdn-cgi/image/f=auto,fit=scale-down,q=70,metadata=none,w=270/da/cms-assets/cms/product/3996fc09-a32c-4d39-bb43-8353d37ef29e.png
2026-06-05 21:35:30.831 | INFO     | __main__:process_urls_for_product:190 - Verified Source Attribution | Product: 6f0e75f592a1 | File: 6f0e75f592a1_007.jpg | Source: blinkit | URL: https://cdn.grofers.com/cdn-cgi/image/f=auto,fit=scale-down,q=70,metadata=none,w=270/da/cms-assets/cms/product/2db10f21-73bd-44ac-8432-6f73c23555ec.png
2026-06-05 21:35:31.094 | INFO     | __main__:process_urls_for_product:190 - Verified Source Attribution | Product: 6f0e75f592a1 | File: 6f0e75f592a1_008.jpg | Source: blinkit | URL: https://cdn.grofers.com/cdn-cgi/image/f=auto,fit=scale-down,q=70,metadata=none,w=270/da/cms-assets/cms/product/ba095407-661d-4779-84cc-060708e5f051.png
2026-06-05 21:35:31.358 | INFO     | __main__:process_urls_for_product:190 - Verified Source Attribution | Product: 6f0e75f592a1 | File: 6f0e75f592a1_009.jpg | Source: blinkit | URL: https://cdn.grofers.com/cdn-cgi/image/f=auto,fit=scale-down,q=70,metadata=none,w=270/da/cms-assets/cms/product/83b7dca9-e5bb-40ed-97cc-65475f47da37.png
2026-06-05 21:35:31.625 | INFO     | __main__:process_urls_for_product:190 - Verified Source Attribution | Product: 6f0e75f592a1 | File: 6f0e75f592a1_010.jpg | Source: blinkit | URL: https://cdn.grofers.com/cdn-cgi/image/f=auto,fit=scale-down,q=70,metadata=none,w=270/da/cms-assets/cms/product/061a71c6-3a4a-49f9-8265-03b7ab121552.png
2026-06-05 21:35:31.897 | INFO     | __main__:process_urls_for_product:190 - Verified Source Attribution | Product: 6f0e75f592a1 | File: 6f0e75f592a1_011.jpg | Source: blinkit | URL: https://cdn.grofers.com/cdn-cgi/image/f=auto,fit=scale-down,q=70,metadata=none,w=270/da/cms-assets/cms/product/8980ca36-b0aa-40b4-b9bc-f7765900f29e.png
2026-06-05 21:36:44.668 | INFO     | __main__:download_product_images:223 - Product 9206b377b38d has 0 images (min 10). Using Playwright fallback.
2026-06-05 21:36:49.075 | INFO     | nure.playwright_sources:collect_playwright_images:99 - Playwright blinkit 'Everest Everest Tandoori Chick': 15 URLs
2026-06-05 21:36:52.488 | DEBUG    | nure.playwright_sources:collect_playwright_images:95 - Playwright timeout for bigbasket on Everest Everest Tandoori Chick
2026-06-05 21:36:52.489 | INFO     | nure.playwright_sources:collect_playwright_images:99 - Playwright bigbasket 'Everest Everest Tandoori Chick': 0 URLs
2026-06-05 21:36:55.401 | INFO     | nure.playwright_sources:collect_playwright_images:99 - Playwright jiomart 'Everest Everest Tandoori Chick': 1 URLs
2026-06-05 21:36:58.377 | INFO     | nure.playwright_sources:collect_playwright_images:99 - Playwright flipkart 'Everest Everest Tandoori Chick': 0 URLs
2026-06-05 21:36:58.571 | INFO     | __main__:process_urls_for_product:190 - Verified Source Attribution | Product: 9206b377b38d | File: 9206b377b38d_000.jpg | Source: blinkit | URL: https://cdn.grofers.com/cdn-cgi/image/f=auto,fit=scale-down,q=70,metadata=none,w=270/da/cms-assets/cms/product/8f155a79-4c38-40d3-9f71-efa96443b2dd.png
2026-06-05 21:36:58.918 | INFO     | __main__:process_urls_for_product:190 - Verified Source Attribution | Product: 9206b377b38d | File: 9206b377b38d_001.jpg | Source: blinkit | URL: https://cdn.grofers.com/cdn-cgi/image/f=auto,fit=scale-down,q=70,metadata=none,w=270/da/cms-assets/cms/product/d1c5a654-dbb4-43c2-a50f-daae75a907de.png
2026-06-05 21:36:59.190 | INFO     | __main__:process_urls_for_product:190 - Verified Source Attribution | Product: 9206b377b38d | File: 9206b377b38d_002.jpg | Source: blinkit | URL: https://cdn.grofers.com/cdn-cgi/image/f=auto,fit=scale-down,q=70,metadata=none,w=270/da/cms-assets/cms/product/e98caec3-640a-41c4-8755-597ad25b16de.png
2026-06-05 21:36:59.455 | INFO     | __main__:process_urls_for_product:190 - Verified Source Attribution | Product: 9206b377b38d | File: 9206b377b38d_003.jpg | Source: blinkit | URL: https://cdn.grofers.com/cdn-cgi/image/f=auto,fit=scale-down,q=70,metadata=none,w=270/da/cms-assets/cms/product/2bd9db9b-9293-4d6b-9af7-12de934301a1.png
2026-06-05 21:36:59.729 | INFO     | __main__:process_urls_for_product:190 - Verified Source Attribution | Product: 9206b377b38d | File: 9206b377b38d_004.jpg | Source: blinkit | URL: https://cdn.grofers.com/cdn-cgi/image/f=auto,fit=scale-down,q=70,metadata=none,w=270/da/cms-assets/cms/product/d530edc1-a132-4404-b8c4-0d03d54899c5.png
2026-06-05 21:37:00.134 | INFO     | __main__:process_urls_for_product:190 - Verified Source Attribution | Product: 9206b377b38d | File: 9206b377b38d_005.jpg | Source: blinkit | URL: https://cdn.grofers.com/cdn-cgi/image/f=auto,fit=scale-down,q=70,metadata=none,w=270/da/cms-assets/cms/product/rc-upload-1774944833006-29.png
2026-06-05 21:37:00.395 | INFO     | __main__:process_urls_for_product:190 - Verified Source Attribution | Product: 9206b377b38d | File: 9206b377b38d_006.jpg | Source: blinkit | URL: https://cdn.grofers.com/cdn-cgi/image/f=auto,fit=scale-down,q=70,metadata=none,w=270/da/cms-assets/cms/product/rc-upload-1777606736566-658.png
2026-06-05 21:37:00.663 | INFO     | __main__:process_urls_for_product:190 - Verified Source Attribution | Product: 9206b377b38d | File: 9206b377b38d_007.jpg | Source: blinkit | URL: https://cdn.grofers.com/cdn-cgi/image/f=auto,fit=scale-down,q=70,metadata=none,w=270/da/cms-assets/cms/product/83d78eda-327b-4453-9616-2f0a4d16e24d.png
2026-06-05 21:37:01.475 | INFO     | __main__:process_urls_for_product:190 - Verified Source Attribution | Product: 9206b377b38d | File: 9206b377b38d_008.jpg | Source: blinkit | URL: https://cdn.grofers.com/cdn-cgi/image/f=auto,fit=scale-down,q=70,metadata=none,w=270/da/cms-assets/cms/product/rc-upload-1776962073784-292.png
2026-06-05 21:37:58.976 | INFO     | __main__:download_product_images:223 - Product fb12d6f794d8 has 0 images (min 10). Using Playwright fallback.
2026-06-05 21:38:03.409 | INFO     | nure.playwright_sources:collect_playwright_images:99 - Playwright blinkit 'Everest Chat Masala': 15 URLs
2026-06-05 21:38:06.887 | DEBUG    | nure.playwright_sources:collect_playwright_images:95 - Playwright timeout for bigbasket on Everest Chat Masala
2026-06-05 21:38:06.887 | INFO     | nure.playwright_sources:collect_playwright_images:99 - Playwright bigbasket 'Everest Chat Masala': 0 URLs
2026-06-05 21:38:10.014 | INFO     | nure.playwright_sources:collect_playwright_images:99 - Playwright jiomart 'Everest Chat Masala': 1 URLs
2026-06-05 21:38:13.033 | INFO     | nure.playwright_sources:collect_playwright_images:99 - Playwright flipkart 'Everest Chat Masala 12g': 0 URLs
2026-06-05 21:38:13.287 | INFO     | __main__:process_urls_for_product:190 - Verified Source Attribution | Product: fb12d6f794d8 | File: fb12d6f794d8_000.jpg | Source: blinkit | URL: https://cdn.grofers.com/cdn-cgi/image/f=auto,fit=scale-down,q=70,metadata=none,w=270/da/cms-assets/cms/product/49770d7b-514c-4a05-a2b1-20bad50461ec.png
2026-06-05 21:38:13.648 | INFO     | __main__:process_urls_for_product:190 - Verified Source Attribution | Product: fb12d6f794d8 | File: fb12d6f794d8_001.jpg | Source: blinkit | URL: https://cdn.grofers.com/cdn-cgi/image/f=auto,fit=scale-down,q=70,metadata=none,w=270/da/cms-assets/cms/product/5787ed07-8b50-4265-ac7a-1fd5b5e6e4d5.png
2026-06-05 21:38:13.914 | INFO     | __main__:process_urls_for_product:190 - Verified Source Attribution | Product: fb12d6f794d8 | File: fb12d6f794d8_002.jpg | Source: blinkit | URL: https://cdn.grofers.com/cdn-cgi/image/f=auto,fit=scale-down,q=70,metadata=none,w=270/da/cms-assets/cms/product/rc-upload-1771991783673-911.png
2026-06-05 21:38:14.185 | INFO     | __main__:process_urls_for_product:190 - Verified Source Attribution | Product: fb12d6f794d8 | File: fb12d6f794d8_003.jpg | Source: blinkit | URL: https://cdn.grofers.com/cdn-cgi/image/f=auto,fit=scale-down,q=70,metadata=none,w=270/da/cms-assets/cms/product/522389e0-a502-4c2d-83b0-ef3f49b846e2.png
2026-06-05 21:38:14.446 | INFO     | __main__:process_urls_for_product:190 - Verified Source Attribution | Product: fb12d6f794d8 | File: fb12d6f794d8_004.jpg | Source: blinkit | URL: https://cdn.grofers.com/cdn-cgi/image/f=auto,fit=scale-down,q=70,metadata=none,w=270/da/cms-assets/cms/product/eece4427-3990-4758-b644-feb6f8d68f82.png
2026-06-05 21:38:14.712 | INFO     | __main__:process_urls_for_product:190 - Verified Source Attribution | Product: fb12d6f794d8 | File: fb12d6f794d8_005.jpg | Source: blinkit | URL: https://cdn.grofers.com/cdn-cgi/image/f=auto,fit=scale-down,q=70,metadata=none,w=270/da/cms-assets/cms/product/be7427bd-fc44-406d-b3e6-c9d20c52f986.png
2026-06-05 21:38:14.973 | INFO     | __main__:process_urls_for_product:190 - Verified Source Attribution | Product: fb12d6f794d8 | File: fb12d6f794d8_006.jpg | Source: blinkit | URL: https://cdn.grofers.com/cdn-cgi/image/f=auto,fit=scale-down,q=70,metadata=none,w=270/da/cms-assets/cms/product/c1141240-4d5e-4bef-95d6-10b339e84da9.png
2026-06-05 21:38:15.240 | INFO     | __main__:process_urls_for_product:190 - Verified Source Attribution | Product: fb12d6f794d8 | File: fb12d6f794d8_007.jpg | Source: blinkit | URL: https://cdn.grofers.com/cdn-cgi/image/f=auto,fit=scale-down,q=70,metadata=none,w=270/da/cms-assets/cms/product/9060fcb8-a32c-44c8-ac0d-11bfe5b9c721.png
2026-06-05 21:38:15.504 | INFO     | __main__:process_urls_for_product:190 - Verified Source Attribution | Product: fb12d6f794d8 | File: fb12d6f794d8_008.jpg | Source: blinkit | URL: https://cdn.grofers.com/cdn-cgi/image/f=auto,fit=scale-down,q=70,metadata=none,w=270/da/cms-assets/cms/product/c742828b-ca4d-48f9-80b2-d74446bf0199.png
2026-06-05 21:38:15.772 | INFO     | __main__:process_urls_for_product:190 - Verified Source Attribution | Product: fb12d6f794d8 | File: fb12d6f794d8_009.jpg | Source: blinkit | URL: https://cdn.grofers.com/cdn-cgi/image/f=auto,fit=scale-down,q=70,metadata=none,w=270/da/cms-assets/cms/product/rc-upload-1778348720635-185.png
2026-06-05 21:38:16.091 | INFO     | __main__:process_urls_for_product:190 - Verified Source Attribution | Product: fb12d6f794d8 | File: fb12d6f794d8_010.jpg | Source: blinkit | URL: https://cdn.grofers.com/cdn-cgi/image/f=auto,fit=scale-down,q=70,metadata=none,w=270/da/cms-assets/cms/product/rc-upload-1771828139315-1425.png
2026-06-05 21:38:16.366 | INFO     | __main__:process_urls_for_product:190 - Verified Source Attribution | Product: fb12d6f794d8 | File: fb12d6f794d8_011.jpg | Source: blinkit | URL: https://cdn.grofers.com/cdn-cgi/image/f=auto,fit=scale-down,q=70,metadata=none,w=270/da/cms-assets/cms/product/f1930490-9816-4667-adb6-78ca56380480.png
2026-06-05 21:38:16.628 | INFO     | __main__:process_urls_for_product:190 - Verified Source Attribution | Product: fb12d6f794d8 | File: fb12d6f794d8_012.jpg | Source: blinkit | URL: https://cdn.grofers.com/cdn-cgi/image/f=auto,fit=scale-down,q=70,metadata=none,w=270/da/cms-assets/cms/product/119e04eb-0cfa-4805-9852-0701655e0173.png
2026-06-05 21:39:44.422 | INFO     | __main__:download_product_images:223 - Product 98bb4e65e980 has 0 images (min 10). Using Playwright fallback.
2026-06-05 21:39:48.458 | INFO     | nure.playwright_sources:collect_playwright_images:99 - Playwright blinkit 'MDH Chunky Chat masala': 15 URLs
2026-06-05 21:39:51.889 | DEBUG    | nure.playwright_sources:collect_playwright_images:95 - Playwright timeout for bigbasket on MDH Chunky Chat masala
2026-06-05 21:39:51.890 | INFO     | nure.playwright_sources:collect_playwright_images:99 - Playwright bigbasket 'MDH Chunky Chat masala': 0 URLs
2026-06-05 21:39:54.708 | INFO     | nure.playwright_sources:collect_playwright_images:99 - Playwright jiomart 'MDH Chunky Chat masala': 1 URLs
2026-06-05 21:39:57.367 | INFO     | nure.playwright_sources:collect_playwright_images:99 - Playwright flipkart 'MDH Chunky Chat masala 100 g': 0 URLs
2026-06-05 21:39:57.569 | INFO     | __main__:process_urls_for_product:190 - Verified Source Attribution | Product: 98bb4e65e980 | File: 98bb4e65e980_000.jpg | Source: blinkit | URL: https://cdn.grofers.com/cdn-cgi/image/f=auto,fit=scale-down,q=70,metadata=none,w=270/da/cms-assets/cms/product/522389e0-a502-4c2d-83b0-ef3f49b846e2.png
2026-06-05 21:39:57.907 | INFO     | __main__:process_urls_for_product:190 - Verified Source Attribution | Product: 98bb4e65e980 | File: 98bb4e65e980_001.jpg | Source: blinkit | URL: https://cdn.grofers.com/cdn-cgi/image/f=auto,fit=scale-down,q=70,metadata=none,w=270/da/cms-assets/cms/product/49770d7b-514c-4a05-a2b1-20bad50461ec.png
2026-06-05 21:39:58.156 | INFO     | __main__:process_urls_for_product:190 - Verified Source Attribution | Product: 98bb4e65e980 | File: 98bb4e65e980_002.jpg | Source: blinkit | URL: https://cdn.grofers.com/cdn-cgi/image/f=auto,fit=scale-down,q=70,metadata=none,w=270/da/cms-assets/cms/product/5787ed07-8b50-4265-ac7a-1fd5b5e6e4d5.png
2026-06-05 21:39:58.410 | INFO     | __main__:process_urls_for_product:190 - Verified Source Attribution | Product: 98bb4e65e980 | File: 98bb4e65e980_003.jpg | Source: blinkit | URL: https://cdn.grofers.com/cdn-cgi/image/f=auto,fit=scale-down,q=70,metadata=none,w=270/da/cms-assets/cms/product/rc-upload-1771991783673-911.png
2026-06-05 21:39:58.675 | INFO     | __main__:process_urls_for_product:190 - Verified Source Attribution | Product: 98bb4e65e980 | File: 98bb4e65e980_004.jpg | Source: blinkit | URL: https://cdn.grofers.com/cdn-cgi/image/f=auto,fit=scale-down,q=70,metadata=none,w=270/da/cms-assets/cms/product/eece4427-3990-4758-b644-feb6f8d68f82.png
2026-06-05 21:39:58.951 | INFO     | __main__:process_urls_for_product:190 - Verified Source Attribution | Product: 98bb4e65e980 | File: 98bb4e65e980_005.jpg | Source: blinkit | URL: https://cdn.grofers.com/cdn-cgi/image/f=auto,fit=scale-down,q=70,metadata=none,w=270/da/cms-assets/cms/product/c1141240-4d5e-4bef-95d6-10b339e84da9.png
2026-06-05 21:39:59.230 | INFO     | __main__:process_urls_for_product:190 - Verified Source Attribution | Product: 98bb4e65e980 | File: 98bb4e65e980_006.jpg | Source: blinkit | URL: https://cdn.grofers.com/cdn-cgi/image/f=auto,fit=scale-down,q=70,metadata=none,w=270/da/cms-assets/cms/product/be7427bd-fc44-406d-b3e6-c9d20c52f986.png
2026-06-05 21:39:59.496 | INFO     | __main__:process_urls_for_product:190 - Verified Source Attribution | Product: 98bb4e65e980 | File: 98bb4e65e980_007.jpg | Source: blinkit | URL: https://cdn.grofers.com/cdn-cgi/image/f=auto,fit=scale-down,q=70,metadata=none,w=270/da/cms-assets/cms/product/c742828b-ca4d-48f9-80b2-d74446bf0199.png
2026-06-05 21:39:59.776 | INFO     | __main__:process_urls_for_product:190 - Verified Source Attribution | Product: 98bb4e65e980 | File: 98bb4e65e980_008.jpg | Source: blinkit | URL: https://cdn.grofers.com/cdn-cgi/image/f=auto,fit=scale-down,q=70,metadata=none,w=270/da/cms-assets/cms/product/9060fcb8-a32c-44c8-ac0d-11bfe5b9c721.png
2026-06-05 21:40:00.047 | INFO     | __main__:process_urls_for_product:190 - Verified Source Attribution | Product: 98bb4e65e980 | File: 98bb4e65e980_009.jpg | Source: blinkit | URL: https://cdn.grofers.com/cdn-cgi/image/f=auto,fit=scale-down,q=70,metadata=none,w=270/da/cms-assets/cms/product/rc-upload-1778348720635-185.png
2026-06-05 21:40:00.315 | INFO     | __main__:process_urls_for_product:190 - Verified Source Attribution | Product: 98bb4e65e980 | File: 98bb4e65e980_010.jpg | Source: blinkit | URL: https://cdn.grofers.com/cdn-cgi/image/f=auto,fit=scale-down,q=70,metadata=none,w=270/da/cms-assets/cms/product/6e915bf5-7a81-4897-a4ef-8c3dd76719df.png
2026-06-05 21:40:00.585 | INFO     | __main__:process_urls_for_product:190 - Verified Source Attribution | Product: 98bb4e65e980 | File: 98bb4e65e980_011.jpg | Source: blinkit | URL: https://cdn.grofers.com/cdn-cgi/image/f=auto,fit=scale-down,q=70,metadata=none,w=270/da/cms-assets/cms/product/8980ca36-b0aa-40b4-b9bc-f7765900f29e.png
2026-06-05 21:40:00.852 | INFO     | __main__:process_urls_for_product:190 - Verified Source Attribution | Product: 98bb4e65e980 | File: 98bb4e65e980_012.jpg | Source: blinkit | URL: https://cdn.grofers.com/cdn-cgi/image/f=auto,fit=scale-down,q=70,metadata=none,w=270/da/cms-assets/cms/product/f1930490-9816-4667-adb6-78ca56380480.png
2026-06-05 21:40:01.125 | INFO     | __main__:process_urls_for_product:190 - Verified Source Attribution | Product: 98bb4e65e980 | File: 98bb4e65e980_013.jpg | Source: blinkit | URL: https://cdn.grofers.com/cdn-cgi/image/f=auto,fit=scale-down,q=70,metadata=none,w=270/da/cms-assets/cms/product/rc-upload-1771828139315-1425.png
2026-06-05 21:41:35.621 | INFO     | __main__:download_product_images:223 - Product 107bb6180c60 has 0 images (min 10). Using Playwright fallback.
2026-06-05 21:41:39.712 | INFO     | nure.playwright_sources:collect_playwright_images:99 - Playwright blinkit 'MDH Dal Makhani masala': 15 URLs
2026-06-05 21:41:43.157 | DEBUG    | nure.playwright_sources:collect_playwright_images:95 - Playwright timeout for bigbasket on MDH Dal Makhani masala
2026-06-05 21:41:43.158 | INFO     | nure.playwright_sources:collect_playwright_images:99 - Playwright bigbasket 'MDH Dal Makhani masala': 0 URLs
2026-06-05 21:41:46.036 | INFO     | nure.playwright_sources:collect_playwright_images:99 - Playwright jiomart 'MDH Dal Makhani masala': 1 URLs
2026-06-05 21:41:48.942 | INFO     | nure.playwright_sources:collect_playwright_images:99 - Playwright flipkart 'MDH Dal Makhani masala 100 g': 0 URLs
2026-06-05 21:41:49.211 | INFO     | __main__:process_urls_for_product:190 - Verified Source Attribution | Product: 107bb6180c60 | File: 107bb6180c60_000.jpg | Source: blinkit | URL: https://cdn.grofers.com/cdn-cgi/image/f=auto,fit=scale-down,q=70,metadata=none,w=270/da/cms-assets/cms/product/c4a7513b-a433-403e-9e5f-7bfc4ea0efc9.png
2026-06-05 21:41:49.538 | INFO     | __main__:process_urls_for_product:190 - Verified Source Attribution | Product: 107bb6180c60 | File: 107bb6180c60_001.jpg | Source: blinkit | URL: https://cdn.grofers.com/cdn-cgi/image/f=auto,fit=scale-down,q=70,metadata=none,w=270/da/cms-assets/cms/product/7e9f3c8e-fc80-4eed-bf73-b66e930dd87f.png
2026-06-05 21:41:49.795 | INFO     | __main__:process_urls_for_product:190 - Verified Source Attribution | Product: 107bb6180c60 | File: 107bb6180c60_002.jpg | Source: blinkit | URL: https://cdn.grofers.com/cdn-cgi/image/f=auto,fit=scale-down,q=70,metadata=none,w=270/da/cms-assets/cms/product/53f57f66-2347-434f-87ef-828777e4c58a.png
2026-06-05 21:41:50.085 | INFO     | __main__:process_urls_for_product:190 - Verified Source Attribution | Product: 107bb6180c60 | File: 107bb6180c60_003.jpg | Source: blinkit | URL: https://cdn.grofers.com/cdn-cgi/image/f=auto,fit=scale-down,q=70,metadata=none,w=270/da/cms-assets/cms/product/5c408dcf-97ca-4ae3-a30b-e8c4d0fb2a82.png
2026-06-05 21:41:50.444 | INFO     | __main__:process_urls_for_product:190 - Verified Source Attribution | Product: 107bb6180c60 | File: 107bb6180c60_004.jpg | Source: blinkit | URL: https://cdn.grofers.com/cdn-cgi/image/f=auto,fit=scale-down,q=70,metadata=none,w=270/da/cms-assets/cms/product/426befa5-a528-4356-b699-291611f09257.png
2026-06-05 21:41:50.717 | INFO     | __main__:process_urls_for_product:190 - Verified Source Attribution | Product: 107bb6180c60 | File: 107bb6180c60_005.jpg | Source: blinkit | URL: https://cdn.grofers.com/cdn-cgi/image/f=auto,fit=scale-down,q=70,metadata=none,w=270/da/cms-assets/cms/product/34eb3f9a-16ed-4887-beb5-1749c6f90b98.png
2026-06-05 21:41:51.072 | INFO     | __main__:process_urls_for_product:190 - Verified Source Attribution | Product: 107bb6180c60 | File: 107bb6180c60_006.jpg | Source: blinkit | URL: https://cdn.grofers.com/cdn-cgi/image/f=auto,fit=scale-down,q=70,metadata=none,w=270/da/cms-assets/cms/product/a891fb81-f3bd-4d0a-9516-4a9c644bff9a.png
2026-06-05 21:41:51.348 | INFO     | __main__:process_urls_for_product:190 - Verified Source Attribution | Product: 107bb6180c60 | File: 107bb6180c60_007.jpg | Source: blinkit | URL: https://cdn.grofers.com/cdn-cgi/image/f=auto,fit=scale-down,q=70,metadata=none,w=270/da/cms-assets/cms/product/rc-upload-1770705263225-1583.png
2026-06-05 21:41:51.627 | INFO     | __main__:process_urls_for_product:190 - Verified Source Attribution | Product: 107bb6180c60 | File: 107bb6180c60_008.jpg | Source: blinkit | URL: https://cdn.grofers.com/cdn-cgi/image/f=auto,fit=scale-down,q=70,metadata=none,w=270/da/cms-assets/cms/product/03598e07-eaa6-4c4e-9fc6-6a6e103db89c.png
2026-06-05 21:41:51.902 | INFO     | __main__:process_urls_for_product:190 - Verified Source Attribution | Product: 107bb6180c60 | File: 107bb6180c60_009.jpg | Source: blinkit | URL: https://cdn.grofers.com/cdn-cgi/image/f=auto,fit=scale-down,q=70,metadata=none,w=270/da/cms-assets/cms/product/rc-upload-1774843894847-217.png
2026-06-05 21:41:52.171 | INFO     | __main__:process_urls_for_product:190 - Verified Source Attribution | Product: 107bb6180c60 | File: 107bb6180c60_010.jpg | Source: blinkit | URL: https://cdn.grofers.com/cdn-cgi/image/f=auto,fit=scale-down,q=70,metadata=none,w=270/da/cms-assets/cms/product/491b8715-451d-4f96-9063-97f04c67d5b0.png
2026-06-05 21:42:49.095 | INFO     | __main__:download_product_images:223 - Product a3cdce9149bc has 0 images (min 10). Using Playwright fallback.
2026-06-05 21:42:53.632 | INFO     | nure.playwright_sources:collect_playwright_images:99 - Playwright blinkit 'MDH Pav Bhaji Masala': 15 URLs
2026-06-05 21:42:57.087 | DEBUG    | nure.playwright_sources:collect_playwright_images:95 - Playwright timeout for bigbasket on MDH Pav Bhaji Masala
2026-06-05 21:42:57.087 | INFO     | nure.playwright_sources:collect_playwright_images:99 - Playwright bigbasket 'MDH Pav Bhaji Masala': 0 URLs
2026-06-05 21:43:00.069 | INFO     | nure.playwright_sources:collect_playwright_images:99 - Playwright jiomart 'MDH Pav Bhaji Masala': 1 URLs
2026-06-05 21:43:03.434 | INFO     | nure.playwright_sources:collect_playwright_images:99 - Playwright flipkart 'MDH Pav Bhaji Masala': 0 URLs
2026-06-05 21:43:03.705 | INFO     | __main__:process_urls_for_product:190 - Verified Source Attribution | Product: a3cdce9149bc | File: a3cdce9149bc_000.jpg | Source: blinkit | URL: https://cdn.grofers.com/cdn-cgi/image/f=auto,fit=scale-down,q=70,metadata=none,w=270/da/cms-assets/cms/product/8980ca36-b0aa-40b4-b9bc-f7765900f29e.png
2026-06-05 21:43:04.062 | INFO     | __main__:process_urls_for_product:190 - Verified Source Attribution | Product: a3cdce9149bc | File: a3cdce9149bc_001.jpg | Source: blinkit | URL: https://cdn.grofers.com/cdn-cgi/image/f=auto,fit=scale-down,q=70,metadata=none,w=270/da/cms-assets/cms/product/51cbd0e5-1408-4a95-bc19-a37fd57b0262.png
2026-06-05 21:43:04.323 | INFO     | __main__:process_urls_for_product:190 - Verified Source Attribution | Product: a3cdce9149bc | File: a3cdce9149bc_002.jpg | Source: blinkit | URL: https://cdn.grofers.com/cdn-cgi/image/f=auto,fit=scale-down,q=70,metadata=none,w=270/da/cms-assets/cms/product/061a71c6-3a4a-49f9-8265-03b7ab121552.png
2026-06-05 21:43:04.591 | INFO     | __main__:process_urls_for_product:190 - Verified Source Attribution | Product: a3cdce9149bc | File: a3cdce9149bc_003.jpg | Source: blinkit | URL: https://cdn.grofers.com/cdn-cgi/image/f=auto,fit=scale-down,q=70,metadata=none,w=270/da/cms-assets/cms/product/bbbf13ac-4de6-4850-9fc5-771db3865c7c.png
2026-06-05 21:43:04.872 | INFO     | __main__:process_urls_for_product:190 - Verified Source Attribution | Product: a3cdce9149bc | File: a3cdce9149bc_004.jpg | Source: blinkit | URL: https://cdn.grofers.com/cdn-cgi/image/f=auto,fit=scale-down,q=70,metadata=none,w=270/da/cms-assets/cms/product/e2f50485-50ff-4478-99b2-abe4399ecc38.png
2026-06-05 21:43:05.146 | INFO     | __main__:process_urls_for_product:190 - Verified Source Attribution | Product: a3cdce9149bc | File: a3cdce9149bc_005.jpg | Source: blinkit | URL: https://cdn.grofers.com/cdn-cgi/image/f=auto,fit=scale-down,q=70,metadata=none,w=270/da/cms-assets/cms/product/0dea4551-c817-46b8-bbe9-ccf29a2c8d2b.png
2026-06-05 21:43:05.427 | INFO     | __main__:process_urls_for_product:190 - Verified Source Attribution | Product: a3cdce9149bc | File: a3cdce9149bc_006.jpg | Source: blinkit | URL: https://cdn.grofers.com/cdn-cgi/image/f=auto,fit=scale-down,q=70,metadata=none,w=270/da/cms-assets/cms/product/rc-upload-1773385515396-4.png
2026-06-05 21:43:05.694 | INFO     | __main__:process_urls_for_product:190 - Verified Source Attribution | Product: a3cdce9149bc | File: a3cdce9149bc_007.jpg | Source: blinkit | URL: https://cdn.grofers.com/cdn-cgi/image/f=auto,fit=scale-down,q=70,metadata=none,w=270/da/cms-assets/cms/product/d70dc261-4adb-44e3-8dc2-22b5de6a8a73.png
2026-06-05 21:43:05.956 | INFO     | __main__:process_urls_for_product:190 - Verified Source Attribution | Product: a3cdce9149bc | File: a3cdce9149bc_008.jpg | Source: blinkit | URL: https://cdn.grofers.com/cdn-cgi/image/f=auto,fit=scale-down,q=70,metadata=none,w=270/da/cms-assets/cms/product/1b9363db-5bea-4924-8ecb-80246e4ebfaf.png
2026-06-05 21:43:06.223 | INFO     | __main__:process_urls_for_product:190 - Verified Source Attribution | Product: a3cdce9149bc | File: a3cdce9149bc_009.jpg | Source: blinkit | URL: https://cdn.grofers.com/cdn-cgi/image/f=auto,fit=scale-down,q=70,metadata=none,w=270/da/cms-assets/cms/product/d56e2b17-be67-49f5-8c55-97c201ff2817.png
2026-06-05 21:43:06.497 | INFO     | __main__:process_urls_for_product:190 - Verified Source Attribution | Product: a3cdce9149bc | File: a3cdce9149bc_010.jpg | Source: blinkit | URL: https://cdn.grofers.com/cdn-cgi/image/f=auto,fit=scale-down,q=70,metadata=none,w=270/da/cms-assets/cms/product/rc-upload-1775625358577-280.png
2026-06-05 21:43:06.759 | INFO     | __main__:process_urls_for_product:190 - Verified Source Attribution | Product: a3cdce9149bc | File: a3cdce9149bc_011.jpg | Source: blinkit | URL: https://cdn.grofers.com/cdn-cgi/image/f=auto,fit=scale-down,q=70,metadata=none,w=270/da/cms-assets/cms/product/2db10f21-73bd-44ac-8432-6f73c23555ec.png
2026-06-05 21:43:07.028 | INFO     | __main__:process_urls_for_product:190 - Verified Source Attribution | Product: a3cdce9149bc | File: a3cdce9149bc_012.jpg | Source: blinkit | URL: https://cdn.grofers.com/cdn-cgi/image/f=auto,fit=scale-down,q=70,metadata=none,w=270/da/cms-assets/cms/product/ba095407-661d-4779-84cc-060708e5f051.png
2026-06-05 21:44:01.587 | INFO     | __main__:download_product_images:223 - Product 6ed895bff4d3 has 0 images (min 10). Using Playwright fallback.
2026-06-05 21:44:05.804 | INFO     | nure.playwright_sources:collect_playwright_images:99 - Playwright blinkit 'MDH MDH Chutney Podina Masala ': 15 URLs
2026-06-05 21:44:09.204 | DEBUG    | nure.playwright_sources:collect_playwright_images:95 - Playwright timeout for bigbasket on MDH MDH Chutney Podina Masala 
2026-06-05 21:44:09.204 | INFO     | nure.playwright_sources:collect_playwright_images:99 - Playwright bigbasket 'MDH MDH Chutney Podina Masala ': 0 URLs
2026-06-05 21:44:12.574 | INFO     | nure.playwright_sources:collect_playwright_images:99 - Playwright jiomart 'MDH MDH Chutney Podina Masala ': 1 URLs
2026-06-05 21:44:15.677 | INFO     | nure.playwright_sources:collect_playwright_images:99 - Playwright flipkart 'MDH MDH Chutney Podina Masala ': 0 URLs
2026-06-05 21:44:15.877 | INFO     | __main__:process_urls_for_product:190 - Verified Source Attribution | Product: 6ed895bff4d3 | File: 6ed895bff4d3_000.jpg | Source: blinkit | URL: https://cdn.grofers.com/cdn-cgi/image/f=auto,fit=scale-down,q=70,metadata=none,w=270/da/cms-assets/cms/product/2f98aef7-6c5c-436c-b96b-00cc9e26e6b8.png
2026-06-05 21:44:16.235 | INFO     | __main__:process_urls_for_product:190 - Verified Source Attribution | Product: 6ed895bff4d3 | File: 6ed895bff4d3_001.jpg | Source: blinkit | URL: https://cdn.grofers.com/cdn-cgi/image/f=auto,fit=scale-down,q=70,metadata=none,w=270/da/cms-assets/cms/product/eb2d32b8-6309-4262-956f-2319b676c75d.png
2026-06-05 21:44:16.501 | INFO     | __main__:process_urls_for_product:190 - Verified Source Attribution | Product: 6ed895bff4d3 | File: 6ed895bff4d3_002.jpg | Source: blinkit | URL: https://cdn.grofers.com/cdn-cgi/image/f=auto,fit=scale-down,q=70,metadata=none,w=270/da/cms-assets/cms/product/d56e2b17-be67-49f5-8c55-97c201ff2817.png
2026-06-05 21:44:16.791 | INFO     | __main__:process_urls_for_product:190 - Verified Source Attribution | Product: 6ed895bff4d3 | File: 6ed895bff4d3_003.jpg | Source: blinkit | URL: https://cdn.grofers.com/cdn-cgi/image/f=auto,fit=scale-down,q=70,metadata=none,w=270/da/cms-assets/cms/product/a5d40b95-e278-4ad2-ba5a-cf0c196ae062.png?bg_token=Colour%2Fsurface%2F00FFFFFF
2026-06-05 21:44:17.064 | INFO     | __main__:process_urls_for_product:190 - Verified Source Attribution | Product: 6ed895bff4d3 | File: 6ed895bff4d3_004.jpg | Source: blinkit | URL: https://cdn.grofers.com/cdn-cgi/image/f=auto,fit=scale-down,q=70,metadata=none,w=270/da/cms-assets/cms/product/f20bf9d3-fe3b-4339-a25d-c8ce092280e2.png
2026-06-05 21:44:17.332 | INFO     | __main__:process_urls_for_product:190 - Verified Source Attribution | Product: 6ed895bff4d3 | File: 6ed895bff4d3_005.jpg | Source: blinkit | URL: https://cdn.grofers.com/cdn-cgi/image/f=auto,fit=scale-down,q=70,metadata=none,w=270/da/cms-assets/cms/product/6a86592b-cdab-42f0-8bff-9e369bba5aca.png
2026-06-05 21:44:17.613 | INFO     | __main__:process_urls_for_product:190 - Verified Source Attribution | Product: 6ed895bff4d3 | File: 6ed895bff4d3_006.jpg | Source: blinkit | URL: https://cdn.grofers.com/cdn-cgi/image/f=auto,fit=scale-down,q=70,metadata=none,w=270/da/cms-assets/cms/product/522389e0-a502-4c2d-83b0-ef3f49b846e2.png
2026-06-05 21:44:17.890 | INFO     | __main__:process_urls_for_product:190 - Verified Source Attribution | Product: 6ed895bff4d3 | File: 6ed895bff4d3_007.jpg | Source: blinkit | URL: https://cdn.grofers.com/cdn-cgi/image/f=auto,fit=scale-down,q=70,metadata=none,w=270/da/cms-assets/cms/product/d70dc261-4adb-44e3-8dc2-22b5de6a8a73.png
2026-06-05 21:44:18.160 | INFO     | __main__:process_urls_for_product:190 - Verified Source Attribution | Product: 6ed895bff4d3 | File: 6ed895bff4d3_008.jpg | Source: blinkit | URL: https://cdn.grofers.com/cdn-cgi/image/f=auto,fit=scale-down,q=70,metadata=none,w=270/da/cms-assets/cms/product/406fc6fe-a2e1-4684-a0f2-ce00b0093929.png
2026-06-05 21:44:18.433 | INFO     | __main__:process_urls_for_product:190 - Verified Source Attribution | Product: 6ed895bff4d3 | File: 6ed895bff4d3_009.jpg | Source: blinkit | URL: https://cdn.grofers.com/cdn-cgi/image/f=auto,fit=scale-down,q=70,metadata=none,w=270/da/cms-assets/cms/product/1b9363db-5bea-4924-8ecb-80246e4ebfaf.png
2026-06-05 21:44:18.700 | INFO     | __main__:process_urls_for_product:190 - Verified Source Attribution | Product: 6ed895bff4d3 | File: 6ed895bff4d3_010.jpg | Source: blinkit | URL: https://cdn.grofers.com/cdn-cgi/image/f=auto,fit=scale-down,q=70,metadata=none,w=270/da/cms-assets/cms/product/f4da93f1-2de6-4398-8d01-b4b9bfaef887.png
2026-06-05 21:44:18.964 | INFO     | __main__:process_urls_for_product:190 - Verified Source Attribution | Product: 6ed895bff4d3 | File: 6ed895bff4d3_011.jpg | Source: blinkit | URL: https://cdn.grofers.com/cdn-cgi/image/f=auto,fit=scale-down,q=70,metadata=none,w=270/da/cms-assets/cms/product/434d863f-688f-41c2-b8c5-a84d9452e375.png
2026-06-05 21:44:19.227 | INFO     | __main__:process_urls_for_product:190 - Verified Source Attribution | Product: 6ed895bff4d3 | File: 6ed895bff4d3_012.jpg | Source: blinkit | URL: https://cdn.grofers.com/cdn-cgi/image/f=auto,fit=scale-down,q=70,metadata=none,w=270/da/cms-assets/cms/product/6e915bf5-7a81-4897-a4ef-8c3dd76719df.png
2026-06-05 21:44:19.506 | INFO     | __main__:process_urls_for_product:190 - Verified Source Attribution | Product: 6ed895bff4d3 | File: 6ed895bff4d3_013.jpg | Source: blinkit | URL: https://cdn.grofers.com/cdn-cgi/image/f=auto,fit=scale-down,q=70,metadata=none,w=270/da/cms-assets/cms/product/rc-upload-1776962073784-281.png
2026-06-05 21:45:47.769 | INFO     | __main__:download_product_images:223 - Product fd139d1abf6f has 0 images (min 10). Using Playwright fallback.
2026-06-05 21:45:51.910 | INFO     | nure.playwright_sources:collect_playwright_images:99 - Playwright blinkit 'MDH pulao masala': 15 URLs
2026-06-05 21:45:55.321 | DEBUG    | nure.playwright_sources:collect_playwright_images:95 - Playwright timeout for bigbasket on MDH pulao masala
2026-06-05 21:45:55.321 | INFO     | nure.playwright_sources:collect_playwright_images:99 - Playwright bigbasket 'MDH pulao masala': 0 URLs
2026-06-05 21:45:58.066 | INFO     | nure.playwright_sources:collect_playwright_images:99 - Playwright jiomart 'MDH pulao masala': 1 URLs
2026-06-05 21:46:01.129 | INFO     | nure.playwright_sources:collect_playwright_images:99 - Playwright flipkart 'MDH pulao masala 50 g': 0 URLs
2026-06-05 21:46:01.294 | INFO     | __main__:process_urls_for_product:190 - Verified Source Attribution | Product: fd139d1abf6f | File: fd139d1abf6f_000.jpg | Source: blinkit | URL: https://cdn.grofers.com/cdn-cgi/image/f=auto,fit=scale-down,q=70,metadata=none,w=270/da/cms-assets/cms/product/fb9c4ccb-274e-4b3f-89de-23cf6e957357.png
2026-06-05 21:46:01.623 | INFO     | __main__:process_urls_for_product:190 - Verified Source Attribution | Product: fd139d1abf6f | File: fd139d1abf6f_001.jpg | Source: blinkit | URL: https://cdn.grofers.com/cdn-cgi/image/f=auto,fit=scale-down,q=70,metadata=none,w=270/da/cms-assets/cms/product/rc-upload-1780331131771-365.png
2026-06-05 21:46:01.883 | INFO     | __main__:process_urls_for_product:190 - Verified Source Attribution | Product: fd139d1abf6f | File: fd139d1abf6f_002.jpg | Source: blinkit | URL: https://cdn.grofers.com/cdn-cgi/image/f=auto,fit=scale-down,q=70,metadata=none,w=270/da/cms-assets/cms/product/345829e4-508c-47a5-aee7-9ad35bac9291.png
2026-06-05 21:46:02.148 | INFO     | __main__:process_urls_for_product:190 - Verified Source Attribution | Product: fd139d1abf6f | File: fd139d1abf6f_003.jpg | Source: blinkit | URL: https://cdn.grofers.com/cdn-cgi/image/f=auto,fit=scale-down,q=70,metadata=none,w=270/da/cms-assets/cms/product/6e915bf5-7a81-4897-a4ef-8c3dd76719df.png
2026-06-05 21:46:02.412 | INFO     | __main__:process_urls_for_product:190 - Verified Source Attribution | Product: fd139d1abf6f | File: fd139d1abf6f_004.jpg | Source: blinkit | URL: https://cdn.grofers.com/cdn-cgi/image/f=auto,fit=scale-down,q=70,metadata=none,w=270/da/cms-assets/cms/product/d56e2b17-be67-49f5-8c55-97c201ff2817.png
2026-06-05 21:46:02.676 | INFO     | __main__:process_urls_for_product:190 - Verified Source Attribution | Product: fd139d1abf6f | File: fd139d1abf6f_005.jpg | Source: blinkit | URL: https://cdn.grofers.com/cdn-cgi/image/f=auto,fit=scale-down,q=70,metadata=none,w=270/da/cms-assets/cms/product/860cd2f4-5f3d-4032-86f2-e5d3a8bf4cd1.png
2026-06-05 21:46:02.947 | INFO     | __main__:process_urls_for_product:190 - Verified Source Attribution | Product: fd139d1abf6f | File: fd139d1abf6f_006.jpg | Source: blinkit | URL: https://cdn.grofers.com/cdn-cgi/image/f=auto,fit=scale-down,q=70,metadata=none,w=270/da/cms-assets/cms/product/3b020124-a683-46d7-a5ce-6576dcd1d5fe.png
2026-06-05 21:46:03.213 | INFO     | __main__:process_urls_for_product:190 - Verified Source Attribution | Product: fd139d1abf6f | File: fd139d1abf6f_007.jpg | Source: blinkit | URL: https://cdn.grofers.com/cdn-cgi/image/f=auto,fit=scale-down,q=70,metadata=none,w=270/da/cms-assets/cms/product/74d17f2c-4493-4744-b931-6f5bd1839350.png?bg_token=Colour%2Fsurface%2F00FFFFFF
2026-06-05 21:46:03.471 | INFO     | __main__:process_urls_for_product:190 - Verified Source Attribution | Product: fd139d1abf6f | File: fd139d1abf6f_008.jpg | Source: blinkit | URL: https://cdn.grofers.com/cdn-cgi/image/f=auto,fit=scale-down,q=70,metadata=none,w=270/da/cms-assets/cms/product/8980ca36-b0aa-40b4-b9bc-f7765900f29e.png
2026-06-05 21:46:03.735 | INFO     | __main__:process_urls_for_product:190 - Verified Source Attribution | Product: fd139d1abf6f | File: fd139d1abf6f_009.jpg | Source: blinkit | URL: https://cdn.grofers.com/cdn-cgi/image/f=auto,fit=scale-down,q=70,metadata=none,w=270/da/cms-assets/cms/product/9c7aaa10-cb09-41a4-a3e7-d5438b49964b.png
2026-06-05 21:46:04.005 | INFO     | __main__:process_urls_for_product:190 - Verified Source Attribution | Product: fd139d1abf6f | File: fd139d1abf6f_010.jpg | Source: blinkit | URL: https://cdn.grofers.com/cdn-cgi/image/f=auto,fit=scale-down,q=70,metadata=none,w=270/da/cms-assets/cms/product/rc-upload-1777606736566-724.png
2026-06-05 21:46:04.272 | INFO     | __main__:process_urls_for_product:190 - Verified Source Attribution | Product: fd139d1abf6f | File: fd139d1abf6f_011.jpg | Source: blinkit | URL: https://cdn.grofers.com/cdn-cgi/image/f=auto,fit=scale-down,q=70,metadata=none,w=270/da/cms-assets/cms/product/rc-upload-1775625358577-304.png
2026-06-05 21:46:04.531 | INFO     | __main__:process_urls_for_product:190 - Verified Source Attribution | Product: fd139d1abf6f | File: fd139d1abf6f_012.jpg | Source: blinkit | URL: https://cdn.grofers.com/cdn-cgi/image/f=auto,fit=scale-down,q=70,metadata=none,w=270/da/cms-assets/cms/product/20c7c562-6e1c-488b-b12d-d22b4cb941f1.png
2026-06-05 21:46:04.798 | INFO     | __main__:process_urls_for_product:190 - Verified Source Attribution | Product: fd139d1abf6f | File: fd139d1abf6f_013.jpg | Source: blinkit | URL: https://cdn.grofers.com/cdn-cgi/image/f=auto,fit=scale-down,q=70,metadata=none,w=270/da/cms-assets/cms/product/6a86592b-cdab-42f0-8bff-9e369bba5aca.png
2026-06-05 21:47:17.268 | INFO     | __main__:download_product_images:223 - Product 6c6cd1ed568f has 0 images (min 10). Using Playwright fallback.
2026-06-05 21:47:21.411 | INFO     | nure.playwright_sources:collect_playwright_images:99 - Playwright blinkit 'MDH MDH Dal Makhani Masala': 15 URLs
2026-06-05 21:47:24.916 | DEBUG    | nure.playwright_sources:collect_playwright_images:95 - Playwright timeout for bigbasket on MDH MDH Dal Makhani Masala
2026-06-05 21:47:24.916 | INFO     | nure.playwright_sources:collect_playwright_images:99 - Playwright bigbasket 'MDH MDH Dal Makhani Masala': 0 URLs
2026-06-05 21:47:27.853 | INFO     | nure.playwright_sources:collect_playwright_images:99 - Playwright jiomart 'MDH MDH Dal Makhani Masala': 1 URLs
2026-06-05 21:47:30.867 | INFO     | nure.playwright_sources:collect_playwright_images:99 - Playwright flipkart 'MDH MDH Dal Makhani Masala 100': 0 URLs
2026-06-05 21:47:31.035 | INFO     | __main__:process_urls_for_product:190 - Verified Source Attribution | Product: 6c6cd1ed568f | File: 6c6cd1ed568f_000.jpg | Source: blinkit | URL: https://cdn.grofers.com/cdn-cgi/image/f=auto,fit=scale-down,q=70,metadata=none,w=270/da/cms-assets/cms/product/c4a7513b-a433-403e-9e5f-7bfc4ea0efc9.png
2026-06-05 21:47:31.368 | INFO     | __main__:process_urls_for_product:190 - Verified Source Attribution | Product: 6c6cd1ed568f | File: 6c6cd1ed568f_001.jpg | Source: blinkit | URL: https://cdn.grofers.com/cdn-cgi/image/f=auto,fit=scale-down,q=70,metadata=none,w=270/da/cms-assets/cms/product/7e9f3c8e-fc80-4eed-bf73-b66e930dd87f.png
2026-06-05 21:47:31.623 | INFO     | __main__:process_urls_for_product:190 - Verified Source Attribution | Product: 6c6cd1ed568f | File: 6c6cd1ed568f_002.jpg | Source: blinkit | URL: https://cdn.grofers.com/cdn-cgi/image/f=auto,fit=scale-down,q=70,metadata=none,w=270/da/cms-assets/cms/product/53f57f66-2347-434f-87ef-828777e4c58a.png
2026-06-05 21:47:31.886 | INFO     | __main__:process_urls_for_product:190 - Verified Source Attribution | Product: 6c6cd1ed568f | File: 6c6cd1ed568f_003.jpg | Source: blinkit | URL: https://cdn.grofers.com/cdn-cgi/image/f=auto,fit=scale-down,q=70,metadata=none,w=270/da/cms-assets/cms/product/5c408dcf-97ca-4ae3-a30b-e8c4d0fb2a82.png
2026-06-05 21:47:32.244 | INFO     | __main__:process_urls_for_product:190 - Verified Source Attribution | Product: 6c6cd1ed568f | File: 6c6cd1ed568f_004.jpg | Source: blinkit | URL: https://cdn.grofers.com/cdn-cgi/image/f=auto,fit=scale-down,q=70,metadata=none,w=270/da/cms-assets/cms/product/426befa5-a528-4356-b699-291611f09257.png
2026-06-05 21:47:32.515 | INFO     | __main__:process_urls_for_product:190 - Verified Source Attribution | Product: 6c6cd1ed568f | File: 6c6cd1ed568f_005.jpg | Source: blinkit | URL: https://cdn.grofers.com/cdn-cgi/image/f=auto,fit=scale-down,q=70,metadata=none,w=270/da/cms-assets/cms/product/34eb3f9a-16ed-4887-beb5-1749c6f90b98.png
2026-06-05 21:47:32.884 | INFO     | __main__:process_urls_for_product:190 - Verified Source Attribution | Product: 6c6cd1ed568f | File: 6c6cd1ed568f_006.jpg | Source: blinkit | URL: https://cdn.grofers.com/cdn-cgi/image/f=auto,fit=scale-down,q=70,metadata=none,w=270/da/cms-assets/cms/product/a891fb81-f3bd-4d0a-9516-4a9c644bff9a.png
2026-06-05 21:47:33.143 | INFO     | __main__:process_urls_for_product:190 - Verified Source Attribution | Product: 6c6cd1ed568f | File: 6c6cd1ed568f_007.jpg | Source: blinkit | URL: https://cdn.grofers.com/cdn-cgi/image/f=auto,fit=scale-down,q=70,metadata=none,w=270/da/cms-assets/cms/product/rc-upload-1770705263225-1583.png
2026-06-05 21:47:33.401 | INFO     | __main__:process_urls_for_product:190 - Verified Source Attribution | Product: 6c6cd1ed568f | File: 6c6cd1ed568f_008.jpg | Source: blinkit | URL: https://cdn.grofers.com/cdn-cgi/image/f=auto,fit=scale-down,q=70,metadata=none,w=270/da/cms-assets/cms/product/03598e07-eaa6-4c4e-9fc6-6a6e103db89c.png
2026-06-05 21:47:33.654 | INFO     | __main__:process_urls_for_product:190 - Verified Source Attribution | Product: 6c6cd1ed568f | File: 6c6cd1ed568f_009.jpg | Source: blinkit | URL: https://cdn.grofers.com/cdn-cgi/image/f=auto,fit=scale-down,q=70,metadata=none,w=270/da/cms-assets/cms/product/rc-upload-1774843894847-217.png
2026-06-05 21:47:33.908 | INFO     | __main__:process_urls_for_product:190 - Verified Source Attribution | Product: 6c6cd1ed568f | File: 6c6cd1ed568f_010.jpg | Source: blinkit | URL: https://cdn.grofers.com/cdn-cgi/image/f=auto,fit=scale-down,q=70,metadata=none,w=270/da/cms-assets/cms/product/491b8715-451d-4f96-9063-97f04c67d5b0.png
2026-06-05 21:47:34.184 | INFO     | __main__:process_urls_for_product:190 - Verified Source Attribution | Product: 6c6cd1ed568f | File: 6c6cd1ed568f_011.jpg | Source: blinkit | URL: https://cdn.grofers.com/cdn-cgi/image/f=auto,fit=scale-down,q=70,metadata=none,w=270/da/cms-assets/cms/product/406fc6fe-a2e1-4684-a0f2-ce00b0093929.png
2026-06-05 21:49:15.075 | INFO     | __main__:download_product_images:223 - Product b5d7732d43be has 0 images (min 10). Using Playwright fallback.
2026-06-05 21:49:19.249 | INFO     | nure.playwright_sources:collect_playwright_images:99 - Playwright blinkit 'MDH T Plus Masala': 15 URLs
2026-06-05 21:49:22.684 | DEBUG    | nure.playwright_sources:collect_playwright_images:95 - Playwright timeout for bigbasket on MDH T Plus Masala
2026-06-05 21:49:22.684 | INFO     | nure.playwright_sources:collect_playwright_images:99 - Playwright bigbasket 'MDH T Plus Masala': 0 URLs
2026-06-05 21:49:25.584 | INFO     | nure.playwright_sources:collect_playwright_images:99 - Playwright jiomart 'MDH T Plus Masala': 1 URLs
2026-06-05 21:49:28.481 | INFO     | nure.playwright_sources:collect_playwright_images:99 - Playwright flipkart 'MDH T Plus Masala 35 g': 0 URLs
2026-06-05 21:49:28.660 | INFO     | __main__:process_urls_for_product:190 - Verified Source Attribution | Product: b5d7732d43be | File: b5d7732d43be_000.jpg | Source: blinkit | URL: https://cdn.grofers.com/cdn-cgi/image/f=auto,fit=scale-down,q=70,metadata=none,w=270/da/cms-assets/cms/product/692267d9-a9ea-410d-b9ee-98a7bb4d2565.png
2026-06-05 21:49:29.003 | INFO     | __main__:process_urls_for_product:190 - Verified Source Attribution | Product: b5d7732d43be | File: b5d7732d43be_001.jpg | Source: blinkit | URL: https://cdn.grofers.com/cdn-cgi/image/f=auto,fit=scale-down,q=70,metadata=none,w=270/da/cms-assets/cms/product/8980ca36-b0aa-40b4-b9bc-f7765900f29e.png
2026-06-05 21:49:29.263 | INFO     | __main__:process_urls_for_product:190 - Verified Source Attribution | Product: b5d7732d43be | File: b5d7732d43be_002.jpg | Source: blinkit | URL: https://cdn.grofers.com/cdn-cgi/image/f=auto,fit=scale-down,q=70,metadata=none,w=270/da/cms-assets/cms/product/6e915bf5-7a81-4897-a4ef-8c3dd76719df.png
2026-06-05 21:49:29.524 | INFO     | __main__:process_urls_for_product:190 - Verified Source Attribution | Product: b5d7732d43be | File: b5d7732d43be_003.jpg | Source: blinkit | URL: https://cdn.grofers.com/cdn-cgi/image/f=auto,fit=scale-down,q=70,metadata=none,w=270/da/cms-assets/cms/product/345829e4-508c-47a5-aee7-9ad35bac9291.png
2026-06-05 21:49:29.790 | INFO     | __main__:process_urls_for_product:190 - Verified Source Attribution | Product: b5d7732d43be | File: b5d7732d43be_004.jpg | Source: blinkit | URL: https://cdn.grofers.com/cdn-cgi/image/f=auto,fit=scale-down,q=70,metadata=none,w=270/da/cms-assets/cms/product/9c7aaa10-cb09-41a4-a3e7-d5438b49964b.png
2026-06-05 21:49:30.056 | INFO     | __main__:process_urls_for_product:190 - Verified Source Attribution | Product: b5d7732d43be | File: b5d7732d43be_005.jpg | Source: blinkit | URL: https://cdn.grofers.com/cdn-cgi/image/f=auto,fit=scale-down,q=70,metadata=none,w=270/da/cms-assets/cms/product/63f14e10-ecae-4ecc-9d17-c2ba9555525d.png
2026-06-05 21:49:30.327 | INFO     | __main__:process_urls_for_product:190 - Verified Source Attribution | Product: b5d7732d43be | File: b5d7732d43be_006.jpg | Source: blinkit | URL: https://cdn.grofers.com/cdn-cgi/image/f=auto,fit=scale-down,q=70,metadata=none,w=270/da/cms-assets/cms/product/522389e0-a502-4c2d-83b0-ef3f49b846e2.png
2026-06-05 21:49:30.606 | INFO     | __main__:process_urls_for_product:190 - Verified Source Attribution | Product: b5d7732d43be | File: b5d7732d43be_007.jpg | Source: blinkit | URL: https://cdn.grofers.com/cdn-cgi/image/f=auto,fit=scale-down,q=70,metadata=none,w=270/da/cms-assets/cms/product/6a86592b-cdab-42f0-8bff-9e369bba5aca.png
2026-06-05 21:49:30.885 | INFO     | __main__:process_urls_for_product:190 - Verified Source Attribution | Product: b5d7732d43be | File: b5d7732d43be_008.jpg | Source: blinkit | URL: https://cdn.grofers.com/cdn-cgi/image/f=auto,fit=scale-down,q=70,metadata=none,w=270/da/cms-assets/cms/product/406fc6fe-a2e1-4684-a0f2-ce00b0093929.png
2026-06-05 21:49:31.164 | INFO     | __main__:process_urls_for_product:190 - Verified Source Attribution | Product: b5d7732d43be | File: b5d7732d43be_009.jpg | Source: blinkit | URL: https://cdn.grofers.com/cdn-cgi/image/f=auto,fit=scale-down,q=70,metadata=none,w=270/da/cms-assets/cms/product/860cd2f4-5f3d-4032-86f2-e5d3a8bf4cd1.png
2026-06-05 21:49:31.423 | INFO     | __main__:process_urls_for_product:190 - Verified Source Attribution | Product: b5d7732d43be | File: b5d7732d43be_010.jpg | Source: blinkit | URL: https://cdn.grofers.com/cdn-cgi/image/f=auto,fit=scale-down,q=70,metadata=none,w=270/da/cms-assets/cms/product/3b020124-a683-46d7-a5ce-6576dcd1d5fe.png
2026-06-05 21:49:31.691 | INFO     | __main__:process_urls_for_product:190 - Verified Source Attribution | Product: b5d7732d43be | File: b5d7732d43be_011.jpg | Source: blinkit | URL: https://cdn.grofers.com/cdn-cgi/image/f=auto,fit=scale-down,q=70,metadata=none,w=270/da/cms-assets/cms/product/d77abf57-4461-4191-94bf-22e8bfb09328.png
2026-06-05 21:49:31.956 | INFO     | __main__:process_urls_for_product:190 - Verified Source Attribution | Product: b5d7732d43be | File: b5d7732d43be_012.jpg | Source: blinkit | URL: https://cdn.grofers.com/cdn-cgi/image/f=auto,fit=scale-down,q=70,metadata=none,w=270/da/cms-assets/cms/product/rc-upload-1778758335441-962.png
2026-06-05 21:49:32.220 | INFO     | __main__:process_urls_for_product:190 - Verified Source Attribution | Product: b5d7732d43be | File: b5d7732d43be_013.jpg | Source: blinkit | URL: https://cdn.grofers.com/cdn-cgi/image/f=auto,fit=scale-down,q=70,metadata=none,w=270/da/cms-assets/cms/product/39d46e14-c30e-4fe1-aa57-56b5dd263bbb.png
2026-06-05 21:51:00.586 | INFO     | __main__:download_product_images:223 - Product 3f4cf042e880 has 0 images (min 10). Using Playwright fallback.
2026-06-05 21:51:04.494 | INFO     | nure.playwright_sources:collect_playwright_images:99 - Playwright blinkit 'MDH Butter chicken masala': 15 URLs
2026-06-05 21:51:07.875 | DEBUG    | nure.playwright_sources:collect_playwright_images:95 - Playwright timeout for bigbasket on MDH Butter chicken masala
2026-06-05 21:51:07.875 | INFO     | nure.playwright_sources:collect_playwright_images:99 - Playwright bigbasket 'MDH Butter chicken masala': 0 URLs
2026-06-05 21:51:10.767 | INFO     | nure.playwright_sources:collect_playwright_images:99 - Playwright jiomart 'MDH Butter chicken masala': 1 URLs
2026-06-05 21:51:13.497 | INFO     | nure.playwright_sources:collect_playwright_images:99 - Playwright flipkart 'MDH Butter chicken masala 100 ': 0 URLs
2026-06-05 21:51:13.772 | INFO     | __main__:process_urls_for_product:190 - Verified Source Attribution | Product: 3f4cf042e880 | File: 3f4cf042e880_000.jpg | Source: blinkit | URL: https://cdn.grofers.com/cdn-cgi/image/f=auto,fit=scale-down,q=70,metadata=none,w=270/da/cms-assets/cms/product/52aae385-d3a6-45fa-a1fa-f42c7e80fab7.png
2026-06-05 21:51:14.102 | INFO     | __main__:process_urls_for_product:190 - Verified Source Attribution | Product: 3f4cf042e880 | File: 3f4cf042e880_001.jpg | Source: blinkit | URL: https://cdn.grofers.com/cdn-cgi/image/f=auto,fit=scale-down,q=70,metadata=none,w=270/da/cms-assets/cms/product/77bf7dbc-8464-4c10-bf73-9b61be9c2138.png
2026-06-05 21:51:14.370 | INFO     | __main__:process_urls_for_product:190 - Verified Source Attribution | Product: 3f4cf042e880 | File: 3f4cf042e880_002.jpg | Source: blinkit | URL: https://cdn.grofers.com/cdn-cgi/image/f=auto,fit=scale-down,q=70,metadata=none,w=270/da/cms-assets/cms/product/rc-upload-1777606736566-658.png
2026-06-05 21:51:14.624 | INFO     | __main__:process_urls_for_product:190 - Verified Source Attribution | Product: 3f4cf042e880 | File: 3f4cf042e880_003.jpg | Source: blinkit | URL: https://cdn.grofers.com/cdn-cgi/image/f=auto,fit=scale-down,q=70,metadata=none,w=270/da/cms-assets/cms/product/rc-upload-1774582588565-513.png
2026-06-05 21:51:14.875 | INFO     | __main__:process_urls_for_product:190 - Verified Source Attribution | Product: 3f4cf042e880 | File: 3f4cf042e880_004.jpg | Source: blinkit | URL: https://cdn.grofers.com/cdn-cgi/image/f=auto,fit=scale-down,q=70,metadata=none,w=270/da/cms-assets/cms/product/d1c5a654-dbb4-43c2-a50f-daae75a907de.png
2026-06-05 21:51:15.145 | INFO     | __main__:process_urls_for_product:190 - Verified Source Attribution | Product: 3f4cf042e880 | File: 3f4cf042e880_005.jpg | Source: blinkit | URL: https://cdn.grofers.com/cdn-cgi/image/f=auto,fit=scale-down,q=70,metadata=none,w=270/da/cms-assets/cms/product/2bd9db9b-9293-4d6b-9af7-12de934301a1.png
2026-06-05 21:51:15.406 | INFO     | __main__:process_urls_for_product:190 - Verified Source Attribution | Product: 3f4cf042e880 | File: 3f4cf042e880_006.jpg | Source: blinkit | URL: https://cdn.grofers.com/cdn-cgi/image/f=auto,fit=scale-down,q=70,metadata=none,w=270/da/cms-assets/cms/product/rc-upload-1770705263225-1542.png
2026-06-05 21:51:15.674 | INFO     | __main__:process_urls_for_product:190 - Verified Source Attribution | Product: 3f4cf042e880 | File: 3f4cf042e880_007.jpg | Source: blinkit | URL: https://cdn.grofers.com/cdn-cgi/image/f=auto,fit=scale-down,q=70,metadata=none,w=270/da/cms-assets/cms/product/8f155a79-4c38-40d3-9f71-efa96443b2dd.png
2026-06-05 21:51:15.944 | INFO     | __main__:process_urls_for_product:190 - Verified Source Attribution | Product: 3f4cf042e880 | File: 3f4cf042e880_008.jpg | Source: blinkit | URL: https://cdn.grofers.com/cdn-cgi/image/f=auto,fit=scale-down,q=70,metadata=none,w=270/da/cms-assets/cms/product/83d78eda-327b-4453-9616-2f0a4d16e24d.png
2026-06-05 21:51:16.207 | INFO     | __main__:process_urls_for_product:190 - Verified Source Attribution | Product: 3f4cf042e880 | File: 3f4cf042e880_009.jpg | Source: blinkit | URL: https://cdn.grofers.com/cdn-cgi/image/f=auto,fit=scale-down,q=70,metadata=none,w=270/da/cms-assets/cms/product/rc-upload-1774944833006-29.png
2026-06-05 21:51:16.474 | INFO     | __main__:process_urls_for_product:190 - Verified Source Attribution | Product: 3f4cf042e880 | File: 3f4cf042e880_010.jpg | Source: blinkit | URL: https://cdn.grofers.com/cdn-cgi/image/f=auto,fit=scale-down,q=70,metadata=none,w=270/da/cms-assets/cms/product/6e915bf5-7a81-4897-a4ef-8c3dd76719df.png
2026-06-05 21:51:16.805 | INFO     | __main__:process_urls_for_product:190 - Verified Source Attribution | Product: 3f4cf042e880 | File: 3f4cf042e880_011.jpg | Source: blinkit | URL: https://cdn.grofers.com/cdn-cgi/image/f=auto,fit=scale-down,q=70,metadata=none,w=270/da/cms-assets/cms/product/2d019c0f-4762-4ca6-91fc-7a747ca1a835.png
2026-06-05 21:51:17.072 | INFO     | __main__:process_urls_for_product:190 - Verified Source Attribution | Product: 3f4cf042e880 | File: 3f4cf042e880_012.jpg | Source: blinkit | URL: https://cdn.grofers.com/cdn-cgi/image/f=auto,fit=scale-down,q=70,metadata=none,w=270/da/cms-assets/cms/product/rc-upload-1776829632782-763.png
2026-06-05 21:51:17.335 | INFO     | __main__:process_urls_for_product:190 - Verified Source Attribution | Product: 3f4cf042e880 | File: 3f4cf042e880_013.jpg | Source: blinkit | URL: https://cdn.grofers.com/cdn-cgi/image/f=auto,fit=scale-down,q=70,metadata=none,w=270/da/cms-assets/cms/product/63f14e10-ecae-4ecc-9d17-c2ba9555525d.png
2026-06-05 21:52:14.215 | INFO     | __main__:download_product_images:223 - Product 437947e1f05b has 0 images (min 10). Using Playwright fallback.
2026-06-05 21:52:18.254 | INFO     | nure.playwright_sources:collect_playwright_images:99 - Playwright blinkit 'MDH MDH JAL JEERA MASALA': 15 URLs
2026-06-05 21:52:21.734 | DEBUG    | nure.playwright_sources:collect_playwright_images:95 - Playwright timeout for bigbasket on MDH MDH JAL JEERA MASALA
2026-06-05 21:52:21.734 | INFO     | nure.playwright_sources:collect_playwright_images:99 - Playwright bigbasket 'MDH MDH JAL JEERA MASALA': 0 URLs
2026-06-05 21:52:24.749 | INFO     | nure.playwright_sources:collect_playwright_images:99 - Playwright jiomart 'MDH MDH JAL JEERA MASALA': 1 URLs
2026-06-05 21:52:27.606 | INFO     | nure.playwright_sources:collect_playwright_images:99 - Playwright flipkart 'MDH MDH JAL JEERA MASALA 100 g': 0 URLs
2026-06-05 21:52:27.790 | INFO     | __main__:process_urls_for_product:190 - Verified Source Attribution | Product: 437947e1f05b | File: 437947e1f05b_000.jpg | Source: blinkit | URL: https://cdn.grofers.com/cdn-cgi/image/f=auto,fit=scale-down,q=70,metadata=none,w=270/da/cms-assets/cms/product/74d17f2c-4493-4744-b931-6f5bd1839350.png?bg_token=Colour%2Fsurface%2F00FFFFFF
2026-06-05 21:52:28.113 | INFO     | __main__:process_urls_for_product:190 - Verified Source Attribution | Product: 437947e1f05b | File: 437947e1f05b_001.jpg | Source: blinkit | URL: https://cdn.grofers.com/cdn-cgi/image/f=auto,fit=scale-down,q=70,metadata=none,w=270/da/cms-assets/cms/product/b0f80d50-68f9-45bd-b447-5714a77d29dc.png?bg_token=Colour%2Fsurface%2F00FFFFFF
2026-06-05 21:52:28.365 | INFO     | __main__:process_urls_for_product:190 - Verified Source Attribution | Product: 437947e1f05b | File: 437947e1f05b_002.jpg | Source: blinkit | URL: https://cdn.grofers.com/cdn-cgi/image/f=auto,fit=scale-down,q=70,metadata=none,w=270/da/cms-assets/cms/product/bafc5783-a92b-47b7-98ce-793b34daf8cd.png?bg_token=Colour%2Fsurface%2F00FFFFFF
2026-06-05 21:52:28.617 | INFO     | __main__:process_urls_for_product:190 - Verified Source Attribution | Product: 437947e1f05b | File: 437947e1f05b_003.jpg | Source: blinkit | URL: https://cdn.grofers.com/cdn-cgi/image/f=auto,fit=scale-down,q=70,metadata=none,w=270/da/cms-assets/cms/product/c3fddfcd-3f88-4bb0-b8fd-9687543e54d0.png?bg_token=Colour%2Fsurface%2F00FFFFFF
2026-06-05 21:52:28.867 | INFO     | __main__:process_urls_for_product:190 - Verified Source Attribution | Product: 437947e1f05b | File: 437947e1f05b_004.jpg | Source: blinkit | URL: https://cdn.grofers.com/cdn-cgi/image/f=auto,fit=scale-down,q=70,metadata=none,w=270/da/cms-assets/cms/product/d6606401-ae52-4168-902a-d1d25de13683.png?bg_token=Colour%2Fsurface%2F00FFFFFF
2026-06-05 21:52:29.190 | INFO     | __main__:process_urls_for_product:190 - Verified Source Attribution | Product: 437947e1f05b | File: 437947e1f05b_005.jpg | Source: blinkit | URL: https://cdn.grofers.com/cdn-cgi/image/f=auto,fit=scale-down,q=70,metadata=none,w=270/da/cms-assets/cms/product/623dddf1-5884-4c8f-ad1a-d726dc2bd0f6.png?bg_token=Colour%2Fsurface%2F00FFFFFF
2026-06-05 21:52:29.474 | INFO     | __main__:process_urls_for_product:190 - Verified Source Attribution | Product: 437947e1f05b | File: 437947e1f05b_006.jpg | Source: blinkit | URL: https://cdn.grofers.com/cdn-cgi/image/f=auto,fit=scale-down,q=70,metadata=none,w=270/da/cms-assets/cms/product/rc-upload-1776681742626-44.png?bg_token=Colour%2Fsurface%2F00FFFFFF
2026-06-05 21:52:29.760 | INFO     | __main__:process_urls_for_product:190 - Verified Source Attribution | Product: 437947e1f05b | File: 437947e1f05b_007.jpg | Source: blinkit | URL: https://cdn.grofers.com/cdn-cgi/image/f=auto,fit=scale-down,q=70,metadata=none,w=270/da/cms-assets/cms/product/f696e80c-d915-410d-9177-49f1a46bf33e.png
2026-06-05 21:52:30.029 | INFO     | __main__:process_urls_for_product:190 - Verified Source Attribution | Product: 437947e1f05b | File: 437947e1f05b_008.jpg | Source: blinkit | URL: https://cdn.grofers.com/cdn-cgi/image/f=auto,fit=scale-down,q=70,metadata=none,w=270/da/cms-assets/cms/product/231c07e7-29cd-4404-a5ff-85d9ee97743f.png
2026-06-05 21:52:30.288 | INFO     | __main__:process_urls_for_product:190 - Verified Source Attribution | Product: 437947e1f05b | File: 437947e1f05b_009.jpg | Source: blinkit | URL: https://cdn.grofers.com/cdn-cgi/image/f=auto,fit=scale-down,q=70,metadata=none,w=270/da/cms-assets/cms/product/6e915bf5-7a81-4897-a4ef-8c3dd76719df.png
2026-06-05 21:52:30.551 | INFO     | __main__:process_urls_for_product:190 - Verified Source Attribution | Product: 437947e1f05b | File: 437947e1f05b_010.jpg | Source: blinkit | URL: https://cdn.grofers.com/cdn-cgi/image/f=auto,fit=scale-down,q=70,metadata=none,w=270/da/cms-assets/cms/product/rc-upload-1774342716031-69.png
2026-06-05 21:52:30.818 | INFO     | __main__:process_urls_for_product:190 - Verified Source Attribution | Product: 437947e1f05b | File: 437947e1f05b_011.jpg | Source: blinkit | URL: https://cdn.grofers.com/cdn-cgi/image/f=auto,fit=scale-down,q=70,metadata=none,w=270/da/cms-assets/cms/product/07413067-306d-45c9-b75b-26ec891f33df.png?bg_token=Colour%2Fsurface%2F00FFFFFF
2026-06-05 21:52:31.079 | INFO     | __main__:process_urls_for_product:190 - Verified Source Attribution | Product: 437947e1f05b | File: 437947e1f05b_012.jpg | Source: blinkit | URL: https://cdn.grofers.com/cdn-cgi/image/f=auto,fit=scale-down,q=70,metadata=none,w=270/da/cms-assets/cms/product/610f1265-0655-483e-beb3-baccfe1c6c9e.png?bg_token=Colour%2Fsurface%2F00FFFFFF
2026-06-05 21:52:31.346 | INFO     | __main__:process_urls_for_product:190 - Verified Source Attribution | Product: 437947e1f05b | File: 437947e1f05b_013.jpg | Source: blinkit | URL: https://cdn.grofers.com/cdn-cgi/image/f=auto,fit=scale-down,q=70,metadata=none,w=270/da/cms-assets/cms/product/522389e0-a502-4c2d-83b0-ef3f49b846e2.png
2026-06-05 21:53:44.182 | INFO     | __main__:download_product_images:223 - Product 06af05af06be has 0 images (min 10). Using Playwright fallback.
2026-06-05 21:53:48.520 | INFO     | nure.playwright_sources:collect_playwright_images:99 - Playwright blinkit 'MDH Karahi Paneer Masala': 15 URLs
2026-06-05 21:53:52.034 | DEBUG    | nure.playwright_sources:collect_playwright_images:95 - Playwright timeout for bigbasket on MDH Karahi Paneer Masala
2026-06-05 21:53:52.035 | INFO     | nure.playwright_sources:collect_playwright_images:99 - Playwright bigbasket 'MDH Karahi Paneer Masala': 0 URLs
2026-06-05 21:53:55.084 | INFO     | nure.playwright_sources:collect_playwright_images:99 - Playwright jiomart 'MDH Karahi Paneer Masala': 1 URLs
2026-06-05 21:53:57.865 | INFO     | nure.playwright_sources:collect_playwright_images:99 - Playwright flipkart 'MDH Karahi Paneer Masala 100 g': 0 URLs
2026-06-05 21:53:58.110 | INFO     | __main__:process_urls_for_product:190 - Verified Source Attribution | Product: 06af05af06be | File: 06af05af06be_000.jpg | Source: blinkit | URL: https://cdn.grofers.com/cdn-cgi/image/f=auto,fit=scale-down,q=70,metadata=none,w=270/da/cms-assets/cms/product/491b8715-451d-4f96-9063-97f04c67d5b0.png
2026-06-05 21:53:58.524 | INFO     | __main__:process_urls_for_product:190 - Verified Source Attribution | Product: 06af05af06be | File: 06af05af06be_001.jpg | Source: blinkit | URL: https://cdn.grofers.com/cdn-cgi/image/f=auto,fit=scale-down,q=70,metadata=none,w=270/da/cms-assets/cms/product/03598e07-eaa6-4c4e-9fc6-6a6e103db89c.png
2026-06-05 21:53:58.800 | INFO     | __main__:process_urls_for_product:190 - Verified Source Attribution | Product: 06af05af06be | File: 06af05af06be_002.jpg | Source: blinkit | URL: https://cdn.grofers.com/cdn-cgi/image/f=auto,fit=scale-down,q=70,metadata=none,w=270/da/cms-assets/cms/product/a891fb81-f3bd-4d0a-9516-4a9c644bff9a.png
2026-06-05 21:53:59.058 | INFO     | __main__:process_urls_for_product:190 - Verified Source Attribution | Product: 06af05af06be | File: 06af05af06be_003.jpg | Source: blinkit | URL: https://cdn.grofers.com/cdn-cgi/image/f=auto,fit=scale-down,q=70,metadata=none,w=270/da/cms-assets/cms/product/rc-upload-1774843894847-217.png
2026-06-05 21:53:59.321 | INFO     | __main__:process_urls_for_product:190 - Verified Source Attribution | Product: 06af05af06be | File: 06af05af06be_004.jpg | Source: blinkit | URL: https://cdn.grofers.com/cdn-cgi/image/f=auto,fit=scale-down,q=70,metadata=none,w=270/da/cms-assets/cms/product/rc-upload-1770705263225-1583.png
2026-06-05 21:53:59.577 | INFO     | __main__:process_urls_for_product:190 - Verified Source Attribution | Product: 06af05af06be | File: 06af05af06be_005.jpg | Source: blinkit | URL: https://cdn.grofers.com/cdn-cgi/image/f=auto,fit=scale-down,q=70,metadata=none,w=270/da/cms-assets/cms/product/ca3dade9-c80c-4b66-8994-d18379fd9d32.png
2026-06-05 21:53:59.843 | INFO     | __main__:process_urls_for_product:190 - Verified Source Attribution | Product: 06af05af06be | File: 06af05af06be_006.jpg | Source: blinkit | URL: https://cdn.grofers.com/cdn-cgi/image/f=auto,fit=scale-down,q=70,metadata=none,w=270/da/cms-assets/cms/product/08713364-c196-47fa-81e6-346aeec1e46f.png
2026-06-05 21:54:00.140 | INFO     | __main__:process_urls_for_product:190 - Verified Source Attribution | Product: 06af05af06be | File: 06af05af06be_007.jpg | Source: blinkit | URL: https://cdn.grofers.com/cdn-cgi/image/f=auto,fit=scale-down,q=70,metadata=none,w=270/da/cms-assets/cms/product/5455f4c1-1b6c-40b1-8222-08361e4a98bb.png
2026-06-05 21:54:00.412 | INFO     | __main__:process_urls_for_product:190 - Verified Source Attribution | Product: 06af05af06be | File: 06af05af06be_008.jpg | Source: blinkit | URL: https://cdn.grofers.com/cdn-cgi/image/f=auto,fit=scale-down,q=70,metadata=none,w=270/da/cms-assets/cms/product/05f8a1c5-a9df-4eb3-9f03-af5d54457535.png
2026-06-05 21:54:00.680 | INFO     | __main__:process_urls_for_product:190 - Verified Source Attribution | Product: 06af05af06be | File: 06af05af06be_009.jpg | Source: blinkit | URL: https://cdn.grofers.com/cdn-cgi/image/f=auto,fit=scale-down,q=70,metadata=none,w=270/da/cms-assets/cms/product/rc-upload-1777606736566-713.png
2026-06-05 21:54:00.952 | INFO     | __main__:process_urls_for_product:190 - Verified Source Attribution | Product: 06af05af06be | File: 06af05af06be_010.jpg | Source: blinkit | URL: https://cdn.grofers.com/cdn-cgi/image/f=auto,fit=scale-down,q=70,metadata=none,w=270/da/cms-assets/cms/product/rc-upload-1777606736566-636.png
2026-06-05 21:54:01.216 | INFO     | __main__:process_urls_for_product:190 - Verified Source Attribution | Product: 06af05af06be | File: 06af05af06be_011.jpg | Source: blinkit | URL: https://cdn.grofers.com/cdn-cgi/image/f=auto,fit=scale-down,q=70,metadata=none,w=270/da/cms-assets/cms/product/3b020124-a683-46d7-a5ce-6576dcd1d5fe.png
2026-06-05 21:54:57.798 | INFO     | __main__:download_product_images:223 - Product ef7de0601d0d has 0 images (min 10). Using Playwright fallback.
2026-06-05 21:55:01.818 | INFO     | nure.playwright_sources:collect_playwright_images:99 - Playwright blinkit 'MDH Stuffed Parantha Masala Sp': 15 URLs
2026-06-05 21:55:05.329 | DEBUG    | nure.playwright_sources:collect_playwright_images:95 - Playwright timeout for bigbasket on MDH Stuffed Parantha Masala Sp
2026-06-05 21:55:05.329 | INFO     | nure.playwright_sources:collect_playwright_images:99 - Playwright bigbasket 'MDH Stuffed Parantha Masala Sp': 0 URLs
2026-06-05 21:55:08.393 | INFO     | nure.playwright_sources:collect_playwright_images:99 - Playwright jiomart 'MDH Stuffed Parantha Masala Sp': 1 URLs
2026-06-05 21:55:11.151 | INFO     | nure.playwright_sources:collect_playwright_images:99 - Playwright flipkart 'MDH Stuffed Parantha Masala Sp': 0 URLs
2026-06-05 21:55:11.399 | INFO     | __main__:process_urls_for_product:190 - Verified Source Attribution | Product: ef7de0601d0d | File: ef7de0601d0d_000.jpg | Source: blinkit | URL: https://cdn.grofers.com/cdn-cgi/image/f=auto,fit=scale-down,q=70,metadata=none,w=270/da/cms-assets/cms/product/95b1fa56-4c43-492c-95eb-3f7c009c47f2.png
2026-06-05 21:55:11.808 | INFO     | __main__:process_urls_for_product:190 - Verified Source Attribution | Product: ef7de0601d0d | File: ef7de0601d0d_001.jpg | Source: blinkit | URL: https://cdn.grofers.com/cdn-cgi/image/f=auto,fit=scale-down,q=70,metadata=none,w=270/da/cms-assets/cms/product/rc-upload-1777963876863-35.png
2026-06-05 21:55:12.080 | INFO     | __main__:process_urls_for_product:190 - Verified Source Attribution | Product: ef7de0601d0d | File: ef7de0601d0d_002.jpg | Source: blinkit | URL: https://cdn.grofers.com/cdn-cgi/image/f=auto,fit=scale-down,q=70,metadata=none,w=270/da/cms-assets/cms/product/9c24019a-e1ba-426f-af1b-80fadac54132.png
2026-06-05 21:55:12.331 | INFO     | __main__:process_urls_for_product:190 - Verified Source Attribution | Product: ef7de0601d0d | File: ef7de0601d0d_003.jpg | Source: blinkit | URL: https://cdn.grofers.com/cdn-cgi/image/f=auto,fit=scale-down,q=70,metadata=none,w=270/da/cms-assets/cms/product/6e915bf5-7a81-4897-a4ef-8c3dd76719df.png
2026-06-05 21:55:12.588 | INFO     | __main__:process_urls_for_product:190 - Verified Source Attribution | Product: ef7de0601d0d | File: ef7de0601d0d_004.jpg | Source: blinkit | URL: https://cdn.grofers.com/cdn-cgi/image/f=auto,fit=scale-down,q=70,metadata=none,w=270/da/cms-assets/cms/product/8980ca36-b0aa-40b4-b9bc-f7765900f29e.png
2026-06-05 21:55:12.855 | INFO     | __main__:process_urls_for_product:190 - Verified Source Attribution | Product: ef7de0601d0d | File: ef7de0601d0d_005.jpg | Source: blinkit | URL: https://cdn.grofers.com/cdn-cgi/image/f=auto,fit=scale-down,q=70,metadata=none,w=270/da/cms-assets/cms/product/ea32f5fa-3704-4944-a4dd-6acc2cd8f544.png
2026-06-05 21:55:13.114 | INFO     | __main__:process_urls_for_product:190 - Verified Source Attribution | Product: ef7de0601d0d | File: ef7de0601d0d_006.jpg | Source: blinkit | URL: https://cdn.grofers.com/cdn-cgi/image/f=auto,fit=scale-down,q=70,metadata=none,w=270/da/cms-assets/cms/product/455bea6e-49b2-4cd5-8fee-54328b621516.png
2026-06-05 21:55:13.375 | INFO     | __main__:process_urls_for_product:190 - Verified Source Attribution | Product: ef7de0601d0d | File: ef7de0601d0d_007.jpg | Source: blinkit | URL: https://cdn.grofers.com/cdn-cgi/image/f=auto,fit=scale-down,q=70,metadata=none,w=270/da/cms-assets/cms/product/fa9dac22-8c06-448a-91aa-7fbfe7702c78.png
2026-06-05 21:55:13.639 | INFO     | __main__:process_urls_for_product:190 - Verified Source Attribution | Product: ef7de0601d0d | File: ef7de0601d0d_008.jpg | Source: blinkit | URL: https://cdn.grofers.com/cdn-cgi/image/f=auto,fit=scale-down,q=70,metadata=none,w=270/da/cms-assets/cms/product/3d17d195-df04-418e-b1b2-de76f2b02ea6.png
2026-06-05 21:55:13.905 | INFO     | __main__:process_urls_for_product:190 - Verified Source Attribution | Product: ef7de0601d0d | File: ef7de0601d0d_009.jpg | Source: blinkit | URL: https://cdn.grofers.com/cdn-cgi/image/f=auto,fit=scale-down,q=70,metadata=none,w=270/da/cms-assets/cms/product/efc9db0e-c2b6-449c-9e53-cf23743bcdf0.png
2026-06-05 21:55:14.174 | INFO     | __main__:process_urls_for_product:190 - Verified Source Attribution | Product: ef7de0601d0d | File: ef7de0601d0d_010.jpg | Source: blinkit | URL: https://cdn.grofers.com/cdn-cgi/image/f=auto,fit=scale-down,q=70,metadata=none,w=270/da/cms-assets/cms/product/87284eb7-436f-4912-b1eb-2a5c429986b0.png
2026-06-05 21:55:14.433 | INFO     | __main__:process_urls_for_product:190 - Verified Source Attribution | Product: ef7de0601d0d | File: ef7de0601d0d_011.jpg | Source: blinkit | URL: https://cdn.grofers.com/cdn-cgi/image/f=auto,fit=scale-down,q=70,metadata=none,w=270/da/cms-assets/cms/product/6a86592b-cdab-42f0-8bff-9e369bba5aca.png
2026-06-05 21:55:14.698 | INFO     | __main__:process_urls_for_product:190 - Verified Source Attribution | Product: ef7de0601d0d | File: ef7de0601d0d_012.jpg | Source: blinkit | URL: https://cdn.grofers.com/cdn-cgi/image/f=auto,fit=scale-down,q=70,metadata=none,w=270/da/cms-assets/cms/product/522389e0-a502-4c2d-83b0-ef3f49b846e2.png
2026-06-05 21:55:14.968 | INFO     | __main__:process_urls_for_product:190 - Verified Source Attribution | Product: ef7de0601d0d | File: ef7de0601d0d_013.jpg | Source: blinkit | URL: https://cdn.grofers.com/cdn-cgi/image/f=auto,fit=scale-down,q=70,metadata=none,w=270/da/cms-assets/cms/product/f89d40c5-6896-4292-9e8e-de9830a738e8.png
2026-06-05 21:55:18.008 | INFO     | nure.image_sources:collect_amazon_images:178 - Amazon 'MDH Curry Masala for Karahi Gosht': 3 URLs
2026-06-05 21:55:56.664 | INFO     | __main__:process_urls_for_product:190 - Verified Source Attribution | Product: b7503d6fe09e | File: b7503d6fe09e_000.jpg | Source: amazon | URL: https://m.media-amazon.com/images/I/31Ip4aURUpL.png
2026-06-05 21:55:57.002 | INFO     | __main__:process_urls_for_product:190 - Verified Source Attribution | Product: b7503d6fe09e | File: b7503d6fe09e_001.jpg | Source: amazon | URL: https://m.media-amazon.com/images/I/511kQ3pldYL.jpg
2026-06-05 21:55:58.178 | INFO     | __main__:process_urls_for_product:190 - Verified Source Attribution | Product: b7503d6fe09e | File: b7503d6fe09e_002.jpg | Source: amazon | URL: https://m.media-amazon.com/images/I/71kwAEGWSLL.jpg
2026-06-05 21:55:58.339 | INFO     | __main__:download_product_images:223 - Product b7503d6fe09e has 3 images (min 10). Using Playwright fallback.
2026-06-05 21:56:02.284 | INFO     | nure.playwright_sources:collect_playwright_images:99 - Playwright blinkit 'MDH Curry Masala for Karahi Go': 15 URLs
2026-06-05 21:56:05.716 | DEBUG    | nure.playwright_sources:collect_playwright_images:95 - Playwright timeout for bigbasket on MDH Curry Masala for Karahi Go
2026-06-05 21:56:05.716 | INFO     | nure.playwright_sources:collect_playwright_images:99 - Playwright bigbasket 'MDH Curry Masala for Karahi Go': 0 URLs
2026-06-05 21:56:09.032 | INFO     | nure.playwright_sources:collect_playwright_images:99 - Playwright jiomart 'MDH Curry Masala for Karahi Go': 1 URLs
2026-06-05 21:56:12.008 | INFO     | nure.playwright_sources:collect_playwright_images:99 - Playwright flipkart 'MDH Curry Masala for Karahi Go': 0 URLs
2026-06-05 21:56:12.183 | INFO     | __main__:process_urls_for_product:190 - Verified Source Attribution | Product: b7503d6fe09e | File: b7503d6fe09e_003.jpg | Source: blinkit | URL: https://cdn.grofers.com/cdn-cgi/image/f=auto,fit=scale-down,q=70,metadata=none,w=270/da/cms-assets/cms/product/6e915bf5-7a81-4897-a4ef-8c3dd76719df.png
2026-06-05 21:56:12.525 | INFO     | __main__:process_urls_for_product:190 - Verified Source Attribution | Product: b7503d6fe09e | File: b7503d6fe09e_004.jpg | Source: blinkit | URL: https://cdn.grofers.com/cdn-cgi/image/f=auto,fit=scale-down,q=70,metadata=none,w=270/da/cms-assets/cms/product/3b020124-a683-46d7-a5ce-6576dcd1d5fe.png
2026-06-05 21:56:12.788 | INFO     | __main__:process_urls_for_product:190 - Verified Source Attribution | Product: b7503d6fe09e | File: b7503d6fe09e_005.jpg | Source: blinkit | URL: https://cdn.grofers.com/cdn-cgi/image/f=auto,fit=scale-down,q=70,metadata=none,w=270/da/cms-assets/cms/product/860cd2f4-5f3d-4032-86f2-e5d3a8bf4cd1.png
2026-06-05 21:56:13.039 | INFO     | __main__:process_urls_for_product:190 - Verified Source Attribution | Product: b7503d6fe09e | File: b7503d6fe09e_006.jpg | Source: blinkit | URL: https://cdn.grofers.com/cdn-cgi/image/f=auto,fit=scale-down,q=70,metadata=none,w=270/da/cms-assets/cms/product/345829e4-508c-47a5-aee7-9ad35bac9291.png
2026-06-05 21:56:13.317 | INFO     | __main__:process_urls_for_product:190 - Verified Source Attribution | Product: b7503d6fe09e | File: b7503d6fe09e_007.jpg | Source: blinkit | URL: https://cdn.grofers.com/cdn-cgi/image/f=auto,fit=scale-down,q=70,metadata=none,w=270/da/cms-assets/cms/product/6a86592b-cdab-42f0-8bff-9e369bba5aca.png
2026-06-05 21:56:13.575 | INFO     | __main__:process_urls_for_product:190 - Verified Source Attribution | Product: b7503d6fe09e | File: b7503d6fe09e_008.jpg | Source: blinkit | URL: https://cdn.grofers.com/cdn-cgi/image/f=auto,fit=scale-down,q=70,metadata=none,w=270/da/cms-assets/cms/product/406fc6fe-a2e1-4684-a0f2-ce00b0093929.png
2026-06-05 21:56:13.831 | INFO     | __main__:process_urls_for_product:190 - Verified Source Attribution | Product: b7503d6fe09e | File: b7503d6fe09e_009.jpg | Source: blinkit | URL: https://cdn.grofers.com/cdn-cgi/image/f=auto,fit=scale-down,q=70,metadata=none,w=270/da/cms-assets/cms/product/5ab79532-1c4d-438e-adfe-ea01cf841ca8.png
2026-06-05 21:56:14.083 | INFO     | __main__:process_urls_for_product:190 - Verified Source Attribution | Product: b7503d6fe09e | File: b7503d6fe09e_010.jpg | Source: blinkit | URL: https://cdn.grofers.com/cdn-cgi/image/f=auto,fit=scale-down,q=70,metadata=none,w=270/da/cms-assets/cms/product/636b6b14-82d9-4456-9300-b1e24ef47b00.png
2026-06-05 21:56:14.346 | INFO     | __main__:process_urls_for_product:190 - Verified Source Attribution | Product: b7503d6fe09e | File: b7503d6fe09e_011.jpg | Source: blinkit | URL: https://cdn.grofers.com/cdn-cgi/image/f=auto,fit=scale-down,q=70,metadata=none,w=270/da/cms-assets/cms/product/8980ca36-b0aa-40b4-b9bc-f7765900f29e.png
2026-06-05 21:56:14.609 | INFO     | __main__:process_urls_for_product:190 - Verified Source Attribution | Product: b7503d6fe09e | File: b7503d6fe09e_012.jpg | Source: blinkit | URL: https://cdn.grofers.com/cdn-cgi/image/f=auto,fit=scale-down,q=70,metadata=none,w=270/da/cms-assets/cms/product/63f14e10-ecae-4ecc-9d17-c2ba9555525d.png
2026-06-05 21:56:14.899 | INFO     | __main__:process_urls_for_product:190 - Verified Source Attribution | Product: b7503d6fe09e | File: b7503d6fe09e_013.jpg | Source: blinkit | URL: https://cdn.grofers.com/cdn-cgi/image/f=auto,fit=scale-down,q=70,metadata=none,w=270/da/cms-assets/cms/product/104c9129-11f3-49b1-93b5-793043f6391b.png
2026-06-05 21:56:15.172 | INFO     | __main__:process_urls_for_product:190 - Verified Source Attribution | Product: b7503d6fe09e | File: b7503d6fe09e_014.jpg | Source: blinkit | URL: https://cdn.grofers.com/cdn-cgi/image/f=auto,fit=scale-down,q=70,metadata=none,w=270/da/cms-assets/cms/product/80553fff-4a65-49d4-9562-1eecd34e928b.png
2026-06-05 21:56:15.430 | INFO     | __main__:process_urls_for_product:190 - Verified Source Attribution | Product: b7503d6fe09e | File: b7503d6fe09e_015.jpg | Source: blinkit | URL: https://cdn.grofers.com/cdn-cgi/image/f=auto,fit=scale-down,q=70,metadata=none,w=270/da/cms-assets/cms/product/a5d40b95-e278-4ad2-ba5a-cf0c196ae062.png?bg_token=Colour%2Fsurface%2F00FFFFFF
2026-06-05 21:56:15.704 | INFO     | __main__:process_urls_for_product:190 - Verified Source Attribution | Product: b7503d6fe09e | File: b7503d6fe09e_016.jpg | Source: blinkit | URL: https://cdn.grofers.com/cdn-cgi/image/f=auto,fit=scale-down,q=70,metadata=none,w=270/da/cms-assets/cms/product/426befa5-a528-4356-b699-291611f09257.png
2026-06-05 21:56:18.264 | INFO     | nure.image_sources:collect_amazon_images:178 - Amazon 'MDH Sindhi Biryani masala 100g': 2 URLs
2026-06-05 21:56:20.650 | INFO     | nure.image_sources:collect_bing_images:149 - Bing 'MDH Sindhi Biryani masala': 0 URLs
2026-06-05 21:56:57.889 | INFO     | __main__:process_urls_for_product:190 - Verified Source Attribution | Product: 0ef5a46831e3 | File: 0ef5a46831e3_000.jpg | Source: amazon | URL: https://m.media-amazon.com/images/I/31Ip4aURUpL.png
2026-06-05 21:56:59.049 | INFO     | __main__:process_urls_for_product:190 - Verified Source Attribution | Product: 0ef5a46831e3 | File: 0ef5a46831e3_001.jpg | Source: amazon | URL: https://m.media-amazon.com/images/I/71UIrOZTUCL.jpg
2026-06-05 21:56:59.204 | INFO     | __main__:download_product_images:223 - Product 0ef5a46831e3 has 2 images (min 10). Using Playwright fallback.
2026-06-05 21:57:02.982 | INFO     | nure.playwright_sources:collect_playwright_images:99 - Playwright blinkit 'MDH Sindhi Biryani masala': 15 URLs
2026-06-05 21:57:06.379 | DEBUG    | nure.playwright_sources:collect_playwright_images:95 - Playwright timeout for bigbasket on MDH Sindhi Biryani masala
2026-06-05 21:57:06.379 | INFO     | nure.playwright_sources:collect_playwright_images:99 - Playwright bigbasket 'MDH Sindhi Biryani masala': 0 URLs
2026-06-05 21:57:09.198 | INFO     | nure.playwright_sources:collect_playwright_images:99 - Playwright jiomart 'MDH Sindhi Biryani masala': 1 URLs
2026-06-05 21:57:12.158 | INFO     | nure.playwright_sources:collect_playwright_images:99 - Playwright flipkart 'MDH Sindhi Biryani masala 100g': 0 URLs
2026-06-05 21:57:12.348 | INFO     | __main__:process_urls_for_product:190 - Verified Source Attribution | Product: 0ef5a46831e3 | File: 0ef5a46831e3_002.jpg | Source: blinkit | URL: https://cdn.grofers.com/cdn-cgi/image/f=auto,fit=scale-down,q=70,metadata=none,w=270/da/cms-assets/cms/product/fb9c4ccb-274e-4b3f-89de-23cf6e957357.png
2026-06-05 21:57:12.703 | INFO     | __main__:process_urls_for_product:190 - Verified Source Attribution | Product: 0ef5a46831e3 | File: 0ef5a46831e3_003.jpg | Source: blinkit | URL: https://cdn.grofers.com/cdn-cgi/image/f=auto,fit=scale-down,q=70,metadata=none,w=270/da/cms-assets/cms/product/rc-upload-1780331131771-365.png
2026-06-05 21:57:12.975 | INFO     | __main__:process_urls_for_product:190 - Verified Source Attribution | Product: 0ef5a46831e3 | File: 0ef5a46831e3_004.jpg | Source: blinkit | URL: https://cdn.grofers.com/cdn-cgi/image/f=auto,fit=scale-down,q=70,metadata=none,w=270/da/cms-assets/cms/product/rc-upload-1775625358577-304.png
2026-06-05 21:57:13.252 | INFO     | __main__:process_urls_for_product:190 - Verified Source Attribution | Product: 0ef5a46831e3 | File: 0ef5a46831e3_005.jpg | Source: blinkit | URL: https://cdn.grofers.com/cdn-cgi/image/f=auto,fit=scale-down,q=70,metadata=none,w=270/da/cms-assets/cms/product/rc-upload-1771477195826-72.png
2026-06-05 21:57:13.521 | INFO     | __main__:process_urls_for_product:190 - Verified Source Attribution | Product: 0ef5a46831e3 | File: 0ef5a46831e3_006.jpg | Source: blinkit | URL: https://cdn.grofers.com/cdn-cgi/image/f=auto,fit=scale-down,q=70,metadata=none,w=270/da/cms-assets/cms/product/36d157ef-5a71-4a26-8386-7003870a768e.png
2026-06-05 21:57:13.802 | INFO     | __main__:process_urls_for_product:190 - Verified Source Attribution | Product: 0ef5a46831e3 | File: 0ef5a46831e3_007.jpg | Source: blinkit | URL: https://cdn.grofers.com/cdn-cgi/image/f=auto,fit=scale-down,q=70,metadata=none,w=270/da/cms-assets/cms/product/rc-upload-1777606736566-724.png
2026-06-05 21:57:14.096 | INFO     | __main__:process_urls_for_product:190 - Verified Source Attribution | Product: 0ef5a46831e3 | File: 0ef5a46831e3_008.jpg | Source: blinkit | URL: https://cdn.grofers.com/cdn-cgi/image/f=auto,fit=scale-down,q=70,metadata=none,w=270/da/cms-assets/cms/product/eb718037-1dad-48c4-af33-31a6acd9610e.png
2026-06-05 21:57:14.377 | INFO     | __main__:process_urls_for_product:190 - Verified Source Attribution | Product: 0ef5a46831e3 | File: 0ef5a46831e3_009.jpg | Source: blinkit | URL: https://cdn.grofers.com/cdn-cgi/image/f=auto,fit=scale-down,q=70,metadata=none,w=270/da/cms-assets/cms/product/20c7c562-6e1c-488b-b12d-d22b4cb941f1.png
2026-06-05 21:57:14.664 | INFO     | __main__:process_urls_for_product:190 - Verified Source Attribution | Product: 0ef5a46831e3 | File: 0ef5a46831e3_010.jpg | Source: blinkit | URL: https://cdn.grofers.com/cdn-cgi/image/f=auto,fit=scale-down,q=70,metadata=none,w=270/da/cms-assets/cms/product/rc-upload-1771828139315-1451.png
2026-06-05 21:57:14.921 | INFO     | __main__:process_urls_for_product:190 - Verified Source Attribution | Product: 0ef5a46831e3 | File: 0ef5a46831e3_011.jpg | Source: blinkit | URL: https://cdn.grofers.com/cdn-cgi/image/f=auto,fit=scale-down,q=70,metadata=none,w=270/da/cms-assets/cms/product/abed5030-116f-4036-9d6c-1f46578df26b.png
2026-06-05 21:57:15.306 | INFO     | __main__:process_urls_for_product:190 - Verified Source Attribution | Product: 0ef5a46831e3 | File: 0ef5a46831e3_012.jpg | Source: blinkit | URL: https://cdn.grofers.com/cdn-cgi/image/f=auto,fit=scale-down,q=70,metadata=none,w=270/da/cms-assets/cms/product/rc-upload-1771477195826-55.png
2026-06-05 21:57:15.582 | INFO     | __main__:process_urls_for_product:190 - Verified Source Attribution | Product: 0ef5a46831e3 | File: 0ef5a46831e3_013.jpg | Source: blinkit | URL: https://cdn.grofers.com/cdn-cgi/image/f=auto,fit=scale-down,q=70,metadata=none,w=270/da/cms-assets/cms/product/rc-upload-1779778116197-312.png
2026-06-05 21:57:15.842 | INFO     | __main__:process_urls_for_product:190 - Verified Source Attribution | Product: 0ef5a46831e3 | File: 0ef5a46831e3_014.jpg | Source: blinkit | URL: https://cdn.grofers.com/cdn-cgi/image/f=auto,fit=scale-down,q=70,metadata=none,w=270/da/cms-assets/cms/product/6e915bf5-7a81-4897-a4ef-8c3dd76719df.png
2026-06-05 21:57:18.584 | INFO     | nure.image_sources:collect_amazon_images:178 - Amazon 'Whole Foods Market  Inc. Whole Catch, Ho': 1 URLs
2026-06-05 21:57:20.421 | INFO     | nure.image_sources:collect_bing_images:149 - Bing 'Whole Foods Market  Inc. Whole Catch, Ho': 0 URLs
2026-06-05 21:57:57.913 | INFO     | __main__:process_urls_for_product:190 - Verified Source Attribution | Product: 73fddcb14f24 | File: 73fddcb14f24_000.jpg | Source: amazon | URL: https://m.media-amazon.com/images/I/51eKONu2cML.jpg
2026-06-05 21:57:58.070 | INFO     | __main__:download_product_images:223 - Product 73fddcb14f24 has 1 images (min 10). Using Playwright fallback.
2026-06-05 21:58:01.527 | INFO     | nure.playwright_sources:collect_playwright_images:99 - Playwright blinkit 'Whole Foods Market  Inc. Whole': 6 URLs
2026-06-05 21:58:04.956 | DEBUG    | nure.playwright_sources:collect_playwright_images:95 - Playwright timeout for bigbasket on Whole Foods Market  Inc. Whole
2026-06-05 21:58:04.956 | INFO     | nure.playwright_sources:collect_playwright_images:99 - Playwright bigbasket 'Whole Foods Market  Inc. Whole': 0 URLs
2026-06-05 21:58:07.917 | INFO     | nure.playwright_sources:collect_playwright_images:99 - Playwright jiomart 'Whole Foods Market  Inc. Whole': 1 URLs
2026-06-05 21:58:10.744 | INFO     | nure.playwright_sources:collect_playwright_images:99 - Playwright flipkart 'Whole Foods Market  Inc. Whole': 0 URLs
2026-06-05 21:58:10.940 | INFO     | __main__:process_urls_for_product:190 - Verified Source Attribution | Product: 73fddcb14f24 | File: 73fddcb14f24_001.jpg | Source: blinkit | URL: https://cdn.grofers.com/cdn-cgi/image/f=auto,fit=scale-down,q=70,metadata=none,w=270/da/cms-assets/cms/product/rc-upload-1776257268034-66.png
2026-06-05 21:58:11.286 | INFO     | __main__:process_urls_for_product:190 - Verified Source Attribution | Product: 73fddcb14f24 | File: 73fddcb14f24_002.jpg | Source: blinkit | URL: https://cdn.grofers.com/cdn-cgi/image/f=auto,fit=scale-down,q=70,metadata=none,w=270/da/cms-assets/cms/product/rc-upload-1776257268034-56.png
2026-06-05 21:58:11.547 | INFO     | __main__:process_urls_for_product:190 - Verified Source Attribution | Product: 73fddcb14f24 | File: 73fddcb14f24_003.jpg | Source: blinkit | URL: https://cdn.grofers.com/cdn-cgi/image/f=auto,fit=scale-down,q=70,metadata=none,w=270/da/cms-assets/cms/product/rc-upload-1776257268034-76.png
2026-06-05 21:58:11.846 | INFO     | __main__:process_urls_for_product:190 - Verified Source Attribution | Product: 73fddcb14f24 | File: 73fddcb14f24_004.jpg | Source: blinkit | URL: https://cdn.grofers.com/cdn-cgi/image/f=auto,fit=scale-down,q=70,metadata=none,w=270/da/cms-assets/cms/product/rc-upload-1780660394770-188.png
2026-06-05 21:58:12.197 | INFO     | __main__:process_urls_for_product:190 - Verified Source Attribution | Product: 73fddcb14f24 | File: 73fddcb14f24_005.jpg | Source: blinkit | URL: https://cdn.grofers.com/cdn-cgi/image/f=auto,fit=scale-down,q=70,metadata=none,w=270/da/cms-assets/cms/product/rc-upload-1776769807752-93.png
2026-06-05 21:59:49.974 | INFO     | __main__:download_product_images:223 - Product 21bcd4e60b7b has 0 images (min 10). Using Playwright fallback.
2026-06-05 21:59:54.729 | INFO     | nure.playwright_sources:collect_playwright_images:99 - Playwright blinkit 'Catch Chhole Masala': 15 URLs
2026-06-05 21:59:58.170 | DEBUG    | nure.playwright_sources:collect_playwright_images:95 - Playwright timeout for bigbasket on Catch Chhole Masala
2026-06-05 21:59:58.170 | INFO     | nure.playwright_sources:collect_playwright_images:99 - Playwright bigbasket 'Catch Chhole Masala': 0 URLs
2026-06-05 22:00:00.866 | INFO     | nure.playwright_sources:collect_playwright_images:99 - Playwright jiomart 'Catch Chhole Masala': 1 URLs
2026-06-05 22:00:03.963 | INFO     | nure.playwright_sources:collect_playwright_images:99 - Playwright flipkart 'Catch Chhole Masala 100 g': 0 URLs
2026-06-05 22:00:04.237 | INFO     | __main__:process_urls_for_product:190 - Verified Source Attribution | Product: 21bcd4e60b7b | File: 21bcd4e60b7b_000.jpg | Source: blinkit | URL: https://cdn.grofers.com/cdn-cgi/image/f=auto,fit=scale-down,q=70,metadata=none,w=270/da/cms-assets/cms/product/0ad77dc4-b90e-4e66-93a0-d3d9165368fd.png
2026-06-05 22:00:04.592 | INFO     | __main__:process_urls_for_product:190 - Verified Source Attribution | Product: 21bcd4e60b7b | File: 21bcd4e60b7b_001.jpg | Source: blinkit | URL: https://cdn.grofers.com/cdn-cgi/image/f=auto,fit=scale-down,q=70,metadata=none,w=270/da/cms-assets/cms/product/dc44e5b4-a658-435d-b630-036afe9c557c.png
2026-06-05 22:00:04.860 | INFO     | __main__:process_urls_for_product:190 - Verified Source Attribution | Product: 21bcd4e60b7b | File: 21bcd4e60b7b_002.jpg | Source: blinkit | URL: https://cdn.grofers.com/cdn-cgi/image/f=auto,fit=scale-down,q=70,metadata=none,w=270/da/cms-assets/cms/product/49935ca2-f5d4-4edc-998e-8daeece79a46.png
2026-06-05 22:00:05.122 | INFO     | __main__:process_urls_for_product:190 - Verified Source Attribution | Product: 21bcd4e60b7b | File: 21bcd4e60b7b_003.jpg | Source: blinkit | URL: https://cdn.grofers.com/cdn-cgi/image/f=auto,fit=scale-down,q=70,metadata=none,w=270/da/cms-assets/cms/product/fa059fae-54cb-4c80-b6ce-2668ce76e971.png
2026-06-05 22:00:05.382 | INFO     | __main__:process_urls_for_product:190 - Verified Source Attribution | Product: 21bcd4e60b7b | File: 21bcd4e60b7b_004.jpg | Source: blinkit | URL: https://cdn.grofers.com/cdn-cgi/image/f=auto,fit=scale-down,q=70,metadata=none,w=270/da/cms-assets/cms/product/63f14e10-ecae-4ecc-9d17-c2ba9555525d.png
2026-06-05 22:00:05.652 | INFO     | __main__:process_urls_for_product:190 - Verified Source Attribution | Product: 21bcd4e60b7b | File: 21bcd4e60b7b_005.jpg | Source: blinkit | URL: https://cdn.grofers.com/cdn-cgi/image/f=auto,fit=scale-down,q=70,metadata=none,w=270/da/cms-assets/cms/product/19c943a7-36e2-4a0f-93cc-0970507586ed.png
2026-06-05 22:00:05.913 | INFO     | __main__:process_urls_for_product:190 - Verified Source Attribution | Product: 21bcd4e60b7b | File: 21bcd4e60b7b_006.jpg | Source: blinkit | URL: https://cdn.grofers.com/cdn-cgi/image/f=auto,fit=scale-down,q=70,metadata=none,w=270/da/cms-assets/cms/product/384e9263-24e5-4d0b-9942-8201d6e31f27.png
2026-06-05 22:00:06.178 | INFO     | __main__:process_urls_for_product:190 - Verified Source Attribution | Product: 21bcd4e60b7b | File: 21bcd4e60b7b_007.jpg | Source: blinkit | URL: https://cdn.grofers.com/cdn-cgi/image/f=auto,fit=scale-down,q=70,metadata=none,w=270/da/cms-assets/cms/product/8adb6f40-7992-4a59-bc50-d889a75f45cd.png
2026-06-05 22:00:06.449 | INFO     | __main__:process_urls_for_product:190 - Verified Source Attribution | Product: 21bcd4e60b7b | File: 21bcd4e60b7b_008.jpg | Source: blinkit | URL: https://cdn.grofers.com/cdn-cgi/image/f=auto,fit=scale-down,q=70,metadata=none,w=270/da/cms-assets/cms/product/e045f9f7-168f-41fe-8785-f7b69814859e.png
2026-06-05 22:00:06.706 | INFO     | __main__:process_urls_for_product:190 - Verified Source Attribution | Product: 21bcd4e60b7b | File: 21bcd4e60b7b_009.jpg | Source: blinkit | URL: https://cdn.grofers.com/cdn-cgi/image/f=auto,fit=scale-down,q=70,metadata=none,w=270/da/cms-assets/cms/product/406fc6fe-a2e1-4684-a0f2-ce00b0093929.png
2026-06-05 22:00:06.972 | INFO     | __main__:process_urls_for_product:190 - Verified Source Attribution | Product: 21bcd4e60b7b | File: 21bcd4e60b7b_010.jpg | Source: blinkit | URL: https://cdn.grofers.com/cdn-cgi/image/f=auto,fit=scale-down,q=70,metadata=none,w=270/da/cms-assets/cms/product/522389e0-a502-4c2d-83b0-ef3f49b846e2.png
2026-06-05 22:00:07.235 | INFO     | __main__:process_urls_for_product:190 - Verified Source Attribution | Product: 21bcd4e60b7b | File: 21bcd4e60b7b_011.jpg | Source: blinkit | URL: https://cdn.grofers.com/cdn-cgi/image/f=auto,fit=scale-down,q=70,metadata=none,w=270/da/cms-assets/cms/product/345829e4-508c-47a5-aee7-9ad35bac9291.png
2026-06-05 22:00:07.501 | INFO     | __main__:process_urls_for_product:190 - Verified Source Attribution | Product: 21bcd4e60b7b | File: 21bcd4e60b7b_012.jpg | Source: blinkit | URL: https://cdn.grofers.com/cdn-cgi/image/f=auto,fit=scale-down,q=70,metadata=none,w=270/da/cms-assets/cms/product/860cd2f4-5f3d-4032-86f2-e5d3a8bf4cd1.png
2026-06-05 22:01:35.928 | INFO     | __main__:download_product_images:223 - Product 327646986b93 has 0 images (min 10). Using Playwright fallback.
2026-06-05 22:01:39.660 | INFO     | nure.playwright_sources:collect_playwright_images:99 - Playwright blinkit 'Catch Sprinkler Black Pepper': 15 URLs
2026-06-05 22:01:43.143 | DEBUG    | nure.playwright_sources:collect_playwright_images:95 - Playwright timeout for bigbasket on Catch Sprinkler Black Pepper
2026-06-05 22:01:43.143 | INFO     | nure.playwright_sources:collect_playwright_images:99 - Playwright bigbasket 'Catch Sprinkler Black Pepper': 0 URLs
2026-06-05 22:01:46.187 | INFO     | nure.playwright_sources:collect_playwright_images:99 - Playwright jiomart 'Catch Sprinkler Black Pepper': 1 URLs
2026-06-05 22:01:48.825 | INFO     | nure.playwright_sources:collect_playwright_images:99 - Playwright flipkart 'Catch Sprinkler Black Pepper 5': 0 URLs
2026-06-05 22:01:49.112 | INFO     | __main__:process_urls_for_product:190 - Verified Source Attribution | Product: 327646986b93 | File: 327646986b93_000.jpg | Source: blinkit | URL: https://cdn.grofers.com/cdn-cgi/image/f=auto,fit=scale-down,q=70,metadata=none,w=270/da/cms-assets/cms/product/rc-upload-1771991783673-960.png
2026-06-05 22:01:49.554 | INFO     | __main__:process_urls_for_product:190 - Verified Source Attribution | Product: 327646986b93 | File: 327646986b93_001.jpg | Source: blinkit | URL: https://cdn.grofers.com/cdn-cgi/image/f=auto,fit=scale-down,q=70,metadata=none,w=270/da/cms-assets/cms/product/rc-upload-1771991783673-1102.png
2026-06-05 22:01:49.808 | INFO     | __main__:process_urls_for_product:190 - Verified Source Attribution | Product: 327646986b93 | File: 327646986b93_002.jpg | Source: blinkit | URL: https://cdn.grofers.com/cdn-cgi/image/f=auto,fit=scale-down,q=70,metadata=none,w=270/da/cms-assets/cms/product/bb704f73-277d-40e3-a2e4-b6ce40df6d79.png
2026-06-05 22:01:50.072 | INFO     | __main__:process_urls_for_product:190 - Verified Source Attribution | Product: 327646986b93 | File: 327646986b93_003.jpg | Source: blinkit | URL: https://cdn.grofers.com/cdn-cgi/image/f=auto,fit=scale-down,q=70,metadata=none,w=270/da/cms-assets/cms/product/rc-upload-1776829632782-182.png
2026-06-05 22:01:50.333 | INFO     | __main__:process_urls_for_product:190 - Verified Source Attribution | Product: 327646986b93 | File: 327646986b93_004.jpg | Source: blinkit | URL: https://cdn.grofers.com/cdn-cgi/image/f=auto,fit=scale-down,q=70,metadata=none,w=270/da/cms-assets/cms/product/rc-upload-1771991783673-1257.png
2026-06-05 22:01:50.602 | INFO     | __main__:process_urls_for_product:190 - Verified Source Attribution | Product: 327646986b93 | File: 327646986b93_005.jpg | Source: blinkit | URL: https://cdn.grofers.com/cdn-cgi/image/f=auto,fit=scale-down,q=70,metadata=none,w=270/da/cms-assets/cms/product/73b676b4-60cd-4994-9611-79bf0534b081.png
2026-06-05 22:01:50.860 | INFO     | __main__:process_urls_for_product:190 - Verified Source Attribution | Product: 327646986b93 | File: 327646986b93_006.jpg | Source: blinkit | URL: https://cdn.grofers.com/cdn-cgi/image/f=auto,fit=scale-down,q=70,metadata=none,w=270/da/cms-assets/cms/product/b1c7f74f-40ff-49c0-8881-c9a65dacea33.png
2026-06-05 22:01:51.130 | INFO     | __main__:process_urls_for_product:190 - Verified Source Attribution | Product: 327646986b93 | File: 327646986b93_007.jpg | Source: blinkit | URL: https://cdn.grofers.com/cdn-cgi/image/f=auto,fit=scale-down,q=70,metadata=none,w=270/da/cms-assets/cms/product/051f33d1-55d3-4b8b-b0b7-24bc0f50f6c4.png
2026-06-05 22:01:51.388 | INFO     | __main__:process_urls_for_product:190 - Verified Source Attribution | Product: 327646986b93 | File: 327646986b93_008.jpg | Source: blinkit | URL: https://cdn.grofers.com/cdn-cgi/image/f=auto,fit=scale-down,q=70,metadata=none,w=270/da/cms-assets/cms/product/68782488-65c9-4c31-894a-8b2c2b5e1489.png
2026-06-05 22:01:51.658 | INFO     | __main__:process_urls_for_product:190 - Verified Source Attribution | Product: 327646986b93 | File: 327646986b93_009.jpg | Source: blinkit | URL: https://cdn.grofers.com/cdn-cgi/image/f=auto,fit=scale-down,q=70,metadata=none,w=270/da/cms-assets/cms/product/rc-upload-1771991783673-901.png
2026-06-05 22:01:51.922 | INFO     | __main__:process_urls_for_product:190 - Verified Source Attribution | Product: 327646986b93 | File: 327646986b93_010.jpg | Source: blinkit | URL: https://cdn.grofers.com/cdn-cgi/image/f=auto,fit=scale-down,q=70,metadata=none,w=270/da/cms-assets/cms/product/rc-upload-1776962073784-224.png
2026-06-05 22:01:52.191 | INFO     | __main__:process_urls_for_product:190 - Verified Source Attribution | Product: 327646986b93 | File: 327646986b93_011.jpg | Source: blinkit | URL: https://cdn.grofers.com/cdn-cgi/image/f=auto,fit=scale-down,q=70,metadata=none,w=270/da/cms-assets/cms/product/5cbb4e07-5f89-45de-8b26-cb1d3abc5bdc.png
2026-06-05 22:02:48.212 | INFO     | __main__:download_product_images:223 - Product d1d1aee092ff has 0 images (min 10). Using Playwright fallback.
2026-06-05 22:02:51.858 | INFO     | nure.playwright_sources:collect_playwright_images:99 - Playwright blinkit 'Catch CHICKEN MASALA': 15 URLs
2026-06-05 22:02:55.222 | DEBUG    | nure.playwright_sources:collect_playwright_images:95 - Playwright timeout for bigbasket on Catch CHICKEN MASALA
2026-06-05 22:02:55.223 | INFO     | nure.playwright_sources:collect_playwright_images:99 - Playwright bigbasket 'Catch CHICKEN MASALA': 0 URLs
2026-06-05 22:02:58.175 | INFO     | nure.playwright_sources:collect_playwright_images:99 - Playwright jiomart 'Catch CHICKEN MASALA': 1 URLs
2026-06-05 22:03:00.943 | INFO     | nure.playwright_sources:collect_playwright_images:99 - Playwright flipkart 'Catch CHICKEN MASALA 100gm': 0 URLs
2026-06-05 22:03:01.230 | INFO     | __main__:process_urls_for_product:190 - Verified Source Attribution | Product: d1d1aee092ff | File: d1d1aee092ff_000.jpg | Source: blinkit | URL: https://cdn.grofers.com/cdn-cgi/image/f=auto,fit=scale-down,q=70,metadata=none,w=270/da/cms-assets/cms/product/rc-upload-1774944833006-29.png
2026-06-05 22:03:01.662 | INFO     | __main__:process_urls_for_product:190 - Verified Source Attribution | Product: d1d1aee092ff | File: d1d1aee092ff_001.jpg | Source: blinkit | URL: https://cdn.grofers.com/cdn-cgi/image/f=auto,fit=scale-down,q=70,metadata=none,w=270/da/cms-assets/cms/product/2bd9db9b-9293-4d6b-9af7-12de934301a1.png
2026-06-05 22:03:01.924 | INFO     | __main__:process_urls_for_product:190 - Verified Source Attribution | Product: d1d1aee092ff | File: d1d1aee092ff_002.jpg | Source: blinkit | URL: https://cdn.grofers.com/cdn-cgi/image/f=auto,fit=scale-down,q=70,metadata=none,w=270/da/cms-assets/cms/product/d1c5a654-dbb4-43c2-a50f-daae75a907de.png
2026-06-05 22:03:02.184 | INFO     | __main__:process_urls_for_product:190 - Verified Source Attribution | Product: d1d1aee092ff | File: d1d1aee092ff_003.jpg | Source: blinkit | URL: https://cdn.grofers.com/cdn-cgi/image/f=auto,fit=scale-down,q=70,metadata=none,w=270/da/cms-assets/cms/product/83d78eda-327b-4453-9616-2f0a4d16e24d.png
2026-06-05 22:03:02.457 | INFO     | __main__:process_urls_for_product:190 - Verified Source Attribution | Product: d1d1aee092ff | File: d1d1aee092ff_004.jpg | Source: blinkit | URL: https://cdn.grofers.com/cdn-cgi/image/f=auto,fit=scale-down,q=70,metadata=none,w=270/da/cms-assets/cms/product/d0bcaa65-5608-493c-b9b5-368a96d282f1.png
2026-06-05 22:03:02.725 | INFO     | __main__:process_urls_for_product:190 - Verified Source Attribution | Product: d1d1aee092ff | File: d1d1aee092ff_005.jpg | Source: blinkit | URL: https://cdn.grofers.com/cdn-cgi/image/f=auto,fit=scale-down,q=70,metadata=none,w=270/da/cms-assets/cms/product/8f155a79-4c38-40d3-9f71-efa96443b2dd.png
2026-06-05 22:03:03.004 | INFO     | __main__:process_urls_for_product:190 - Verified Source Attribution | Product: d1d1aee092ff | File: d1d1aee092ff_006.jpg | Source: blinkit | URL: https://cdn.grofers.com/cdn-cgi/image/f=auto,fit=scale-down,q=70,metadata=none,w=270/da/cms-assets/cms/product/3859be5c-4e5f-42ff-a13d-1669f7b067a2.png
2026-06-05 22:03:03.262 | INFO     | __main__:process_urls_for_product:190 - Verified Source Attribution | Product: d1d1aee092ff | File: d1d1aee092ff_007.jpg | Source: blinkit | URL: https://cdn.grofers.com/cdn-cgi/image/f=auto,fit=scale-down,q=70,metadata=none,w=270/da/cms-assets/cms/product/144b7199-b931-4598-be11-7e94991d8123.png
2026-06-05 22:03:03.649 | INFO     | __main__:process_urls_for_product:190 - Verified Source Attribution | Product: d1d1aee092ff | File: d1d1aee092ff_008.jpg | Source: blinkit | URL: https://cdn.grofers.com/cdn-cgi/image/f=auto,fit=scale-down,q=70,metadata=none,w=270/da/cms-assets/cms/product/rc-upload-1776962073784-292.png
2026-06-05 22:03:03.929 | INFO     | __main__:process_urls_for_product:190 - Verified Source Attribution | Product: d1d1aee092ff | File: d1d1aee092ff_009.jpg | Source: blinkit | URL: https://cdn.grofers.com/cdn-cgi/image/f=auto,fit=scale-down,q=70,metadata=none,w=270/da/cms-assets/cms/product/f3adf6d4-673c-41c3-ae63-1508b4af2ecd.png
2026-06-05 22:03:04.185 | INFO     | __main__:process_urls_for_product:190 - Verified Source Attribution | Product: d1d1aee092ff | File: d1d1aee092ff_010.jpg | Source: blinkit | URL: https://cdn.grofers.com/cdn-cgi/image/f=auto,fit=scale-down,q=70,metadata=none,w=270/da/cms-assets/cms/product/2d019c0f-4762-4ca6-91fc-7a747ca1a835.png
2026-06-05 22:04:00.552 | INFO     | __main__:download_product_images:223 - Product 9044964948d2 has 0 images (min 10). Using Playwright fallback.
2026-06-05 22:04:04.121 | INFO     | nure.playwright_sources:collect_playwright_images:99 - Playwright blinkit 'Catch SAMBHAR MASALA': 15 URLs
2026-06-05 22:04:07.541 | DEBUG    | nure.playwright_sources:collect_playwright_images:95 - Playwright timeout for bigbasket on Catch SAMBHAR MASALA
2026-06-05 22:04:07.541 | INFO     | nure.playwright_sources:collect_playwright_images:99 - Playwright bigbasket 'Catch SAMBHAR MASALA': 0 URLs
2026-06-05 22:04:10.146 | INFO     | nure.playwright_sources:collect_playwright_images:99 - Playwright jiomart 'Catch SAMBHAR MASALA': 1 URLs
2026-06-05 22:04:12.634 | INFO     | nure.playwright_sources:collect_playwright_images:99 - Playwright flipkart 'Catch SAMBHAR MASALA 100gm': 0 URLs
2026-06-05 22:04:12.878 | INFO     | __main__:process_urls_for_product:190 - Verified Source Attribution | Product: 9044964948d2 | File: 9044964948d2_000.jpg | Source: blinkit | URL: https://cdn.grofers.com/cdn-cgi/image/f=auto,fit=scale-down,q=70,metadata=none,w=270/da/cms-assets/cms/product/67493780-e527-4b7f-bbbd-88b75924bb41.png
2026-06-05 22:04:13.279 | INFO     | __main__:process_urls_for_product:190 - Verified Source Attribution | Product: 9044964948d2 | File: 9044964948d2_001.jpg | Source: blinkit | URL: https://cdn.grofers.com/cdn-cgi/image/f=auto,fit=scale-down,q=70,metadata=none,w=270/da/cms-assets/cms/product/1b9363db-5bea-4924-8ecb-80246e4ebfaf.png
2026-06-05 22:04:13.540 | INFO     | __main__:process_urls_for_product:190 - Verified Source Attribution | Product: 9044964948d2 | File: 9044964948d2_002.jpg | Source: blinkit | URL: https://cdn.grofers.com/cdn-cgi/image/f=auto,fit=scale-down,q=70,metadata=none,w=270/da/cms-assets/cms/product/d70dc261-4adb-44e3-8dc2-22b5de6a8a73.png
2026-06-05 22:04:13.797 | INFO     | __main__:process_urls_for_product:190 - Verified Source Attribution | Product: 9044964948d2 | File: 9044964948d2_003.jpg | Source: blinkit | URL: https://cdn.grofers.com/cdn-cgi/image/f=auto,fit=scale-down,q=70,metadata=none,w=270/da/cms-assets/cms/product/d56e2b17-be67-49f5-8c55-97c201ff2817.png
2026-06-05 22:04:14.061 | INFO     | __main__:process_urls_for_product:190 - Verified Source Attribution | Product: 9044964948d2 | File: 9044964948d2_004.jpg | Source: blinkit | URL: https://cdn.grofers.com/cdn-cgi/image/f=auto,fit=scale-down,q=70,metadata=none,w=270/da/cms-assets/cms/product/rc-upload-1775625358577-280.png
2026-06-05 22:04:14.317 | INFO     | __main__:process_urls_for_product:190 - Verified Source Attribution | Product: 9044964948d2 | File: 9044964948d2_005.jpg | Source: blinkit | URL: https://cdn.grofers.com/cdn-cgi/image/f=auto,fit=scale-down,q=70,metadata=none,w=270/da/cms-assets/cms/product/rc-upload-1773385515396-4.png
2026-06-05 22:04:14.584 | INFO     | __main__:process_urls_for_product:190 - Verified Source Attribution | Product: 9044964948d2 | File: 9044964948d2_006.jpg | Source: blinkit | URL: https://cdn.grofers.com/cdn-cgi/image/f=auto,fit=scale-down,q=70,metadata=none,w=270/da/cms-assets/cms/product/2db10f21-73bd-44ac-8432-6f73c23555ec.png
2026-06-05 22:04:14.848 | INFO     | __main__:process_urls_for_product:190 - Verified Source Attribution | Product: 9044964948d2 | File: 9044964948d2_007.jpg | Source: blinkit | URL: https://cdn.grofers.com/cdn-cgi/image/f=auto,fit=scale-down,q=70,metadata=none,w=270/da/cms-assets/cms/product/3996fc09-a32c-4d39-bb43-8353d37ef29e.png
2026-06-05 22:04:15.112 | INFO     | __main__:process_urls_for_product:190 - Verified Source Attribution | Product: 9044964948d2 | File: 9044964948d2_008.jpg | Source: blinkit | URL: https://cdn.grofers.com/cdn-cgi/image/f=auto,fit=scale-down,q=70,metadata=none,w=270/da/cms-assets/cms/product/ba095407-661d-4779-84cc-060708e5f051.png
2026-06-05 22:04:15.376 | INFO     | __main__:process_urls_for_product:190 - Verified Source Attribution | Product: 9044964948d2 | File: 9044964948d2_009.jpg | Source: blinkit | URL: https://cdn.grofers.com/cdn-cgi/image/f=auto,fit=scale-down,q=70,metadata=none,w=270/da/cms-assets/cms/product/83b7dca9-e5bb-40ed-97cc-65475f47da37.png
2026-06-05 22:04:15.641 | INFO     | __main__:process_urls_for_product:190 - Verified Source Attribution | Product: 9044964948d2 | File: 9044964948d2_010.jpg | Source: blinkit | URL: https://cdn.grofers.com/cdn-cgi/image/f=auto,fit=scale-down,q=70,metadata=none,w=270/da/cms-assets/cms/product/51cbd0e5-1408-4a95-bc19-a37fd57b0262.png
2026-06-05 22:05:12.650 | INFO     | __main__:download_product_images:223 - Product 132a6cab51aa has 0 images (min 10). Using Playwright fallback.
2026-06-05 22:05:16.842 | INFO     | nure.playwright_sources:collect_playwright_images:99 - Playwright blinkit 'Catch Catch Chatpata Chat Masa': 15 URLs
2026-06-05 22:05:20.250 | DEBUG    | nure.playwright_sources:collect_playwright_images:95 - Playwright timeout for bigbasket on Catch Catch Chatpata Chat Masa
2026-06-05 22:05:20.250 | INFO     | nure.playwright_sources:collect_playwright_images:99 - Playwright bigbasket 'Catch Catch Chatpata Chat Masa': 0 URLs
2026-06-05 22:05:23.017 | INFO     | nure.playwright_sources:collect_playwright_images:99 - Playwright jiomart 'Catch Catch Chatpata Chat Masa': 1 URLs
2026-06-05 22:05:25.502 | INFO     | nure.playwright_sources:collect_playwright_images:99 - Playwright flipkart 'Catch Catch Chatpata Chat Masa': 0 URLs
2026-06-05 22:05:25.689 | INFO     | __main__:process_urls_for_product:190 - Verified Source Attribution | Product: 132a6cab51aa | File: 132a6cab51aa_000.jpg | Source: blinkit | URL: https://cdn.grofers.com/cdn-cgi/image/f=auto,fit=scale-down,q=70,metadata=none,w=270/da/cms-assets/cms/product/5787ed07-8b50-4265-ac7a-1fd5b5e6e4d5.png
2026-06-05 22:05:26.018 | INFO     | __main__:process_urls_for_product:190 - Verified Source Attribution | Product: 132a6cab51aa | File: 132a6cab51aa_001.jpg | Source: blinkit | URL: https://cdn.grofers.com/cdn-cgi/image/f=auto,fit=scale-down,q=70,metadata=none,w=270/da/cms-assets/cms/product/rc-upload-1771991783673-911.png
2026-06-05 22:05:26.270 | INFO     | __main__:process_urls_for_product:190 - Verified Source Attribution | Product: 132a6cab51aa | File: 132a6cab51aa_002.jpg | Source: blinkit | URL: https://cdn.grofers.com/cdn-cgi/image/f=auto,fit=scale-down,q=70,metadata=none,w=270/da/cms-assets/cms/product/49770d7b-514c-4a05-a2b1-20bad50461ec.png
2026-06-05 22:05:26.531 | INFO     | __main__:process_urls_for_product:190 - Verified Source Attribution | Product: 132a6cab51aa | File: 132a6cab51aa_003.jpg | Source: blinkit | URL: https://cdn.grofers.com/cdn-cgi/image/f=auto,fit=scale-down,q=70,metadata=none,w=270/da/cms-assets/cms/product/522389e0-a502-4c2d-83b0-ef3f49b846e2.png
2026-06-05 22:05:26.780 | INFO     | __main__:process_urls_for_product:190 - Verified Source Attribution | Product: 132a6cab51aa | File: 132a6cab51aa_004.jpg | Source: blinkit | URL: https://cdn.grofers.com/cdn-cgi/image/f=auto,fit=scale-down,q=70,metadata=none,w=270/da/cms-assets/cms/product/be7427bd-fc44-406d-b3e6-c9d20c52f986.png
2026-06-05 22:05:27.043 | INFO     | __main__:process_urls_for_product:190 - Verified Source Attribution | Product: 132a6cab51aa | File: 132a6cab51aa_005.jpg | Source: blinkit | URL: https://cdn.grofers.com/cdn-cgi/image/f=auto,fit=scale-down,q=70,metadata=none,w=270/da/cms-assets/cms/product/eece4427-3990-4758-b644-feb6f8d68f82.png
2026-06-05 22:05:27.308 | INFO     | __main__:process_urls_for_product:190 - Verified Source Attribution | Product: 132a6cab51aa | File: 132a6cab51aa_006.jpg | Source: blinkit | URL: https://cdn.grofers.com/cdn-cgi/image/f=auto,fit=scale-down,q=70,metadata=none,w=270/da/cms-assets/cms/product/rc-upload-1771828139315-1425.png
2026-06-05 22:05:27.565 | INFO     | __main__:process_urls_for_product:190 - Verified Source Attribution | Product: 132a6cab51aa | File: 132a6cab51aa_007.jpg | Source: blinkit | URL: https://cdn.grofers.com/cdn-cgi/image/f=auto,fit=scale-down,q=70,metadata=none,w=270/da/cms-assets/cms/product/c1141240-4d5e-4bef-95d6-10b339e84da9.png
2026-06-05 22:05:27.829 | INFO     | __main__:process_urls_for_product:190 - Verified Source Attribution | Product: 132a6cab51aa | File: 132a6cab51aa_008.jpg | Source: blinkit | URL: https://cdn.grofers.com/cdn-cgi/image/f=auto,fit=scale-down,q=70,metadata=none,w=270/da/cms-assets/cms/product/c742828b-ca4d-48f9-80b2-d74446bf0199.png
2026-06-05 22:05:28.090 | INFO     | __main__:process_urls_for_product:190 - Verified Source Attribution | Product: 132a6cab51aa | File: 132a6cab51aa_009.jpg | Source: blinkit | URL: https://cdn.grofers.com/cdn-cgi/image/f=auto,fit=scale-down,q=70,metadata=none,w=270/da/cms-assets/cms/product/f1930490-9816-4667-adb6-78ca56380480.png
2026-06-05 22:05:28.352 | INFO     | __main__:process_urls_for_product:190 - Verified Source Attribution | Product: 132a6cab51aa | File: 132a6cab51aa_010.jpg | Source: blinkit | URL: https://cdn.grofers.com/cdn-cgi/image/f=auto,fit=scale-down,q=70,metadata=none,w=270/da/cms-assets/cms/product/119e04eb-0cfa-4805-9852-0701655e0173.png
2026-06-05 22:05:28.613 | INFO     | __main__:process_urls_for_product:190 - Verified Source Attribution | Product: 132a6cab51aa | File: 132a6cab51aa_011.jpg | Source: blinkit | URL: https://cdn.grofers.com/cdn-cgi/image/f=auto,fit=scale-down,q=70,metadata=none,w=270/da/cms-assets/cms/product/9060fcb8-a32c-44c8-ac0d-11bfe5b9c721.png
2026-06-05 22:05:28.870 | INFO     | __main__:process_urls_for_product:190 - Verified Source Attribution | Product: 132a6cab51aa | File: 132a6cab51aa_012.jpg | Source: blinkit | URL: https://cdn.grofers.com/cdn-cgi/image/f=auto,fit=scale-down,q=70,metadata=none,w=270/da/cms-assets/cms/product/rc-upload-1778348720635-185.png
2026-06-05 22:05:29.126 | INFO     | __main__:process_urls_for_product:190 - Verified Source Attribution | Product: 132a6cab51aa | File: 132a6cab51aa_013.jpg | Source: blinkit | URL: https://cdn.grofers.com/cdn-cgi/image/f=auto,fit=scale-down,q=70,metadata=none,w=270/da/cms-assets/cms/product/rc-upload-1771991783673-1156.png
2026-06-05 22:06:55.685 | INFO     | __main__:download_product_images:223 - Product 482fcd19abdb has 0 images (min 10). Using Playwright fallback.
2026-06-05 22:06:59.587 | INFO     | nure.playwright_sources:collect_playwright_images:99 - Playwright blinkit 'Catch Catch sabzi masala': 15 URLs
2026-06-05 22:07:02.967 | DEBUG    | nure.playwright_sources:collect_playwright_images:95 - Playwright timeout for bigbasket on Catch Catch sabzi masala
2026-06-05 22:07:02.967 | INFO     | nure.playwright_sources:collect_playwright_images:99 - Playwright bigbasket 'Catch Catch sabzi masala': 0 URLs
2026-06-05 22:07:06.016 | INFO     | nure.playwright_sources:collect_playwright_images:99 - Playwright jiomart 'Catch Catch sabzi masala': 1 URLs
2026-06-05 22:07:08.585 | INFO     | nure.playwright_sources:collect_playwright_images:99 - Playwright flipkart 'Catch Catch sabzi masala 100 g': 0 URLs
2026-06-05 22:07:08.776 | INFO     | __main__:process_urls_for_product:190 - Verified Source Attribution | Product: 482fcd19abdb | File: 482fcd19abdb_000.jpg | Source: blinkit | URL: https://cdn.grofers.com/cdn-cgi/image/f=auto,fit=scale-down,q=70,metadata=none,w=270/da/cms-assets/cms/product/180ba0df-8c43-4f31-80b7-33eac061a13b.png
2026-06-05 22:07:09.103 | INFO     | __main__:process_urls_for_product:190 - Verified Source Attribution | Product: 482fcd19abdb | File: 482fcd19abdb_001.jpg | Source: blinkit | URL: https://cdn.grofers.com/cdn-cgi/image/f=auto,fit=scale-down,q=70,metadata=none,w=270/da/cms-assets/cms/product/8b7993b7-0d4f-47f0-850f-668857bf2b05.png
2026-06-05 22:07:09.357 | INFO     | __main__:process_urls_for_product:190 - Verified Source Attribution | Product: 482fcd19abdb | File: 482fcd19abdb_002.jpg | Source: blinkit | URL: https://cdn.grofers.com/cdn-cgi/image/f=auto,fit=scale-down,q=70,metadata=none,w=270/da/cms-assets/cms/product/8938cc11-f3fb-42be-bd05-58f9bd2c2044.png
2026-06-05 22:07:09.608 | INFO     | __main__:process_urls_for_product:190 - Verified Source Attribution | Product: 482fcd19abdb | File: 482fcd19abdb_003.jpg | Source: blinkit | URL: https://cdn.grofers.com/cdn-cgi/image/f=auto,fit=scale-down,q=70,metadata=none,w=270/da/cms-assets/cms/product/rc-upload-1778470572131-1614.png
2026-06-05 22:07:09.857 | INFO     | __main__:process_urls_for_product:190 - Verified Source Attribution | Product: 482fcd19abdb | File: 482fcd19abdb_004.jpg | Source: blinkit | URL: https://cdn.grofers.com/cdn-cgi/image/f=auto,fit=scale-down,q=70,metadata=none,w=270/da/cms-assets/cms/product/rc-upload-1778470572131-1625.png
2026-06-05 22:07:10.110 | INFO     | __main__:process_urls_for_product:190 - Verified Source Attribution | Product: 482fcd19abdb | File: 482fcd19abdb_005.jpg | Source: blinkit | URL: https://cdn.grofers.com/cdn-cgi/image/f=auto,fit=scale-down,q=70,metadata=none,w=270/da/cms-assets/cms/product/594b2970-2e0f-4f57-8bcf-67d5278fe6a0.png
2026-06-05 22:07:10.385 | INFO     | __main__:process_urls_for_product:190 - Verified Source Attribution | Product: 482fcd19abdb | File: 482fcd19abdb_006.jpg | Source: blinkit | URL: https://cdn.grofers.com/cdn-cgi/image/f=auto,fit=scale-down,q=70,metadata=none,w=270/da/cms-assets/cms/product/d7a05f21-95d9-463f-8c06-82ed70015ea3.png
2026-06-05 22:07:10.650 | INFO     | __main__:process_urls_for_product:190 - Verified Source Attribution | Product: 482fcd19abdb | File: 482fcd19abdb_007.jpg | Source: blinkit | URL: https://cdn.grofers.com/cdn-cgi/image/f=auto,fit=scale-down,q=70,metadata=none,w=270/da/cms-assets/cms/product/4b40c110-d403-41fc-83e9-9a6829f1bccd.png
2026-06-05 22:07:10.906 | INFO     | __main__:process_urls_for_product:190 - Verified Source Attribution | Product: 482fcd19abdb | File: 482fcd19abdb_008.jpg | Source: blinkit | URL: https://cdn.grofers.com/cdn-cgi/image/f=auto,fit=scale-down,q=70,metadata=none,w=270/da/cms-assets/cms/product/rc-upload-1774582588565-501.png
2026-06-05 22:07:11.235 | INFO     | __main__:process_urls_for_product:190 - Verified Source Attribution | Product: 482fcd19abdb | File: 482fcd19abdb_009.jpg | Source: blinkit | URL: https://cdn.grofers.com/cdn-cgi/image/f=auto,fit=scale-down,q=70,metadata=none,w=270/da/cms-assets/cms/product/dcc62f4d-1542-44aa-92de-b6651433cdab.png
2026-06-05 22:07:11.499 | INFO     | __main__:process_urls_for_product:190 - Verified Source Attribution | Product: 482fcd19abdb | File: 482fcd19abdb_010.jpg | Source: blinkit | URL: https://cdn.grofers.com/cdn-cgi/image/f=auto,fit=scale-down,q=70,metadata=none,w=270/da/cms-assets/cms/product/rc-upload-1771991783673-922.png
2026-06-05 22:07:11.765 | INFO     | __main__:process_urls_for_product:190 - Verified Source Attribution | Product: 482fcd19abdb | File: 482fcd19abdb_011.jpg | Source: blinkit | URL: https://cdn.grofers.com/cdn-cgi/image/f=auto,fit=scale-down,q=70,metadata=none,w=270/da/cms-assets/cms/product/rc-upload-1771991783673-911.png
2026-06-05 22:07:12.135 | INFO     | __main__:process_urls_for_product:190 - Verified Source Attribution | Product: 482fcd19abdb | File: 482fcd19abdb_012.jpg | Source: blinkit | URL: https://cdn.grofers.com/cdn-cgi/image/f=auto,fit=scale-down,q=70,metadata=none,w=270/da/cms-assets/cms/product/2bd9db9b-9293-4d6b-9af7-12de934301a1.png
2026-06-05 22:08:09.150 | INFO     | __main__:download_product_images:223 - Product 209cbc52d464 has 0 images (min 10). Using Playwright fallback.
2026-06-05 22:08:14.638 | DEBUG    | nure.playwright_sources:collect_playwright_images:95 - Playwright timeout for blinkit on Catch JALJEERA
2026-06-05 22:08:14.638 | INFO     | nure.playwright_sources:collect_playwright_images:99 - Playwright blinkit 'Catch JALJEERA': 0 URLs
2026-06-05 22:08:17.974 | DEBUG    | nure.playwright_sources:collect_playwright_images:95 - Playwright timeout for bigbasket on Catch JALJEERA
2026-06-05 22:08:17.974 | INFO     | nure.playwright_sources:collect_playwright_images:99 - Playwright bigbasket 'Catch JALJEERA': 0 URLs
2026-06-05 22:08:20.580 | INFO     | nure.playwright_sources:collect_playwright_images:99 - Playwright jiomart 'Catch JALJEERA': 1 URLs
2026-06-05 22:08:23.148 | INFO     | nure.playwright_sources:collect_playwright_images:99 - Playwright flipkart 'Catch JALJEERA 100gm': 0 URLs
2026-06-05 22:09:48.048 | INFO     | __main__:download_product_images:223 - Product bcbb95b8d57b has 0 images (min 10). Using Playwright fallback.
2026-06-05 22:09:52.111 | INFO     | nure.playwright_sources:collect_playwright_images:99 - Playwright blinkit 'Catch MEAT MASALA': 15 URLs
2026-06-05 22:09:55.463 | DEBUG    | nure.playwright_sources:collect_playwright_images:95 - Playwright timeout for bigbasket on Catch MEAT MASALA
2026-06-05 22:09:55.463 | INFO     | nure.playwright_sources:collect_playwright_images:99 - Playwright bigbasket 'Catch MEAT MASALA': 0 URLs
2026-06-05 22:09:58.123 | INFO     | nure.playwright_sources:collect_playwright_images:99 - Playwright jiomart 'Catch MEAT MASALA': 1 URLs
2026-06-05 22:10:00.653 | INFO     | nure.playwright_sources:collect_playwright_images:99 - Playwright flipkart 'Catch MEAT MASALA 100gm': 0 URLs
2026-06-05 22:10:00.914 | INFO     | __main__:process_urls_for_product:190 - Verified Source Attribution | Product: bcbb95b8d57b | File: bcbb95b8d57b_000.jpg | Source: blinkit | URL: https://cdn.grofers.com/cdn-cgi/image/f=auto,fit=scale-down,q=70,metadata=none,w=270/da/cms-assets/cms/product/5f1e02e5-d062-4bfc-af51-20a9634dc2f5.png
2026-06-05 22:10:01.340 | INFO     | __main__:process_urls_for_product:190 - Verified Source Attribution | Product: bcbb95b8d57b | File: bcbb95b8d57b_001.jpg | Source: blinkit | URL: https://cdn.grofers.com/cdn-cgi/image/f=auto,fit=scale-down,q=70,metadata=none,w=270/da/cms-assets/cms/product/cb16f541-fa83-4b6a-8ff9-f987a87dd2fd.png
2026-06-05 22:10:01.587 | INFO     | __main__:process_urls_for_product:190 - Verified Source Attribution | Product: bcbb95b8d57b | File: bcbb95b8d57b_002.jpg | Source: blinkit | URL: https://cdn.grofers.com/cdn-cgi/image/f=auto,fit=scale-down,q=70,metadata=none,w=270/da/cms-assets/cms/product/6e915bf5-7a81-4897-a4ef-8c3dd76719df.png
2026-06-05 22:10:01.845 | INFO     | __main__:process_urls_for_product:190 - Verified Source Attribution | Product: bcbb95b8d57b | File: bcbb95b8d57b_003.jpg | Source: blinkit | URL: https://cdn.grofers.com/cdn-cgi/image/f=auto,fit=scale-down,q=70,metadata=none,w=270/da/cms-assets/cms/product/259a56e0-31d5-4cce-a28c-787954a443fe.png
2026-06-05 22:10:02.114 | INFO     | __main__:process_urls_for_product:190 - Verified Source Attribution | Product: bcbb95b8d57b | File: bcbb95b8d57b_004.jpg | Source: blinkit | URL: https://cdn.grofers.com/cdn-cgi/image/f=auto,fit=scale-down,q=70,metadata=none,w=270/da/cms-assets/cms/product/rc-upload-1777606736566-691.png
2026-06-05 22:10:02.377 | INFO     | __main__:process_urls_for_product:190 - Verified Source Attribution | Product: bcbb95b8d57b | File: bcbb95b8d57b_005.jpg | Source: blinkit | URL: https://cdn.grofers.com/cdn-cgi/image/f=auto,fit=scale-down,q=70,metadata=none,w=270/da/cms-assets/cms/product/5f44778e-2180-4ade-a13a-e6d9eb4cd293.png
2026-06-05 22:10:02.660 | INFO     | __main__:process_urls_for_product:190 - Verified Source Attribution | Product: bcbb95b8d57b | File: bcbb95b8d57b_006.jpg | Source: blinkit | URL: https://cdn.grofers.com/cdn-cgi/image/f=auto,fit=scale-down,q=70,metadata=none,w=270/da/cms-assets/cms/product/77219ac9-63d2-4c8c-b714-62ee8062307d.png
2026-06-05 22:10:02.921 | INFO     | __main__:process_urls_for_product:190 - Verified Source Attribution | Product: bcbb95b8d57b | File: bcbb95b8d57b_007.jpg | Source: blinkit | URL: https://cdn.grofers.com/cdn-cgi/image/f=auto,fit=scale-down,q=70,metadata=none,w=270/da/cms-assets/cms/product/rc-upload-1775625358577-291.png
2026-06-05 22:10:03.192 | INFO     | __main__:process_urls_for_product:190 - Verified Source Attribution | Product: bcbb95b8d57b | File: bcbb95b8d57b_008.jpg | Source: blinkit | URL: https://cdn.grofers.com/cdn-cgi/image/f=auto,fit=scale-down,q=70,metadata=none,w=270/da/cms-assets/cms/product/721012be-68be-4ebc-a4f4-460d7d0b6765.png
2026-06-05 22:10:03.452 | INFO     | __main__:process_urls_for_product:190 - Verified Source Attribution | Product: bcbb95b8d57b | File: bcbb95b8d57b_009.jpg | Source: blinkit | URL: https://cdn.grofers.com/cdn-cgi/image/f=auto,fit=scale-down,q=70,metadata=none,w=270/da/cms-assets/cms/product/d74617d8-a46b-4486-975d-e648cbe8cd98.png
2026-06-05 22:10:03.717 | INFO     | __main__:process_urls_for_product:190 - Verified Source Attribution | Product: bcbb95b8d57b | File: bcbb95b8d57b_010.jpg | Source: blinkit | URL: https://cdn.grofers.com/cdn-cgi/image/f=auto,fit=scale-down,q=70,metadata=none,w=270/da/cms-assets/cms/product/7a492a26-dc45-4834-a797-7865f9b58ac6.png
2026-06-05 22:10:03.979 | INFO     | __main__:process_urls_for_product:190 - Verified Source Attribution | Product: bcbb95b8d57b | File: bcbb95b8d57b_011.jpg | Source: blinkit | URL: https://cdn.grofers.com/cdn-cgi/image/f=auto,fit=scale-down,q=70,metadata=none,w=270/da/cms-assets/cms/product/5b169ae2-9309-49c5-8a14-988d92c7c7c8.png
2026-06-05 22:11:00.577 | INFO     | __main__:download_product_images:223 - Product b5e4183c842c has 0 images (min 10). Using Playwright fallback.
2026-06-05 22:11:04.316 | INFO     | nure.playwright_sources:collect_playwright_images:99 - Playwright blinkit 'Catch Garam masala': 15 URLs
2026-06-05 22:11:07.659 | DEBUG    | nure.playwright_sources:collect_playwright_images:95 - Playwright timeout for bigbasket on Catch Garam masala
2026-06-05 22:11:07.659 | INFO     | nure.playwright_sources:collect_playwright_images:99 - Playwright bigbasket 'Catch Garam masala': 0 URLs
2026-06-05 22:11:11.072 | INFO     | nure.playwright_sources:collect_playwright_images:99 - Playwright jiomart 'Catch Garam masala': 1 URLs
2026-06-05 22:11:13.530 | INFO     | nure.playwright_sources:collect_playwright_images:99 - Playwright flipkart 'Catch Garam masala 100gm': 0 URLs
2026-06-05 22:11:13.920 | INFO     | __main__:process_urls_for_product:190 - Verified Source Attribution | Product: b5e4183c842c | File: b5e4183c842c_000.jpg | Source: blinkit | URL: https://cdn.grofers.com/cdn-cgi/image/f=auto,fit=scale-down,q=70,metadata=none,w=270/da/cms-assets/cms/product/rc-upload-1776962073784-235.png
2026-06-05 22:11:14.345 | INFO     | __main__:process_urls_for_product:190 - Verified Source Attribution | Product: b5e4183c842c | File: b5e4183c842c_001.jpg | Source: blinkit | URL: https://cdn.grofers.com/cdn-cgi/image/f=auto,fit=scale-down,q=70,metadata=none,w=270/da/cms-assets/cms/product/69a31956-f8d0-478e-ba19-64c61b2e4635.png
2026-06-05 22:11:14.769 | INFO     | __main__:process_urls_for_product:190 - Verified Source Attribution | Product: b5e4183c842c | File: b5e4183c842c_002.jpg | Source: blinkit | URL: https://cdn.grofers.com/cdn-cgi/image/f=auto,fit=scale-down,q=70,metadata=none,w=270/da/cms-assets/cms/product/63b36c14-e6a2-4c61-bf77-091b9b457c8a.png
2026-06-05 22:11:15.046 | INFO     | __main__:process_urls_for_product:190 - Verified Source Attribution | Product: b5e4183c842c | File: b5e4183c842c_003.jpg | Source: blinkit | URL: https://cdn.grofers.com/cdn-cgi/image/f=auto,fit=scale-down,q=70,metadata=none,w=270/da/cms-assets/cms/product/rc-upload-1776962073784-369.png
2026-06-05 22:11:15.306 | INFO     | __main__:process_urls_for_product:190 - Verified Source Attribution | Product: b5e4183c842c | File: b5e4183c842c_004.jpg | Source: blinkit | URL: https://cdn.grofers.com/cdn-cgi/image/f=auto,fit=scale-down,q=70,metadata=none,w=270/da/cms-assets/cms/product/345829e4-508c-47a5-aee7-9ad35bac9291.png
2026-06-05 22:11:15.572 | INFO     | __main__:process_urls_for_product:190 - Verified Source Attribution | Product: b5e4183c842c | File: b5e4183c842c_005.jpg | Source: blinkit | URL: https://cdn.grofers.com/cdn-cgi/image/f=auto,fit=scale-down,q=70,metadata=none,w=270/da/cms-assets/cms/product/da1404fe-bb49-42c1-a038-e3aaf7117eae.png
2026-06-05 22:11:15.836 | INFO     | __main__:process_urls_for_product:190 - Verified Source Attribution | Product: b5e4183c842c | File: b5e4183c842c_006.jpg | Source: blinkit | URL: https://cdn.grofers.com/cdn-cgi/image/f=auto,fit=scale-down,q=70,metadata=none,w=270/da/cms-assets/cms/product/857ea321-f5f2-480d-8f47-1e711f33bc30.png
2026-06-05 22:11:16.114 | INFO     | __main__:process_urls_for_product:190 - Verified Source Attribution | Product: b5e4183c842c | File: b5e4183c842c_007.jpg | Source: blinkit | URL: https://cdn.grofers.com/cdn-cgi/image/f=auto,fit=scale-down,q=70,metadata=none,w=270/da/cms-assets/cms/product/92671cc0-6174-41a8-b5db-da51b00c3255.png
2026-06-05 22:11:16.381 | INFO     | __main__:process_urls_for_product:190 - Verified Source Attribution | Product: b5e4183c842c | File: b5e4183c842c_008.jpg | Source: blinkit | URL: https://cdn.grofers.com/cdn-cgi/image/f=auto,fit=scale-down,q=70,metadata=none,w=270/da/cms-assets/cms/product/3f8f1e6e-f656-41bd-b901-c964b32a6069.png
2026-06-05 22:11:16.640 | INFO     | __main__:process_urls_for_product:190 - Verified Source Attribution | Product: b5e4183c842c | File: b5e4183c842c_009.jpg | Source: blinkit | URL: https://cdn.grofers.com/cdn-cgi/image/f=auto,fit=scale-down,q=70,metadata=none,w=270/da/cms-assets/cms/product/rc-upload-1774351143403-198.png
2026-06-05 22:12:13.138 | INFO     | __main__:download_product_images:223 - Product 4bd81afa3459 has 0 images (min 10). Using Playwright fallback.
2026-06-05 22:12:17.025 | INFO     | nure.playwright_sources:collect_playwright_images:99 - Playwright blinkit 'Catch catch Rajma masala': 15 URLs
2026-06-05 22:12:20.402 | DEBUG    | nure.playwright_sources:collect_playwright_images:95 - Playwright timeout for bigbasket on Catch catch Rajma masala
2026-06-05 22:12:20.402 | INFO     | nure.playwright_sources:collect_playwright_images:99 - Playwright bigbasket 'Catch catch Rajma masala': 0 URLs
2026-06-05 22:12:23.299 | INFO     | nure.playwright_sources:collect_playwright_images:99 - Playwright jiomart 'Catch catch Rajma masala': 1 URLs
2026-06-05 22:12:25.925 | INFO     | nure.playwright_sources:collect_playwright_images:99 - Playwright flipkart 'Catch catch Rajma masala 100g': 0 URLs
2026-06-05 22:12:26.109 | INFO     | __main__:process_urls_for_product:190 - Verified Source Attribution | Product: 4bd81afa3459 | File: 4bd81afa3459_000.jpg | Source: blinkit | URL: https://cdn.grofers.com/cdn-cgi/image/f=auto,fit=scale-down,q=70,metadata=none,w=270/da/cms-assets/cms/product/0bdb6582-bfb8-4b6f-be84-37644e8c39ab.png
2026-06-05 22:12:26.462 | INFO     | __main__:process_urls_for_product:190 - Verified Source Attribution | Product: 4bd81afa3459 | File: 4bd81afa3459_001.jpg | Source: blinkit | URL: https://cdn.grofers.com/cdn-cgi/image/f=auto,fit=scale-down,q=70,metadata=none,w=270/da/cms-assets/cms/product/426befa5-a528-4356-b699-291611f09257.png
2026-06-05 22:12:26.737 | INFO     | __main__:process_urls_for_product:190 - Verified Source Attribution | Product: 4bd81afa3459 | File: 4bd81afa3459_002.jpg | Source: blinkit | URL: https://cdn.grofers.com/cdn-cgi/image/f=auto,fit=scale-down,q=70,metadata=none,w=270/da/cms-assets/cms/product/34eb3f9a-16ed-4887-beb5-1749c6f90b98.png
2026-06-05 22:12:27.017 | INFO     | __main__:process_urls_for_product:190 - Verified Source Attribution | Product: 4bd81afa3459 | File: 4bd81afa3459_003.jpg | Source: blinkit | URL: https://cdn.grofers.com/cdn-cgi/image/f=auto,fit=scale-down,q=70,metadata=none,w=270/da/cms-assets/cms/product/606d6220-d772-4dc4-b61d-e27e7fb319af.png
2026-06-05 22:12:27.289 | INFO     | __main__:process_urls_for_product:190 - Verified Source Attribution | Product: 4bd81afa3459 | File: 4bd81afa3459_004.jpg | Source: blinkit | URL: https://cdn.grofers.com/cdn-cgi/image/f=auto,fit=scale-down,q=70,metadata=none,w=270/da/cms-assets/cms/product/63f14e10-ecae-4ecc-9d17-c2ba9555525d.png
2026-06-05 22:12:27.559 | INFO     | __main__:process_urls_for_product:190 - Verified Source Attribution | Product: 4bd81afa3459 | File: 4bd81afa3459_005.jpg | Source: blinkit | URL: https://cdn.grofers.com/cdn-cgi/image/f=auto,fit=scale-down,q=70,metadata=none,w=270/da/cms-assets/cms/product/49935ca2-f5d4-4edc-998e-8daeece79a46.png
2026-06-05 22:12:27.825 | INFO     | __main__:process_urls_for_product:190 - Verified Source Attribution | Product: 4bd81afa3459 | File: 4bd81afa3459_006.jpg | Source: blinkit | URL: https://cdn.grofers.com/cdn-cgi/image/f=auto,fit=scale-down,q=70,metadata=none,w=270/da/cms-assets/cms/product/fa059fae-54cb-4c80-b6ce-2668ce76e971.png
2026-06-05 22:12:28.093 | INFO     | __main__:process_urls_for_product:190 - Verified Source Attribution | Product: 4bd81afa3459 | File: 4bd81afa3459_007.jpg | Source: blinkit | URL: https://cdn.grofers.com/cdn-cgi/image/f=auto,fit=scale-down,q=70,metadata=none,w=270/da/cms-assets/cms/product/0ad77dc4-b90e-4e66-93a0-d3d9165368fd.png
2026-06-05 22:12:28.469 | INFO     | __main__:process_urls_for_product:190 - Verified Source Attribution | Product: 4bd81afa3459 | File: 4bd81afa3459_008.jpg | Source: blinkit | URL: https://cdn.grofers.com/cdn-cgi/image/f=auto,fit=scale-down,q=70,metadata=none,w=270/da/cms-assets/cms/product/384e9263-24e5-4d0b-9942-8201d6e31f27.png
2026-06-05 22:12:28.750 | INFO     | __main__:process_urls_for_product:190 - Verified Source Attribution | Product: 4bd81afa3459 | File: 4bd81afa3459_009.jpg | Source: blinkit | URL: https://cdn.grofers.com/cdn-cgi/image/f=auto,fit=scale-down,q=70,metadata=none,w=270/da/cms-assets/cms/product/19c943a7-36e2-4a0f-93cc-0970507586ed.png
2026-06-05 22:12:29.018 | INFO     | __main__:process_urls_for_product:190 - Verified Source Attribution | Product: 4bd81afa3459 | File: 4bd81afa3459_010.jpg | Source: blinkit | URL: https://cdn.grofers.com/cdn-cgi/image/f=auto,fit=scale-down,q=70,metadata=none,w=270/da/cms-assets/cms/product/8adb6f40-7992-4a59-bc50-d889a75f45cd.png
2026-06-05 22:12:29.277 | INFO     | __main__:process_urls_for_product:190 - Verified Source Attribution | Product: 4bd81afa3459 | File: 4bd81afa3459_011.jpg | Source: blinkit | URL: https://cdn.grofers.com/cdn-cgi/image/f=auto,fit=scale-down,q=70,metadata=none,w=270/da/cms-assets/cms/product/e045f9f7-168f-41fe-8785-f7b69814859e.png
2026-06-05 22:12:29.547 | INFO     | __main__:process_urls_for_product:190 - Verified Source Attribution | Product: 4bd81afa3459 | File: 4bd81afa3459_012.jpg | Source: blinkit | URL: https://cdn.grofers.com/cdn-cgi/image/f=auto,fit=scale-down,q=70,metadata=none,w=270/da/cms-assets/cms/product/rc-upload-1771991783673-922.png
2026-06-05 22:13:25.925 | INFO     | __main__:download_product_images:223 - Product 539467814884 has 0 images (min 10). Using Playwright fallback.
2026-06-05 22:13:29.643 | INFO     | nure.playwright_sources:collect_playwright_images:99 - Playwright blinkit 'Catch Amchur power': 15 URLs
2026-06-05 22:13:32.976 | DEBUG    | nure.playwright_sources:collect_playwright_images:95 - Playwright timeout for bigbasket on Catch Amchur power
2026-06-05 22:13:32.977 | INFO     | nure.playwright_sources:collect_playwright_images:99 - Playwright bigbasket 'Catch Amchur power': 0 URLs
2026-06-05 22:13:35.983 | INFO     | nure.playwright_sources:collect_playwright_images:99 - Playwright jiomart 'Catch Amchur power': 1 URLs
2026-06-05 22:13:38.420 | INFO     | nure.playwright_sources:collect_playwright_images:99 - Playwright flipkart 'Catch Amchur power 100g': 0 URLs
2026-06-05 22:13:38.684 | INFO     | __main__:process_urls_for_product:190 - Verified Source Attribution | Product: 539467814884 | File: 539467814884_000.jpg | Source: blinkit | URL: https://cdn.grofers.com/cdn-cgi/image/f=auto,fit=scale-down,q=70,metadata=none,w=270/da/cms-assets/cms/product/3fe2e44a-016d-4f1c-835b-1410580b3a62.png
2026-06-05 22:13:39.111 | INFO     | __main__:process_urls_for_product:190 - Verified Source Attribution | Product: 539467814884 | File: 539467814884_001.jpg | Source: blinkit | URL: https://cdn.grofers.com/cdn-cgi/image/f=auto,fit=scale-down,q=70,metadata=none,w=270/da/cms-assets/cms/product/rc-upload-1771991783673-940.png
2026-06-05 22:13:39.413 | INFO     | __main__:process_urls_for_product:190 - Verified Source Attribution | Product: 539467814884 | File: 539467814884_002.jpg | Source: blinkit | URL: https://cdn.grofers.com/cdn-cgi/image/f=auto,fit=scale-down,q=70,metadata=none,w=270/da/cms-assets/cms/product/3570a6d0-1b82-4fc0-9fc6-ce79e193e7ee.png
2026-06-05 22:13:39.663 | INFO     | __main__:process_urls_for_product:190 - Verified Source Attribution | Product: 539467814884 | File: 539467814884_003.jpg | Source: blinkit | URL: https://cdn.grofers.com/cdn-cgi/image/f=auto,fit=scale-down,q=70,metadata=none,w=270/da/cms-assets/cms/product/0ee77622-dc78-4788-bd31-4d4ae671a1e8.png
2026-06-05 22:13:39.929 | INFO     | __main__:process_urls_for_product:190 - Verified Source Attribution | Product: 539467814884 | File: 539467814884_004.jpg | Source: blinkit | URL: https://cdn.grofers.com/cdn-cgi/image/f=auto,fit=scale-down,q=70,metadata=none,w=270/da/cms-assets/cms/product/0c7630e8-7e6d-4c9f-8f59-610c742cdf54.png
2026-06-05 22:13:40.199 | INFO     | __main__:process_urls_for_product:190 - Verified Source Attribution | Product: 539467814884 | File: 539467814884_005.jpg | Source: blinkit | URL: https://cdn.grofers.com/cdn-cgi/image/f=auto,fit=scale-down,q=70,metadata=none,w=270/da/cms-assets/cms/product/a4bf0d45-c6dc-4ace-be1a-cef6c0fa7ad6.png
2026-06-05 22:13:40.476 | INFO     | __main__:process_urls_for_product:190 - Verified Source Attribution | Product: 539467814884 | File: 539467814884_006.jpg | Source: blinkit | URL: https://cdn.grofers.com/cdn-cgi/image/f=auto,fit=scale-down,q=70,metadata=none,w=270/da/cms-assets/cms/product/aec1d730-a88f-4382-80a9-ce3111c66415.png
2026-06-05 22:13:40.732 | INFO     | __main__:process_urls_for_product:190 - Verified Source Attribution | Product: 539467814884 | File: 539467814884_007.jpg | Source: blinkit | URL: https://cdn.grofers.com/cdn-cgi/image/f=auto,fit=scale-down,q=70,metadata=none,w=270/da/cms-assets/cms/product/ac8a1c57-f8ee-4e65-ba18-3fd192310008.png
2026-06-05 22:13:41.002 | INFO     | __main__:process_urls_for_product:190 - Verified Source Attribution | Product: 539467814884 | File: 539467814884_008.jpg | Source: blinkit | URL: https://cdn.grofers.com/cdn-cgi/image/f=auto,fit=scale-down,q=70,metadata=none,w=270/da/cms-assets/cms/product/rc-upload-1771991783673-911.png
2026-06-05 22:13:41.266 | INFO     | __main__:process_urls_for_product:190 - Verified Source Attribution | Product: 539467814884 | File: 539467814884_009.jpg | Source: blinkit | URL: https://cdn.grofers.com/cdn-cgi/image/f=auto,fit=scale-down,q=70,metadata=none,w=270/da/cms-assets/cms/product/522389e0-a502-4c2d-83b0-ef3f49b846e2.png
2026-06-05 22:13:41.541 | INFO     | __main__:process_urls_for_product:190 - Verified Source Attribution | Product: 539467814884 | File: 539467814884_010.jpg | Source: blinkit | URL: https://cdn.grofers.com/cdn-cgi/image/f=auto,fit=scale-down,q=70,metadata=none,w=270/da/cms-assets/cms/product/49770d7b-514c-4a05-a2b1-20bad50461ec.png
2026-06-05 22:14:38.130 | INFO     | __main__:download_product_images:223 - Product 5013ac7a3a54 has 0 images (min 10). Using Playwright fallback.
2026-06-05 22:14:42.199 | INFO     | nure.playwright_sources:collect_playwright_images:99 - Playwright blinkit 'Catch Kashmiri mirch power': 15 URLs
2026-06-05 22:14:45.523 | DEBUG    | nure.playwright_sources:collect_playwright_images:95 - Playwright timeout for bigbasket on Catch Kashmiri mirch power
2026-06-05 22:14:45.523 | INFO     | nure.playwright_sources:collect_playwright_images:99 - Playwright bigbasket 'Catch Kashmiri mirch power': 0 URLs
2026-06-05 22:14:48.720 | INFO     | nure.playwright_sources:collect_playwright_images:99 - Playwright jiomart 'Catch Kashmiri mirch power': 1 URLs
2026-06-05 22:14:51.323 | INFO     | nure.playwright_sources:collect_playwright_images:99 - Playwright flipkart 'Catch Kashmiri mirch power 100': 0 URLs
2026-06-05 22:14:51.582 | INFO     | __main__:process_urls_for_product:190 - Verified Source Attribution | Product: 5013ac7a3a54 | File: 5013ac7a3a54_000.jpg | Source: blinkit | URL: https://cdn.grofers.com/cdn-cgi/image/f=auto,fit=scale-down,q=70,metadata=none,w=270/da/cms-assets/cms/product/rc-upload-1771991783673-932.png
2026-06-05 22:14:51.907 | INFO     | __main__:process_urls_for_product:190 - Verified Source Attribution | Product: 5013ac7a3a54 | File: 5013ac7a3a54_001.jpg | Source: blinkit | URL: https://cdn.grofers.com/cdn-cgi/image/f=auto,fit=scale-down,q=70,metadata=none,w=270/da/cms-assets/cms/product/860cd2f4-5f3d-4032-86f2-e5d3a8bf4cd1.png
2026-06-05 22:14:52.167 | INFO     | __main__:process_urls_for_product:190 - Verified Source Attribution | Product: 5013ac7a3a54 | File: 5013ac7a3a54_002.jpg | Source: blinkit | URL: https://cdn.grofers.com/cdn-cgi/image/f=auto,fit=scale-down,q=70,metadata=none,w=270/da/cms-assets/cms/product/303d2d17-25b2-4e98-b297-babefc19a8d1.png
2026-06-05 22:14:52.456 | INFO     | __main__:process_urls_for_product:190 - Verified Source Attribution | Product: 5013ac7a3a54 | File: 5013ac7a3a54_003.jpg | Source: blinkit | URL: https://cdn.grofers.com/cdn-cgi/image/f=auto,fit=scale-down,q=70,metadata=none,w=270/da/cms-assets/cms/product/c68337a8-5b3d-4470-93ef-12789024a62a.png
2026-06-05 22:14:52.710 | INFO     | __main__:process_urls_for_product:190 - Verified Source Attribution | Product: 5013ac7a3a54 | File: 5013ac7a3a54_004.jpg | Source: blinkit | URL: https://cdn.grofers.com/cdn-cgi/image/f=auto,fit=scale-down,q=70,metadata=none,w=270/da/cms-assets/cms/product/rc-upload-1771991783673-971.png
2026-06-05 22:14:52.989 | INFO     | __main__:process_urls_for_product:190 - Verified Source Attribution | Product: 5013ac7a3a54 | File: 5013ac7a3a54_005.jpg | Source: blinkit | URL: https://cdn.grofers.com/cdn-cgi/image/f=auto,fit=scale-down,q=70,metadata=none,w=270/da/cms-assets/cms/product/406fc6fe-a2e1-4684-a0f2-ce00b0093929.png
2026-06-05 22:14:53.247 | INFO     | __main__:process_urls_for_product:190 - Verified Source Attribution | Product: 5013ac7a3a54 | File: 5013ac7a3a54_006.jpg | Source: blinkit | URL: https://cdn.grofers.com/cdn-cgi/image/f=auto,fit=scale-down,q=70,metadata=none,w=270/da/cms-assets/cms/product/rc-upload-1775625358577-233.png
2026-06-05 22:14:53.506 | INFO     | __main__:process_urls_for_product:190 - Verified Source Attribution | Product: 5013ac7a3a54 | File: 5013ac7a3a54_007.jpg | Source: blinkit | URL: https://cdn.grofers.com/cdn-cgi/image/f=auto,fit=scale-down,q=70,metadata=none,w=270/da/cms-assets/cms/product/fc1d888e-7460-404c-b63d-c7428f2433e2.png
2026-06-05 22:14:53.945 | INFO     | __main__:process_urls_for_product:190 - Verified Source Attribution | Product: 5013ac7a3a54 | File: 5013ac7a3a54_008.jpg | Source: blinkit | URL: https://cdn.grofers.com/cdn-cgi/image/f=auto,fit=scale-down,q=70,metadata=none,w=270/da/cms-assets/cms/product/81bf6ec3-f618-4fce-8289-cad75caf0cd3.png
2026-06-05 22:14:54.207 | INFO     | __main__:process_urls_for_product:190 - Verified Source Attribution | Product: 5013ac7a3a54 | File: 5013ac7a3a54_009.jpg | Source: blinkit | URL: https://cdn.grofers.com/cdn-cgi/image/f=auto,fit=scale-down,q=70,metadata=none,w=270/da/cms-assets/cms/product/878f2d29-2571-40fd-ae70-29ee1d47ca75.png
2026-06-05 22:14:54.465 | INFO     | __main__:process_urls_for_product:190 - Verified Source Attribution | Product: 5013ac7a3a54 | File: 5013ac7a3a54_010.jpg | Source: blinkit | URL: https://cdn.grofers.com/cdn-cgi/image/f=auto,fit=scale-down,q=70,metadata=none,w=270/da/cms-assets/cms/product/9dea2d22-108f-4021-aeec-e95b4e271e16.png
2026-06-05 22:14:54.736 | INFO     | __main__:process_urls_for_product:190 - Verified Source Attribution | Product: 5013ac7a3a54 | File: 5013ac7a3a54_011.jpg | Source: blinkit | URL: https://cdn.grofers.com/cdn-cgi/image/f=auto,fit=scale-down,q=70,metadata=none,w=270/da/cms-assets/cms/product/2789600f-4456-47a5-8288-93fc0135ffb0.png
2026-06-05 22:16:03.834 | INFO     | __main__:download_product_images:223 - Product 6b306816ef8e has 0 images (min 10). Using Playwright fallback.
2026-06-05 22:16:07.493 | INFO     | nure.playwright_sources:collect_playwright_images:99 - Playwright blinkit 'Catch catch chana masala': 15 URLs
2026-06-05 22:16:10.866 | DEBUG    | nure.playwright_sources:collect_playwright_images:95 - Playwright timeout for bigbasket on Catch catch chana masala
2026-06-05 22:16:10.866 | INFO     | nure.playwright_sources:collect_playwright_images:99 - Playwright bigbasket 'Catch catch chana masala': 0 URLs
2026-06-05 22:16:13.857 | INFO     | nure.playwright_sources:collect_playwright_images:99 - Playwright jiomart 'Catch catch chana masala': 1 URLs
2026-06-05 22:16:16.429 | INFO     | nure.playwright_sources:collect_playwright_images:99 - Playwright flipkart 'Catch catch chana masala': 0 URLs
2026-06-05 22:16:16.603 | INFO     | __main__:process_urls_for_product:190 - Verified Source Attribution | Product: 6b306816ef8e | File: 6b306816ef8e_000.jpg | Source: blinkit | URL: https://cdn.grofers.com/cdn-cgi/image/f=auto,fit=scale-down,q=70,metadata=none,w=270/da/cms-assets/cms/product/0ad77dc4-b90e-4e66-93a0-d3d9165368fd.png
2026-06-05 22:16:16.959 | INFO     | __main__:process_urls_for_product:190 - Verified Source Attribution | Product: 6b306816ef8e | File: 6b306816ef8e_001.jpg | Source: blinkit | URL: https://cdn.grofers.com/cdn-cgi/image/f=auto,fit=scale-down,q=70,metadata=none,w=270/da/cms-assets/cms/product/dc44e5b4-a658-435d-b630-036afe9c557c.png
2026-06-05 22:16:17.229 | INFO     | __main__:process_urls_for_product:190 - Verified Source Attribution | Product: 6b306816ef8e | File: 6b306816ef8e_002.jpg | Source: blinkit | URL: https://cdn.grofers.com/cdn-cgi/image/f=auto,fit=scale-down,q=70,metadata=none,w=270/da/cms-assets/cms/product/63f14e10-ecae-4ecc-9d17-c2ba9555525d.png
2026-06-05 22:16:17.495 | INFO     | __main__:process_urls_for_product:190 - Verified Source Attribution | Product: 6b306816ef8e | File: 6b306816ef8e_003.jpg | Source: blinkit | URL: https://cdn.grofers.com/cdn-cgi/image/f=auto,fit=scale-down,q=70,metadata=none,w=270/da/cms-assets/cms/product/49935ca2-f5d4-4edc-998e-8daeece79a46.png
2026-06-05 22:16:17.767 | INFO     | __main__:process_urls_for_product:190 - Verified Source Attribution | Product: 6b306816ef8e | File: 6b306816ef8e_004.jpg | Source: blinkit | URL: https://cdn.grofers.com/cdn-cgi/image/f=auto,fit=scale-down,q=70,metadata=none,w=270/da/cms-assets/cms/product/fa059fae-54cb-4c80-b6ce-2668ce76e971.png
2026-06-05 22:16:18.044 | INFO     | __main__:process_urls_for_product:190 - Verified Source Attribution | Product: 6b306816ef8e | File: 6b306816ef8e_005.jpg | Source: blinkit | URL: https://cdn.grofers.com/cdn-cgi/image/f=auto,fit=scale-down,q=70,metadata=none,w=270/da/cms-assets/cms/product/19c943a7-36e2-4a0f-93cc-0970507586ed.png
2026-06-05 22:16:18.306 | INFO     | __main__:process_urls_for_product:190 - Verified Source Attribution | Product: 6b306816ef8e | File: 6b306816ef8e_006.jpg | Source: blinkit | URL: https://cdn.grofers.com/cdn-cgi/image/f=auto,fit=scale-down,q=70,metadata=none,w=270/da/cms-assets/cms/product/384e9263-24e5-4d0b-9942-8201d6e31f27.png
2026-06-05 22:16:18.569 | INFO     | __main__:process_urls_for_product:190 - Verified Source Attribution | Product: 6b306816ef8e | File: 6b306816ef8e_007.jpg | Source: blinkit | URL: https://cdn.grofers.com/cdn-cgi/image/f=auto,fit=scale-down,q=70,metadata=none,w=270/da/cms-assets/cms/product/8adb6f40-7992-4a59-bc50-d889a75f45cd.png
2026-06-05 22:16:18.831 | INFO     | __main__:process_urls_for_product:190 - Verified Source Attribution | Product: 6b306816ef8e | File: 6b306816ef8e_008.jpg | Source: blinkit | URL: https://cdn.grofers.com/cdn-cgi/image/f=auto,fit=scale-down,q=70,metadata=none,w=270/da/cms-assets/cms/product/e045f9f7-168f-41fe-8785-f7b69814859e.png
2026-06-05 22:16:19.111 | INFO     | __main__:process_urls_for_product:190 - Verified Source Attribution | Product: 6b306816ef8e | File: 6b306816ef8e_009.jpg | Source: blinkit | URL: https://cdn.grofers.com/cdn-cgi/image/f=auto,fit=scale-down,q=70,metadata=none,w=270/da/cms-assets/cms/product/406fc6fe-a2e1-4684-a0f2-ce00b0093929.png
2026-06-05 22:16:19.374 | INFO     | __main__:process_urls_for_product:190 - Verified Source Attribution | Product: 6b306816ef8e | File: 6b306816ef8e_010.jpg | Source: blinkit | URL: https://cdn.grofers.com/cdn-cgi/image/f=auto,fit=scale-down,q=70,metadata=none,w=270/da/cms-assets/cms/product/522389e0-a502-4c2d-83b0-ef3f49b846e2.png
2026-06-05 22:16:19.640 | INFO     | __main__:process_urls_for_product:190 - Verified Source Attribution | Product: 6b306816ef8e | File: 6b306816ef8e_011.jpg | Source: blinkit | URL: https://cdn.grofers.com/cdn-cgi/image/f=auto,fit=scale-down,q=70,metadata=none,w=270/da/cms-assets/cms/product/345829e4-508c-47a5-aee7-9ad35bac9291.png
2026-06-05 22:16:19.908 | INFO     | __main__:process_urls_for_product:190 - Verified Source Attribution | Product: 6b306816ef8e | File: 6b306816ef8e_012.jpg | Source: blinkit | URL: https://cdn.grofers.com/cdn-cgi/image/f=auto,fit=scale-down,q=70,metadata=none,w=270/da/cms-assets/cms/product/860cd2f4-5f3d-4032-86f2-e5d3a8bf4cd1.png
2026-06-05 22:16:20.176 | INFO     | __main__:process_urls_for_product:190 - Verified Source Attribution | Product: 6b306816ef8e | File: 6b306816ef8e_013.jpg | Source: blinkit | URL: https://cdn.grofers.com/cdn-cgi/image/f=auto,fit=scale-down,q=70,metadata=none,w=270/da/cms-assets/cms/product/3b020124-a683-46d7-a5ce-6576dcd1d5fe.png
2026-06-05 22:17:16.439 | INFO     | __main__:download_product_images:223 - Product 187a677bec6a has 0 images (min 10). Using Playwright fallback.
2026-06-05 22:17:21.197 | INFO     | nure.playwright_sources:collect_playwright_images:99 - Playwright blinkit 'Catch catch biryani masala': 15 URLs
2026-06-05 22:17:24.565 | DEBUG    | nure.playwright_sources:collect_playwright_images:95 - Playwright timeout for bigbasket on Catch catch biryani masala
2026-06-05 22:17:24.565 | INFO     | nure.playwright_sources:collect_playwright_images:99 - Playwright bigbasket 'Catch catch biryani masala': 0 URLs
2026-06-05 22:17:28.036 | INFO     | nure.playwright_sources:collect_playwright_images:99 - Playwright jiomart 'Catch catch biryani masala': 1 URLs
2026-06-05 22:17:30.765 | INFO     | nure.playwright_sources:collect_playwright_images:99 - Playwright flipkart 'Catch catch biryani masala': 0 URLs
2026-06-05 22:17:30.933 | INFO     | __main__:process_urls_for_product:190 - Verified Source Attribution | Product: 187a677bec6a | File: 187a677bec6a_000.jpg | Source: blinkit | URL: https://cdn.grofers.com/cdn-cgi/image/f=auto,fit=scale-down,q=70,metadata=none,w=270/da/cms-assets/cms/product/rc-upload-1780331131771-365.png
2026-06-05 22:17:31.263 | INFO     | __main__:process_urls_for_product:190 - Verified Source Attribution | Product: 187a677bec6a | File: 187a677bec6a_001.jpg | Source: blinkit | URL: https://cdn.grofers.com/cdn-cgi/image/f=auto,fit=scale-down,q=70,metadata=none,w=270/da/cms-assets/cms/product/fb9c4ccb-274e-4b3f-89de-23cf6e957357.png
2026-06-05 22:17:31.525 | INFO     | __main__:process_urls_for_product:190 - Verified Source Attribution | Product: 187a677bec6a | File: 187a677bec6a_002.jpg | Source: blinkit | URL: https://cdn.grofers.com/cdn-cgi/image/f=auto,fit=scale-down,q=70,metadata=none,w=270/da/cms-assets/cms/product/rc-upload-1775625358577-304.png
2026-06-05 22:17:31.796 | INFO     | __main__:process_urls_for_product:190 - Verified Source Attribution | Product: 187a677bec6a | File: 187a677bec6a_003.jpg | Source: blinkit | URL: https://cdn.grofers.com/cdn-cgi/image/f=auto,fit=scale-down,q=70,metadata=none,w=270/da/cms-assets/cms/product/rc-upload-1777606736566-724.png
2026-06-05 22:17:32.064 | INFO     | __main__:process_urls_for_product:190 - Verified Source Attribution | Product: 187a677bec6a | File: 187a677bec6a_004.jpg | Source: blinkit | URL: https://cdn.grofers.com/cdn-cgi/image/f=auto,fit=scale-down,q=70,metadata=none,w=270/da/cms-assets/cms/product/20c7c562-6e1c-488b-b12d-d22b4cb941f1.png
2026-06-05 22:17:32.343 | INFO     | __main__:process_urls_for_product:190 - Verified Source Attribution | Product: 187a677bec6a | File: 187a677bec6a_005.jpg | Source: blinkit | URL: https://cdn.grofers.com/cdn-cgi/image/f=auto,fit=scale-down,q=70,metadata=none,w=270/da/cms-assets/cms/product/36d157ef-5a71-4a26-8386-7003870a768e.png
2026-06-05 22:17:32.732 | INFO     | __main__:process_urls_for_product:190 - Verified Source Attribution | Product: 187a677bec6a | File: 187a677bec6a_006.jpg | Source: blinkit | URL: https://cdn.grofers.com/cdn-cgi/image/f=auto,fit=scale-down,q=70,metadata=none,w=270/da/cms-assets/cms/product/a0f6c971-4f46-47b8-8dbd-9bce88558b85.png
2026-06-05 22:17:33.011 | INFO     | __main__:process_urls_for_product:190 - Verified Source Attribution | Product: 187a677bec6a | File: 187a677bec6a_007.jpg | Source: blinkit | URL: https://cdn.grofers.com/cdn-cgi/image/f=auto,fit=scale-down,q=70,metadata=none,w=270/da/cms-assets/cms/product/de1867ab-c668-4547-850b-769f76dbfd0a.png
2026-06-05 22:17:33.287 | INFO     | __main__:process_urls_for_product:190 - Verified Source Attribution | Product: 187a677bec6a | File: 187a677bec6a_008.jpg | Source: blinkit | URL: https://cdn.grofers.com/cdn-cgi/image/f=auto,fit=scale-down,q=70,metadata=none,w=270/da/cms-assets/cms/product/rc-upload-1771828139315-1451.png
2026-06-05 22:17:33.561 | INFO     | __main__:process_urls_for_product:190 - Verified Source Attribution | Product: 187a677bec6a | File: 187a677bec6a_009.jpg | Source: blinkit | URL: https://cdn.grofers.com/cdn-cgi/image/f=auto,fit=scale-down,q=70,metadata=none,w=270/da/cms-assets/cms/product/rc-upload-1771477195826-47.png
2026-06-05 22:17:33.840 | INFO     | __main__:process_urls_for_product:190 - Verified Source Attribution | Product: 187a677bec6a | File: 187a677bec6a_010.jpg | Source: blinkit | URL: https://cdn.grofers.com/cdn-cgi/image/f=auto,fit=scale-down,q=70,metadata=none,w=270/da/cms-assets/cms/product/rc-upload-1771477195826-55.png
2026-06-05 22:17:34.124 | INFO     | __main__:process_urls_for_product:190 - Verified Source Attribution | Product: 187a677bec6a | File: 187a677bec6a_011.jpg | Source: blinkit | URL: https://cdn.grofers.com/cdn-cgi/image/f=auto,fit=scale-down,q=70,metadata=none,w=270/da/cms-assets/cms/product/eb718037-1dad-48c4-af33-31a6acd9610e.png
2026-06-05 22:18:30.330 | INFO     | __main__:download_product_images:223 - Product d94f77e0b212 has 0 images (min 10). Using Playwright fallback.
2026-06-05 22:18:34.227 | INFO     | nure.playwright_sources:collect_playwright_images:99 - Playwright blinkit 'Catch pav bhaji masala': 15 URLs
2026-06-05 22:18:37.566 | DEBUG    | nure.playwright_sources:collect_playwright_images:95 - Playwright timeout for bigbasket on Catch pav bhaji masala
2026-06-05 22:18:37.567 | INFO     | nure.playwright_sources:collect_playwright_images:99 - Playwright bigbasket 'Catch pav bhaji masala': 0 URLs
2026-06-05 22:18:40.517 | INFO     | nure.playwright_sources:collect_playwright_images:99 - Playwright jiomart 'Catch pav bhaji masala': 1 URLs
2026-06-05 22:18:42.983 | INFO     | nure.playwright_sources:collect_playwright_images:99 - Playwright flipkart 'Catch pav bhaji masala': 0 URLs
2026-06-05 22:18:43.281 | INFO     | __main__:process_urls_for_product:190 - Verified Source Attribution | Product: d94f77e0b212 | File: d94f77e0b212_000.jpg | Source: blinkit | URL: https://cdn.grofers.com/cdn-cgi/image/f=auto,fit=scale-down,q=70,metadata=none,w=270/da/cms-assets/cms/product/51cbd0e5-1408-4a95-bc19-a37fd57b0262.png
2026-06-05 22:18:43.630 | INFO     | __main__:process_urls_for_product:190 - Verified Source Attribution | Product: d94f77e0b212 | File: d94f77e0b212_001.jpg | Source: blinkit | URL: https://cdn.grofers.com/cdn-cgi/image/f=auto,fit=scale-down,q=70,metadata=none,w=270/da/cms-assets/cms/product/061a71c6-3a4a-49f9-8265-03b7ab121552.png
2026-06-05 22:18:43.897 | INFO     | __main__:process_urls_for_product:190 - Verified Source Attribution | Product: d94f77e0b212 | File: d94f77e0b212_002.jpg | Source: blinkit | URL: https://cdn.grofers.com/cdn-cgi/image/f=auto,fit=scale-down,q=70,metadata=none,w=270/da/cms-assets/cms/product/8980ca36-b0aa-40b4-b9bc-f7765900f29e.png
2026-06-05 22:18:44.163 | INFO     | __main__:process_urls_for_product:190 - Verified Source Attribution | Product: d94f77e0b212 | File: d94f77e0b212_003.jpg | Source: blinkit | URL: https://cdn.grofers.com/cdn-cgi/image/f=auto,fit=scale-down,q=70,metadata=none,w=270/da/cms-assets/cms/product/bbbf13ac-4de6-4850-9fc5-771db3865c7c.png
2026-06-05 22:18:44.425 | INFO     | __main__:process_urls_for_product:190 - Verified Source Attribution | Product: d94f77e0b212 | File: d94f77e0b212_004.jpg | Source: blinkit | URL: https://cdn.grofers.com/cdn-cgi/image/f=auto,fit=scale-down,q=70,metadata=none,w=270/da/cms-assets/cms/product/e2f50485-50ff-4478-99b2-abe4399ecc38.png
2026-06-05 22:18:44.698 | INFO     | __main__:process_urls_for_product:190 - Verified Source Attribution | Product: d94f77e0b212 | File: d94f77e0b212_005.jpg | Source: blinkit | URL: https://cdn.grofers.com/cdn-cgi/image/f=auto,fit=scale-down,q=70,metadata=none,w=270/da/cms-assets/cms/product/0dea4551-c817-46b8-bbe9-ccf29a2c8d2b.png
2026-06-05 22:18:44.956 | INFO     | __main__:process_urls_for_product:190 - Verified Source Attribution | Product: d94f77e0b212 | File: d94f77e0b212_006.jpg | Source: blinkit | URL: https://cdn.grofers.com/cdn-cgi/image/f=auto,fit=scale-down,q=70,metadata=none,w=270/da/cms-assets/cms/product/1b9363db-5bea-4924-8ecb-80246e4ebfaf.png
2026-06-05 22:18:45.334 | INFO     | __main__:process_urls_for_product:190 - Verified Source Attribution | Product: d94f77e0b212 | File: d94f77e0b212_007.jpg | Source: blinkit | URL: https://cdn.grofers.com/cdn-cgi/image/f=auto,fit=scale-down,q=70,metadata=none,w=270/da/cms-assets/cms/product/rc-upload-1771991783673-911.png
2026-06-05 22:18:45.595 | INFO     | __main__:process_urls_for_product:190 - Verified Source Attribution | Product: d94f77e0b212 | File: d94f77e0b212_008.jpg | Source: blinkit | URL: https://cdn.grofers.com/cdn-cgi/image/f=auto,fit=scale-down,q=70,metadata=none,w=270/da/cms-assets/cms/product/69a31956-f8d0-478e-ba19-64c61b2e4635.png
2026-06-05 22:18:45.866 | INFO     | __main__:process_urls_for_product:190 - Verified Source Attribution | Product: d94f77e0b212 | File: d94f77e0b212_009.jpg | Source: blinkit | URL: https://cdn.grofers.com/cdn-cgi/image/f=auto,fit=scale-down,q=70,metadata=none,w=270/da/cms-assets/cms/product/2bd9db9b-9293-4d6b-9af7-12de934301a1.png
2026-06-05 22:20:25.597 | INFO     | __main__:download_product_images:223 - Product 96d7448c78d4 has 0 images (min 10). Using Playwright fallback.
2026-06-05 22:20:29.386 | INFO     | nure.playwright_sources:collect_playwright_images:99 - Playwright blinkit 'Badshah Madras Sambar Masala': 12 URLs
2026-06-05 22:20:32.762 | DEBUG    | nure.playwright_sources:collect_playwright_images:95 - Playwright timeout for bigbasket on Badshah Madras Sambar Masala
2026-06-05 22:20:32.762 | INFO     | nure.playwright_sources:collect_playwright_images:99 - Playwright bigbasket 'Badshah Madras Sambar Masala': 0 URLs
2026-06-05 22:20:35.718 | INFO     | nure.playwright_sources:collect_playwright_images:99 - Playwright jiomart 'Badshah Madras Sambar Masala': 1 URLs
2026-06-05 22:20:38.347 | INFO     | nure.playwright_sources:collect_playwright_images:99 - Playwright flipkart 'Badshah Madras Sambar Masala 1': 0 URLs
2026-06-05 22:20:38.530 | INFO     | __main__:process_urls_for_product:190 - Verified Source Attribution | Product: 96d7448c78d4 | File: 96d7448c78d4_000.jpg | Source: blinkit | URL: https://cdn.grofers.com/cdn-cgi/image/f=auto,fit=scale-down,q=70,metadata=none,w=270/da/cms-assets/cms/product/d70dc261-4adb-44e3-8dc2-22b5de6a8a73.png
2026-06-05 22:20:38.881 | INFO     | __main__:process_urls_for_product:190 - Verified Source Attribution | Product: 96d7448c78d4 | File: 96d7448c78d4_001.jpg | Source: blinkit | URL: https://cdn.grofers.com/cdn-cgi/image/f=auto,fit=scale-down,q=70,metadata=none,w=270/da/cms-assets/cms/product/1b9363db-5bea-4924-8ecb-80246e4ebfaf.png
2026-06-05 22:20:39.139 | INFO     | __main__:process_urls_for_product:190 - Verified Source Attribution | Product: 96d7448c78d4 | File: 96d7448c78d4_002.jpg | Source: blinkit | URL: https://cdn.grofers.com/cdn-cgi/image/f=auto,fit=scale-down,q=70,metadata=none,w=270/da/cms-assets/cms/product/rc-upload-1775625358577-280.png
2026-06-05 22:20:39.400 | INFO     | __main__:process_urls_for_product:190 - Verified Source Attribution | Product: 96d7448c78d4 | File: 96d7448c78d4_003.jpg | Source: blinkit | URL: https://cdn.grofers.com/cdn-cgi/image/f=auto,fit=scale-down,q=70,metadata=none,w=270/da/cms-assets/cms/product/d56e2b17-be67-49f5-8c55-97c201ff2817.png
2026-06-05 22:20:39.664 | INFO     | __main__:process_urls_for_product:190 - Verified Source Attribution | Product: 96d7448c78d4 | File: 96d7448c78d4_004.jpg | Source: blinkit | URL: https://cdn.grofers.com/cdn-cgi/image/f=auto,fit=scale-down,q=70,metadata=none,w=270/da/cms-assets/cms/product/67493780-e527-4b7f-bbbd-88b75924bb41.png
2026-06-05 22:20:39.930 | INFO     | __main__:process_urls_for_product:190 - Verified Source Attribution | Product: 96d7448c78d4 | File: 96d7448c78d4_005.jpg | Source: blinkit | URL: https://cdn.grofers.com/cdn-cgi/image/f=auto,fit=scale-down,q=70,metadata=none,w=270/da/cms-assets/cms/product/2db10f21-73bd-44ac-8432-6f73c23555ec.png
2026-06-05 22:20:40.216 | INFO     | __main__:process_urls_for_product:190 - Verified Source Attribution | Product: 96d7448c78d4 | File: 96d7448c78d4_006.jpg | Source: blinkit | URL: https://cdn.grofers.com/cdn-cgi/image/f=auto,fit=scale-down,q=70,metadata=none,w=270/da/cms-assets/cms/product/rc-upload-1773385515396-4.png
2026-06-05 22:20:40.492 | INFO     | __main__:process_urls_for_product:190 - Verified Source Attribution | Product: 96d7448c78d4 | File: 96d7448c78d4_007.jpg | Source: blinkit | URL: https://cdn.grofers.com/cdn-cgi/image/f=auto,fit=scale-down,q=70,metadata=none,w=270/da/cms-assets/cms/product/ba095407-661d-4779-84cc-060708e5f051.png
2026-06-05 22:20:40.756 | INFO     | __main__:process_urls_for_product:190 - Verified Source Attribution | Product: 96d7448c78d4 | File: 96d7448c78d4_008.jpg | Source: blinkit | URL: https://cdn.grofers.com/cdn-cgi/image/f=auto,fit=scale-down,q=70,metadata=none,w=270/da/cms-assets/cms/product/3996fc09-a32c-4d39-bb43-8353d37ef29e.png
2026-06-05 22:20:41.040 | INFO     | __main__:process_urls_for_product:190 - Verified Source Attribution | Product: 96d7448c78d4 | File: 96d7448c78d4_009.jpg | Source: blinkit | URL: https://cdn.grofers.com/cdn-cgi/image/f=auto,fit=scale-down,q=70,metadata=none,w=270/da/cms-assets/cms/product/rc-upload-1770294054402-25.png
2026-06-05 22:21:37.190 | INFO     | __main__:download_product_images:223 - Product 7e91d8b844c3 has 0 images (min 10). Using Playwright fallback.
2026-06-05 22:21:40.993 | INFO     | nure.playwright_sources:collect_playwright_images:99 - Playwright blinkit 'Badshah Mélange De Thandai Mas': 15 URLs
2026-06-05 22:21:44.374 | DEBUG    | nure.playwright_sources:collect_playwright_images:95 - Playwright timeout for bigbasket on Badshah Mélange De Thandai Mas
2026-06-05 22:21:44.374 | INFO     | nure.playwright_sources:collect_playwright_images:99 - Playwright bigbasket 'Badshah Mélange De Thandai Mas': 0 URLs
2026-06-05 22:21:47.282 | INFO     | nure.playwright_sources:collect_playwright_images:99 - Playwright jiomart 'Badshah Mélange De Thandai Mas': 1 URLs
2026-06-05 22:21:49.779 | INFO     | nure.playwright_sources:collect_playwright_images:99 - Playwright flipkart 'Badshah Mélange De Thandai Mas': 0 URLs
2026-06-05 22:21:49.985 | INFO     | __main__:process_urls_for_product:190 - Verified Source Attribution | Product: 7e91d8b844c3 | File: 7e91d8b844c3_000.jpg | Source: blinkit | URL: https://cdn.grofers.com/cdn-cgi/image/f=auto,fit=scale-down,q=70,metadata=none,w=270/da/cms-assets/cms/product/rc-upload-1772084312898-193.png
2026-06-05 22:21:50.337 | INFO     | __main__:process_urls_for_product:190 - Verified Source Attribution | Product: 7e91d8b844c3 | File: 7e91d8b844c3_001.jpg | Source: blinkit | URL: https://cdn.grofers.com/cdn-cgi/image/f=auto,fit=scale-down,q=70,metadata=none,w=270/da/cms-assets/cms/product/rc-upload-1770463722236-471.png
2026-06-05 22:21:50.611 | INFO     | __main__:process_urls_for_product:190 - Verified Source Attribution | Product: 7e91d8b844c3 | File: 7e91d8b844c3_002.jpg | Source: blinkit | URL: https://cdn.grofers.com/cdn-cgi/image/f=auto,fit=scale-down,q=70,metadata=none,w=270/da/cms-assets/cms/product/4973e5c2-2c50-4020-b20f-4194fee829ea.png
2026-06-05 22:21:50.879 | INFO     | __main__:process_urls_for_product:190 - Verified Source Attribution | Product: 7e91d8b844c3 | File: 7e91d8b844c3_003.jpg | Source: blinkit | URL: https://cdn.grofers.com/cdn-cgi/image/f=auto,fit=scale-down,q=70,metadata=none,w=270/da/cms-assets/cms/product/f60590ab-cc22-4994-b5ba-064348c6421f.png
2026-06-05 22:21:51.198 | INFO     | __main__:process_urls_for_product:190 - Verified Source Attribution | Product: 7e91d8b844c3 | File: 7e91d8b844c3_004.jpg | Source: blinkit | URL: https://cdn.grofers.com/cdn-cgi/image/f=auto,fit=scale-down,q=70,metadata=none,w=270/da/cms-assets/cms/product/rc-upload-1770376402865-450.png?bg_token=Colour%2Fsurface%2F00FFFFFF
2026-06-05 22:21:51.468 | INFO     | __main__:process_urls_for_product:190 - Verified Source Attribution | Product: 7e91d8b844c3 | File: 7e91d8b844c3_005.jpg | Source: blinkit | URL: https://cdn.grofers.com/cdn-cgi/image/f=auto,fit=scale-down,q=70,metadata=none,w=270/da/cms-assets/cms/product/rc-upload-1772090931565-111.png
2026-06-05 22:21:51.745 | INFO     | __main__:process_urls_for_product:190 - Verified Source Attribution | Product: 7e91d8b844c3 | File: 7e91d8b844c3_006.jpg | Source: blinkit | URL: https://cdn.grofers.com/cdn-cgi/image/f=auto,fit=scale-down,q=70,metadata=none,w=270/da/cms-assets/cms/product/rc-upload-1770213096866-17.png
2026-06-05 22:21:52.081 | INFO     | __main__:process_urls_for_product:190 - Verified Source Attribution | Product: 7e91d8b844c3 | File: 7e91d8b844c3_007.jpg | Source: blinkit | URL: https://cdn.grofers.com/cdn-cgi/image/f=auto,fit=scale-down,q=70,metadata=none,w=270/da/cms-assets/cms/product/rc-upload-1773288803797-138.png
2026-06-05 22:21:52.364 | INFO     | __main__:process_urls_for_product:190 - Verified Source Attribution | Product: 7e91d8b844c3 | File: 7e91d8b844c3_008.jpg | Source: blinkit | URL: https://cdn.grofers.com/cdn-cgi/image/f=auto,fit=scale-down,q=70,metadata=none,w=270/da/cms-assets/cms/product/rc-upload-1770213096866-8.png
2026-06-05 22:21:52.632 | INFO     | __main__:process_urls_for_product:190 - Verified Source Attribution | Product: 7e91d8b844c3 | File: 7e91d8b844c3_009.jpg | Source: blinkit | URL: https://cdn.grofers.com/cdn-cgi/image/f=auto,fit=scale-down,q=70,metadata=none,w=270/da/cms-assets/cms/product/rc-upload-1778067040855-30.png
2026-06-05 22:21:53.004 | INFO     | __main__:process_urls_for_product:190 - Verified Source Attribution | Product: 7e91d8b844c3 | File: 7e91d8b844c3_010.jpg | Source: blinkit | URL: https://cdn.grofers.com/cdn-cgi/image/f=auto,fit=scale-down,q=70,metadata=none,w=270/da/cms-assets/cms/product/fc585c90-d881-4023-9476-75db768e9647.png
2026-06-05 22:21:53.267 | INFO     | __main__:process_urls_for_product:190 - Verified Source Attribution | Product: 7e91d8b844c3 | File: 7e91d8b844c3_011.jpg | Source: blinkit | URL: https://cdn.grofers.com/cdn-cgi/image/f=auto,fit=scale-down,q=70,metadata=none,w=270/da/cms-assets/cms/product/rc-upload-1776681742626-44.png?bg_token=Colour%2Fsurface%2F00FFFFFF
2026-06-05 22:21:53.536 | INFO     | __main__:process_urls_for_product:190 - Verified Source Attribution | Product: 7e91d8b844c3 | File: 7e91d8b844c3_012.jpg | Source: blinkit | URL: https://cdn.grofers.com/cdn-cgi/image/f=auto,fit=scale-down,q=70,metadata=none,w=270/da/cms-assets/cms/product/1a98a20c-8ed3-473f-a306-e03bd1e75a7f.png
2026-06-05 22:23:20.664 | INFO     | __main__:download_product_images:223 - Product c964ea2288d9 has 0 images (min 10). Using Playwright fallback.
2026-06-05 22:23:24.608 | INFO     | nure.playwright_sources:collect_playwright_images:99 - Playwright blinkit 'Badshah Chat Masala': 15 URLs
2026-06-05 22:23:28.072 | DEBUG    | nure.playwright_sources:collect_playwright_images:95 - Playwright timeout for bigbasket on Badshah Chat Masala
2026-06-05 22:23:28.073 | INFO     | nure.playwright_sources:collect_playwright_images:99 - Playwright bigbasket 'Badshah Chat Masala': 0 URLs
2026-06-05 22:23:30.899 | INFO     | nure.playwright_sources:collect_playwright_images:99 - Playwright jiomart 'Badshah Chat Masala': 1 URLs
2026-06-05 22:23:33.546 | INFO     | nure.playwright_sources:collect_playwright_images:99 - Playwright flipkart 'Badshah Chat Masala': 0 URLs
2026-06-05 22:23:33.828 | INFO     | __main__:process_urls_for_product:190 - Verified Source Attribution | Product: c964ea2288d9 | File: c964ea2288d9_000.jpg | Source: blinkit | URL: https://cdn.grofers.com/cdn-cgi/image/f=auto,fit=scale-down,q=70,metadata=none,w=270/da/cms-assets/cms/product/49770d7b-514c-4a05-a2b1-20bad50461ec.png
2026-06-05 22:23:34.173 | INFO     | __main__:process_urls_for_product:190 - Verified Source Attribution | Product: c964ea2288d9 | File: c964ea2288d9_001.jpg | Source: blinkit | URL: https://cdn.grofers.com/cdn-cgi/image/f=auto,fit=scale-down,q=70,metadata=none,w=270/da/cms-assets/cms/product/5787ed07-8b50-4265-ac7a-1fd5b5e6e4d5.png
2026-06-05 22:23:34.451 | INFO     | __main__:process_urls_for_product:190 - Verified Source Attribution | Product: c964ea2288d9 | File: c964ea2288d9_002.jpg | Source: blinkit | URL: https://cdn.grofers.com/cdn-cgi/image/f=auto,fit=scale-down,q=70,metadata=none,w=270/da/cms-assets/cms/product/eece4427-3990-4758-b644-feb6f8d68f82.png
2026-06-05 22:23:34.714 | INFO     | __main__:process_urls_for_product:190 - Verified Source Attribution | Product: c964ea2288d9 | File: c964ea2288d9_003.jpg | Source: blinkit | URL: https://cdn.grofers.com/cdn-cgi/image/f=auto,fit=scale-down,q=70,metadata=none,w=270/da/cms-assets/cms/product/rc-upload-1771991783673-911.png
2026-06-05 22:23:34.975 | INFO     | __main__:process_urls_for_product:190 - Verified Source Attribution | Product: c964ea2288d9 | File: c964ea2288d9_004.jpg | Source: blinkit | URL: https://cdn.grofers.com/cdn-cgi/image/f=auto,fit=scale-down,q=70,metadata=none,w=270/da/cms-assets/cms/product/522389e0-a502-4c2d-83b0-ef3f49b846e2.png
2026-06-05 22:23:35.242 | INFO     | __main__:process_urls_for_product:190 - Verified Source Attribution | Product: c964ea2288d9 | File: c964ea2288d9_005.jpg | Source: blinkit | URL: https://cdn.grofers.com/cdn-cgi/image/f=auto,fit=scale-down,q=70,metadata=none,w=270/da/cms-assets/cms/product/be7427bd-fc44-406d-b3e6-c9d20c52f986.png
2026-06-05 22:23:35.507 | INFO     | __main__:process_urls_for_product:190 - Verified Source Attribution | Product: c964ea2288d9 | File: c964ea2288d9_006.jpg | Source: blinkit | URL: https://cdn.grofers.com/cdn-cgi/image/f=auto,fit=scale-down,q=70,metadata=none,w=270/da/cms-assets/cms/product/c1141240-4d5e-4bef-95d6-10b339e84da9.png
2026-06-05 22:23:35.767 | INFO     | __main__:process_urls_for_product:190 - Verified Source Attribution | Product: c964ea2288d9 | File: c964ea2288d9_007.jpg | Source: blinkit | URL: https://cdn.grofers.com/cdn-cgi/image/f=auto,fit=scale-down,q=70,metadata=none,w=270/da/cms-assets/cms/product/9060fcb8-a32c-44c8-ac0d-11bfe5b9c721.png
2026-06-05 22:23:36.033 | INFO     | __main__:process_urls_for_product:190 - Verified Source Attribution | Product: c964ea2288d9 | File: c964ea2288d9_008.jpg | Source: blinkit | URL: https://cdn.grofers.com/cdn-cgi/image/f=auto,fit=scale-down,q=70,metadata=none,w=270/da/cms-assets/cms/product/f1930490-9816-4667-adb6-78ca56380480.png
2026-06-05 22:23:36.291 | INFO     | __main__:process_urls_for_product:190 - Verified Source Attribution | Product: c964ea2288d9 | File: c964ea2288d9_009.jpg | Source: blinkit | URL: https://cdn.grofers.com/cdn-cgi/image/f=auto,fit=scale-down,q=70,metadata=none,w=270/da/cms-assets/cms/product/119e04eb-0cfa-4805-9852-0701655e0173.png
2026-06-05 22:23:36.556 | INFO     | __main__:process_urls_for_product:190 - Verified Source Attribution | Product: c964ea2288d9 | File: c964ea2288d9_010.jpg | Source: blinkit | URL: https://cdn.grofers.com/cdn-cgi/image/f=auto,fit=scale-down,q=70,metadata=none,w=270/da/cms-assets/cms/product/c742828b-ca4d-48f9-80b2-d74446bf0199.png
2026-06-05 22:23:36.829 | INFO     | __main__:process_urls_for_product:190 - Verified Source Attribution | Product: c964ea2288d9 | File: c964ea2288d9_011.jpg | Source: blinkit | URL: https://cdn.grofers.com/cdn-cgi/image/f=auto,fit=scale-down,q=70,metadata=none,w=270/da/cms-assets/cms/product/rc-upload-1771828139315-1425.png
2026-06-05 22:23:37.087 | INFO     | __main__:process_urls_for_product:190 - Verified Source Attribution | Product: c964ea2288d9 | File: c964ea2288d9_012.jpg | Source: blinkit | URL: https://cdn.grofers.com/cdn-cgi/image/f=auto,fit=scale-down,q=70,metadata=none,w=270/da/cms-assets/cms/product/rc-upload-1778348720635-185.png
2026-06-05 22:23:39.926 | INFO     | nure.image_sources:collect_amazon_images:178 - Amazon 'Sakthi Tandoori Chicken Masala': 2 URLs
2026-06-05 22:23:41.910 | INFO     | nure.image_sources:collect_bing_images:149 - Bing 'Sakthi Tandoori Chicken Masala': 0 URLs
2026-06-05 22:24:18.692 | INFO     | __main__:process_urls_for_product:190 - Verified Source Attribution | Product: 5cb4eca5a3a5 | File: 5cb4eca5a3a5_000.jpg | Source: amazon | URL: https://m.media-amazon.com/images/I/31Ip4aURUpL.png
2026-06-05 22:24:20.349 | INFO     | __main__:process_urls_for_product:190 - Verified Source Attribution | Product: 5cb4eca5a3a5 | File: 5cb4eca5a3a5_001.jpg | Source: amazon | URL: https://m.media-amazon.com/images/I/81W3dJajXPL.jpg
2026-06-05 22:24:20.506 | INFO     | __main__:download_product_images:223 - Product 5cb4eca5a3a5 has 2 images (min 10). Using Playwright fallback.
2026-06-05 22:24:24.433 | INFO     | nure.playwright_sources:collect_playwright_images:99 - Playwright blinkit 'Sakthi Tandoori Chicken Masala': 15 URLs
2026-06-05 22:24:27.797 | DEBUG    | nure.playwright_sources:collect_playwright_images:95 - Playwright timeout for bigbasket on Sakthi Tandoori Chicken Masala
2026-06-05 22:24:27.797 | INFO     | nure.playwright_sources:collect_playwright_images:99 - Playwright bigbasket 'Sakthi Tandoori Chicken Masala': 0 URLs
2026-06-05 22:24:31.431 | INFO     | nure.playwright_sources:collect_playwright_images:99 - Playwright jiomart 'Sakthi Tandoori Chicken Masala': 1 URLs
2026-06-05 22:24:34.061 | INFO     | nure.playwright_sources:collect_playwright_images:99 - Playwright flipkart 'Sakthi Tandoori Chicken Masala': 0 URLs
2026-06-05 22:24:34.243 | INFO     | __main__:process_urls_for_product:190 - Verified Source Attribution | Product: 5cb4eca5a3a5 | File: 5cb4eca5a3a5_002.jpg | Source: blinkit | URL: https://cdn.grofers.com/cdn-cgi/image/f=auto,fit=scale-down,q=70,metadata=none,w=270/da/cms-assets/cms/product/8f155a79-4c38-40d3-9f71-efa96443b2dd.png
2026-06-05 22:24:34.563 | INFO     | __main__:process_urls_for_product:190 - Verified Source Attribution | Product: 5cb4eca5a3a5 | File: 5cb4eca5a3a5_003.jpg | Source: blinkit | URL: https://cdn.grofers.com/cdn-cgi/image/f=auto,fit=scale-down,q=70,metadata=none,w=270/da/cms-assets/cms/product/d530edc1-a132-4404-b8c4-0d03d54899c5.png
2026-06-05 22:24:34.818 | INFO     | __main__:process_urls_for_product:190 - Verified Source Attribution | Product: 5cb4eca5a3a5 | File: 5cb4eca5a3a5_004.jpg | Source: blinkit | URL: https://cdn.grofers.com/cdn-cgi/image/f=auto,fit=scale-down,q=70,metadata=none,w=270/da/cms-assets/cms/product/e98caec3-640a-41c4-8755-597ad25b16de.png
2026-06-05 22:24:35.256 | INFO     | __main__:process_urls_for_product:190 - Verified Source Attribution | Product: 5cb4eca5a3a5 | File: 5cb4eca5a3a5_005.jpg | Source: blinkit | URL: https://cdn.grofers.com/cdn-cgi/image/f=auto,fit=scale-down,q=70,metadata=none,w=270/da/cms-assets/cms/product/2bd9db9b-9293-4d6b-9af7-12de934301a1.png
2026-06-05 22:24:35.842 | INFO     | __main__:process_urls_for_product:190 - Verified Source Attribution | Product: 5cb4eca5a3a5 | File: 5cb4eca5a3a5_006.jpg | Source: blinkit | URL: https://cdn.grofers.com/cdn-cgi/image/f=auto,fit=scale-down,q=70,metadata=none,w=270/da/cms-assets/cms/product/d1c5a654-dbb4-43c2-a50f-daae75a907de.png
2026-06-05 22:24:36.113 | INFO     | __main__:process_urls_for_product:190 - Verified Source Attribution | Product: 5cb4eca5a3a5 | File: 5cb4eca5a3a5_007.jpg | Source: blinkit | URL: https://cdn.grofers.com/cdn-cgi/image/f=auto,fit=scale-down,q=70,metadata=none,w=270/da/cms-assets/cms/product/rc-upload-1774944833006-29.png
2026-06-05 22:24:36.373 | INFO     | __main__:process_urls_for_product:190 - Verified Source Attribution | Product: 5cb4eca5a3a5 | File: 5cb4eca5a3a5_008.jpg | Source: blinkit | URL: https://cdn.grofers.com/cdn-cgi/image/f=auto,fit=scale-down,q=70,metadata=none,w=270/da/cms-assets/cms/product/a6cb0e18-c54d-4890-a4ae-8b7e664fd788.png
2026-06-05 22:24:36.770 | INFO     | __main__:process_urls_for_product:190 - Verified Source Attribution | Product: 5cb4eca5a3a5 | File: 5cb4eca5a3a5_009.jpg | Source: blinkit | URL: https://cdn.grofers.com/cdn-cgi/image/f=auto,fit=scale-down,q=70,metadata=none,w=270/da/cms-assets/cms/product/rc-upload-1776962073784-292.png
2026-06-05 22:25:48.369 | INFO     | __main__:download_product_images:223 - Product d9934060adeb has 0 images (min 10). Using Playwright fallback.
2026-06-05 22:25:52.036 | INFO     | nure.playwright_sources:collect_playwright_images:99 - Playwright blinkit 'Sakthi Chilli Powder': 15 URLs
2026-06-05 22:25:55.423 | DEBUG    | nure.playwright_sources:collect_playwright_images:95 - Playwright timeout for bigbasket on Sakthi Chilli Powder
2026-06-05 22:25:55.423 | INFO     | nure.playwright_sources:collect_playwright_images:99 - Playwright bigbasket 'Sakthi Chilli Powder': 0 URLs
2026-06-05 22:25:58.623 | INFO     | nure.playwright_sources:collect_playwright_images:99 - Playwright jiomart 'Sakthi Chilli Powder': 1 URLs
2026-06-05 22:26:01.258 | INFO     | nure.playwright_sources:collect_playwright_images:99 - Playwright flipkart 'Sakthi Chilli Powder 50g': 0 URLs
2026-06-05 22:26:01.658 | INFO     | __main__:process_urls_for_product:190 - Verified Source Attribution | Product: d9934060adeb | File: d9934060adeb_000.jpg | Source: blinkit | URL: https://cdn.grofers.com/cdn-cgi/image/f=auto,fit=scale-down,q=70,metadata=none,w=270/da/cms-assets/cms/product/f79affc6-4da0-4904-a834-c28992bbccf2.png
2026-06-05 22:26:02.016 | INFO     | __main__:process_urls_for_product:190 - Verified Source Attribution | Product: d9934060adeb | File: d9934060adeb_001.jpg | Source: blinkit | URL: https://cdn.grofers.com/cdn-cgi/image/f=auto,fit=scale-down,q=70,metadata=none,w=270/da/cms-assets/cms/product/rc-upload-1771991783673-971.png
2026-06-05 22:26:02.396 | INFO     | __main__:process_urls_for_product:190 - Verified Source Attribution | Product: d9934060adeb | File: d9934060adeb_002.jpg | Source: blinkit | URL: https://cdn.grofers.com/cdn-cgi/image/f=auto,fit=scale-down,q=70,metadata=none,w=270/da/cms-assets/cms/product/fc1d888e-7460-404c-b63d-c7428f2433e2.png
2026-06-05 22:26:02.673 | INFO     | __main__:process_urls_for_product:190 - Verified Source Attribution | Product: d9934060adeb | File: d9934060adeb_003.jpg | Source: blinkit | URL: https://cdn.grofers.com/cdn-cgi/image/f=auto,fit=scale-down,q=70,metadata=none,w=270/da/cms-assets/cms/product/9dea2d22-108f-4021-aeec-e95b4e271e16.png
2026-06-05 22:26:03.071 | INFO     | __main__:process_urls_for_product:190 - Verified Source Attribution | Product: d9934060adeb | File: d9934060adeb_004.jpg | Source: blinkit | URL: https://cdn.grofers.com/cdn-cgi/image/f=auto,fit=scale-down,q=70,metadata=none,w=270/da/cms-assets/cms/product/878f2d29-2571-40fd-ae70-29ee1d47ca75.png
2026-06-05 22:26:03.345 | INFO     | __main__:process_urls_for_product:190 - Verified Source Attribution | Product: d9934060adeb | File: d9934060adeb_005.jpg | Source: blinkit | URL: https://cdn.grofers.com/cdn-cgi/image/f=auto,fit=scale-down,q=70,metadata=none,w=270/da/cms-assets/cms/product/rc-upload-1771991783673-1235.png
2026-06-05 22:26:03.625 | INFO     | __main__:process_urls_for_product:190 - Verified Source Attribution | Product: d9934060adeb | File: d9934060adeb_006.jpg | Source: blinkit | URL: https://cdn.grofers.com/cdn-cgi/image/f=auto,fit=scale-down,q=70,metadata=none,w=270/da/cms-assets/cms/product/6a86592b-cdab-42f0-8bff-9e369bba5aca.png
2026-06-05 22:26:03.900 | INFO     | __main__:process_urls_for_product:190 - Verified Source Attribution | Product: d9934060adeb | File: d9934060adeb_007.jpg | Source: blinkit | URL: https://cdn.grofers.com/cdn-cgi/image/f=auto,fit=scale-down,q=70,metadata=none,w=270/da/cms-assets/cms/product/rc-upload-1775574782073-231.png
2026-06-05 22:26:04.168 | INFO     | __main__:process_urls_for_product:190 - Verified Source Attribution | Product: d9934060adeb | File: d9934060adeb_008.jpg | Source: blinkit | URL: https://cdn.grofers.com/cdn-cgi/image/f=auto,fit=scale-down,q=70,metadata=none,w=270/da/cms-assets/cms/product/c3f31b7f-0492-45b8-a14a-ad6dae3ca393.png
2026-06-05 22:26:04.459 | INFO     | __main__:process_urls_for_product:190 - Verified Source Attribution | Product: d9934060adeb | File: d9934060adeb_009.jpg | Source: blinkit | URL: https://cdn.grofers.com/cdn-cgi/image/f=auto,fit=scale-down,q=70,metadata=none,w=270/da/cms-assets/cms/product/566e759d-2b61-4c45-a580-066c05570d37.png
2026-06-05 22:27:00.537 | INFO     | __main__:download_product_images:223 - Product 22113b041076 has 0 images (min 10). Using Playwright fallback.
2026-06-05 22:27:05.516 | INFO     | nure.playwright_sources:collect_playwright_images:99 - Playwright blinkit 'Sakthi Biriyani Masala': 15 URLs
2026-06-05 22:27:08.867 | DEBUG    | nure.playwright_sources:collect_playwright_images:95 - Playwright timeout for bigbasket on Sakthi Biriyani Masala
2026-06-05 22:27:08.867 | INFO     | nure.playwright_sources:collect_playwright_images:99 - Playwright bigbasket 'Sakthi Biriyani Masala': 0 URLs
2026-06-05 22:27:11.547 | INFO     | nure.playwright_sources:collect_playwright_images:99 - Playwright jiomart 'Sakthi Biriyani Masala': 1 URLs
2026-06-05 22:27:14.152 | INFO     | nure.playwright_sources:collect_playwright_images:99 - Playwright flipkart 'Sakthi Biriyani Masala 50g': 0 URLs
2026-06-05 22:27:14.428 | INFO     | __main__:process_urls_for_product:190 - Verified Source Attribution | Product: 22113b041076 | File: 22113b041076_000.jpg | Source: blinkit | URL: https://cdn.grofers.com/cdn-cgi/image/f=auto,fit=scale-down,q=70,metadata=none,w=270/da/cms-assets/cms/product/fb9c4ccb-274e-4b3f-89de-23cf6e957357.png
2026-06-05 22:27:14.772 | INFO     | __main__:process_urls_for_product:190 - Verified Source Attribution | Product: 22113b041076 | File: 22113b041076_001.jpg | Source: blinkit | URL: https://cdn.grofers.com/cdn-cgi/image/f=auto,fit=scale-down,q=70,metadata=none,w=270/da/cms-assets/cms/product/rc-upload-1780331131771-365.png
2026-06-05 22:27:15.039 | INFO     | __main__:process_urls_for_product:190 - Verified Source Attribution | Product: 22113b041076 | File: 22113b041076_002.jpg | Source: blinkit | URL: https://cdn.grofers.com/cdn-cgi/image/f=auto,fit=scale-down,q=70,metadata=none,w=270/da/cms-assets/cms/product/rc-upload-1775625358577-304.png
2026-06-05 22:27:15.320 | INFO     | __main__:process_urls_for_product:190 - Verified Source Attribution | Product: 22113b041076 | File: 22113b041076_003.jpg | Source: blinkit | URL: https://cdn.grofers.com/cdn-cgi/image/f=auto,fit=scale-down,q=70,metadata=none,w=270/da/cms-assets/cms/product/20c7c562-6e1c-488b-b12d-d22b4cb941f1.png
2026-06-05 22:27:15.612 | INFO     | __main__:process_urls_for_product:190 - Verified Source Attribution | Product: 22113b041076 | File: 22113b041076_004.jpg | Source: blinkit | URL: https://cdn.grofers.com/cdn-cgi/image/f=auto,fit=scale-down,q=70,metadata=none,w=270/da/cms-assets/cms/product/rc-upload-1771477195826-55.png
2026-06-05 22:27:15.899 | INFO     | __main__:process_urls_for_product:190 - Verified Source Attribution | Product: 22113b041076 | File: 22113b041076_005.jpg | Source: blinkit | URL: https://cdn.grofers.com/cdn-cgi/image/f=auto,fit=scale-down,q=70,metadata=none,w=270/da/cms-assets/cms/product/rc-upload-1771477195826-47.png
2026-06-05 22:27:16.172 | INFO     | __main__:process_urls_for_product:190 - Verified Source Attribution | Product: 22113b041076 | File: 22113b041076_006.jpg | Source: blinkit | URL: https://cdn.grofers.com/cdn-cgi/image/f=auto,fit=scale-down,q=70,metadata=none,w=270/da/cms-assets/cms/product/de1867ab-c668-4547-850b-769f76dbfd0a.png
2026-06-05 22:27:16.450 | INFO     | __main__:process_urls_for_product:190 - Verified Source Attribution | Product: 22113b041076 | File: 22113b041076_007.jpg | Source: blinkit | URL: https://cdn.grofers.com/cdn-cgi/image/f=auto,fit=scale-down,q=70,metadata=none,w=270/da/cms-assets/cms/product/rc-upload-1771477195826-72.png
2026-06-05 22:27:16.742 | INFO     | __main__:process_urls_for_product:190 - Verified Source Attribution | Product: 22113b041076 | File: 22113b041076_008.jpg | Source: blinkit | URL: https://cdn.grofers.com/cdn-cgi/image/f=auto,fit=scale-down,q=70,metadata=none,w=270/da/cms-assets/cms/product/rc-upload-1777606736566-724.png
2026-06-05 22:27:17.005 | INFO     | __main__:process_urls_for_product:190 - Verified Source Attribution | Product: 22113b041076 | File: 22113b041076_009.jpg | Source: blinkit | URL: https://cdn.grofers.com/cdn-cgi/image/f=auto,fit=scale-down,q=70,metadata=none,w=270/da/cms-assets/cms/product/36d157ef-5a71-4a26-8386-7003870a768e.png
2026-06-05 22:27:17.271 | INFO     | __main__:process_urls_for_product:190 - Verified Source Attribution | Product: 22113b041076 | File: 22113b041076_010.jpg | Source: blinkit | URL: https://cdn.grofers.com/cdn-cgi/image/f=auto,fit=scale-down,q=70,metadata=none,w=270/da/cms-assets/cms/product/rc-upload-1771828139315-1451.png
2026-06-05 22:27:17.533 | INFO     | __main__:process_urls_for_product:190 - Verified Source Attribution | Product: 22113b041076 | File: 22113b041076_011.jpg | Source: blinkit | URL: https://cdn.grofers.com/cdn-cgi/image/f=auto,fit=scale-down,q=70,metadata=none,w=270/da/cms-assets/cms/product/a4e8c6af-fc6a-45fd-be0a-9930c0de3361.png
2026-06-05 22:27:17.814 | INFO     | __main__:process_urls_for_product:190 - Verified Source Attribution | Product: 22113b041076 | File: 22113b041076_012.jpg | Source: blinkit | URL: https://cdn.grofers.com/cdn-cgi/image/f=auto,fit=scale-down,q=70,metadata=none,w=270/da/cms-assets/cms/product/a0f6c971-4f46-47b8-8dbd-9bce88558b85.png
2026-06-05 22:28:12.101 | INFO     | __main__:download_product_images:223 - Product e5888f2cf582 has 0 images (min 10). Using Playwright fallback.
2026-06-05 22:28:18.595 | INFO     | nure.playwright_sources:collect_playwright_images:99 - Playwright blinkit 'Eastern Super garam masala': 15 URLs
2026-06-05 22:28:21.934 | DEBUG    | nure.playwright_sources:collect_playwright_images:95 - Playwright timeout for bigbasket on Eastern Super garam masala
2026-06-05 22:28:21.934 | INFO     | nure.playwright_sources:collect_playwright_images:99 - Playwright bigbasket 'Eastern Super garam masala': 0 URLs
2026-06-05 22:28:25.219 | INFO     | nure.playwright_sources:collect_playwright_images:99 - Playwright jiomart 'Eastern Super garam masala': 1 URLs
2026-06-05 22:28:27.705 | INFO     | nure.playwright_sources:collect_playwright_images:99 - Playwright flipkart 'Eastern Super garam masala 200': 0 URLs
2026-06-05 22:28:27.912 | INFO     | __main__:process_urls_for_product:190 - Verified Source Attribution | Product: e5888f2cf582 | File: e5888f2cf582_000.jpg | Source: blinkit | URL: https://cdn.grofers.com/cdn-cgi/image/f=auto,fit=scale-down,q=70,metadata=none,w=270/da/cms-assets/cms/product/rc-upload-1776962073784-369.png
2026-06-05 22:28:28.276 | INFO     | __main__:process_urls_for_product:190 - Verified Source Attribution | Product: e5888f2cf582 | File: e5888f2cf582_001.jpg | Source: blinkit | URL: https://cdn.grofers.com/cdn-cgi/image/f=auto,fit=scale-down,q=70,metadata=none,w=270/da/cms-assets/cms/product/rc-upload-1776962073784-235.png
2026-06-05 22:28:28.539 | INFO     | __main__:process_urls_for_product:190 - Verified Source Attribution | Product: e5888f2cf582 | File: e5888f2cf582_002.jpg | Source: blinkit | URL: https://cdn.grofers.com/cdn-cgi/image/f=auto,fit=scale-down,q=70,metadata=none,w=270/da/cms-assets/cms/product/69a31956-f8d0-478e-ba19-64c61b2e4635.png
2026-06-05 22:28:28.925 | INFO     | __main__:process_urls_for_product:190 - Verified Source Attribution | Product: e5888f2cf582 | File: e5888f2cf582_003.jpg | Source: blinkit | URL: https://cdn.grofers.com/cdn-cgi/image/f=auto,fit=scale-down,q=70,metadata=none,w=270/da/cms-assets/cms/product/63b36c14-e6a2-4c61-bf77-091b9b457c8a.png
2026-06-05 22:28:29.193 | INFO     | __main__:process_urls_for_product:190 - Verified Source Attribution | Product: e5888f2cf582 | File: e5888f2cf582_004.jpg | Source: blinkit | URL: https://cdn.grofers.com/cdn-cgi/image/f=auto,fit=scale-down,q=70,metadata=none,w=270/da/cms-assets/cms/product/345829e4-508c-47a5-aee7-9ad35bac9291.png
2026-06-05 22:28:29.466 | INFO     | __main__:process_urls_for_product:190 - Verified Source Attribution | Product: e5888f2cf582 | File: e5888f2cf582_005.jpg | Source: blinkit | URL: https://cdn.grofers.com/cdn-cgi/image/f=auto,fit=scale-down,q=70,metadata=none,w=270/da/cms-assets/cms/product/rc-upload-1774944833006-29.png
2026-06-05 22:28:29.752 | INFO     | __main__:process_urls_for_product:190 - Verified Source Attribution | Product: e5888f2cf582 | File: e5888f2cf582_006.jpg | Source: blinkit | URL: https://cdn.grofers.com/cdn-cgi/image/f=auto,fit=scale-down,q=70,metadata=none,w=270/da/cms-assets/cms/product/rc-upload-1775625358577-304.png
2026-06-05 22:28:30.258 | INFO     | __main__:process_urls_for_product:190 - Verified Source Attribution | Product: e5888f2cf582 | File: e5888f2cf582_007.jpg | Source: blinkit | URL: https://cdn.grofers.com/cdn-cgi/image/f=auto,fit=scale-down,q=70,metadata=none,w=270/da/cms-assets/cms/product/75fe43ba-1af9-47e7-97bc-75cd7b95e3a0.png
2026-06-05 22:28:30.560 | INFO     | __main__:process_urls_for_product:190 - Verified Source Attribution | Product: e5888f2cf582 | File: e5888f2cf582_008.jpg | Source: blinkit | URL: https://cdn.grofers.com/cdn-cgi/image/f=auto,fit=scale-down,q=70,metadata=none,w=270/da/cms-assets/cms/product/9fcdac07-358d-4539-9c92-164c94a63cb7.png
2026-06-05 22:28:30.827 | INFO     | __main__:process_urls_for_product:190 - Verified Source Attribution | Product: e5888f2cf582 | File: e5888f2cf582_009.jpg | Source: blinkit | URL: https://cdn.grofers.com/cdn-cgi/image/f=auto,fit=scale-down,q=70,metadata=none,w=270/da/cms-assets/cms/product/857ea321-f5f2-480d-8f47-1e711f33bc30.png
2026-06-05 22:28:32.254 | DEBUG    | nure.image_sources:_get:46 - GET failed: ('Connection aborted.', ConnectionResetError(10054, 'An existing connection was forcibly closed by the remote host', None, 10054, None))
2026-06-05 22:28:34.286 | INFO     | nure.image_sources:collect_bing_images:149 - Bing 'Eastern Butter Masala Sauce': 0 URLs
2026-06-05 22:29:11.058 | INFO     | __main__:download_product_images:223 - Product 5c99e75be846 has 0 images (min 10). Using Playwright fallback.
2026-06-05 22:29:15.060 | INFO     | nure.playwright_sources:collect_playwright_images:99 - Playwright blinkit 'Eastern Butter Masala Sauce': 15 URLs
2026-06-05 22:29:18.429 | DEBUG    | nure.playwright_sources:collect_playwright_images:95 - Playwright timeout for bigbasket on Eastern Butter Masala Sauce
2026-06-05 22:29:18.429 | INFO     | nure.playwright_sources:collect_playwright_images:99 - Playwright bigbasket 'Eastern Butter Masala Sauce': 0 URLs
2026-06-05 22:29:21.554 | INFO     | nure.playwright_sources:collect_playwright_images:99 - Playwright jiomart 'Eastern Butter Masala Sauce': 1 URLs
2026-06-05 22:29:24.102 | INFO     | nure.playwright_sources:collect_playwright_images:99 - Playwright flipkart 'Eastern Butter Masala Sauce': 0 URLs
2026-06-05 22:29:24.277 | INFO     | __main__:process_urls_for_product:190 - Verified Source Attribution | Product: 5c99e75be846 | File: 5c99e75be846_000.jpg | Source: blinkit | URL: https://cdn.grofers.com/cdn-cgi/image/f=auto,fit=scale-down,q=70,metadata=none,w=270/da/cms-assets/cms/product/rc-upload-1773835887952-67.png
2026-06-05 22:29:24.610 | INFO     | __main__:process_urls_for_product:190 - Verified Source Attribution | Product: 5c99e75be846 | File: 5c99e75be846_001.jpg | Source: blinkit | URL: https://cdn.grofers.com/cdn-cgi/image/f=auto,fit=scale-down,q=70,metadata=none,w=270/da/cms-assets/cms/product/rc-upload-1777606736566-658.png
2026-06-05 22:29:24.878 | INFO     | __main__:process_urls_for_product:190 - Verified Source Attribution | Product: 5c99e75be846 | File: 5c99e75be846_002.jpg | Source: blinkit | URL: https://cdn.grofers.com/cdn-cgi/image/f=auto,fit=scale-down,q=70,metadata=none,w=270/da/cms-assets/cms/product/rc-upload-1774582588565-513.png
2026-06-05 22:29:25.232 | INFO     | __main__:process_urls_for_product:190 - Verified Source Attribution | Product: 5c99e75be846 | File: 5c99e75be846_003.jpg | Source: blinkit | URL: https://cdn.grofers.com/cdn-cgi/image/f=auto,fit=scale-down,q=70,metadata=none,w=270/da/cms-assets/cms/product/52aae385-d3a6-45fa-a1fa-f42c7e80fab7.png
2026-06-05 22:29:25.599 | INFO     | __main__:process_urls_for_product:190 - Verified Source Attribution | Product: 5c99e75be846 | File: 5c99e75be846_004.jpg | Source: blinkit | URL: https://cdn.grofers.com/cdn-cgi/image/f=auto,fit=scale-down,q=70,metadata=none,w=270/da/cms-assets/cms/product/77bf7dbc-8464-4c10-bf73-9b61be9c2138.png
2026-06-05 22:29:26.164 | INFO     | __main__:process_urls_for_product:190 - Verified Source Attribution | Product: 5c99e75be846 | File: 5c99e75be846_005.jpg | Source: blinkit | URL: https://cdn.grofers.com/cdn-cgi/image/f=auto,fit=scale-down,q=70,metadata=none,w=270/da/cms-assets/cms/product/05f8a1c5-a9df-4eb3-9f03-af5d54457535.png
2026-06-05 22:29:26.704 | INFO     | __main__:process_urls_for_product:190 - Verified Source Attribution | Product: 5c99e75be846 | File: 5c99e75be846_006.jpg | Source: blinkit | URL: https://cdn.grofers.com/cdn-cgi/image/f=auto,fit=scale-down,q=70,metadata=none,w=270/da/cms-assets/cms/product/rc-upload-1771991783673-1182.png
2026-06-05 22:30:22.835 | INFO     | __main__:download_product_images:223 - Product 388c50d4b756 has 0 images (min 10). Using Playwright fallback.
2026-06-05 22:30:26.419 | INFO     | nure.playwright_sources:collect_playwright_images:99 - Playwright blinkit 'Eastern Garam Masala': 15 URLs
2026-06-05 22:30:29.811 | DEBUG    | nure.playwright_sources:collect_playwright_images:95 - Playwright timeout for bigbasket on Eastern Garam Masala
2026-06-05 22:30:29.811 | INFO     | nure.playwright_sources:collect_playwright_images:99 - Playwright bigbasket 'Eastern Garam Masala': 0 URLs
2026-06-05 22:30:32.843 | INFO     | nure.playwright_sources:collect_playwright_images:99 - Playwright jiomart 'Eastern Garam Masala': 1 URLs
2026-06-05 22:30:35.469 | INFO     | nure.playwright_sources:collect_playwright_images:99 - Playwright flipkart 'Eastern Garam Masala 100g': 0 URLs
2026-06-05 22:30:35.777 | INFO     | __main__:process_urls_for_product:190 - Verified Source Attribution | Product: 388c50d4b756 | File: 388c50d4b756_000.jpg | Source: blinkit | URL: https://cdn.grofers.com/cdn-cgi/image/f=auto,fit=scale-down,q=70,metadata=none,w=270/da/cms-assets/cms/product/rc-upload-1776962073784-369.png
2026-06-05 22:30:36.124 | INFO     | __main__:process_urls_for_product:190 - Verified Source Attribution | Product: 388c50d4b756 | File: 388c50d4b756_001.jpg | Source: blinkit | URL: https://cdn.grofers.com/cdn-cgi/image/f=auto,fit=scale-down,q=70,metadata=none,w=270/da/cms-assets/cms/product/rc-upload-1776962073784-235.png
2026-06-05 22:30:36.388 | INFO     | __main__:process_urls_for_product:190 - Verified Source Attribution | Product: 388c50d4b756 | File: 388c50d4b756_002.jpg | Source: blinkit | URL: https://cdn.grofers.com/cdn-cgi/image/f=auto,fit=scale-down,q=70,metadata=none,w=270/da/cms-assets/cms/product/63b36c14-e6a2-4c61-bf77-091b9b457c8a.png
2026-06-05 22:30:36.663 | INFO     | __main__:process_urls_for_product:190 - Verified Source Attribution | Product: 388c50d4b756 | File: 388c50d4b756_003.jpg | Source: blinkit | URL: https://cdn.grofers.com/cdn-cgi/image/f=auto,fit=scale-down,q=70,metadata=none,w=270/da/cms-assets/cms/product/69a31956-f8d0-478e-ba19-64c61b2e4635.png
2026-06-05 22:30:36.934 | INFO     | __main__:process_urls_for_product:190 - Verified Source Attribution | Product: 388c50d4b756 | File: 388c50d4b756_004.jpg | Source: blinkit | URL: https://cdn.grofers.com/cdn-cgi/image/f=auto,fit=scale-down,q=70,metadata=none,w=270/da/cms-assets/cms/product/345829e4-508c-47a5-aee7-9ad35bac9291.png
2026-06-05 22:30:37.202 | INFO     | __main__:process_urls_for_product:190 - Verified Source Attribution | Product: 388c50d4b756 | File: 388c50d4b756_005.jpg | Source: blinkit | URL: https://cdn.grofers.com/cdn-cgi/image/f=auto,fit=scale-down,q=70,metadata=none,w=270/da/cms-assets/cms/product/9fcdac07-358d-4539-9c92-164c94a63cb7.png
2026-06-05 22:30:37.575 | INFO     | __main__:process_urls_for_product:190 - Verified Source Attribution | Product: 388c50d4b756 | File: 388c50d4b756_006.jpg | Source: blinkit | URL: https://cdn.grofers.com/cdn-cgi/image/f=auto,fit=scale-down,q=70,metadata=none,w=270/da/cms-assets/cms/product/857ea321-f5f2-480d-8f47-1e711f33bc30.png
2026-06-05 22:30:37.835 | INFO     | __main__:process_urls_for_product:190 - Verified Source Attribution | Product: 388c50d4b756 | File: 388c50d4b756_007.jpg | Source: blinkit | URL: https://cdn.grofers.com/cdn-cgi/image/f=auto,fit=scale-down,q=70,metadata=none,w=270/da/cms-assets/cms/product/75fe43ba-1af9-47e7-97bc-75cd7b95e3a0.png
2026-06-05 22:30:38.103 | INFO     | __main__:process_urls_for_product:190 - Verified Source Attribution | Product: 388c50d4b756 | File: 388c50d4b756_008.jpg | Source: blinkit | URL: https://cdn.grofers.com/cdn-cgi/image/f=auto,fit=scale-down,q=70,metadata=none,w=270/da/cms-assets/cms/product/f4713208-3642-42d6-887d-f01dba17a6d4.png
2026-06-05 22:30:38.366 | INFO     | __main__:process_urls_for_product:190 - Verified Source Attribution | Product: 388c50d4b756 | File: 388c50d4b756_009.jpg | Source: blinkit | URL: https://cdn.grofers.com/cdn-cgi/image/f=auto,fit=scale-down,q=70,metadata=none,w=270/da/cms-assets/cms/product/da1404fe-bb49-42c1-a038-e3aaf7117eae.png
2026-06-05 22:30:38.628 | INFO     | __main__:process_urls_for_product:190 - Verified Source Attribution | Product: 388c50d4b756 | File: 388c50d4b756_010.jpg | Source: blinkit | URL: https://cdn.grofers.com/cdn-cgi/image/f=auto,fit=scale-down,q=70,metadata=none,w=270/da/cms-assets/cms/product/rc-upload-1774351143403-198.png
2026-06-05 22:30:38.897 | INFO     | __main__:process_urls_for_product:190 - Verified Source Attribution | Product: 388c50d4b756 | File: 388c50d4b756_011.jpg | Source: blinkit | URL: https://cdn.grofers.com/cdn-cgi/image/f=auto,fit=scale-down,q=70,metadata=none,w=270/da/cms-assets/cms/product/3f8f1e6e-f656-41bd-b901-c964b32a6069.png
2026-06-05 22:31:35.513 | INFO     | __main__:download_product_images:223 - Product 1a60c1355bd3 has 0 images (min 10). Using Playwright fallback.
2026-06-05 22:31:39.469 | INFO     | nure.playwright_sources:collect_playwright_images:99 - Playwright blinkit 'Eastern Spicy Chicken Masala': 15 URLs
2026-06-05 22:31:42.839 | DEBUG    | nure.playwright_sources:collect_playwright_images:95 - Playwright timeout for bigbasket on Eastern Spicy Chicken Masala
2026-06-05 22:31:42.839 | INFO     | nure.playwright_sources:collect_playwright_images:99 - Playwright bigbasket 'Eastern Spicy Chicken Masala': 0 URLs
2026-06-05 22:31:45.697 | INFO     | nure.playwright_sources:collect_playwright_images:99 - Playwright jiomart 'Eastern Spicy Chicken Masala': 1 URLs
2026-06-05 22:31:48.180 | INFO     | nure.playwright_sources:collect_playwright_images:99 - Playwright flipkart 'Eastern Spicy Chicken Masala 1': 0 URLs
2026-06-05 22:31:48.352 | INFO     | __main__:process_urls_for_product:190 - Verified Source Attribution | Product: 1a60c1355bd3 | File: 1a60c1355bd3_000.jpg | Source: blinkit | URL: https://cdn.grofers.com/cdn-cgi/image/f=auto,fit=scale-down,q=70,metadata=none,w=270/da/cms-assets/cms/product/rc-upload-1774944833006-29.png
2026-06-05 22:31:48.699 | INFO     | __main__:process_urls_for_product:190 - Verified Source Attribution | Product: 1a60c1355bd3 | File: 1a60c1355bd3_001.jpg | Source: blinkit | URL: https://cdn.grofers.com/cdn-cgi/image/f=auto,fit=scale-down,q=70,metadata=none,w=270/da/cms-assets/cms/product/rc-upload-1776962073784-292.png
2026-06-05 22:31:49.052 | INFO     | __main__:process_urls_for_product:190 - Verified Source Attribution | Product: 1a60c1355bd3 | File: 1a60c1355bd3_002.jpg | Source: blinkit | URL: https://cdn.grofers.com/cdn-cgi/image/f=auto,fit=scale-down,q=70,metadata=none,w=270/da/cms-assets/cms/product/d1c5a654-dbb4-43c2-a50f-daae75a907de.png
2026-06-05 22:31:49.322 | INFO     | __main__:process_urls_for_product:190 - Verified Source Attribution | Product: 1a60c1355bd3 | File: 1a60c1355bd3_003.jpg | Source: blinkit | URL: https://cdn.grofers.com/cdn-cgi/image/f=auto,fit=scale-down,q=70,metadata=none,w=270/da/cms-assets/cms/product/2bd9db9b-9293-4d6b-9af7-12de934301a1.png
2026-06-05 22:31:49.704 | INFO     | __main__:process_urls_for_product:190 - Verified Source Attribution | Product: 1a60c1355bd3 | File: 1a60c1355bd3_004.jpg | Source: blinkit | URL: https://cdn.grofers.com/cdn-cgi/image/f=auto,fit=scale-down,q=70,metadata=none,w=270/da/cms-assets/cms/product/rc-upload-1775625358577-304.png
2026-06-05 22:31:49.982 | INFO     | __main__:process_urls_for_product:190 - Verified Source Attribution | Product: 1a60c1355bd3 | File: 1a60c1355bd3_005.jpg | Source: blinkit | URL: https://cdn.grofers.com/cdn-cgi/image/f=auto,fit=scale-down,q=70,metadata=none,w=270/da/cms-assets/cms/product/f3adf6d4-673c-41c3-ae63-1508b4af2ecd.png
2026-06-05 22:31:50.242 | INFO     | __main__:process_urls_for_product:190 - Verified Source Attribution | Product: 1a60c1355bd3 | File: 1a60c1355bd3_006.jpg | Source: blinkit | URL: https://cdn.grofers.com/cdn-cgi/image/f=auto,fit=scale-down,q=70,metadata=none,w=270/da/cms-assets/cms/product/8f155a79-4c38-40d3-9f71-efa96443b2dd.png
2026-06-05 22:31:50.508 | INFO     | __main__:process_urls_for_product:190 - Verified Source Attribution | Product: 1a60c1355bd3 | File: 1a60c1355bd3_007.jpg | Source: blinkit | URL: https://cdn.grofers.com/cdn-cgi/image/f=auto,fit=scale-down,q=70,metadata=none,w=270/da/cms-assets/cms/product/3859be5c-4e5f-42ff-a13d-1669f7b067a2.png
2026-06-05 22:31:50.786 | INFO     | __main__:process_urls_for_product:190 - Verified Source Attribution | Product: 1a60c1355bd3 | File: 1a60c1355bd3_008.jpg | Source: blinkit | URL: https://cdn.grofers.com/cdn-cgi/image/f=auto,fit=scale-down,q=70,metadata=none,w=270/da/cms-assets/cms/product/rc-upload-1771309849619-88.png
2026-06-05 22:31:51.049 | INFO     | __main__:process_urls_for_product:190 - Verified Source Attribution | Product: 1a60c1355bd3 | File: 1a60c1355bd3_009.jpg | Source: blinkit | URL: https://cdn.grofers.com/cdn-cgi/image/f=auto,fit=scale-down,q=70,metadata=none,w=270/da/cms-assets/cms/product/rc-upload-1777606736566-680.png
2026-06-05 22:31:51.318 | INFO     | __main__:process_urls_for_product:190 - Verified Source Attribution | Product: 1a60c1355bd3 | File: 1a60c1355bd3_010.jpg | Source: blinkit | URL: https://cdn.grofers.com/cdn-cgi/image/f=auto,fit=scale-down,q=70,metadata=none,w=270/da/cms-assets/cms/product/83d78eda-327b-4453-9616-2f0a4d16e24d.png
2026-06-05 22:31:51.595 | INFO     | __main__:process_urls_for_product:190 - Verified Source Attribution | Product: 1a60c1355bd3 | File: 1a60c1355bd3_011.jpg | Source: blinkit | URL: https://cdn.grofers.com/cdn-cgi/image/f=auto,fit=scale-down,q=70,metadata=none,w=270/da/cms-assets/cms/product/rc-upload-1771309849619-107.png
2026-06-05 22:32:48.121 | INFO     | __main__:download_product_images:223 - Product 7c644976f6e4 has 0 images (min 10). Using Playwright fallback.
2026-06-05 22:32:51.987 | INFO     | nure.playwright_sources:collect_playwright_images:99 - Playwright blinkit 'Eastern Mutton Masala': 15 URLs
2026-06-05 22:32:55.332 | DEBUG    | nure.playwright_sources:collect_playwright_images:95 - Playwright timeout for bigbasket on Eastern Mutton Masala
2026-06-05 22:32:55.332 | INFO     | nure.playwright_sources:collect_playwright_images:99 - Playwright bigbasket 'Eastern Mutton Masala': 0 URLs
2026-06-05 22:32:58.223 | INFO     | nure.playwright_sources:collect_playwright_images:99 - Playwright jiomart 'Eastern Mutton Masala': 1 URLs
2026-06-05 22:33:00.884 | INFO     | nure.playwright_sources:collect_playwright_images:99 - Playwright flipkart 'Eastern Mutton Masala 100g': 0 URLs
2026-06-05 22:33:01.092 | INFO     | __main__:process_urls_for_product:190 - Verified Source Attribution | Product: 7c644976f6e4 | File: 7c644976f6e4_000.jpg | Source: blinkit | URL: https://cdn.grofers.com/cdn-cgi/image/f=auto,fit=scale-down,q=70,metadata=none,w=270/da/cms-assets/cms/product/rc-upload-1775625358577-291.png
2026-06-05 22:33:01.544 | INFO     | __main__:process_urls_for_product:190 - Verified Source Attribution | Product: 7c644976f6e4 | File: 7c644976f6e4_001.jpg | Source: blinkit | URL: https://cdn.grofers.com/cdn-cgi/image/f=auto,fit=scale-down,q=70,metadata=none,w=270/da/cms-assets/cms/product/5f1e02e5-d062-4bfc-af51-20a9634dc2f5.png
2026-06-05 22:33:01.823 | INFO     | __main__:process_urls_for_product:190 - Verified Source Attribution | Product: 7c644976f6e4 | File: 7c644976f6e4_002.jpg | Source: blinkit | URL: https://cdn.grofers.com/cdn-cgi/image/f=auto,fit=scale-down,q=70,metadata=none,w=270/da/cms-assets/cms/product/rc-upload-1777606736566-691.png
2026-06-05 22:33:02.081 | INFO     | __main__:process_urls_for_product:190 - Verified Source Attribution | Product: 7c644976f6e4 | File: 7c644976f6e4_003.jpg | Source: blinkit | URL: https://cdn.grofers.com/cdn-cgi/image/f=auto,fit=scale-down,q=70,metadata=none,w=270/da/cms-assets/cms/product/6e915bf5-7a81-4897-a4ef-8c3dd76719df.png
2026-06-05 22:33:02.352 | INFO     | __main__:process_urls_for_product:190 - Verified Source Attribution | Product: 7c644976f6e4 | File: 7c644976f6e4_004.jpg | Source: blinkit | URL: https://cdn.grofers.com/cdn-cgi/image/f=auto,fit=scale-down,q=70,metadata=none,w=270/da/cms-assets/cms/product/721012be-68be-4ebc-a4f4-460d7d0b6765.png
2026-06-05 22:33:02.742 | INFO     | __main__:process_urls_for_product:190 - Verified Source Attribution | Product: 7c644976f6e4 | File: 7c644976f6e4_005.jpg | Source: blinkit | URL: https://cdn.grofers.com/cdn-cgi/image/f=auto,fit=scale-down,q=70,metadata=none,w=270/da/cms-assets/cms/product/5f44778e-2180-4ade-a13a-e6d9eb4cd293.png
2026-06-05 22:33:03.017 | INFO     | __main__:process_urls_for_product:190 - Verified Source Attribution | Product: 7c644976f6e4 | File: 7c644976f6e4_006.jpg | Source: blinkit | URL: https://cdn.grofers.com/cdn-cgi/image/f=auto,fit=scale-down,q=70,metadata=none,w=270/da/cms-assets/cms/product/77219ac9-63d2-4c8c-b714-62ee8062307d.png
2026-06-05 22:33:03.283 | INFO     | __main__:process_urls_for_product:190 - Verified Source Attribution | Product: 7c644976f6e4 | File: 7c644976f6e4_007.jpg | Source: blinkit | URL: https://cdn.grofers.com/cdn-cgi/image/f=auto,fit=scale-down,q=70,metadata=none,w=270/da/cms-assets/cms/product/rc-upload-1774944833006-29.png
2026-06-05 22:33:03.636 | INFO     | __main__:process_urls_for_product:190 - Verified Source Attribution | Product: 7c644976f6e4 | File: 7c644976f6e4_008.jpg | Source: blinkit | URL: https://cdn.grofers.com/cdn-cgi/image/f=auto,fit=scale-down,q=70,metadata=none,w=270/da/cms-assets/cms/product/259a56e0-31d5-4cce-a28c-787954a443fe.png
2026-06-05 22:33:03.891 | INFO     | __main__:process_urls_for_product:190 - Verified Source Attribution | Product: 7c644976f6e4 | File: 7c644976f6e4_009.jpg | Source: blinkit | URL: https://cdn.grofers.com/cdn-cgi/image/f=auto,fit=scale-down,q=70,metadata=none,w=270/da/cms-assets/cms/product/8e90e2e2-fa38-4a66-a6ba-fa00966c9af8.png
2026-06-05 22:33:04.150 | INFO     | __main__:process_urls_for_product:190 - Verified Source Attribution | Product: 7c644976f6e4 | File: 7c644976f6e4_010.jpg | Source: blinkit | URL: https://cdn.grofers.com/cdn-cgi/image/f=auto,fit=scale-down,q=70,metadata=none,w=270/da/cms-assets/cms/product/7a492a26-dc45-4834-a797-7865f9b58ac6.png
2026-06-05 22:34:15.793 | INFO     | __main__:download_product_images:223 - Product 74d3e2c453bc has 0 images (min 10). Using Playwright fallback.
