2026-06-04 23:39:32.346 | INFO     | __main__:download_product_images:254 - Product e0c9f4a9d335 has 0 images (min 10). Using Playwright fallback.
2026-06-04 23:39:36.101 | INFO     | nure.playwright_sources:collect_playwright_images:99 - Playwright blinkit 'Aashirvaad aashirwad atta 10kg': 15 URLs
2026-06-04 23:39:39.559 | DEBUG    | nure.playwright_sources:collect_playwright_images:95 - Playwright timeout for bigbasket on Aashirvaad aashirwad atta 10kg
2026-06-04 23:39:39.560 | INFO     | nure.playwright_sources:collect_playwright_images:99 - Playwright bigbasket 'Aashirvaad aashirwad atta 10kg': 0 URLs
2026-06-04 23:39:41.918 | INFO     | nure.playwright_sources:collect_playwright_images:99 - Playwright jiomart 'Aashirvaad aashirwad atta 10kg': 1 URLs
2026-06-04 23:39:44.645 | INFO     | nure.playwright_sources:collect_playwright_images:99 - Playwright flipkart 'Aashirvaad aashirwad atta 10kg': 0 URLs
2026-06-04 23:39:45.266 | INFO     | __main__:process_urls_for_product:200 - Verified Source Attribution | Product: e0c9f4a9d335 | File: e0c9f4a9d335_000.jpg | Source: blinkit | URL: https://cdn.grofers.com/cdn-cgi/image/f=auto,fit=scale-down,q=70,metadata=none,w=270/da/cms-assets/cms/product/rc-upload-1779248476545-248.png
2026-06-04 23:39:45.686 | INFO     | __main__:process_urls_for_product:200 - Verified Source Attribution | Product: e0c9f4a9d335 | File: e0c9f4a9d335_001.jpg | Source: blinkit | URL: https://cdn.grofers.com/cdn-cgi/image/f=auto,fit=scale-down,q=70,metadata=none,w=270/da/cms-assets/cms/product/rc-upload-1773209973109-467.png
2026-06-04 23:39:45.998 | INFO     | __main__:process_urls_for_product:200 - Verified Source Attribution | Product: e0c9f4a9d335 | File: e0c9f4a9d335_002.jpg | Source: blinkit | URL: https://cdn.grofers.com/cdn-cgi/image/f=auto,fit=scale-down,q=70,metadata=none,w=270/da/cms-assets/cms/product/bf9f2d59-b621-41c9-ad2e-19025474e07c.png
2026-06-04 23:39:46.319 | INFO     | __main__:process_urls_for_product:200 - Verified Source Attribution | Product: e0c9f4a9d335 | File: e0c9f4a9d335_003.jpg | Source: blinkit | URL: https://cdn.grofers.com/cdn-cgi/image/f=auto,fit=scale-down,q=70,metadata=none,w=270/da/cms-assets/cms/product/rc-upload-1771857678119-98.png
2026-06-04 23:39:46.640 | INFO     | __main__:process_urls_for_product:200 - Verified Source Attribution | Product: e0c9f4a9d335 | File: e0c9f4a9d335_004.jpg | Source: blinkit | URL: https://cdn.grofers.com/cdn-cgi/image/f=auto,fit=scale-down,q=70,metadata=none,w=270/da/cms-assets/cms/product/rc-upload-1776471758958-226.png
2026-06-04 23:39:47.206 | INFO     | __main__:process_urls_for_product:200 - Verified Source Attribution | Product: e0c9f4a9d335 | File: e0c9f4a9d335_005.jpg | Source: blinkit | URL: https://cdn.grofers.com/cdn-cgi/image/f=auto,fit=scale-down,q=70,metadata=none,w=270/da/cms-assets/cms/product/94a662e0-1865-4641-8543-77d39cc95e6b.png
2026-06-04 23:39:47.522 | INFO     | __main__:process_urls_for_product:200 - Verified Source Attribution | Product: e0c9f4a9d335 | File: e0c9f4a9d335_006.jpg | Source: blinkit | URL: https://cdn.grofers.com/cdn-cgi/image/f=auto,fit=scale-down,q=70,metadata=none,w=270/da/cms-assets/cms/product/d3b15d2a-47e1-4863-b68c-ccf383f9f0ac.png
2026-06-04 23:39:47.856 | INFO     | __main__:process_urls_for_product:200 - Verified Source Attribution | Product: e0c9f4a9d335 | File: e0c9f4a9d335_007.jpg | Source: blinkit | URL: https://cdn.grofers.com/cdn-cgi/image/f=auto,fit=scale-down,q=70,metadata=none,w=270/da/cms-assets/cms/product/b9bb083d-b44f-42a7-922c-39abd37a446c.png
2026-06-04 23:39:48.191 | INFO     | __main__:process_urls_for_product:200 - Verified Source Attribution | Product: e0c9f4a9d335 | File: e0c9f4a9d335_008.jpg | Source: blinkit | URL: https://cdn.grofers.com/cdn-cgi/image/f=auto,fit=scale-down,q=70,metadata=none,w=270/da/cms-assets/cms/product/b340c9f9-957b-48b8-94c5-d807df1d58b1.png
2026-06-04 23:39:48.525 | INFO     | __main__:process_urls_for_product:200 - Verified Source Attribution | Product: e0c9f4a9d335 | File: e0c9f4a9d335_009.jpg | Source: blinkit | URL: https://cdn.grofers.com/cdn-cgi/image/f=auto,fit=scale-down,q=70,metadata=none,w=270/da/cms-assets/cms/product/5a934f90-7342-41d6-a084-b1cb5b2d751d.png
2026-06-04 23:39:48.870 | INFO     | __main__:process_urls_for_product:200 - Verified Source Attribution | Product: e0c9f4a9d335 | File: e0c9f4a9d335_010.jpg | Source: blinkit | URL: https://cdn.grofers.com/cdn-cgi/image/f=auto,fit=scale-down,q=70,metadata=none,w=270/da/cms-assets/cms/product/e05e6ce1-50c8-4790-8f4e-586b946bad2a.png
2026-06-04 23:39:49.210 | INFO     | __main__:process_urls_for_product:200 - Verified Source Attribution | Product: e0c9f4a9d335 | File: e0c9f4a9d335_011.jpg | Source: blinkit | URL: https://cdn.grofers.com/cdn-cgi/image/f=auto,fit=scale-down,q=70,metadata=none,w=270/da/cms-assets/cms/product/rc-upload-1769779424274-252.png
2026-06-04 23:40:09.973 | INFO     | __main__:download_product_images:254 - Product e0c9f4a9d335 has 0 images (min 10). Using Playwright fallback.
2026-06-04 23:40:13.690 | INFO     | nure.playwright_sources:collect_playwright_images:99 - Playwright blinkit 'Aashirvaad aashirwad atta 10kg': 15 URLs
2026-06-04 23:40:17.090 | DEBUG    | nure.playwright_sources:collect_playwright_images:95 - Playwright timeout for bigbasket on Aashirvaad aashirwad atta 10kg
2026-06-04 23:40:17.091 | INFO     | nure.playwright_sources:collect_playwright_images:99 - Playwright bigbasket 'Aashirvaad aashirwad atta 10kg': 0 URLs
2026-06-04 23:40:19.273 | INFO     | nure.playwright_sources:collect_playwright_images:99 - Playwright jiomart 'Aashirvaad aashirwad atta 10kg': 1 URLs
2026-06-04 23:40:21.847 | INFO     | nure.playwright_sources:collect_playwright_images:99 - Playwright flipkart 'Aashirvaad aashirwad atta 10kg': 0 URLs
2026-06-04 23:40:22.442 | INFO     | __main__:process_urls_for_product:200 - Verified Source Attribution | Product: e0c9f4a9d335 | File: e0c9f4a9d335_000.jpg | Source: blinkit | URL: https://cdn.grofers.com/cdn-cgi/image/f=auto,fit=scale-down,q=70,metadata=none,w=270/da/cms-assets/cms/product/rc-upload-1779248476545-248.png
2026-06-04 23:40:22.852 | INFO     | __main__:process_urls_for_product:200 - Verified Source Attribution | Product: e0c9f4a9d335 | File: e0c9f4a9d335_001.jpg | Source: blinkit | URL: https://cdn.grofers.com/cdn-cgi/image/f=auto,fit=scale-down,q=70,metadata=none,w=270/da/cms-assets/cms/product/rc-upload-1773209973109-467.png
2026-06-04 23:40:23.171 | INFO     | __main__:process_urls_for_product:200 - Verified Source Attribution | Product: e0c9f4a9d335 | File: e0c9f4a9d335_002.jpg | Source: blinkit | URL: https://cdn.grofers.com/cdn-cgi/image/f=auto,fit=scale-down,q=70,metadata=none,w=270/da/cms-assets/cms/product/bf9f2d59-b621-41c9-ad2e-19025474e07c.png
2026-06-04 23:40:23.496 | INFO     | __main__:process_urls_for_product:200 - Verified Source Attribution | Product: e0c9f4a9d335 | File: e0c9f4a9d335_003.jpg | Source: blinkit | URL: https://cdn.grofers.com/cdn-cgi/image/f=auto,fit=scale-down,q=70,metadata=none,w=270/da/cms-assets/cms/product/rc-upload-1771857678119-98.png
2026-06-04 23:40:23.834 | INFO     | __main__:process_urls_for_product:200 - Verified Source Attribution | Product: e0c9f4a9d335 | File: e0c9f4a9d335_004.jpg | Source: blinkit | URL: https://cdn.grofers.com/cdn-cgi/image/f=auto,fit=scale-down,q=70,metadata=none,w=270/da/cms-assets/cms/product/rc-upload-1776471758958-226.png
2026-06-04 23:40:24.383 | INFO     | __main__:process_urls_for_product:200 - Verified Source Attribution | Product: e0c9f4a9d335 | File: e0c9f4a9d335_005.jpg | Source: blinkit | URL: https://cdn.grofers.com/cdn-cgi/image/f=auto,fit=scale-down,q=70,metadata=none,w=270/da/cms-assets/cms/product/94a662e0-1865-4641-8543-77d39cc95e6b.png
2026-06-04 23:40:24.710 | INFO     | __main__:process_urls_for_product:200 - Verified Source Attribution | Product: e0c9f4a9d335 | File: e0c9f4a9d335_006.jpg | Source: blinkit | URL: https://cdn.grofers.com/cdn-cgi/image/f=auto,fit=scale-down,q=70,metadata=none,w=270/da/cms-assets/cms/product/d3b15d2a-47e1-4863-b68c-ccf383f9f0ac.png
2026-06-04 23:40:25.035 | INFO     | __main__:process_urls_for_product:200 - Verified Source Attribution | Product: e0c9f4a9d335 | File: e0c9f4a9d335_007.jpg | Source: blinkit | URL: https://cdn.grofers.com/cdn-cgi/image/f=auto,fit=scale-down,q=70,metadata=none,w=270/da/cms-assets/cms/product/b9bb083d-b44f-42a7-922c-39abd37a446c.png
2026-06-04 23:40:25.351 | INFO     | __main__:process_urls_for_product:200 - Verified Source Attribution | Product: e0c9f4a9d335 | File: e0c9f4a9d335_008.jpg | Source: blinkit | URL: https://cdn.grofers.com/cdn-cgi/image/f=auto,fit=scale-down,q=70,metadata=none,w=270/da/cms-assets/cms/product/b340c9f9-957b-48b8-94c5-d807df1d58b1.png
2026-06-04 23:40:25.709 | INFO     | __main__:process_urls_for_product:200 - Verified Source Attribution | Product: e0c9f4a9d335 | File: e0c9f4a9d335_009.jpg | Source: blinkit | URL: https://cdn.grofers.com/cdn-cgi/image/f=auto,fit=scale-down,q=70,metadata=none,w=270/da/cms-assets/cms/product/5a934f90-7342-41d6-a084-b1cb5b2d751d.png
2026-06-04 23:40:26.042 | INFO     | __main__:process_urls_for_product:200 - Verified Source Attribution | Product: e0c9f4a9d335 | File: e0c9f4a9d335_010.jpg | Source: blinkit | URL: https://cdn.grofers.com/cdn-cgi/image/f=auto,fit=scale-down,q=70,metadata=none,w=270/da/cms-assets/cms/product/e05e6ce1-50c8-4790-8f4e-586b946bad2a.png
2026-06-04 23:40:26.386 | INFO     | __main__:process_urls_for_product:200 - Verified Source Attribution | Product: e0c9f4a9d335 | File: e0c9f4a9d335_011.jpg | Source: blinkit | URL: https://cdn.grofers.com/cdn-cgi/image/f=auto,fit=scale-down,q=70,metadata=none,w=270/da/cms-assets/cms/product/rc-upload-1769779424274-252.png
2026-06-04 23:41:00.898 | INFO     | __main__:download_product_images:254 - Product 79b932cdf3ac has 0 images (min 10). Using Playwright fallback.
2026-06-04 23:41:04.893 | INFO     | nure.playwright_sources:collect_playwright_images:99 - Playwright blinkit 'Kazan’s Organic Toor Dal': 15 URLs
2026-06-04 23:41:08.345 | DEBUG    | nure.playwright_sources:collect_playwright_images:95 - Playwright timeout for bigbasket on Kazan’s Organic Toor Dal
2026-06-04 23:41:08.346 | INFO     | nure.playwright_sources:collect_playwright_images:99 - Playwright bigbasket 'Kazan’s Organic Toor Dal': 0 URLs
2026-06-04 23:41:10.682 | INFO     | nure.playwright_sources:collect_playwright_images:99 - Playwright jiomart 'Kazan’s Organic Toor Dal': 1 URLs
2026-06-04 23:41:13.402 | INFO     | nure.playwright_sources:collect_playwright_images:99 - Playwright flipkart 'Kazan’s Organic Toor Dal 112 o': 0 URLs
2026-06-04 23:41:13.610 | WARNING  | __main__:process_urls_for_product:202 - Save failed 79b932cdf3ac_000.jpg: [Errno 2] No such file or directory: 'E:\\ML\\WebScrapper_bar\\dataset\\products\\Kazan_s_Organic_Toor_Dal_112_oz\\images\\79b932cdf3ac_000.jpg'
2026-06-04 23:41:14.018 | WARNING  | __main__:process_urls_for_product:202 - Save failed 79b932cdf3ac_000.jpg: [Errno 2] No such file or directory: 'E:\\ML\\WebScrapper_bar\\dataset\\products\\Kazan_s_Organic_Toor_Dal_112_oz\\images\\79b932cdf3ac_000.jpg'
2026-06-04 23:41:14.472 | WARNING  | __main__:process_urls_for_product:202 - Save failed 79b932cdf3ac_000.jpg: [Errno 2] No such file or directory: 'E:\\ML\\WebScrapper_bar\\dataset\\products\\Kazan_s_Organic_Toor_Dal_112_oz\\images\\79b932cdf3ac_000.jpg'
2026-06-04 23:41:14.797 | WARNING  | __main__:process_urls_for_product:202 - Save failed 79b932cdf3ac_000.jpg: [Errno 2] No such file or directory: 'E:\\ML\\WebScrapper_bar\\dataset\\products\\Kazan_s_Organic_Toor_Dal_112_oz\\images\\79b932cdf3ac_000.jpg'
2026-06-04 23:41:15.172 | WARNING  | __main__:process_urls_for_product:202 - Save failed 79b932cdf3ac_000.jpg: [Errno 2] No such file or directory: 'E:\\ML\\WebScrapper_bar\\dataset\\products\\Kazan_s_Organic_Toor_Dal_112_oz\\images\\79b932cdf3ac_000.jpg'
2026-06-04 23:41:15.525 | WARNING  | __main__:process_urls_for_product:202 - Save failed 79b932cdf3ac_000.jpg: [Errno 2] No such file or directory: 'E:\\ML\\WebScrapper_bar\\dataset\\products\\Kazan_s_Organic_Toor_Dal_112_oz\\images\\79b932cdf3ac_000.jpg'
2026-06-04 23:41:15.840 | WARNING  | __main__:process_urls_for_product:202 - Save failed 79b932cdf3ac_000.jpg: [Errno 2] No such file or directory: 'E:\\ML\\WebScrapper_bar\\dataset\\products\\Kazan_s_Organic_Toor_Dal_112_oz\\images\\79b932cdf3ac_000.jpg'
2026-06-04 23:41:16.193 | WARNING  | __main__:process_urls_for_product:202 - Save failed 79b932cdf3ac_000.jpg: [Errno 2] No such file or directory: 'E:\\ML\\WebScrapper_bar\\dataset\\products\\Kazan_s_Organic_Toor_Dal_112_oz\\images\\79b932cdf3ac_000.jpg'
2026-06-04 23:41:16.558 | WARNING  | __main__:process_urls_for_product:202 - Save failed 79b932cdf3ac_000.jpg: [Errno 2] No such file or directory: 'E:\\ML\\WebScrapper_bar\\dataset\\products\\Kazan_s_Organic_Toor_Dal_112_oz\\images\\79b932cdf3ac_000.jpg'
2026-06-04 23:41:16.894 | WARNING  | __main__:process_urls_for_product:202 - Save failed 79b932cdf3ac_000.jpg: [Errno 2] No such file or directory: 'E:\\ML\\WebScrapper_bar\\dataset\\products\\Kazan_s_Organic_Toor_Dal_112_oz\\images\\79b932cdf3ac_000.jpg'
2026-06-04 23:41:17.222 | WARNING  | __main__:process_urls_for_product:202 - Save failed 79b932cdf3ac_000.jpg: [Errno 2] No such file or directory: 'E:\\ML\\WebScrapper_bar\\dataset\\products\\Kazan_s_Organic_Toor_Dal_112_oz\\images\\79b932cdf3ac_000.jpg'
2026-06-04 23:41:17.752 | WARNING  | __main__:process_urls_for_product:202 - Save failed 79b932cdf3ac_000.jpg: [Errno 2] No such file or directory: 'E:\\ML\\WebScrapper_bar\\dataset\\products\\Kazan_s_Organic_Toor_Dal_112_oz\\images\\79b932cdf3ac_000.jpg'
2026-06-04 23:41:20.304 | INFO     | nure.image_sources:collect_amazon_images:189 - Amazon 'Swad Toor dal (split pigeon peas)': 1 URLs
2026-06-04 23:41:22.978 | INFO     | nure.image_sources:collect_bing_images:160 - Bing 'Swad Toor dal (split pigeon peas)': 0 URLs
2026-06-04 23:41:59.833 | INFO     | __main__:process_urls_for_product:200 - Verified Source Attribution | Product: 53bb43e04c64 | File: 53bb43e04c64_000.jpg | Source: amazon | URL: https://m.media-amazon.com/images/I/31Ip4aURUpL.png
2026-06-04 23:42:00.037 | INFO     | __main__:download_product_images:254 - Product 53bb43e04c64 has 1 images (min 10). Using Playwright fallback.
2026-06-04 23:42:03.876 | INFO     | nure.playwright_sources:collect_playwright_images:99 - Playwright blinkit 'Swad Toor dal (split pigeon pe': 15 URLs
2026-06-04 23:42:07.221 | DEBUG    | nure.playwright_sources:collect_playwright_images:95 - Playwright timeout for bigbasket on Swad Toor dal (split pigeon pe
2026-06-04 23:42:07.222 | INFO     | nure.playwright_sources:collect_playwright_images:99 - Playwright bigbasket 'Swad Toor dal (split pigeon pe': 0 URLs
2026-06-04 23:42:09.609 | INFO     | nure.playwright_sources:collect_playwright_images:99 - Playwright jiomart 'Swad Toor dal (split pigeon pe': 1 URLs
2026-06-04 23:42:12.633 | INFO     | nure.playwright_sources:collect_playwright_images:99 - Playwright flipkart 'Swad Toor dal (split pigeon pe': 0 URLs
2026-06-04 23:42:12.837 | INFO     | __main__:process_urls_for_product:200 - Verified Source Attribution | Product: 53bb43e04c64 | File: 53bb43e04c64_001.jpg | Source: blinkit | URL: https://cdn.grofers.com/cdn-cgi/image/f=auto,fit=scale-down,q=70,metadata=none,w=270/da/cms-assets/cms/product/11cd3349-3852-4f32-ae93-0562a540c647.png
2026-06-04 23:42:13.268 | INFO     | __main__:process_urls_for_product:200 - Verified Source Attribution | Product: 53bb43e04c64 | File: 53bb43e04c64_002.jpg | Source: blinkit | URL: https://cdn.grofers.com/cdn-cgi/image/f=auto,fit=scale-down,q=70,metadata=none,w=270/da/cms-assets/cms/product/rc-upload-1777287844551-366.png
2026-06-04 23:42:13.620 | INFO     | __main__:process_urls_for_product:200 - Verified Source Attribution | Product: 53bb43e04c64 | File: 53bb43e04c64_003.jpg | Source: blinkit | URL: https://cdn.grofers.com/cdn-cgi/image/f=auto,fit=scale-down,q=70,metadata=none,w=270/da/cms-assets/cms/product/rc-upload-1777014961943-204.png
2026-06-04 23:42:13.952 | INFO     | __main__:process_urls_for_product:200 - Verified Source Attribution | Product: 53bb43e04c64 | File: 53bb43e04c64_004.jpg | Source: blinkit | URL: https://cdn.grofers.com/cdn-cgi/image/f=auto,fit=scale-down,q=70,metadata=none,w=270/da/cms-assets/cms/product/0c76b7bb-ef40-40c7-8ce9-32c8d55a7663.png
2026-06-04 23:42:14.521 | INFO     | __main__:process_urls_for_product:200 - Verified Source Attribution | Product: 53bb43e04c64 | File: 53bb43e04c64_005.jpg | Source: blinkit | URL: https://cdn.grofers.com/cdn-cgi/image/f=auto,fit=scale-down,q=70,metadata=none,w=270/da/cms-assets/cms/product/rc-upload-1771077457557-24.png
2026-06-04 23:42:14.839 | INFO     | __main__:process_urls_for_product:200 - Verified Source Attribution | Product: 53bb43e04c64 | File: 53bb43e04c64_006.jpg | Source: blinkit | URL: https://cdn.grofers.com/cdn-cgi/image/f=auto,fit=scale-down,q=70,metadata=none,w=270/da/cms-assets/cms/product/bdcee737-aabd-4eb4-a642-90a086006976.png
2026-06-04 23:42:15.162 | INFO     | __main__:process_urls_for_product:200 - Verified Source Attribution | Product: 53bb43e04c64 | File: 53bb43e04c64_007.jpg | Source: blinkit | URL: https://cdn.grofers.com/cdn-cgi/image/f=auto,fit=scale-down,q=70,metadata=none,w=270/da/cms-assets/cms/product/33bc0373-f434-4cc1-97b6-af6f50cf2176.png
2026-06-04 23:42:15.490 | INFO     | __main__:process_urls_for_product:200 - Verified Source Attribution | Product: 53bb43e04c64 | File: 53bb43e04c64_008.jpg | Source: blinkit | URL: https://cdn.grofers.com/cdn-cgi/image/f=auto,fit=scale-down,q=70,metadata=none,w=270/da/cms-assets/cms/product/a38d70b9-59e1-4ced-b06e-a2238c670e12.png
2026-06-04 23:42:15.807 | INFO     | __main__:process_urls_for_product:200 - Verified Source Attribution | Product: 53bb43e04c64 | File: 53bb43e04c64_009.jpg | Source: blinkit | URL: https://cdn.grofers.com/cdn-cgi/image/f=auto,fit=scale-down,q=70,metadata=none,w=270/da/cms-assets/cms/product/15f087dc-88ec-472b-87fe-5acde3821289.png
2026-06-04 23:42:16.127 | INFO     | __main__:process_urls_for_product:200 - Verified Source Attribution | Product: 53bb43e04c64 | File: 53bb43e04c64_010.jpg | Source: blinkit | URL: https://cdn.grofers.com/cdn-cgi/image/f=auto,fit=scale-down,q=70,metadata=none,w=270/da/cms-assets/cms/product/99a35dcc-eb28-4574-95f8-58e700861edd.png
2026-06-04 23:42:16.546 | INFO     | __main__:process_urls_for_product:200 - Verified Source Attribution | Product: 53bb43e04c64 | File: 53bb43e04c64_011.jpg | Source: blinkit | URL: https://cdn.grofers.com/cdn-cgi/image/f=auto,fit=scale-down,q=70,metadata=none,w=270/da/cms-assets/cms/product/72e84ea6-64d5-409c-8e43-e1d7af31e6c9.png
2026-06-04 23:42:16.854 | INFO     | __main__:process_urls_for_product:200 - Verified Source Attribution | Product: 53bb43e04c64 | File: 53bb43e04c64_012.jpg | Source: blinkit | URL: https://cdn.grofers.com/cdn-cgi/image/f=auto,fit=scale-down,q=70,metadata=none,w=270/da/cms-assets/cms/product/10e2287b-b293-43c4-8570-ff9eb409b1eb.png
2026-06-04 23:42:24.041 | INFO     | __main__:download_product_images:254 - Product e0c9f4a9d335 has 0 images (min 10). Using Playwright fallback.
2026-06-04 23:42:27.593 | INFO     | nure.playwright_sources:collect_playwright_images:99 - Playwright blinkit 'Aashirvaad aashirwad atta 10kg': 15 URLs
2026-06-04 23:42:30.959 | DEBUG    | nure.playwright_sources:collect_playwright_images:95 - Playwright timeout for bigbasket on Aashirvaad aashirwad atta 10kg
2026-06-04 23:42:30.960 | INFO     | nure.playwright_sources:collect_playwright_images:99 - Playwright bigbasket 'Aashirvaad aashirwad atta 10kg': 0 URLs
2026-06-04 23:42:32.938 | INFO     | nure.playwright_sources:collect_playwright_images:99 - Playwright jiomart 'Aashirvaad aashirwad atta 10kg': 1 URLs
2026-06-04 23:42:35.652 | INFO     | nure.playwright_sources:collect_playwright_images:99 - Playwright flipkart 'Aashirvaad aashirwad atta 10kg': 0 URLs
2026-06-04 23:42:36.238 | INFO     | __main__:process_urls_for_product:200 - Verified Source Attribution | Product: e0c9f4a9d335 | File: e0c9f4a9d335_000.jpg | Source: blinkit | URL: https://cdn.grofers.com/cdn-cgi/image/f=auto,fit=scale-down,q=70,metadata=none,w=270/da/cms-assets/cms/product/rc-upload-1779248476545-248.png
2026-06-04 23:42:36.605 | INFO     | __main__:process_urls_for_product:200 - Verified Source Attribution | Product: e0c9f4a9d335 | File: e0c9f4a9d335_001.jpg | Source: blinkit | URL: https://cdn.grofers.com/cdn-cgi/image/f=auto,fit=scale-down,q=70,metadata=none,w=270/da/cms-assets/cms/product/rc-upload-1773209973109-467.png
2026-06-04 23:42:36.918 | INFO     | __main__:process_urls_for_product:200 - Verified Source Attribution | Product: e0c9f4a9d335 | File: e0c9f4a9d335_002.jpg | Source: blinkit | URL: https://cdn.grofers.com/cdn-cgi/image/f=auto,fit=scale-down,q=70,metadata=none,w=270/da/cms-assets/cms/product/bf9f2d59-b621-41c9-ad2e-19025474e07c.png
2026-06-04 23:42:37.235 | INFO     | __main__:process_urls_for_product:200 - Verified Source Attribution | Product: e0c9f4a9d335 | File: e0c9f4a9d335_003.jpg | Source: blinkit | URL: https://cdn.grofers.com/cdn-cgi/image/f=auto,fit=scale-down,q=70,metadata=none,w=270/da/cms-assets/cms/product/rc-upload-1771857678119-98.png
2026-06-04 23:42:37.536 | INFO     | __main__:process_urls_for_product:200 - Verified Source Attribution | Product: e0c9f4a9d335 | File: e0c9f4a9d335_004.jpg | Source: blinkit | URL: https://cdn.grofers.com/cdn-cgi/image/f=auto,fit=scale-down,q=70,metadata=none,w=270/da/cms-assets/cms/product/rc-upload-1776471758958-226.png
2026-06-04 23:42:38.031 | INFO     | __main__:process_urls_for_product:200 - Verified Source Attribution | Product: e0c9f4a9d335 | File: e0c9f4a9d335_005.jpg | Source: blinkit | URL: https://cdn.grofers.com/cdn-cgi/image/f=auto,fit=scale-down,q=70,metadata=none,w=270/da/cms-assets/cms/product/94a662e0-1865-4641-8543-77d39cc95e6b.png
2026-06-04 23:42:38.348 | INFO     | __main__:process_urls_for_product:200 - Verified Source Attribution | Product: e0c9f4a9d335 | File: e0c9f4a9d335_006.jpg | Source: blinkit | URL: https://cdn.grofers.com/cdn-cgi/image/f=auto,fit=scale-down,q=70,metadata=none,w=270/da/cms-assets/cms/product/d3b15d2a-47e1-4863-b68c-ccf383f9f0ac.png
2026-06-04 23:42:38.656 | INFO     | __main__:process_urls_for_product:200 - Verified Source Attribution | Product: e0c9f4a9d335 | File: e0c9f4a9d335_007.jpg | Source: blinkit | URL: https://cdn.grofers.com/cdn-cgi/image/f=auto,fit=scale-down,q=70,metadata=none,w=270/da/cms-assets/cms/product/b9bb083d-b44f-42a7-922c-39abd37a446c.png
2026-06-04 23:42:38.996 | INFO     | __main__:process_urls_for_product:200 - Verified Source Attribution | Product: e0c9f4a9d335 | File: e0c9f4a9d335_008.jpg | Source: blinkit | URL: https://cdn.grofers.com/cdn-cgi/image/f=auto,fit=scale-down,q=70,metadata=none,w=270/da/cms-assets/cms/product/b340c9f9-957b-48b8-94c5-d807df1d58b1.png
2026-06-04 23:42:39.310 | INFO     | __main__:process_urls_for_product:200 - Verified Source Attribution | Product: e0c9f4a9d335 | File: e0c9f4a9d335_009.jpg | Source: blinkit | URL: https://cdn.grofers.com/cdn-cgi/image/f=auto,fit=scale-down,q=70,metadata=none,w=270/da/cms-assets/cms/product/5a934f90-7342-41d6-a084-b1cb5b2d751d.png
2026-06-04 23:42:39.642 | INFO     | __main__:process_urls_for_product:200 - Verified Source Attribution | Product: e0c9f4a9d335 | File: e0c9f4a9d335_010.jpg | Source: blinkit | URL: https://cdn.grofers.com/cdn-cgi/image/f=auto,fit=scale-down,q=70,metadata=none,w=270/da/cms-assets/cms/product/e05e6ce1-50c8-4790-8f4e-586b946bad2a.png
2026-06-04 23:42:39.938 | INFO     | __main__:process_urls_for_product:200 - Verified Source Attribution | Product: e0c9f4a9d335 | File: e0c9f4a9d335_011.jpg | Source: blinkit | URL: https://cdn.grofers.com/cdn-cgi/image/f=auto,fit=scale-down,q=70,metadata=none,w=270/da/cms-assets/cms/product/rc-upload-1769779424274-252.png
2026-06-04 23:43:55.648 | INFO     | __main__:download_product_images:254 - Product ee78c6cfd8bb has 0 images (min 10). Using Playwright fallback.
2026-06-04 23:43:59.650 | INFO     | nure.playwright_sources:collect_playwright_images:99 - Playwright blinkit 'Bikaji Bikaji (moong Dal) 400G': 15 URLs
2026-06-04 23:44:03.019 | DEBUG    | nure.playwright_sources:collect_playwright_images:95 - Playwright timeout for bigbasket on Bikaji Bikaji (moong Dal) 400G
2026-06-04 23:44:03.020 | INFO     | nure.playwright_sources:collect_playwright_images:99 - Playwright bigbasket 'Bikaji Bikaji (moong Dal) 400G': 0 URLs
2026-06-04 23:44:05.351 | INFO     | nure.playwright_sources:collect_playwright_images:99 - Playwright jiomart 'Bikaji Bikaji (moong Dal) 400G': 1 URLs
2026-06-04 23:44:08.296 | INFO     | nure.playwright_sources:collect_playwright_images:99 - Playwright flipkart 'Bikaji Bikaji (moong Dal) 400G': 0 URLs
2026-06-04 23:44:08.504 | INFO     | __main__:process_urls_for_product:200 - Verified Source Attribution | Product: ee78c6cfd8bb | File: ee78c6cfd8bb_000.jpg | Source: blinkit | URL: https://cdn.grofers.com/cdn-cgi/image/f=auto,fit=scale-down,q=70,metadata=none,w=270/da/cms-assets/cms/product/rc-upload-1770963085463-92.png
2026-06-04 23:44:08.951 | INFO     | __main__:process_urls_for_product:200 - Verified Source Attribution | Product: ee78c6cfd8bb | File: ee78c6cfd8bb_001.jpg | Source: blinkit | URL: https://cdn.grofers.com/cdn-cgi/image/f=auto,fit=scale-down,q=70,metadata=none,w=270/da/cms-assets/cms/product/544405b7-1b52-4ff5-836b-1b7a943c0378.png
2026-06-04 23:44:09.303 | INFO     | __main__:process_urls_for_product:200 - Verified Source Attribution | Product: ee78c6cfd8bb | File: ee78c6cfd8bb_002.jpg | Source: blinkit | URL: https://cdn.grofers.com/cdn-cgi/image/f=auto,fit=scale-down,q=70,metadata=none,w=270/da/cms-assets/cms/product/dd89c2a9-e936-4796-a863-fbdb9d869138.png
2026-06-04 23:44:09.653 | INFO     | __main__:process_urls_for_product:200 - Verified Source Attribution | Product: ee78c6cfd8bb | File: ee78c6cfd8bb_003.jpg | Source: blinkit | URL: https://cdn.grofers.com/cdn-cgi/image/f=auto,fit=scale-down,q=70,metadata=none,w=270/da/cms-assets/cms/product/rc-upload-1778746952299-4.png
2026-06-04 23:44:10.007 | INFO     | __main__:process_urls_for_product:200 - Verified Source Attribution | Product: ee78c6cfd8bb | File: ee78c6cfd8bb_004.jpg | Source: blinkit | URL: https://cdn.grofers.com/cdn-cgi/image/f=auto,fit=scale-down,q=70,metadata=none,w=270/da/cms-assets/cms/product/rc-upload-1771214347138-488.png
2026-06-04 23:44:10.331 | INFO     | __main__:process_urls_for_product:200 - Verified Source Attribution | Product: ee78c6cfd8bb | File: ee78c6cfd8bb_005.jpg | Source: blinkit | URL: https://cdn.grofers.com/cdn-cgi/image/f=auto,fit=scale-down,q=70,metadata=none,w=270/da/cms-assets/cms/product/3d3cf701-ad17-41bd-a015-5344b8d9cb22.png
2026-06-04 23:44:10.693 | INFO     | __main__:process_urls_for_product:200 - Verified Source Attribution | Product: ee78c6cfd8bb | File: ee78c6cfd8bb_006.jpg | Source: blinkit | URL: https://cdn.grofers.com/cdn-cgi/image/f=auto,fit=scale-down,q=70,metadata=none,w=270/da/cms-assets/cms/product/0f82fa5b-b1b9-4aec-b557-277dec9d3e51.png
2026-06-04 23:44:11.023 | INFO     | __main__:process_urls_for_product:200 - Verified Source Attribution | Product: ee78c6cfd8bb | File: ee78c6cfd8bb_007.jpg | Source: blinkit | URL: https://cdn.grofers.com/cdn-cgi/image/f=auto,fit=scale-down,q=70,metadata=none,w=270/da/cms-assets/cms/product/rc-upload-1776224931608-66.png
2026-06-04 23:44:11.498 | INFO     | __main__:process_urls_for_product:200 - Verified Source Attribution | Product: ee78c6cfd8bb | File: ee78c6cfd8bb_008.jpg | Source: blinkit | URL: https://cdn.grofers.com/cdn-cgi/image/f=auto,fit=scale-down,q=70,metadata=none,w=270/da/cms-assets/cms/product/rc-upload-1777953701494-8433.png
2026-06-04 23:44:11.851 | INFO     | __main__:process_urls_for_product:200 - Verified Source Attribution | Product: ee78c6cfd8bb | File: ee78c6cfd8bb_009.jpg | Source: blinkit | URL: https://cdn.grofers.com/cdn-cgi/image/f=auto,fit=scale-down,q=70,metadata=none,w=270/da/cms-assets/cms/product/rc-upload-1775226565260-325.png
2026-06-04 23:44:12.181 | INFO     | __main__:process_urls_for_product:200 - Verified Source Attribution | Product: ee78c6cfd8bb | File: ee78c6cfd8bb_010.jpg | Source: blinkit | URL: https://cdn.grofers.com/cdn-cgi/image/f=auto,fit=scale-down,q=70,metadata=none,w=270/da/cms-assets/cms/product/rc-upload-1777953701494-8387.png
2026-06-04 23:44:12.538 | INFO     | __main__:process_urls_for_product:200 - Verified Source Attribution | Product: ee78c6cfd8bb | File: ee78c6cfd8bb_011.jpg | Source: blinkit | URL: https://cdn.grofers.com/cdn-cgi/image/f=auto,fit=scale-down,q=70,metadata=none,w=270/da/cms-assets/cms/product/rc-upload-1777953701494-8338.png
2026-06-04 23:44:12.889 | INFO     | __main__:process_urls_for_product:200 - Verified Source Attribution | Product: ee78c6cfd8bb | File: ee78c6cfd8bb_012.jpg | Source: blinkit | URL: https://cdn.grofers.com/cdn-cgi/image/f=auto,fit=scale-down,q=70,metadata=none,w=270/da/cms-assets/cms/product/rc-upload-1777953701494-9687.png
2026-06-04 23:45:37.646 | INFO     | __main__:download_product_images:254 - Product d9a3290e3f1f has 0 images (min 10). Using Playwright fallback.
2026-06-04 23:45:41.089 | INFO     | nure.playwright_sources:collect_playwright_images:99 - Playwright blinkit 'Parle Parle Namkeen &quot;Moon': 15 URLs
2026-06-04 23:45:44.470 | DEBUG    | nure.playwright_sources:collect_playwright_images:95 - Playwright timeout for bigbasket on Parle Parle Namkeen &quot;Moon
2026-06-04 23:45:44.471 | INFO     | nure.playwright_sources:collect_playwright_images:99 - Playwright bigbasket 'Parle Parle Namkeen &quot;Moon': 0 URLs
2026-06-04 23:45:46.882 | INFO     | nure.playwright_sources:collect_playwright_images:99 - Playwright jiomart 'Parle Parle Namkeen &quot;Moon': 1 URLs
2026-06-04 23:45:49.459 | INFO     | nure.playwright_sources:collect_playwright_images:99 - Playwright flipkart 'Parle Parle Namkeen &quot;Moon': 0 URLs
2026-06-04 23:45:49.677 | INFO     | __main__:process_urls_for_product:200 - Verified Source Attribution | Product: d9a3290e3f1f | File: d9a3290e3f1f_000.jpg | Source: blinkit | URL: https://cdn.grofers.com/cdn-cgi/image/f=auto,fit=scale-down,q=70,metadata=none,w=270/da/cms-assets/cms/product/716290f6-2028-405b-a7eb-256c84261baa.png
2026-06-04 23:45:50.083 | INFO     | __main__:process_urls_for_product:200 - Verified Source Attribution | Product: d9a3290e3f1f | File: d9a3290e3f1f_001.jpg | Source: blinkit | URL: https://cdn.grofers.com/cdn-cgi/image/f=auto,fit=scale-down,q=70,metadata=none,w=270/da/cms-assets/cms/product/0f82fa5b-b1b9-4aec-b557-277dec9d3e51.png
2026-06-04 23:45:50.402 | INFO     | __main__:process_urls_for_product:200 - Verified Source Attribution | Product: d9a3290e3f1f | File: d9a3290e3f1f_002.jpg | Source: blinkit | URL: https://cdn.grofers.com/cdn-cgi/image/f=auto,fit=scale-down,q=70,metadata=none,w=270/da/cms-assets/cms/product/rc-upload-1770963085463-92.png
2026-06-04 23:45:50.707 | INFO     | __main__:process_urls_for_product:200 - Verified Source Attribution | Product: d9a3290e3f1f | File: d9a3290e3f1f_003.jpg | Source: blinkit | URL: https://cdn.grofers.com/cdn-cgi/image/f=auto,fit=scale-down,q=70,metadata=none,w=270/da/cms-assets/cms/product/544405b7-1b52-4ff5-836b-1b7a943c0378.png
2026-06-04 23:45:51.047 | INFO     | __main__:process_urls_for_product:200 - Verified Source Attribution | Product: d9a3290e3f1f | File: d9a3290e3f1f_004.jpg | Source: blinkit | URL: https://cdn.grofers.com/cdn-cgi/image/f=auto,fit=scale-down,q=70,metadata=none,w=270/da/cms-assets/cms/product/rc-upload-1775044979893-211.png
2026-06-04 23:45:51.389 | INFO     | __main__:process_urls_for_product:200 - Verified Source Attribution | Product: d9a3290e3f1f | File: d9a3290e3f1f_005.jpg | Source: blinkit | URL: https://cdn.grofers.com/cdn-cgi/image/f=auto,fit=scale-down,q=70,metadata=none,w=270/da/cms-assets/cms/product/80c1535c-d8be-41bf-9aad-b3ee9c64f1a5.png
2026-06-04 23:45:51.748 | INFO     | __main__:process_urls_for_product:200 - Verified Source Attribution | Product: d9a3290e3f1f | File: d9a3290e3f1f_006.jpg | Source: blinkit | URL: https://cdn.grofers.com/cdn-cgi/image/f=auto,fit=scale-down,q=70,metadata=none,w=270/da/cms-assets/cms/product/rc-upload-1777436686892-12230.png
2026-06-04 23:45:52.103 | INFO     | __main__:process_urls_for_product:200 - Verified Source Attribution | Product: d9a3290e3f1f | File: d9a3290e3f1f_007.jpg | Source: blinkit | URL: https://cdn.grofers.com/cdn-cgi/image/f=auto,fit=scale-down,q=70,metadata=none,w=270/da/cms-assets/cms/product/rc-upload-1777436686892-12255.png
2026-06-04 23:45:52.456 | INFO     | __main__:process_urls_for_product:200 - Verified Source Attribution | Product: d9a3290e3f1f | File: d9a3290e3f1f_008.jpg | Source: blinkit | URL: https://cdn.grofers.com/cdn-cgi/image/f=auto,fit=scale-down,q=70,metadata=none,w=270/da/cms-assets/cms/product/5798e247-f1d9-4293-b254-18401233d9a1.png
2026-06-04 23:45:52.834 | INFO     | __main__:process_urls_for_product:200 - Verified Source Attribution | Product: d9a3290e3f1f | File: d9a3290e3f1f_009.jpg | Source: blinkit | URL: https://cdn.grofers.com/cdn-cgi/image/f=auto,fit=scale-down,q=70,metadata=none,w=270/da/cms-assets/cms/product/rc-upload-1778220050094-2047.png
2026-06-04 23:45:53.187 | INFO     | __main__:process_urls_for_product:200 - Verified Source Attribution | Product: d9a3290e3f1f | File: d9a3290e3f1f_010.jpg | Source: blinkit | URL: https://cdn.grofers.com/cdn-cgi/image/f=auto,fit=scale-down,q=70,metadata=none,w=270/da/cms-assets/cms/product/8312f3c2-fc98-4b34-9cd2-2f1e98ede361.png
2026-06-04 23:45:53.536 | INFO     | __main__:process_urls_for_product:200 - Verified Source Attribution | Product: d9a3290e3f1f | File: d9a3290e3f1f_011.jpg | Source: blinkit | URL: https://cdn.grofers.com/cdn-cgi/image/f=auto,fit=scale-down,q=70,metadata=none,w=270/da/cms-assets/cms/product/6ee84693-0caa-42d5-a73a-aa30f3541f8d.png
2026-06-04 23:45:53.878 | INFO     | __main__:process_urls_for_product:200 - Verified Source Attribution | Product: d9a3290e3f1f | File: d9a3290e3f1f_012.jpg | Source: blinkit | URL: https://cdn.grofers.com/cdn-cgi/image/f=auto,fit=scale-down,q=70,metadata=none,w=270/da/cms-assets/cms/product/rc-upload-1771214347138-909.png
2026-06-04 23:45:54.223 | INFO     | __main__:process_urls_for_product:200 - Verified Source Attribution | Product: d9a3290e3f1f | File: d9a3290e3f1f_013.jpg | Source: blinkit | URL: https://cdn.grofers.com/cdn-cgi/image/f=auto,fit=scale-down,q=70,metadata=none,w=270/da/cms-assets/cms/product/rc-upload-1769779424274-137.png
2026-06-04 23:47:42.241 | INFO     | __main__:download_product_images:254 - Product 412d7e296374 has 0 images (min 10). Using Playwright fallback.
2026-06-04 23:47:45.723 | INFO     | nure.playwright_sources:collect_playwright_images:99 - Playwright blinkit 'MDH MDH Chana Dal Masala 100G': 15 URLs
2026-06-04 23:47:49.113 | DEBUG    | nure.playwright_sources:collect_playwright_images:95 - Playwright timeout for bigbasket on MDH MDH Chana Dal Masala 100G
2026-06-04 23:47:49.113 | INFO     | nure.playwright_sources:collect_playwright_images:99 - Playwright bigbasket 'MDH MDH Chana Dal Masala 100G': 0 URLs
2026-06-04 23:47:51.431 | INFO     | nure.playwright_sources:collect_playwright_images:99 - Playwright jiomart 'MDH MDH Chana Dal Masala 100G': 1 URLs
2026-06-04 23:47:54.136 | INFO     | nure.playwright_sources:collect_playwright_images:99 - Playwright flipkart 'MDH MDH Chana Dal Masala 100G ': 0 URLs
2026-06-04 23:47:54.334 | INFO     | __main__:process_urls_for_product:200 - Verified Source Attribution | Product: 412d7e296374 | File: 412d7e296374_000.jpg | Source: blinkit | URL: https://cdn.grofers.com/cdn-cgi/image/f=auto,fit=scale-down,q=70,metadata=none,w=270/da/cms-assets/cms/product/63f14e10-ecae-4ecc-9d17-c2ba9555525d.png
2026-06-04 23:47:54.772 | INFO     | __main__:process_urls_for_product:200 - Verified Source Attribution | Product: 412d7e296374 | File: 412d7e296374_001.jpg | Source: blinkit | URL: https://cdn.grofers.com/cdn-cgi/image/f=auto,fit=scale-down,q=70,metadata=none,w=270/da/cms-assets/cms/product/5c408dcf-97ca-4ae3-a30b-e8c4d0fb2a82.png
2026-06-04 23:47:55.100 | INFO     | __main__:process_urls_for_product:200 - Verified Source Attribution | Product: 412d7e296374 | File: 412d7e296374_002.jpg | Source: blinkit | URL: https://cdn.grofers.com/cdn-cgi/image/f=auto,fit=scale-down,q=70,metadata=none,w=270/da/cms-assets/cms/product/dc44e5b4-a658-435d-b630-036afe9c557c.png
2026-06-04 23:47:55.597 | INFO     | __main__:process_urls_for_product:200 - Verified Source Attribution | Product: 412d7e296374 | File: 412d7e296374_003.jpg | Source: blinkit | URL: https://cdn.grofers.com/cdn-cgi/image/f=auto,fit=scale-down,q=70,metadata=none,w=270/da/cms-assets/cms/product/6e915bf5-7a81-4897-a4ef-8c3dd76719df.png
2026-06-04 23:47:56.079 | INFO     | __main__:process_urls_for_product:200 - Verified Source Attribution | Product: 412d7e296374 | File: 412d7e296374_004.jpg | Source: blinkit | URL: https://cdn.grofers.com/cdn-cgi/image/f=auto,fit=scale-down,q=70,metadata=none,w=270/da/cms-assets/cms/product/a5d40b95-e278-4ad2-ba5a-cf0c196ae062.png?bg_token=Colour%2Fsurface%2F00FFFFFF
2026-06-04 23:47:56.441 | INFO     | __main__:process_urls_for_product:200 - Verified Source Attribution | Product: 412d7e296374 | File: 412d7e296374_005.jpg | Source: blinkit | URL: https://cdn.grofers.com/cdn-cgi/image/f=auto,fit=scale-down,q=70,metadata=none,w=270/da/cms-assets/cms/product/fa059fae-54cb-4c80-b6ce-2668ce76e971.png
2026-06-04 23:47:56.796 | INFO     | __main__:process_urls_for_product:200 - Verified Source Attribution | Product: 412d7e296374 | File: 412d7e296374_006.jpg | Source: blinkit | URL: https://cdn.grofers.com/cdn-cgi/image/f=auto,fit=scale-down,q=70,metadata=none,w=270/da/cms-assets/cms/product/0ad77dc4-b90e-4e66-93a0-d3d9165368fd.png
2026-06-04 23:47:57.142 | INFO     | __main__:process_urls_for_product:200 - Verified Source Attribution | Product: 412d7e296374 | File: 412d7e296374_007.jpg | Source: blinkit | URL: https://cdn.grofers.com/cdn-cgi/image/f=auto,fit=scale-down,q=70,metadata=none,w=270/da/cms-assets/cms/product/49935ca2-f5d4-4edc-998e-8daeece79a46.png
2026-06-04 23:47:57.501 | INFO     | __main__:process_urls_for_product:200 - Verified Source Attribution | Product: 412d7e296374 | File: 412d7e296374_008.jpg | Source: blinkit | URL: https://cdn.grofers.com/cdn-cgi/image/f=auto,fit=scale-down,q=70,metadata=none,w=270/da/cms-assets/cms/product/345829e4-508c-47a5-aee7-9ad35bac9291.png
2026-06-04 23:47:57.860 | INFO     | __main__:process_urls_for_product:200 - Verified Source Attribution | Product: 412d7e296374 | File: 412d7e296374_009.jpg | Source: blinkit | URL: https://cdn.grofers.com/cdn-cgi/image/f=auto,fit=scale-down,q=70,metadata=none,w=270/da/cms-assets/cms/product/8980ca36-b0aa-40b4-b9bc-f7765900f29e.png
2026-06-04 23:47:58.188 | INFO     | __main__:process_urls_for_product:200 - Verified Source Attribution | Product: 412d7e296374 | File: 412d7e296374_010.jpg | Source: blinkit | URL: https://cdn.grofers.com/cdn-cgi/image/f=auto,fit=scale-down,q=70,metadata=none,w=270/da/cms-assets/cms/product/19c943a7-36e2-4a0f-93cc-0970507586ed.png
2026-06-04 23:47:58.550 | INFO     | __main__:process_urls_for_product:200 - Verified Source Attribution | Product: 412d7e296374 | File: 412d7e296374_011.jpg | Source: blinkit | URL: https://cdn.grofers.com/cdn-cgi/image/f=auto,fit=scale-down,q=70,metadata=none,w=270/da/cms-assets/cms/product/522389e0-a502-4c2d-83b0-ef3f49b846e2.png
2026-06-04 23:49:13.172 | INFO     | __main__:download_product_images:254 - Product 577101106787 has 0 images (min 10). Using Playwright fallback.
2026-06-04 23:49:16.642 | INFO     | nure.playwright_sources:collect_playwright_images:99 - Playwright blinkit 'MTR MTR Minute Meals Rajma Cha': 15 URLs
2026-06-04 23:49:20.041 | DEBUG    | nure.playwright_sources:collect_playwright_images:95 - Playwright timeout for bigbasket on MTR MTR Minute Meals Rajma Cha
2026-06-04 23:49:20.041 | INFO     | nure.playwright_sources:collect_playwright_images:99 - Playwright bigbasket 'MTR MTR Minute Meals Rajma Cha': 0 URLs
2026-06-04 23:49:22.726 | INFO     | nure.playwright_sources:collect_playwright_images:99 - Playwright jiomart 'MTR MTR Minute Meals Rajma Cha': 1 URLs
2026-06-04 23:49:25.313 | INFO     | nure.playwright_sources:collect_playwright_images:99 - Playwright flipkart 'MTR MTR Minute Meals Rajma Cha': 0 URLs
2026-06-04 23:49:25.520 | INFO     | __main__:process_urls_for_product:200 - Verified Source Attribution | Product: 577101106787 | File: 577101106787_000.jpg | Source: blinkit | URL: https://cdn.grofers.com/cdn-cgi/image/f=auto,fit=scale-down,q=70,metadata=none,w=270/da/cms-assets/cms/product/be9784c7-9987-4b5e-a35c-fc16dffd2445.png
2026-06-04 23:49:25.959 | INFO     | __main__:process_urls_for_product:200 - Verified Source Attribution | Product: 577101106787 | File: 577101106787_001.jpg | Source: blinkit | URL: https://cdn.grofers.com/cdn-cgi/image/f=auto,fit=scale-down,q=70,metadata=none,w=270/da/cms-assets/cms/product/301e07b6-ef16-4a6d-ad2d-fd4d8af3015c.png
2026-06-04 23:49:26.312 | INFO     | __main__:process_urls_for_product:200 - Verified Source Attribution | Product: 577101106787 | File: 577101106787_002.jpg | Source: blinkit | URL: https://cdn.grofers.com/cdn-cgi/image/f=auto,fit=scale-down,q=70,metadata=none,w=270/da/cms-assets/cms/product/a7a2c47c-213c-4b3d-99a9-f4b5dfac957f.png
2026-06-04 23:49:26.678 | INFO     | __main__:process_urls_for_product:200 - Verified Source Attribution | Product: 577101106787 | File: 577101106787_003.jpg | Source: blinkit | URL: https://cdn.grofers.com/cdn-cgi/image/f=auto,fit=scale-down,q=70,metadata=none,w=270/da/cms-assets/cms/product/3b0755ca-5ec5-4d7c-bf01-786acf9eb277.png
2026-06-04 23:49:27.042 | INFO     | __main__:process_urls_for_product:200 - Verified Source Attribution | Product: 577101106787 | File: 577101106787_004.jpg | Source: blinkit | URL: https://cdn.grofers.com/cdn-cgi/image/f=auto,fit=scale-down,q=70,metadata=none,w=270/da/cms-assets/cms/product/b0dfe9c1-ac5f-4f39-ac60-58b544138a55.png
2026-06-04 23:49:27.375 | INFO     | __main__:process_urls_for_product:200 - Verified Source Attribution | Product: 577101106787 | File: 577101106787_005.jpg | Source: blinkit | URL: https://cdn.grofers.com/cdn-cgi/image/f=auto,fit=scale-down,q=70,metadata=none,w=270/da/cms-assets/cms/product/f8863d0a-8d5c-4eee-aefc-981f283576bb.png
2026-06-04 23:49:27.724 | INFO     | __main__:process_urls_for_product:200 - Verified Source Attribution | Product: 577101106787 | File: 577101106787_006.jpg | Source: blinkit | URL: https://cdn.grofers.com/cdn-cgi/image/f=auto,fit=scale-down,q=70,metadata=none,w=270/da/cms-assets/cms/product/4ac7b3e3-3555-4a7f-8039-440e2bea7dd6.png
2026-06-04 23:49:28.068 | INFO     | __main__:process_urls_for_product:200 - Verified Source Attribution | Product: 577101106787 | File: 577101106787_007.jpg | Source: blinkit | URL: https://cdn.grofers.com/cdn-cgi/image/f=auto,fit=scale-down,q=70,metadata=none,w=270/da/cms-assets/cms/product/64d9203e-c1bd-4c61-abca-6c49e07663d9.png
2026-06-04 23:49:28.441 | INFO     | __main__:process_urls_for_product:200 - Verified Source Attribution | Product: 577101106787 | File: 577101106787_008.jpg | Source: blinkit | URL: https://cdn.grofers.com/cdn-cgi/image/f=auto,fit=scale-down,q=70,metadata=none,w=270/da/cms-assets/cms/product/b10839f9-b36b-44f8-8cbc-57b4fe0c05c2.png
2026-06-04 23:49:28.774 | INFO     | __main__:process_urls_for_product:200 - Verified Source Attribution | Product: 577101106787 | File: 577101106787_009.jpg | Source: blinkit | URL: https://cdn.grofers.com/cdn-cgi/image/f=auto,fit=scale-down,q=70,metadata=none,w=270/da/cms-assets/cms/product/c5f1cd2f-adb7-4bbf-8fac-3a44da2450f6.png
2026-06-04 23:49:29.093 | INFO     | __main__:process_urls_for_product:200 - Verified Source Attribution | Product: 577101106787 | File: 577101106787_010.jpg | Source: blinkit | URL: https://cdn.grofers.com/cdn-cgi/image/f=auto,fit=scale-down,q=70,metadata=none,w=270/da/cms-assets/cms/product/rc-upload-1779585181843-275.png
2026-06-04 23:49:29.442 | INFO     | __main__:process_urls_for_product:200 - Verified Source Attribution | Product: 577101106787 | File: 577101106787_011.jpg | Source: blinkit | URL: https://cdn.grofers.com/cdn-cgi/image/f=auto,fit=scale-down,q=70,metadata=none,w=270/da/cms-assets/cms/product/426befa5-a528-4356-b699-291611f09257.png
2026-06-04 23:49:29.793 | INFO     | __main__:process_urls_for_product:200 - Verified Source Attribution | Product: 577101106787 | File: 577101106787_012.jpg | Source: blinkit | URL: https://cdn.grofers.com/cdn-cgi/image/f=auto,fit=scale-down,q=70,metadata=none,w=270/da/cms-assets/cms/product/rc-upload-1777436686892-12990.png
2026-06-04 23:49:32.247 | INFO     | nure.image_sources:collect_amazon_images:189 - Amazon 'Whole Foods Market  Inc. Whole Catch, Ho': 1 URLs
2026-06-04 23:49:34.436 | INFO     | nure.image_sources:collect_bing_images:160 - Bing 'Whole Foods Market  Inc. Whole Catch, Ho': 0 URLs
2026-06-04 23:50:12.226 | INFO     | __main__:process_urls_for_product:200 - Verified Source Attribution | Product: 73fddcb14f24 | File: 73fddcb14f24_000.jpg | Source: amazon | URL: https://m.media-amazon.com/images/I/71FGc-xUnCL.jpg
2026-06-04 23:50:12.430 | INFO     | __main__:download_product_images:254 - Product 73fddcb14f24 has 1 images (min 10). Using Playwright fallback.
2026-06-04 23:50:15.653 | INFO     | nure.playwright_sources:collect_playwright_images:99 - Playwright blinkit 'Whole Foods Market  Inc. Whole': 6 URLs
2026-06-04 23:50:19.121 | DEBUG    | nure.playwright_sources:collect_playwright_images:95 - Playwright timeout for bigbasket on Whole Foods Market  Inc. Whole
2026-06-04 23:50:19.121 | INFO     | nure.playwright_sources:collect_playwright_images:99 - Playwright bigbasket 'Whole Foods Market  Inc. Whole': 0 URLs
2026-06-04 23:50:21.322 | INFO     | nure.playwright_sources:collect_playwright_images:99 - Playwright jiomart 'Whole Foods Market  Inc. Whole': 1 URLs
2026-06-04 23:50:23.936 | INFO     | nure.playwright_sources:collect_playwright_images:99 - Playwright flipkart 'Whole Foods Market  Inc. Whole': 0 URLs
2026-06-04 23:50:24.226 | INFO     | __main__:process_urls_for_product:200 - Verified Source Attribution | Product: 73fddcb14f24 | File: 73fddcb14f24_001.jpg | Source: blinkit | URL: https://cdn.grofers.com/cdn-cgi/image/f=auto,fit=scale-down,q=70,metadata=none,w=270/da/cms-assets/cms/product/rc-upload-1776257268034-66.png
2026-06-04 23:50:24.667 | INFO     | __main__:process_urls_for_product:200 - Verified Source Attribution | Product: 73fddcb14f24 | File: 73fddcb14f24_002.jpg | Source: blinkit | URL: https://cdn.grofers.com/cdn-cgi/image/f=auto,fit=scale-down,q=70,metadata=none,w=270/da/cms-assets/cms/product/rc-upload-1776257268034-56.png
2026-06-04 23:50:25.072 | INFO     | __main__:process_urls_for_product:200 - Verified Source Attribution | Product: 73fddcb14f24 | File: 73fddcb14f24_003.jpg | Source: blinkit | URL: https://cdn.grofers.com/cdn-cgi/image/f=auto,fit=scale-down,q=70,metadata=none,w=270/da/cms-assets/cms/product/rc-upload-1776257268034-76.png
2026-06-04 23:50:25.439 | INFO     | __main__:process_urls_for_product:200 - Verified Source Attribution | Product: 73fddcb14f24 | File: 73fddcb14f24_004.jpg | Source: blinkit | URL: https://cdn.grofers.com/cdn-cgi/image/f=auto,fit=scale-down,q=70,metadata=none,w=270/da/cms-assets/cms/product/rc-upload-1778666794034-168.png
2026-06-04 23:50:25.815 | INFO     | __main__:process_urls_for_product:200 - Verified Source Attribution | Product: 73fddcb14f24 | File: 73fddcb14f24_005.jpg | Source: blinkit | URL: https://cdn.grofers.com/cdn-cgi/image/f=auto,fit=scale-down,q=70,metadata=none,w=270/da/cms-assets/cms/product/rc-upload-1776769807752-93.png
2026-06-04 23:52:17.048 | INFO     | __main__:download_product_images:254 - Product a389e9c3d948 has 0 images (min 10). Using Playwright fallback.
2026-06-04 23:52:20.906 | INFO     | nure.playwright_sources:collect_playwright_images:99 - Playwright blinkit 'Catch catch chat masala': 15 URLs
2026-06-04 23:52:24.320 | DEBUG    | nure.playwright_sources:collect_playwright_images:95 - Playwright timeout for bigbasket on Catch catch chat masala
2026-06-04 23:52:24.320 | INFO     | nure.playwright_sources:collect_playwright_images:99 - Playwright bigbasket 'Catch catch chat masala': 0 URLs
2026-06-04 23:52:26.716 | INFO     | nure.playwright_sources:collect_playwright_images:99 - Playwright jiomart 'Catch catch chat masala': 1 URLs
2026-06-04 23:52:29.380 | INFO     | nure.playwright_sources:collect_playwright_images:99 - Playwright flipkart 'Catch catch chat masala 100g': 0 URLs
2026-06-04 23:52:29.578 | INFO     | __main__:process_urls_for_product:200 - Verified Source Attribution | Product: a389e9c3d948 | File: a389e9c3d948_000.jpg | Source: blinkit | URL: https://cdn.grofers.com/cdn-cgi/image/f=auto,fit=scale-down,q=70,metadata=none,w=270/da/cms-assets/cms/product/rc-upload-1771991783673-911.png
2026-06-04 23:52:30.020 | INFO     | __main__:process_urls_for_product:200 - Verified Source Attribution | Product: a389e9c3d948 | File: a389e9c3d948_001.jpg | Source: blinkit | URL: https://cdn.grofers.com/cdn-cgi/image/f=auto,fit=scale-down,q=70,metadata=none,w=270/da/cms-assets/cms/product/5787ed07-8b50-4265-ac7a-1fd5b5e6e4d5.png
2026-06-04 23:52:30.365 | INFO     | __main__:process_urls_for_product:200 - Verified Source Attribution | Product: a389e9c3d948 | File: a389e9c3d948_002.jpg | Source: blinkit | URL: https://cdn.grofers.com/cdn-cgi/image/f=auto,fit=scale-down,q=70,metadata=none,w=270/da/cms-assets/cms/product/49770d7b-514c-4a05-a2b1-20bad50461ec.png
2026-06-04 23:52:30.677 | INFO     | __main__:process_urls_for_product:200 - Verified Source Attribution | Product: a389e9c3d948 | File: a389e9c3d948_003.jpg | Source: blinkit | URL: https://cdn.grofers.com/cdn-cgi/image/f=auto,fit=scale-down,q=70,metadata=none,w=270/da/cms-assets/cms/product/522389e0-a502-4c2d-83b0-ef3f49b846e2.png
2026-06-04 23:52:31.020 | INFO     | __main__:process_urls_for_product:200 - Verified Source Attribution | Product: a389e9c3d948 | File: a389e9c3d948_004.jpg | Source: blinkit | URL: https://cdn.grofers.com/cdn-cgi/image/f=auto,fit=scale-down,q=70,metadata=none,w=270/da/cms-assets/cms/product/eece4427-3990-4758-b644-feb6f8d68f82.png
2026-06-04 23:52:31.372 | INFO     | __main__:process_urls_for_product:200 - Verified Source Attribution | Product: a389e9c3d948 | File: a389e9c3d948_005.jpg | Source: blinkit | URL: https://cdn.grofers.com/cdn-cgi/image/f=auto,fit=scale-down,q=70,metadata=none,w=270/da/cms-assets/cms/product/eb2b91c9-d498-4c32-afeb-27d100f55f1b.png
2026-06-04 23:52:31.728 | INFO     | __main__:process_urls_for_product:200 - Verified Source Attribution | Product: a389e9c3d948 | File: a389e9c3d948_006.jpg | Source: blinkit | URL: https://cdn.grofers.com/cdn-cgi/image/f=auto,fit=scale-down,q=70,metadata=none,w=270/da/cms-assets/cms/product/be7427bd-fc44-406d-b3e6-c9d20c52f986.png
2026-06-04 23:52:32.086 | INFO     | __main__:process_urls_for_product:200 - Verified Source Attribution | Product: a389e9c3d948 | File: a389e9c3d948_007.jpg | Source: blinkit | URL: https://cdn.grofers.com/cdn-cgi/image/f=auto,fit=scale-down,q=70,metadata=none,w=270/da/cms-assets/cms/product/c1141240-4d5e-4bef-95d6-10b339e84da9.png
2026-06-04 23:52:32.443 | INFO     | __main__:process_urls_for_product:200 - Verified Source Attribution | Product: a389e9c3d948 | File: a389e9c3d948_008.jpg | Source: blinkit | URL: https://cdn.grofers.com/cdn-cgi/image/f=auto,fit=scale-down,q=70,metadata=none,w=270/da/cms-assets/cms/product/c742828b-ca4d-48f9-80b2-d74446bf0199.png
2026-06-04 23:52:32.799 | INFO     | __main__:process_urls_for_product:200 - Verified Source Attribution | Product: a389e9c3d948 | File: a389e9c3d948_009.jpg | Source: blinkit | URL: https://cdn.grofers.com/cdn-cgi/image/f=auto,fit=scale-down,q=70,metadata=none,w=270/da/cms-assets/cms/product/9060fcb8-a32c-44c8-ac0d-11bfe5b9c721.png
2026-06-04 23:52:33.160 | INFO     | __main__:process_urls_for_product:200 - Verified Source Attribution | Product: a389e9c3d948 | File: a389e9c3d948_010.jpg | Source: blinkit | URL: https://cdn.grofers.com/cdn-cgi/image/f=auto,fit=scale-down,q=70,metadata=none,w=270/da/cms-assets/cms/product/f1930490-9816-4667-adb6-78ca56380480.png
2026-06-04 23:52:33.518 | INFO     | __main__:process_urls_for_product:200 - Verified Source Attribution | Product: a389e9c3d948 | File: a389e9c3d948_011.jpg | Source: blinkit | URL: https://cdn.grofers.com/cdn-cgi/image/f=auto,fit=scale-down,q=70,metadata=none,w=270/da/cms-assets/cms/product/rc-upload-1778348720635-185.png
2026-06-04 23:52:33.918 | INFO     | __main__:process_urls_for_product:200 - Verified Source Attribution | Product: a389e9c3d948 | File: a389e9c3d948_012.jpg | Source: blinkit | URL: https://cdn.grofers.com/cdn-cgi/image/f=auto,fit=scale-down,q=70,metadata=none,w=270/da/cms-assets/cms/product/rc-upload-1771828139315-1425.png
2026-06-04 23:52:34.244 | INFO     | __main__:process_urls_for_product:200 - Verified Source Attribution | Product: a389e9c3d948 | File: a389e9c3d948_013.jpg | Source: blinkit | URL: https://cdn.grofers.com/cdn-cgi/image/f=auto,fit=scale-down,q=70,metadata=none,w=270/da/cms-assets/cms/product/119e04eb-0cfa-4805-9852-0701655e0173.png
2026-06-04 23:52:37.370 | INFO     | nure.image_sources:collect_amazon_images:189 - Amazon 'Saffola 100% Sanfflower Oil': 2 URLs
2026-06-04 23:52:39.277 | INFO     | nure.image_sources:collect_bing_images:160 - Bing 'Saffola 100% Sanfflower Oil': 0 URLs
2026-06-04 23:53:15.940 | INFO     | __main__:process_urls_for_product:200 - Verified Source Attribution | Product: 75911bd1ce83 | File: 75911bd1ce83_000.jpg | Source: amazon | URL: https://m.media-amazon.com/images/I/31Ip4aURUpL.png
2026-06-04 23:53:17.056 | INFO     | __main__:process_urls_for_product:200 - Verified Source Attribution | Product: 75911bd1ce83 | File: 75911bd1ce83_001.jpg | Source: amazon | URL: https://m.media-amazon.com/images/I/61I7bFuf7cL.jpg
2026-06-04 23:53:17.262 | INFO     | __main__:download_product_images:254 - Product 75911bd1ce83 has 2 images (min 10). Using Playwright fallback.
2026-06-04 23:53:21.361 | INFO     | nure.playwright_sources:collect_playwright_images:99 - Playwright blinkit 'Saffola 100% Sanfflower Oil': 15 URLs
2026-06-04 23:53:24.804 | DEBUG    | nure.playwright_sources:collect_playwright_images:95 - Playwright timeout for bigbasket on Saffola 100% Sanfflower Oil
2026-06-04 23:53:24.804 | INFO     | nure.playwright_sources:collect_playwright_images:99 - Playwright bigbasket 'Saffola 100% Sanfflower Oil': 0 URLs
2026-06-04 23:53:26.935 | INFO     | nure.playwright_sources:collect_playwright_images:99 - Playwright jiomart 'Saffola 100% Sanfflower Oil': 1 URLs
2026-06-04 23:53:29.546 | INFO     | nure.playwright_sources:collect_playwright_images:99 - Playwright flipkart 'Saffola 100% Sanfflower Oil': 0 URLs
2026-06-04 23:53:29.728 | INFO     | __main__:process_urls_for_product:200 - Verified Source Attribution | Product: 75911bd1ce83 | File: 75911bd1ce83_002.jpg | Source: blinkit | URL: https://cdn.grofers.com/cdn-cgi/image/f=auto,fit=scale-down,q=70,metadata=none,w=270/da/cms-assets/cms/product/61c67eb1-3f1b-423c-bc55-6b7fba83a5c9.png
2026-06-04 23:53:30.144 | INFO     | __main__:process_urls_for_product:200 - Verified Source Attribution | Product: 75911bd1ce83 | File: 75911bd1ce83_003.jpg | Source: blinkit | URL: https://cdn.grofers.com/cdn-cgi/image/f=auto,fit=scale-down,q=70,metadata=none,w=270/da/cms-assets/cms/product/d82fdffc-a2b2-4069-8fbc-022e078d54fd.png?bg_token=Colour%2Fsurface%2F00FFFFFF
2026-06-04 23:53:30.494 | INFO     | __main__:process_urls_for_product:200 - Verified Source Attribution | Product: 75911bd1ce83 | File: 75911bd1ce83_004.jpg | Source: blinkit | URL: https://cdn.grofers.com/cdn-cgi/image/f=auto,fit=scale-down,q=70,metadata=none,w=270/da/cms-assets/cms/product/8bcb7151-6441-4b85-b4fe-7a8128cdeff6.png?bg_token=Colour%2Fsurface%2F00FFFFFF
2026-06-04 23:53:30.932 | INFO     | __main__:process_urls_for_product:200 - Verified Source Attribution | Product: 75911bd1ce83 | File: 75911bd1ce83_005.jpg | Source: blinkit | URL: https://cdn.grofers.com/cdn-cgi/image/f=auto,fit=scale-down,q=70,metadata=none,w=270/da/cms-assets/cms/product/d6a651d7-15fd-4a35-8dc4-bd959eeb5c9c.png
2026-06-04 23:53:31.268 | INFO     | __main__:process_urls_for_product:200 - Verified Source Attribution | Product: 75911bd1ce83 | File: 75911bd1ce83_006.jpg | Source: blinkit | URL: https://cdn.grofers.com/cdn-cgi/image/f=auto,fit=scale-down,q=70,metadata=none,w=270/da/cms-assets/cms/product/23965303-56ff-4b7c-8aee-f0e5bbfdb64e.png
2026-06-04 23:53:31.769 | INFO     | __main__:process_urls_for_product:200 - Verified Source Attribution | Product: 75911bd1ce83 | File: 75911bd1ce83_007.jpg | Source: blinkit | URL: https://cdn.grofers.com/cdn-cgi/image/f=auto,fit=scale-down,q=70,metadata=none,w=270/da/cms-assets/cms/product/bf752512-d3ea-43ea-a450-fb4fb6154d57.png
2026-06-04 23:53:32.124 | INFO     | __main__:process_urls_for_product:200 - Verified Source Attribution | Product: 75911bd1ce83 | File: 75911bd1ce83_008.jpg | Source: blinkit | URL: https://cdn.grofers.com/cdn-cgi/image/f=auto,fit=scale-down,q=70,metadata=none,w=270/da/cms-assets/cms/product/9ce34d8e-a491-44c4-a00e-ad86bd6a3936.png
2026-06-04 23:53:32.490 | INFO     | __main__:process_urls_for_product:200 - Verified Source Attribution | Product: 75911bd1ce83 | File: 75911bd1ce83_009.jpg | Source: blinkit | URL: https://cdn.grofers.com/cdn-cgi/image/f=auto,fit=scale-down,q=70,metadata=none,w=270/da/cms-assets/cms/product/71f304e5-6d08-4ac1-ae9e-3b01e3ca43f4.png
2026-06-04 23:53:32.823 | INFO     | __main__:process_urls_for_product:200 - Verified Source Attribution | Product: 75911bd1ce83 | File: 75911bd1ce83_010.jpg | Source: blinkit | URL: https://cdn.grofers.com/cdn-cgi/image/f=auto,fit=scale-down,q=70,metadata=none,w=270/da/cms-assets/cms/product/cfec1e50-90d7-46d9-b87b-81ed6659f7c5.png
2026-06-04 23:53:33.176 | INFO     | __main__:process_urls_for_product:200 - Verified Source Attribution | Product: 75911bd1ce83 | File: 75911bd1ce83_011.jpg | Source: blinkit | URL: https://cdn.grofers.com/cdn-cgi/image/f=auto,fit=scale-down,q=70,metadata=none,w=270/da/cms-assets/cms/product/26537260-8de4-4192-8635-650e8922cd32.png
2026-06-04 23:53:33.481 | INFO     | __main__:process_urls_for_product:200 - Verified Source Attribution | Product: 75911bd1ce83 | File: 75911bd1ce83_012.jpg | Source: blinkit | URL: https://cdn.grofers.com/cdn-cgi/image/f=auto,fit=scale-down,q=70,metadata=none,w=270/da/cms-assets/cms/product/3b70b25c-8852-4c3e-96c2-c9c6c9f3764a.png
2026-06-04 23:53:33.864 | INFO     | __main__:process_urls_for_product:200 - Verified Source Attribution | Product: 75911bd1ce83 | File: 75911bd1ce83_013.jpg | Source: blinkit | URL: https://cdn.grofers.com/cdn-cgi/image/f=auto,fit=scale-down,q=70,metadata=none,w=270/da/cms-assets/cms/product/dfeee7b1-9842-4d99-9a25-f67270caad1f.png
2026-06-04 23:54:45.229 | INFO     | __main__:download_product_images:254 - Product 58c65ef36f29 has 0 images (min 10). Using Playwright fallback.
2026-06-04 23:54:48.941 | INFO     | nure.playwright_sources:collect_playwright_images:99 - Playwright blinkit 'Amul Water buffalo butter': 15 URLs
2026-06-04 23:54:52.316 | DEBUG    | nure.playwright_sources:collect_playwright_images:95 - Playwright timeout for bigbasket on Amul Water buffalo butter
2026-06-04 23:54:52.316 | INFO     | nure.playwright_sources:collect_playwright_images:99 - Playwright bigbasket 'Amul Water buffalo butter': 0 URLs
2026-06-04 23:54:54.619 | INFO     | nure.playwright_sources:collect_playwright_images:99 - Playwright jiomart 'Amul Water buffalo butter': 1 URLs
2026-06-04 23:54:57.618 | INFO     | nure.playwright_sources:collect_playwright_images:99 - Playwright flipkart 'Amul Water buffalo butter': 0 URLs
2026-06-04 23:54:57.789 | INFO     | __main__:process_urls_for_product:200 - Verified Source Attribution | Product: 58c65ef36f29 | File: 58c65ef36f29_000.jpg | Source: blinkit | URL: https://cdn.grofers.com/cdn-cgi/image/f=auto,fit=scale-down,q=70,metadata=none,w=270/da/cms-assets/cms/product/613787ac-f983-4cfb-b534-e219c8d47b39.png
2026-06-04 23:54:58.198 | INFO     | __main__:process_urls_for_product:200 - Verified Source Attribution | Product: 58c65ef36f29 | File: 58c65ef36f29_001.jpg | Source: blinkit | URL: https://cdn.grofers.com/cdn-cgi/image/f=auto,fit=scale-down,q=70,metadata=none,w=270/da/cms-assets/cms/product/03af3633-5fa5-438f-bece-145ed114d279.png
2026-06-04 23:54:58.512 | INFO     | __main__:process_urls_for_product:200 - Verified Source Attribution | Product: 58c65ef36f29 | File: 58c65ef36f29_002.jpg | Source: blinkit | URL: https://cdn.grofers.com/cdn-cgi/image/f=auto,fit=scale-down,q=70,metadata=none,w=270/da/cms-assets/cms/product/4c1f773c-8e01-4e01-8416-c35cd7ea74dd.png
2026-06-04 23:54:58.851 | INFO     | __main__:process_urls_for_product:200 - Verified Source Attribution | Product: 58c65ef36f29 | File: 58c65ef36f29_003.jpg | Source: blinkit | URL: https://cdn.grofers.com/cdn-cgi/image/f=auto,fit=scale-down,q=70,metadata=none,w=270/da/cms-assets/cms/product/a3ca7f9f-ad6d-4500-96bd-dbfa419e8f48.png
2026-06-04 23:54:59.165 | INFO     | __main__:process_urls_for_product:200 - Verified Source Attribution | Product: 58c65ef36f29 | File: 58c65ef36f29_004.jpg | Source: blinkit | URL: https://cdn.grofers.com/cdn-cgi/image/f=auto,fit=scale-down,q=70,metadata=none,w=270/da/cms-assets/cms/product/1ded64a0-9f20-4a1d-8211-156f221b377b.png
2026-06-04 23:54:59.470 | INFO     | __main__:process_urls_for_product:200 - Verified Source Attribution | Product: 58c65ef36f29 | File: 58c65ef36f29_005.jpg | Source: blinkit | URL: https://cdn.grofers.com/cdn-cgi/image/f=auto,fit=scale-down,q=70,metadata=none,w=270/da/cms-assets/cms/product/2e6808fb-d8ea-422d-bb1e-05035fa268f6.png
2026-06-04 23:54:59.791 | INFO     | __main__:process_urls_for_product:200 - Verified Source Attribution | Product: 58c65ef36f29 | File: 58c65ef36f29_006.jpg | Source: blinkit | URL: https://cdn.grofers.com/cdn-cgi/image/f=auto,fit=scale-down,q=70,metadata=none,w=270/da/cms-assets/cms/product/124dfc87-32f7-4fdd-a20e-0b8d3601996c.png
2026-06-04 23:55:00.129 | INFO     | __main__:process_urls_for_product:200 - Verified Source Attribution | Product: 58c65ef36f29 | File: 58c65ef36f29_007.jpg | Source: blinkit | URL: https://cdn.grofers.com/cdn-cgi/image/f=auto,fit=scale-down,q=70,metadata=none,w=270/da/cms-assets/cms/product/5981f9ee-7eb8-4ec3-8467-82f6d206de7d.png
2026-06-04 23:55:00.600 | INFO     | __main__:process_urls_for_product:200 - Verified Source Attribution | Product: 58c65ef36f29 | File: 58c65ef36f29_008.jpg | Source: blinkit | URL: https://cdn.grofers.com/cdn-cgi/image/f=auto,fit=scale-down,q=70,metadata=none,w=270/da/cms-assets/cms/product/4cfb79ce-6b99-4731-97fc-c0103e8ed4f4.png
2026-06-04 23:55:00.945 | INFO     | __main__:process_urls_for_product:200 - Verified Source Attribution | Product: 58c65ef36f29 | File: 58c65ef36f29_009.jpg | Source: blinkit | URL: https://cdn.grofers.com/cdn-cgi/image/f=auto,fit=scale-down,q=70,metadata=none,w=270/da/cms-assets/cms/product/6032ea96-4ab2-44b4-8b46-f6bbf7cecfa7.png
2026-06-04 23:55:01.273 | INFO     | __main__:process_urls_for_product:200 - Verified Source Attribution | Product: 58c65ef36f29 | File: 58c65ef36f29_010.jpg | Source: blinkit | URL: https://cdn.grofers.com/cdn-cgi/image/f=auto,fit=scale-down,q=70,metadata=none,w=270/da/cms-assets/cms/product/rc-upload-1777953701494-11044.png
2026-06-04 23:55:01.607 | INFO     | __main__:process_urls_for_product:200 - Verified Source Attribution | Product: 58c65ef36f29 | File: 58c65ef36f29_011.jpg | Source: blinkit | URL: https://cdn.grofers.com/cdn-cgi/image/f=auto,fit=scale-down,q=70,metadata=none,w=270/da/cms-assets/cms/product/e96cc467-96c4-4494-80a4-8f140d141882.png
2026-06-04 23:55:01.934 | INFO     | __main__:process_urls_for_product:200 - Verified Source Attribution | Product: 58c65ef36f29 | File: 58c65ef36f29_012.jpg | Source: blinkit | URL: https://cdn.grofers.com/cdn-cgi/image/f=auto,fit=scale-down,q=70,metadata=none,w=270/da/cms-assets/cms/product/a8bdf605-84b1-4664-97ac-4a61603b3cac.png
2026-06-04 23:56:44.913 | INFO     | __main__:download_product_images:254 - Product 2362a2561aa8 has 0 images (min 10). Using Playwright fallback.
2026-06-04 23:56:48.907 | INFO     | nure.playwright_sources:collect_playwright_images:99 - Playwright blinkit 'Nandini Badam Flavoured Milk': 15 URLs
2026-06-04 23:56:52.266 | DEBUG    | nure.playwright_sources:collect_playwright_images:95 - Playwright timeout for bigbasket on Nandini Badam Flavoured Milk
2026-06-04 23:56:52.266 | INFO     | nure.playwright_sources:collect_playwright_images:99 - Playwright bigbasket 'Nandini Badam Flavoured Milk': 0 URLs
2026-06-04 23:56:54.669 | INFO     | nure.playwright_sources:collect_playwright_images:99 - Playwright jiomart 'Nandini Badam Flavoured Milk': 1 URLs
2026-06-04 23:56:57.507 | INFO     | nure.playwright_sources:collect_playwright_images:99 - Playwright flipkart 'Nandini Badam Flavoured Milk': 0 URLs
2026-06-04 23:56:57.682 | INFO     | __main__:process_urls_for_product:200 - Verified Source Attribution | Product: 2362a2561aa8 | File: 2362a2561aa8_000.jpg | Source: blinkit | URL: https://cdn.grofers.com/cdn-cgi/image/f=auto,fit=scale-down,q=70,metadata=none,w=270/da/cms-assets/cms/product/1a98a20c-8ed3-473f-a306-e03bd1e75a7f.png
2026-06-04 23:56:58.121 | INFO     | __main__:process_urls_for_product:200 - Verified Source Attribution | Product: 2362a2561aa8 | File: 2362a2561aa8_001.jpg | Source: blinkit | URL: https://cdn.grofers.com/cdn-cgi/image/f=auto,fit=scale-down,q=70,metadata=none,w=270/da/cms-assets/cms/product/0c03fbe5-0cc7-4e7d-9c99-bc04bca15cba.png
2026-06-04 23:56:58.480 | INFO     | __main__:process_urls_for_product:200 - Verified Source Attribution | Product: 2362a2561aa8 | File: 2362a2561aa8_002.jpg | Source: blinkit | URL: https://cdn.grofers.com/cdn-cgi/image/f=auto,fit=scale-down,q=70,metadata=none,w=270/da/cms-assets/cms/product/rc-upload-1773387246067-162.png
2026-06-04 23:56:58.831 | INFO     | __main__:process_urls_for_product:200 - Verified Source Attribution | Product: 2362a2561aa8 | File: 2362a2561aa8_003.jpg | Source: blinkit | URL: https://cdn.grofers.com/cdn-cgi/image/f=auto,fit=scale-down,q=70,metadata=none,w=270/da/cms-assets/cms/product/rc-upload-1773901116365-871.png
2026-06-04 23:56:59.160 | INFO     | __main__:process_urls_for_product:200 - Verified Source Attribution | Product: 2362a2561aa8 | File: 2362a2561aa8_004.jpg | Source: blinkit | URL: https://cdn.grofers.com/cdn-cgi/image/f=auto,fit=scale-down,q=70,metadata=none,w=270/da/cms-assets/cms/product/d991a261-ae1a-483f-8c1c-a25b4e1916bb.png
2026-06-04 23:56:59.487 | INFO     | __main__:process_urls_for_product:200 - Verified Source Attribution | Product: 2362a2561aa8 | File: 2362a2561aa8_005.jpg | Source: blinkit | URL: https://cdn.grofers.com/cdn-cgi/image/f=auto,fit=scale-down,q=70,metadata=none,w=270/da/cms-assets/cms/product/4973e5c2-2c50-4020-b20f-4194fee829ea.png
2026-06-04 23:57:00.118 | INFO     | __main__:process_urls_for_product:200 - Verified Source Attribution | Product: 2362a2561aa8 | File: 2362a2561aa8_006.jpg | Source: blinkit | URL: https://cdn.grofers.com/cdn-cgi/image/f=auto,fit=scale-down,q=70,metadata=none,w=270/da/cms-assets/cms/product/d4e5896d-0327-4183-9d9f-04c26846e4bd.png
2026-06-04 23:57:00.439 | INFO     | __main__:process_urls_for_product:200 - Verified Source Attribution | Product: 2362a2561aa8 | File: 2362a2561aa8_007.jpg | Source: blinkit | URL: https://cdn.grofers.com/cdn-cgi/image/f=auto,fit=scale-down,q=70,metadata=none,w=270/da/cms-assets/cms/product/06ea2824-19fe-406e-ac39-9c6fa46de6f1.png
2026-06-04 23:57:00.768 | INFO     | __main__:process_urls_for_product:200 - Verified Source Attribution | Product: 2362a2561aa8 | File: 2362a2561aa8_008.jpg | Source: blinkit | URL: https://cdn.grofers.com/cdn-cgi/image/f=auto,fit=scale-down,q=70,metadata=none,w=270/da/cms-assets/cms/product/adc76812-807f-4eb4-b206-02e808dde583.png
2026-06-04 23:57:01.095 | INFO     | __main__:process_urls_for_product:200 - Verified Source Attribution | Product: 2362a2561aa8 | File: 2362a2561aa8_009.jpg | Source: blinkit | URL: https://cdn.grofers.com/cdn-cgi/image/f=auto,fit=scale-down,q=70,metadata=none,w=270/da/cms-assets/cms/product/3b9f0328-c7ec-45ac-80ce-2a804019f253.png
2026-06-04 23:57:01.426 | INFO     | __main__:process_urls_for_product:200 - Verified Source Attribution | Product: 2362a2561aa8 | File: 2362a2561aa8_010.jpg | Source: blinkit | URL: https://cdn.grofers.com/cdn-cgi/image/f=auto,fit=scale-down,q=70,metadata=none,w=270/da/cms-assets/cms/product/fec7ba2f-ad64-4411-abf5-1029f56feda4.png
2026-06-04 23:57:01.775 | INFO     | __main__:process_urls_for_product:200 - Verified Source Attribution | Product: 2362a2561aa8 | File: 2362a2561aa8_011.jpg | Source: blinkit | URL: https://cdn.grofers.com/cdn-cgi/image/f=auto,fit=scale-down,q=70,metadata=none,w=270/da/cms-assets/cms/product/e741d5e5-b1db-4a20-aa27-f009f9547bf2.png
2026-06-04 23:58:13.544 | INFO     | __main__:download_product_images:254 - Product 9eaf7560580a has 0 images (min 10). Using Playwright fallback.
2026-06-04 23:58:17.518 | INFO     | nure.playwright_sources:collect_playwright_images:99 - Playwright blinkit 'Munchies Munchies Cheese Fix': 15 URLs
2026-06-04 23:58:20.844 | DEBUG    | nure.playwright_sources:collect_playwright_images:95 - Playwright timeout for bigbasket on Munchies Munchies Cheese Fix
2026-06-04 23:58:20.844 | INFO     | nure.playwright_sources:collect_playwright_images:99 - Playwright bigbasket 'Munchies Munchies Cheese Fix': 0 URLs
2026-06-04 23:58:23.160 | INFO     | nure.playwright_sources:collect_playwright_images:99 - Playwright jiomart 'Munchies Munchies Cheese Fix': 1 URLs
2026-06-04 23:58:25.792 | INFO     | nure.playwright_sources:collect_playwright_images:99 - Playwright flipkart 'Munchies Munchies Cheese Fix 3': 0 URLs
2026-06-04 23:58:25.999 | INFO     | __main__:process_urls_for_product:200 - Verified Source Attribution | Product: 9eaf7560580a | File: 9eaf7560580a_000.jpg | Source: blinkit | URL: https://cdn.grofers.com/cdn-cgi/image/f=auto,fit=scale-down,q=70,metadata=none,w=270/da/cms-assets/cms/product/rc-upload-1777980652245-416.png
2026-06-04 23:58:26.420 | INFO     | __main__:process_urls_for_product:200 - Verified Source Attribution | Product: 9eaf7560580a | File: 9eaf7560580a_001.jpg | Source: blinkit | URL: https://cdn.grofers.com/cdn-cgi/image/f=auto,fit=scale-down,q=70,metadata=none,w=270/da/cms-assets/cms/product/rc-upload-1775803841373-145.png
2026-06-04 23:58:26.771 | INFO     | __main__:process_urls_for_product:200 - Verified Source Attribution | Product: 9eaf7560580a | File: 9eaf7560580a_002.jpg | Source: blinkit | URL: https://cdn.grofers.com/cdn-cgi/image/f=auto,fit=scale-down,q=70,metadata=none,w=270/da/cms-assets/cms/product/rc-upload-1779271596446-23.png
2026-06-04 23:58:27.216 | INFO     | __main__:process_urls_for_product:200 - Verified Source Attribution | Product: 9eaf7560580a | File: 9eaf7560580a_003.jpg | Source: blinkit | URL: https://cdn.grofers.com/cdn-cgi/image/f=auto,fit=scale-down,q=70,metadata=none,w=270/da/cms-assets/cms/product/rc-upload-1772207903153-360.png
2026-06-04 23:58:27.583 | INFO     | __main__:process_urls_for_product:200 - Verified Source Attribution | Product: 9eaf7560580a | File: 9eaf7560580a_004.jpg | Source: blinkit | URL: https://cdn.grofers.com/cdn-cgi/image/f=auto,fit=scale-down,q=70,metadata=none,w=270/da/cms-assets/cms/product/f3464dcd-07f3-4b0c-9821-5ea882c57d02.png
2026-06-04 23:58:27.896 | INFO     | __main__:process_urls_for_product:200 - Verified Source Attribution | Product: 9eaf7560580a | File: 9eaf7560580a_005.jpg | Source: blinkit | URL: https://cdn.grofers.com/cdn-cgi/image/f=auto,fit=scale-down,q=70,metadata=none,w=270/da/cms-assets/cms/product/7cabc596-c210-46d3-8856-75842777faf3.png
2026-06-04 23:58:28.217 | INFO     | __main__:process_urls_for_product:200 - Verified Source Attribution | Product: 9eaf7560580a | File: 9eaf7560580a_006.jpg | Source: blinkit | URL: https://cdn.grofers.com/cdn-cgi/image/f=auto,fit=scale-down,q=70,metadata=none,w=270/da/cms-assets/cms/product/rc-upload-1778041512384-369.png
2026-06-04 23:58:28.554 | INFO     | __main__:process_urls_for_product:200 - Verified Source Attribution | Product: 9eaf7560580a | File: 9eaf7560580a_007.jpg | Source: blinkit | URL: https://cdn.grofers.com/cdn-cgi/image/f=auto,fit=scale-down,q=70,metadata=none,w=270/da/cms-assets/cms/product/rc-upload-1771553348655-665.png
2026-06-04 23:58:28.948 | INFO     | __main__:process_urls_for_product:200 - Verified Source Attribution | Product: 9eaf7560580a | File: 9eaf7560580a_008.jpg | Source: blinkit | URL: https://cdn.grofers.com/cdn-cgi/image/f=auto,fit=scale-down,q=70,metadata=none,w=270/da/cms-assets/cms/product/b8eebae2-5eb4-4d22-a90e-293a3da2c7d7.png
2026-06-04 23:58:29.291 | INFO     | __main__:process_urls_for_product:200 - Verified Source Attribution | Product: 9eaf7560580a | File: 9eaf7560580a_009.jpg | Source: blinkit | URL: https://cdn.grofers.com/cdn-cgi/image/f=auto,fit=scale-down,q=70,metadata=none,w=270/da/cms-assets/cms/product/rc-upload-1775740580866-460.png
2026-06-04 23:58:29.622 | INFO     | __main__:process_urls_for_product:200 - Verified Source Attribution | Product: 9eaf7560580a | File: 9eaf7560580a_010.jpg | Source: blinkit | URL: https://cdn.grofers.com/cdn-cgi/image/f=auto,fit=scale-down,q=70,metadata=none,w=270/da/cms-assets/cms/product/4f6b5b20-7b24-49d0-af3e-370921c11c32.png
2026-06-04 23:58:29.979 | INFO     | __main__:process_urls_for_product:200 - Verified Source Attribution | Product: 9eaf7560580a | File: 9eaf7560580a_011.jpg | Source: blinkit | URL: https://cdn.grofers.com/cdn-cgi/image/f=auto,fit=scale-down,q=70,metadata=none,w=270/da/cms-assets/cms/product/4f3b66f9-bb75-4eb4-b35e-53a6d047b23e.png
2026-06-04 23:58:30.354 | INFO     | __main__:process_urls_for_product:200 - Verified Source Attribution | Product: 9eaf7560580a | File: 9eaf7560580a_012.jpg | Source: blinkit | URL: https://cdn.grofers.com/cdn-cgi/image/f=auto,fit=scale-down,q=70,metadata=none,w=270/da/cms-assets/cms/product/rc-upload-1778155506794-633.png
2026-06-04 23:58:30.735 | INFO     | __main__:process_urls_for_product:200 - Verified Source Attribution | Product: 9eaf7560580a | File: 9eaf7560580a_013.jpg | Source: blinkit | URL: https://cdn.grofers.com/cdn-cgi/image/f=auto,fit=scale-down,q=70,metadata=none,w=270/da/cms-assets/cms/product/2b4242fc-d724-4eb7-8763-44b87a29faf3.png
2026-06-04 23:59:27.392 | INFO     | __main__:download_product_images:254 - Product 171e714260b9 has 0 images (min 10). Using Playwright fallback.
2026-06-04 23:59:32.830 | DEBUG    | nure.playwright_sources:collect_playwright_images:95 - Playwright timeout for blinkit on Cadbury Cricket Edition Oreo O
2026-06-04 23:59:32.831 | INFO     | nure.playwright_sources:collect_playwright_images:99 - Playwright blinkit 'Cadbury Cricket Edition Oreo O': 0 URLs
2026-06-04 23:59:36.246 | DEBUG    | nure.playwright_sources:collect_playwright_images:95 - Playwright timeout for bigbasket on Cadbury Cricket Edition Oreo O
2026-06-04 23:59:36.246 | INFO     | nure.playwright_sources:collect_playwright_images:99 - Playwright bigbasket 'Cadbury Cricket Edition Oreo O': 0 URLs
2026-06-04 23:59:38.560 | INFO     | nure.playwright_sources:collect_playwright_images:99 - Playwright jiomart 'Cadbury Cricket Edition Oreo O': 1 URLs
2026-06-04 23:59:41.560 | INFO     | nure.playwright_sources:collect_playwright_images:99 - Playwright flipkart 'Cadbury Cricket Edition Oreo O': 0 URLs
2026-06-05 00:02:24.825 | INFO     | __main__:download_product_images:254 - Product 7850d9694546 has 0 images (min 10). Using Playwright fallback.
2026-06-05 00:02:27.801 | INFO     | nure.playwright_sources:collect_playwright_images:99 - Playwright blinkit 'Nestlé Glace Vanille Bourbon': 15 URLs
2026-06-05 00:02:31.138 | DEBUG    | nure.playwright_sources:collect_playwright_images:95 - Playwright timeout for bigbasket on Nestlé Glace Vanille Bourbon
2026-06-05 00:02:31.138 | INFO     | nure.playwright_sources:collect_playwright_images:99 - Playwright bigbasket 'Nestlé Glace Vanille Bourbon': 0 URLs
2026-06-05 00:02:33.626 | INFO     | nure.playwright_sources:collect_playwright_images:99 - Playwright jiomart 'Nestlé Glace Vanille Bourbon': 1 URLs
2026-06-05 00:02:34.950 | DEBUG    | nure.playwright_sources:collect_playwright_images:97 - Playwright error for flipkart: Page.goto: net::ERR_NETWORK_IO_SUSPENDED at https://www.flipkart.com/search?q=Nestl%C3%A9+Glace+Vanille+Bourbon+490+g&marketplace=GROCERY
Call log:
navigating to "https://www.flipkart.com/search?q=Nestl%C3%A9+Glace+Vanille+Bourbon+490+g&marketplace=GROCERY", waiting until "load"

2026-06-05 00:02:34.951 | INFO     | nure.playwright_sources:collect_playwright_images:99 - Playwright flipkart 'Nestlé Glace Vanille Bourbon 4': 0 URLs
2026-06-05 00:02:35.138 | INFO     | __main__:process_urls_for_product:200 - Verified Source Attribution | Product: 7850d9694546 | File: 7850d9694546_000.jpg | Source: blinkit | URL: https://cdn.grofers.com/cdn-cgi/image/f=auto,fit=scale-down,q=70,metadata=none,w=270/da/cms-assets/cms/product/rc-upload-1772169697746-651.png
2026-06-05 00:02:35.537 | INFO     | __main__:process_urls_for_product:200 - Verified Source Attribution | Product: 7850d9694546 | File: 7850d9694546_001.jpg | Source: blinkit | URL: https://cdn.grofers.com/cdn-cgi/image/f=auto,fit=scale-down,q=70,metadata=none,w=270/da/cms-assets/cms/product/rc-upload-1775107293742-901.png
2026-06-05 00:02:35.915 | INFO     | __main__:process_urls_for_product:200 - Verified Source Attribution | Product: 7850d9694546 | File: 7850d9694546_002.jpg | Source: blinkit | URL: https://cdn.grofers.com/cdn-cgi/image/f=auto,fit=scale-down,q=70,metadata=none,w=270/da/cms-assets/cms/product/rc-upload-1774802324726-56.png
2026-06-05 00:02:36.273 | INFO     | __main__:process_urls_for_product:200 - Verified Source Attribution | Product: 7850d9694546 | File: 7850d9694546_003.jpg | Source: blinkit | URL: https://cdn.grofers.com/cdn-cgi/image/f=auto,fit=scale-down,q=70,metadata=none,w=270/da/cms-assets/cms/product/32ef6f22-c2c2-4e3e-b001-171325588b2f.png
2026-06-05 00:02:36.624 | INFO     | __main__:process_urls_for_product:200 - Verified Source Attribution | Product: 7850d9694546 | File: 7850d9694546_004.jpg | Source: blinkit | URL: https://cdn.grofers.com/cdn-cgi/image/f=auto,fit=scale-down,q=70,metadata=none,w=270/da/cms-assets/cms/product/rc-upload-1778243110777-1170.png
2026-06-05 00:02:36.960 | INFO     | __main__:process_urls_for_product:200 - Verified Source Attribution | Product: 7850d9694546 | File: 7850d9694546_005.jpg | Source: blinkit | URL: https://cdn.grofers.com/cdn-cgi/image/f=auto,fit=scale-down,q=70,metadata=none,w=270/da/cms-assets/cms/product/e9256ee0-6db1-4f9f-a9e7-b31851d0ee03.png
2026-06-05 00:02:37.319 | INFO     | __main__:process_urls_for_product:200 - Verified Source Attribution | Product: 7850d9694546 | File: 7850d9694546_006.jpg | Source: blinkit | URL: https://cdn.grofers.com/cdn-cgi/image/f=auto,fit=scale-down,q=70,metadata=none,w=270/da/cms-assets/cms/product/rc-upload-1780573345059-96.png
2026-06-05 00:02:37.641 | INFO     | __main__:process_urls_for_product:200 - Verified Source Attribution | Product: 7850d9694546 | File: 7850d9694546_007.jpg | Source: blinkit | URL: https://cdn.grofers.com/cdn-cgi/image/f=auto,fit=scale-down,q=70,metadata=none,w=270/da/cms-assets/cms/product/rc-upload-1771600886677-1754.png
2026-06-05 00:02:37.974 | INFO     | __main__:process_urls_for_product:200 - Verified Source Attribution | Product: 7850d9694546 | File: 7850d9694546_008.jpg | Source: blinkit | URL: https://cdn.grofers.com/cdn-cgi/image/f=auto,fit=scale-down,q=70,metadata=none,w=270/da/cms-assets/cms/product/rc-upload-1772698047485-147.png
2026-06-05 00:02:38.327 | INFO     | __main__:process_urls_for_product:200 - Verified Source Attribution | Product: 7850d9694546 | File: 7850d9694546_009.jpg | Source: blinkit | URL: https://cdn.grofers.com/cdn-cgi/image/f=auto,fit=scale-down,q=70,metadata=none,w=270/da/cms-assets/cms/product/rc-upload-1774802324726-30.png
2026-06-05 00:02:38.661 | INFO     | __main__:process_urls_for_product:200 - Verified Source Attribution | Product: 7850d9694546 | File: 7850d9694546_010.jpg | Source: blinkit | URL: https://cdn.grofers.com/cdn-cgi/image/f=auto,fit=scale-down,q=70,metadata=none,w=270/da/cms-assets/cms/product/4a32a6b5-1b9a-4bc3-884d-7206f1fbd892.png
2026-06-05 00:02:39.044 | INFO     | __main__:process_urls_for_product:200 - Verified Source Attribution | Product: 7850d9694546 | File: 7850d9694546_011.jpg | Source: blinkit | URL: https://cdn.grofers.com/cdn-cgi/image/f=auto,fit=scale-down,q=70,metadata=none,w=270/da/cms-assets/cms/product/80845b20-60f6-4846-8b74-d7dd0fc14c9c.png
2026-06-05 00:02:39.396 | INFO     | __main__:process_urls_for_product:200 - Verified Source Attribution | Product: 7850d9694546 | File: 7850d9694546_012.jpg | Source: blinkit | URL: https://cdn.grofers.com/cdn-cgi/image/f=auto,fit=scale-down,q=70,metadata=none,w=270/da/cms-assets/cms/product/rc-upload-1779310047854-14.png
2026-06-05 00:02:39.746 | INFO     | __main__:process_urls_for_product:200 - Verified Source Attribution | Product: 7850d9694546 | File: 7850d9694546_013.jpg | Source: blinkit | URL: https://cdn.grofers.com/cdn-cgi/image/f=auto,fit=scale-down,q=70,metadata=none,w=270/da/cms-assets/cms/product/rc-upload-1776829632782-12.png
2026-06-05 11:48:25.988 | INFO     | __main__:download_product_images:254 - Product f29dfc1db3ba has 0 images (min 10). Using Playwright fallback.
2026-06-05 11:48:40.155 | DEBUG    | nure.playwright_sources:collect_playwright_images:95 - Playwright timeout for blinkit on Maggi Noodle Cup - Chicken Tas
2026-06-05 11:48:40.155 | INFO     | nure.playwright_sources:collect_playwright_images:99 - Playwright blinkit 'Maggi Noodle Cup - Chicken Tas': 0 URLs
2026-06-05 11:48:46.616 | DEBUG    | nure.playwright_sources:collect_playwright_images:95 - Playwright timeout for bigbasket on Maggi Noodle Cup - Chicken Tas
2026-06-05 11:48:46.618 | INFO     | nure.playwright_sources:collect_playwright_images:99 - Playwright bigbasket 'Maggi Noodle Cup - Chicken Tas': 0 URLs
2026-06-05 11:48:51.629 | DEBUG    | nure.playwright_sources:collect_playwright_images:95 - Playwright timeout for jiomart on Maggi Noodle Cup - Chicken Tas
2026-06-05 11:48:51.629 | INFO     | nure.playwright_sources:collect_playwright_images:99 - Playwright jiomart 'Maggi Noodle Cup - Chicken Tas': 0 URLs
2026-06-05 11:48:55.200 | INFO     | nure.playwright_sources:collect_playwright_images:99 - Playwright flipkart 'Maggi Noodle Cup - Chicken Tas': 0 URLs
2026-06-05 11:49:52.264 | INFO     | __main__:download_product_images:254 - Product 5408368d2f81 has 0 images (min 10). Using Playwright fallback.
2026-06-05 11:49:55.610 | INFO     | nure.playwright_sources:collect_playwright_images:99 - Playwright blinkit 'Red Label Loose Leaf Black Tea': 15 URLs
2026-06-05 11:49:58.988 | DEBUG    | nure.playwright_sources:collect_playwright_images:95 - Playwright timeout for bigbasket on Red Label Loose Leaf Black Tea
2026-06-05 11:49:58.988 | INFO     | nure.playwright_sources:collect_playwright_images:99 - Playwright bigbasket 'Red Label Loose Leaf Black Tea': 0 URLs
2026-06-05 11:50:01.381 | INFO     | nure.playwright_sources:collect_playwright_images:99 - Playwright jiomart 'Red Label Loose Leaf Black Tea': 1 URLs
2026-06-05 11:50:04.032 | INFO     | nure.playwright_sources:collect_playwright_images:99 - Playwright flipkart 'Red Label Loose Leaf Black Tea': 0 URLs
2026-06-05 11:50:04.578 | INFO     | __main__:process_urls_for_product:200 - Verified Source Attribution | Product: 5408368d2f81 | File: 5408368d2f81_000.jpg | Source: blinkit | URL: https://cdn.grofers.com/cdn-cgi/image/f=auto,fit=scale-down,q=70,metadata=none,w=270/da/cms-assets/cms/product/c42cb5cc-9c64-4409-85d3-1097c8315984.png
2026-06-05 11:50:04.892 | INFO     | __main__:process_urls_for_product:200 - Verified Source Attribution | Product: 5408368d2f81 | File: 5408368d2f81_001.jpg | Source: blinkit | URL: https://cdn.grofers.com/cdn-cgi/image/f=auto,fit=scale-down,q=70,metadata=none,w=270/da/cms-assets/cms/product/rc-upload-1778758335441-325.png
2026-06-05 11:50:05.225 | INFO     | __main__:process_urls_for_product:200 - Verified Source Attribution | Product: 5408368d2f81 | File: 5408368d2f81_002.jpg | Source: blinkit | URL: https://cdn.grofers.com/cdn-cgi/image/f=auto,fit=scale-down,q=70,metadata=none,w=270/da/cms-assets/cms/product/rc-upload-1778758335441-364.png
2026-06-05 11:50:05.580 | INFO     | __main__:process_urls_for_product:200 - Verified Source Attribution | Product: 5408368d2f81 | File: 5408368d2f81_003.jpg | Source: blinkit | URL: https://cdn.grofers.com/cdn-cgi/image/f=auto,fit=scale-down,q=70,metadata=none,w=270/da/cms-assets/cms/product/7e156753-8f87-4d8a-af27-49b033bc9559.png
2026-06-05 11:50:05.933 | INFO     | __main__:process_urls_for_product:200 - Verified Source Attribution | Product: 5408368d2f81 | File: 5408368d2f81_004.jpg | Source: blinkit | URL: https://cdn.grofers.com/cdn-cgi/image/f=auto,fit=scale-down,q=70,metadata=none,w=270/da/cms-assets/cms/product/rc-upload-1778758335441-372.png
2026-06-05 11:50:06.262 | INFO     | __main__:process_urls_for_product:200 - Verified Source Attribution | Product: 5408368d2f81 | File: 5408368d2f81_005.jpg | Source: blinkit | URL: https://cdn.grofers.com/cdn-cgi/image/f=auto,fit=scale-down,q=70,metadata=none,w=270/da/cms-assets/cms/product/rc-upload-1778758335441-619.png
2026-06-05 11:50:06.603 | INFO     | __main__:process_urls_for_product:200 - Verified Source Attribution | Product: 5408368d2f81 | File: 5408368d2f81_006.jpg | Source: blinkit | URL: https://cdn.grofers.com/cdn-cgi/image/f=auto,fit=scale-down,q=70,metadata=none,w=270/da/cms-assets/cms/product/rc-upload-1776939795709-50.png
2026-06-05 11:50:06.941 | INFO     | __main__:process_urls_for_product:200 - Verified Source Attribution | Product: 5408368d2f81 | File: 5408368d2f81_007.jpg | Source: blinkit | URL: https://cdn.grofers.com/cdn-cgi/image/f=auto,fit=scale-down,q=70,metadata=none,w=270/da/cms-assets/cms/product/353be163-f6ec-4eb6-8f09-4cfd3e4b3dc7.png
2026-06-05 11:50:07.280 | INFO     | __main__:process_urls_for_product:200 - Verified Source Attribution | Product: 5408368d2f81 | File: 5408368d2f81_008.jpg | Source: blinkit | URL: https://cdn.grofers.com/cdn-cgi/image/f=auto,fit=scale-down,q=70,metadata=none,w=270/da/cms-assets/cms/product/rc-upload-1778758335441-962.png
2026-06-05 11:50:07.664 | INFO     | __main__:process_urls_for_product:200 - Verified Source Attribution | Product: 5408368d2f81 | File: 5408368d2f81_009.jpg | Source: blinkit | URL: https://cdn.grofers.com/cdn-cgi/image/f=auto,fit=scale-down,q=70,metadata=none,w=270/da/cms-assets/cms/product/rc-upload-1778758335441-403.png
2026-06-05 11:50:07.994 | INFO     | __main__:process_urls_for_product:200 - Verified Source Attribution | Product: 5408368d2f81 | File: 5408368d2f81_010.jpg | Source: blinkit | URL: https://cdn.grofers.com/cdn-cgi/image/f=auto,fit=scale-down,q=70,metadata=none,w=270/da/cms-assets/cms/product/1ebf36f9-58b0-422c-b7f8-05a45da39989.png
2026-06-05 11:50:08.333 | INFO     | __main__:process_urls_for_product:200 - Verified Source Attribution | Product: 5408368d2f81 | File: 5408368d2f81_011.jpg | Source: blinkit | URL: https://cdn.grofers.com/cdn-cgi/image/f=auto,fit=scale-down,q=70,metadata=none,w=270/da/cms-assets/cms/product/62a98c6c-ae6c-4182-89ee-bf722d291eb4.png
2026-06-05 11:50:08.665 | INFO     | __main__:process_urls_for_product:200 - Verified Source Attribution | Product: 5408368d2f81 | File: 5408368d2f81_012.jpg | Source: blinkit | URL: https://cdn.grofers.com/cdn-cgi/image/f=auto,fit=scale-down,q=70,metadata=none,w=270/da/cms-assets/cms/product/rc-upload-1777436686892-11653.png
2026-06-05 11:51:35.669 | INFO     | __main__:download_product_images:254 - Product d1a1c769f617 has 0 images (min 10). Using Playwright fallback.
2026-06-05 11:51:39.055 | INFO     | nure.playwright_sources:collect_playwright_images:99 - Playwright blinkit 'Complan Complan': 15 URLs
2026-06-05 11:51:42.431 | DEBUG    | nure.playwright_sources:collect_playwright_images:95 - Playwright timeout for bigbasket on Complan Complan
2026-06-05 11:51:42.432 | INFO     | nure.playwright_sources:collect_playwright_images:99 - Playwright bigbasket 'Complan Complan': 0 URLs
2026-06-05 11:51:44.914 | INFO     | nure.playwright_sources:collect_playwright_images:99 - Playwright jiomart 'Complan Complan': 1 URLs
2026-06-05 11:51:47.491 | INFO     | nure.playwright_sources:collect_playwright_images:99 - Playwright flipkart 'Complan Complan 450g': 0 URLs
2026-06-05 11:51:47.690 | INFO     | __main__:process_urls_for_product:200 - Verified Source Attribution | Product: d1a1c769f617 | File: d1a1c769f617_000.jpg | Source: blinkit | URL: https://cdn.grofers.com/cdn-cgi/image/f=auto,fit=scale-down,q=70,metadata=none,w=270/da/cms-assets/cms/product/rc-upload-1770268707653-148.png
2026-06-05 11:51:48.125 | INFO     | __main__:process_urls_for_product:200 - Verified Source Attribution | Product: d1a1c769f617 | File: d1a1c769f617_001.jpg | Source: blinkit | URL: https://cdn.grofers.com/cdn-cgi/image/f=auto,fit=scale-down,q=70,metadata=none,w=270/da/cms-assets/cms/product/rc-upload-1770268707653-157.png
2026-06-05 11:51:48.456 | INFO     | __main__:process_urls_for_product:200 - Verified Source Attribution | Product: d1a1c769f617 | File: d1a1c769f617_002.jpg | Source: blinkit | URL: https://cdn.grofers.com/cdn-cgi/image/f=auto,fit=scale-down,q=70,metadata=none,w=270/da/cms-assets/cms/product/rc-upload-1778485421216-338.png
2026-06-05 11:51:48.808 | INFO     | __main__:process_urls_for_product:200 - Verified Source Attribution | Product: d1a1c769f617 | File: d1a1c769f617_003.jpg | Source: blinkit | URL: https://cdn.grofers.com/cdn-cgi/image/f=auto,fit=scale-down,q=70,metadata=none,w=270/da/cms-assets/cms/product/rc-upload-1778485421216-287.png
2026-06-05 11:51:49.153 | INFO     | __main__:process_urls_for_product:200 - Verified Source Attribution | Product: d1a1c769f617 | File: d1a1c769f617_004.jpg | Source: blinkit | URL: https://cdn.grofers.com/cdn-cgi/image/f=auto,fit=scale-down,q=70,metadata=none,w=270/da/cms-assets/cms/product/3c868907-840f-4368-97e1-6836a883f101.png
2026-06-05 11:51:49.499 | INFO     | __main__:process_urls_for_product:200 - Verified Source Attribution | Product: d1a1c769f617 | File: d1a1c769f617_005.jpg | Source: blinkit | URL: https://cdn.grofers.com/cdn-cgi/image/f=auto,fit=scale-down,q=70,metadata=none,w=270/da/cms-assets/cms/product/94b0b82d-5e7b-4756-8b5f-be2079cf69fd.png
2026-06-05 11:51:49.842 | INFO     | __main__:process_urls_for_product:200 - Verified Source Attribution | Product: d1a1c769f617 | File: d1a1c769f617_006.jpg | Source: blinkit | URL: https://cdn.grofers.com/cdn-cgi/image/f=auto,fit=scale-down,q=70,metadata=none,w=270/da/cms-assets/cms/product/rc-upload-1774802324726-30.png
2026-06-05 11:51:50.187 | INFO     | __main__:process_urls_for_product:200 - Verified Source Attribution | Product: d1a1c769f617 | File: d1a1c769f617_007.jpg | Source: blinkit | URL: https://cdn.grofers.com/cdn-cgi/image/f=auto,fit=scale-down,q=70,metadata=none,w=270/da/cms-assets/cms/product/rc-upload-1774802324726-56.png
2026-06-05 11:51:50.529 | INFO     | __main__:process_urls_for_product:200 - Verified Source Attribution | Product: d1a1c769f617 | File: d1a1c769f617_008.jpg | Source: blinkit | URL: https://cdn.grofers.com/cdn-cgi/image/f=auto,fit=scale-down,q=70,metadata=none,w=270/da/cms-assets/cms/product/rc-upload-1774802324726-129.png
2026-06-05 11:51:50.867 | INFO     | __main__:process_urls_for_product:200 - Verified Source Attribution | Product: d1a1c769f617 | File: d1a1c769f617_009.jpg | Source: blinkit | URL: https://cdn.grofers.com/cdn-cgi/image/f=auto,fit=scale-down,q=70,metadata=none,w=270/da/cms-assets/cms/product/rc-upload-1774802324726-108.png
2026-06-05 11:51:51.272 | INFO     | __main__:process_urls_for_product:200 - Verified Source Attribution | Product: d1a1c769f617 | File: d1a1c769f617_010.jpg | Source: blinkit | URL: https://cdn.grofers.com/cdn-cgi/image/f=auto,fit=scale-down,q=70,metadata=none,w=270/da/cms-assets/cms/product/9fb116e6-2dd9-4dec-a741-cd21820f349d.png
2026-06-05 11:51:51.616 | INFO     | __main__:process_urls_for_product:200 - Verified Source Attribution | Product: d1a1c769f617 | File: d1a1c769f617_011.jpg | Source: blinkit | URL: https://cdn.grofers.com/cdn-cgi/image/f=auto,fit=scale-down,q=70,metadata=none,w=270/da/cms-assets/cms/product/rc-upload-1774802324726-4.png
2026-06-05 11:51:51.975 | INFO     | __main__:process_urls_for_product:200 - Verified Source Attribution | Product: d1a1c769f617 | File: d1a1c769f617_012.jpg | Source: blinkit | URL: https://cdn.grofers.com/cdn-cgi/image/f=auto,fit=scale-down,q=70,metadata=none,w=270/da/cms-assets/cms/product/rc-upload-1779705151382-425.png
2026-06-05 11:53:19.859 | INFO     | __main__:download_product_images:254 - Product 7cf3b65caa29 has 0 images (min 10). Using Playwright fallback.
2026-06-05 11:53:23.378 | INFO     | nure.playwright_sources:collect_playwright_images:99 - Playwright blinkit 'Complan Strawberry': 15 URLs
2026-06-05 11:53:26.797 | DEBUG    | nure.playwright_sources:collect_playwright_images:95 - Playwright timeout for bigbasket on Complan Strawberry
2026-06-05 11:53:26.798 | INFO     | nure.playwright_sources:collect_playwright_images:99 - Playwright bigbasket 'Complan Strawberry': 0 URLs
2026-06-05 11:53:29.168 | INFO     | nure.playwright_sources:collect_playwright_images:99 - Playwright jiomart 'Complan Strawberry': 1 URLs
2026-06-05 11:53:31.734 | INFO     | nure.playwright_sources:collect_playwright_images:99 - Playwright flipkart 'Complan Strawberry': 0 URLs
2026-06-05 11:53:31.937 | INFO     | __main__:process_urls_for_product:200 - Verified Source Attribution | Product: 7cf3b65caa29 | File: 7cf3b65caa29_000.jpg | Source: blinkit | URL: https://cdn.grofers.com/cdn-cgi/image/f=auto,fit=scale-down,q=70,metadata=none,w=270/da/cms-assets/cms/product/rc-upload-1770268707653-148.png
2026-06-05 11:53:32.362 | INFO     | __main__:process_urls_for_product:200 - Verified Source Attribution | Product: 7cf3b65caa29 | File: 7cf3b65caa29_001.jpg | Source: blinkit | URL: https://cdn.grofers.com/cdn-cgi/image/f=auto,fit=scale-down,q=70,metadata=none,w=270/da/cms-assets/cms/product/rc-upload-1770268707653-157.png
2026-06-05 11:53:32.685 | INFO     | __main__:process_urls_for_product:200 - Verified Source Attribution | Product: 7cf3b65caa29 | File: 7cf3b65caa29_002.jpg | Source: blinkit | URL: https://cdn.grofers.com/cdn-cgi/image/f=auto,fit=scale-down,q=70,metadata=none,w=270/da/cms-assets/cms/product/rc-upload-1778485421216-338.png
2026-06-05 11:53:33.010 | INFO     | __main__:process_urls_for_product:200 - Verified Source Attribution | Product: 7cf3b65caa29 | File: 7cf3b65caa29_003.jpg | Source: blinkit | URL: https://cdn.grofers.com/cdn-cgi/image/f=auto,fit=scale-down,q=70,metadata=none,w=270/da/cms-assets/cms/product/9fb116e6-2dd9-4dec-a741-cd21820f349d.png
2026-06-05 11:53:33.341 | INFO     | __main__:process_urls_for_product:200 - Verified Source Attribution | Product: 7cf3b65caa29 | File: 7cf3b65caa29_004.jpg | Source: blinkit | URL: https://cdn.grofers.com/cdn-cgi/image/f=auto,fit=scale-down,q=70,metadata=none,w=270/da/cms-assets/cms/product/94b0b82d-5e7b-4756-8b5f-be2079cf69fd.png
2026-06-05 11:53:33.669 | INFO     | __main__:process_urls_for_product:200 - Verified Source Attribution | Product: 7cf3b65caa29 | File: 7cf3b65caa29_005.jpg | Source: blinkit | URL: https://cdn.grofers.com/cdn-cgi/image/f=auto,fit=scale-down,q=70,metadata=none,w=270/da/cms-assets/cms/product/rc-upload-1778485421216-287.png
2026-06-05 11:53:33.991 | INFO     | __main__:process_urls_for_product:200 - Verified Source Attribution | Product: 7cf3b65caa29 | File: 7cf3b65caa29_006.jpg | Source: blinkit | URL: https://cdn.grofers.com/cdn-cgi/image/f=auto,fit=scale-down,q=70,metadata=none,w=270/da/cms-assets/cms/product/3c868907-840f-4368-97e1-6836a883f101.png
2026-06-05 11:53:34.329 | INFO     | __main__:process_urls_for_product:200 - Verified Source Attribution | Product: 7cf3b65caa29 | File: 7cf3b65caa29_007.jpg | Source: blinkit | URL: https://cdn.grofers.com/cdn-cgi/image/f=auto,fit=scale-down,q=70,metadata=none,w=270/da/cms-assets/cms/product/rc-upload-1778589590134-122.png
2026-06-05 11:53:34.669 | INFO     | __main__:process_urls_for_product:200 - Verified Source Attribution | Product: 7cf3b65caa29 | File: 7cf3b65caa29_008.jpg | Source: blinkit | URL: https://cdn.grofers.com/cdn-cgi/image/f=auto,fit=scale-down,q=70,metadata=none,w=270/da/cms-assets/cms/product/rc-upload-1774802324726-56.png
2026-06-05 11:53:35.002 | INFO     | __main__:process_urls_for_product:200 - Verified Source Attribution | Product: 7cf3b65caa29 | File: 7cf3b65caa29_009.jpg | Source: blinkit | URL: https://cdn.grofers.com/cdn-cgi/image/f=auto,fit=scale-down,q=70,metadata=none,w=270/da/cms-assets/cms/product/rc-upload-1774802324726-30.png
2026-06-05 11:53:35.338 | INFO     | __main__:process_urls_for_product:200 - Verified Source Attribution | Product: 7cf3b65caa29 | File: 7cf3b65caa29_010.jpg | Source: blinkit | URL: https://cdn.grofers.com/cdn-cgi/image/f=auto,fit=scale-down,q=70,metadata=none,w=270/da/cms-assets/cms/product/5d5b0521-5210-43a1-9268-edae30311454.png
2026-06-05 11:53:35.672 | INFO     | __main__:process_urls_for_product:200 - Verified Source Attribution | Product: 7cf3b65caa29 | File: 7cf3b65caa29_011.jpg | Source: blinkit | URL: https://cdn.grofers.com/cdn-cgi/image/f=auto,fit=scale-down,q=70,metadata=none,w=270/da/cms-assets/cms/product/rc-upload-1774802324726-108.png
2026-06-05 11:53:35.994 | INFO     | __main__:process_urls_for_product:200 - Verified Source Attribution | Product: 7cf3b65caa29 | File: 7cf3b65caa29_012.jpg | Source: blinkit | URL: https://cdn.grofers.com/cdn-cgi/image/f=auto,fit=scale-down,q=70,metadata=none,w=270/da/cms-assets/cms/product/rc-upload-1774802324726-129.png
2026-06-05 11:53:36.337 | INFO     | __main__:process_urls_for_product:200 - Verified Source Attribution | Product: 7cf3b65caa29 | File: 7cf3b65caa29_013.jpg | Source: blinkit | URL: https://cdn.grofers.com/cdn-cgi/image/f=auto,fit=scale-down,q=70,metadata=none,w=270/da/cms-assets/cms/product/ce740de9-375a-4a6d-ac4d-63bbf84ba32c.png
2026-06-05 11:54:32.916 | INFO     | __main__:download_product_images:254 - Product fbc96ceb6b31 has 0 images (min 10). Using Playwright fallback.
2026-06-05 11:54:36.738 | INFO     | nure.playwright_sources:collect_playwright_images:99 - Playwright blinkit 'Abbott Pedia Sure': 15 URLs
2026-06-05 11:54:40.112 | DEBUG    | nure.playwright_sources:collect_playwright_images:95 - Playwright timeout for bigbasket on Abbott Pedia Sure
2026-06-05 11:54:40.113 | INFO     | nure.playwright_sources:collect_playwright_images:99 - Playwright bigbasket 'Abbott Pedia Sure': 0 URLs
2026-06-05 11:54:42.436 | INFO     | nure.playwright_sources:collect_playwright_images:99 - Playwright jiomart 'Abbott Pedia Sure': 1 URLs
2026-06-05 11:54:44.918 | INFO     | nure.playwright_sources:collect_playwright_images:99 - Playwright flipkart 'Abbott Pedia Sure 900 g': 0 URLs
2026-06-05 11:54:45.121 | INFO     | __main__:process_urls_for_product:200 - Verified Source Attribution | Product: fbc96ceb6b31 | File: fbc96ceb6b31_000.jpg | Source: blinkit | URL: https://cdn.grofers.com/cdn-cgi/image/f=auto,fit=scale-down,q=70,metadata=none,w=270/da/cms-assets/cms/product/a27e85c1-58da-4d7c-a39d-58f66a1e40d0.png
2026-06-05 11:54:45.567 | INFO     | __main__:process_urls_for_product:200 - Verified Source Attribution | Product: fbc96ceb6b31 | File: fbc96ceb6b31_001.jpg | Source: blinkit | URL: https://cdn.grofers.com/cdn-cgi/image/f=auto,fit=scale-down,q=70,metadata=none,w=270/da/cms-assets/cms/product/7cbc4e61-a373-4753-ab48-331a6dd1df09.png
2026-06-05 11:54:45.905 | INFO     | __main__:process_urls_for_product:200 - Verified Source Attribution | Product: fbc96ceb6b31 | File: fbc96ceb6b31_002.jpg | Source: blinkit | URL: https://cdn.grofers.com/cdn-cgi/image/f=auto,fit=scale-down,q=70,metadata=none,w=270/da/cms-assets/cms/product/rc-upload-1779788502450-49.png
2026-06-05 11:54:46.249 | INFO     | __main__:process_urls_for_product:200 - Verified Source Attribution | Product: fbc96ceb6b31 | File: fbc96ceb6b31_003.jpg | Source: blinkit | URL: https://cdn.grofers.com/cdn-cgi/image/f=auto,fit=scale-down,q=70,metadata=none,w=270/da/cms-assets/cms/product/rc-upload-1779705151382-425.png
2026-06-05 11:54:46.700 | INFO     | __main__:process_urls_for_product:200 - Verified Source Attribution | Product: fbc96ceb6b31 | File: fbc96ceb6b31_004.jpg | Source: blinkit | URL: https://cdn.grofers.com/cdn-cgi/image/f=auto,fit=scale-down,q=70,metadata=none,w=270/da/cms-assets/cms/product/b1e6796a-503d-4d09-927c-65b1a2679459.png
2026-06-05 11:54:47.037 | INFO     | __main__:process_urls_for_product:200 - Verified Source Attribution | Product: fbc96ceb6b31 | File: fbc96ceb6b31_005.jpg | Source: blinkit | URL: https://cdn.grofers.com/cdn-cgi/image/f=auto,fit=scale-down,q=70,metadata=none,w=270/da/cms-assets/cms/product/rc-upload-1770268707653-148.png
2026-06-05 11:54:47.370 | INFO     | __main__:process_urls_for_product:200 - Verified Source Attribution | Product: fbc96ceb6b31 | File: fbc96ceb6b31_006.jpg | Source: blinkit | URL: https://cdn.grofers.com/cdn-cgi/image/f=auto,fit=scale-down,q=70,metadata=none,w=270/da/cms-assets/cms/product/rc-upload-1770268707653-157.png
2026-06-05 11:54:47.776 | INFO     | __main__:process_urls_for_product:200 - Verified Source Attribution | Product: fbc96ceb6b31 | File: fbc96ceb6b31_007.jpg | Source: blinkit | URL: https://cdn.grofers.com/cdn-cgi/image/f=auto,fit=scale-down,q=70,metadata=none,w=270/da/cms-assets/cms/product/24c88804-e125-4ce9-8126-7bd0a2c4022e.png
2026-06-05 11:54:48.187 | INFO     | __main__:process_urls_for_product:200 - Verified Source Attribution | Product: fbc96ceb6b31 | File: fbc96ceb6b31_008.jpg | Source: blinkit | URL: https://cdn.grofers.com/cdn-cgi/image/f=auto,fit=scale-down,q=70,metadata=none,w=270/da/cms-assets/cms/product/1311df29-cd83-4574-b844-fa355e6a8e1f.png
2026-06-05 11:54:48.545 | INFO     | __main__:process_urls_for_product:200 - Verified Source Attribution | Product: fbc96ceb6b31 | File: fbc96ceb6b31_009.jpg | Source: blinkit | URL: https://cdn.grofers.com/cdn-cgi/image/f=auto,fit=scale-down,q=70,metadata=none,w=270/da/cms-assets/cms/product/9fb116e6-2dd9-4dec-a741-cd21820f349d.png
2026-06-05 11:54:48.898 | INFO     | __main__:process_urls_for_product:200 - Verified Source Attribution | Product: fbc96ceb6b31 | File: fbc96ceb6b31_010.jpg | Source: blinkit | URL: https://cdn.grofers.com/cdn-cgi/image/f=auto,fit=scale-down,q=70,metadata=none,w=270/da/cms-assets/cms/product/rc-upload-1778589590134-4.png
2026-06-05 11:54:49.246 | INFO     | __main__:process_urls_for_product:200 - Verified Source Attribution | Product: fbc96ceb6b31 | File: fbc96ceb6b31_011.jpg | Source: blinkit | URL: https://cdn.grofers.com/cdn-cgi/image/f=auto,fit=scale-down,q=70,metadata=none,w=270/da/cms-assets/cms/product/rc-upload-1778589590134-45.png
2026-06-05 11:54:49.590 | INFO     | __main__:process_urls_for_product:200 - Verified Source Attribution | Product: fbc96ceb6b31 | File: fbc96ceb6b31_012.jpg | Source: blinkit | URL: https://cdn.grofers.com/cdn-cgi/image/f=auto,fit=scale-down,q=70,metadata=none,w=270/da/cms-assets/cms/product/5155eb47-e1d3-430e-a0fe-7b1feb0765e1.png
2026-06-05 11:54:52.272 | INFO     | nure.image_sources:collect_amazon_images:189 - Amazon 'Aashirvaad Atta with Multigrains 5kg': 2 URLs
2026-06-05 11:54:54.154 | INFO     | nure.image_sources:collect_bing_images:160 - Bing 'Aashirvaad Atta with Multigrains': 0 URLs
2026-06-05 11:55:30.956 | INFO     | __main__:process_urls_for_product:200 - Verified Source Attribution | Product: 24ed1ebe7700 | File: 24ed1ebe7700_000.jpg | Source: amazon | URL: https://m.media-amazon.com/images/I/31Ip4aURUpL.png
2026-06-05 11:55:31.660 | INFO     | __main__:process_urls_for_product:200 - Verified Source Attribution | Product: 24ed1ebe7700 | File: 24ed1ebe7700_001.jpg | Source: amazon | URL: https://m.media-amazon.com/images/I/61UoljkUc5L.jpg
2026-06-05 11:55:31.871 | INFO     | __main__:download_product_images:254 - Product 24ed1ebe7700 has 2 images (min 10). Using Playwright fallback.
2026-06-05 11:55:52.376 | INFO     | nure.playwright_sources:collect_playwright_images:99 - Playwright blinkit 'Aashirvaad Atta with Multigrai': 15 URLs
2026-06-05 11:55:55.786 | DEBUG    | nure.playwright_sources:collect_playwright_images:95 - Playwright timeout for bigbasket on Aashirvaad Atta with Multigrai
2026-06-05 11:55:55.786 | INFO     | nure.playwright_sources:collect_playwright_images:99 - Playwright bigbasket 'Aashirvaad Atta with Multigrai': 0 URLs
2026-06-05 11:55:58.089 | INFO     | nure.playwright_sources:collect_playwright_images:99 - Playwright jiomart 'Aashirvaad Atta with Multigrai': 1 URLs
2026-06-05 11:56:00.699 | INFO     | nure.playwright_sources:collect_playwright_images:99 - Playwright flipkart 'Aashirvaad Atta with Multigrai': 0 URLs
2026-06-05 11:56:01.127 | INFO     | __main__:process_urls_for_product:200 - Verified Source Attribution | Product: 24ed1ebe7700 | File: 24ed1ebe7700_002.jpg | Source: blinkit | URL: https://cdn.grofers.com/cdn-cgi/image/f=auto,fit=scale-down,q=70,metadata=none,w=270/da/cms-assets/cms/product/99c07f65-9c5b-4fc4-927b-7be3f2bea854.png
2026-06-05 11:56:01.719 | INFO     | __main__:process_urls_for_product:200 - Verified Source Attribution | Product: 24ed1ebe7700 | File: 24ed1ebe7700_003.jpg | Source: blinkit | URL: https://cdn.grofers.com/cdn-cgi/image/f=auto,fit=scale-down,q=70,metadata=none,w=270/da/cms-assets/cms/product/94a662e0-1865-4641-8543-77d39cc95e6b.png
2026-06-05 11:56:02.058 | INFO     | __main__:process_urls_for_product:200 - Verified Source Attribution | Product: 24ed1ebe7700 | File: 24ed1ebe7700_004.jpg | Source: blinkit | URL: https://cdn.grofers.com/cdn-cgi/image/f=auto,fit=scale-down,q=70,metadata=none,w=270/da/cms-assets/cms/product/b9bb083d-b44f-42a7-922c-39abd37a446c.png
2026-06-05 11:56:02.400 | INFO     | __main__:process_urls_for_product:200 - Verified Source Attribution | Product: 24ed1ebe7700 | File: 24ed1ebe7700_005.jpg | Source: blinkit | URL: https://cdn.grofers.com/cdn-cgi/image/f=auto,fit=scale-down,q=70,metadata=none,w=270/da/cms-assets/cms/product/rc-upload-1776471758958-226.png
2026-06-05 11:56:02.735 | INFO     | __main__:process_urls_for_product:200 - Verified Source Attribution | Product: 24ed1ebe7700 | File: 24ed1ebe7700_006.jpg | Source: blinkit | URL: https://cdn.grofers.com/cdn-cgi/image/f=auto,fit=scale-down,q=70,metadata=none,w=270/da/cms-assets/cms/product/rc-upload-1773209973109-467.png
2026-06-05 11:56:03.112 | INFO     | __main__:process_urls_for_product:200 - Verified Source Attribution | Product: 24ed1ebe7700 | File: 24ed1ebe7700_007.jpg | Source: blinkit | URL: https://cdn.grofers.com/cdn-cgi/image/f=auto,fit=scale-down,q=70,metadata=none,w=270/da/cms-assets/cms/product/rc-upload-1779248476545-170.png
2026-06-05 11:56:03.460 | INFO     | __main__:process_urls_for_product:200 - Verified Source Attribution | Product: 24ed1ebe7700 | File: 24ed1ebe7700_008.jpg | Source: blinkit | URL: https://cdn.grofers.com/cdn-cgi/image/f=auto,fit=scale-down,q=70,metadata=none,w=270/da/cms-assets/cms/product/f61dc7f1-ed4b-45d1-864c-2446a8de1959.png
2026-06-05 11:56:03.785 | INFO     | __main__:process_urls_for_product:200 - Verified Source Attribution | Product: 24ed1ebe7700 | File: 24ed1ebe7700_009.jpg | Source: blinkit | URL: https://cdn.grofers.com/cdn-cgi/image/f=auto,fit=scale-down,q=70,metadata=none,w=270/da/cms-assets/cms/product/1b665fa0-cf61-4007-bed2-14cf2ee4baae.png
2026-06-05 11:56:04.114 | INFO     | __main__:process_urls_for_product:200 - Verified Source Attribution | Product: 24ed1ebe7700 | File: 24ed1ebe7700_010.jpg | Source: blinkit | URL: https://cdn.grofers.com/cdn-cgi/image/f=auto,fit=scale-down,q=70,metadata=none,w=270/da/cms-assets/cms/product/rc-upload-1771857678119-83.png
2026-06-05 11:56:04.589 | INFO     | __main__:process_urls_for_product:200 - Verified Source Attribution | Product: 24ed1ebe7700 | File: 24ed1ebe7700_011.jpg | Source: blinkit | URL: https://cdn.grofers.com/cdn-cgi/image/f=auto,fit=scale-down,q=70,metadata=none,w=270/da/cms-assets/cms/product/rc-upload-1772169697746-169.png
2026-06-05 11:57:16.176 | INFO     | __main__:download_product_images:254 - Product 98ae8311437e has 0 images (min 10). Using Playwright fallback.
2026-06-05 11:57:20.142 | INFO     | nure.playwright_sources:collect_playwright_images:99 - Playwright blinkit 'Real Toor Dal': 15 URLs
2026-06-05 11:57:23.601 | DEBUG    | nure.playwright_sources:collect_playwright_images:95 - Playwright timeout for bigbasket on Real Toor Dal
2026-06-05 11:57:23.602 | INFO     | nure.playwright_sources:collect_playwright_images:99 - Playwright bigbasket 'Real Toor Dal': 0 URLs
2026-06-05 11:57:25.779 | INFO     | nure.playwright_sources:collect_playwright_images:99 - Playwright jiomart 'Real Toor Dal': 1 URLs
2026-06-05 11:57:28.325 | INFO     | nure.playwright_sources:collect_playwright_images:99 - Playwright flipkart 'Real Toor Dal 4 lbs': 0 URLs
2026-06-05 11:57:28.516 | INFO     | __main__:process_urls_for_product:200 - Verified Source Attribution | Product: 98ae8311437e | File: 98ae8311437e_000.jpg | Source: blinkit | URL: https://cdn.grofers.com/cdn-cgi/image/f=auto,fit=scale-down,q=70,metadata=none,w=270/da/cms-assets/cms/product/0c76b7bb-ef40-40c7-8ce9-32c8d55a7663.png
2026-06-05 11:57:28.944 | INFO     | __main__:process_urls_for_product:200 - Verified Source Attribution | Product: 98ae8311437e | File: 98ae8311437e_001.jpg | Source: blinkit | URL: https://cdn.grofers.com/cdn-cgi/image/f=auto,fit=scale-down,q=70,metadata=none,w=270/da/cms-assets/cms/product/33bc0373-f434-4cc1-97b6-af6f50cf2176.png
2026-06-05 11:57:29.277 | INFO     | __main__:process_urls_for_product:200 - Verified Source Attribution | Product: 98ae8311437e | File: 98ae8311437e_002.jpg | Source: blinkit | URL: https://cdn.grofers.com/cdn-cgi/image/f=auto,fit=scale-down,q=70,metadata=none,w=270/da/cms-assets/cms/product/10e2287b-b293-43c4-8570-ff9eb409b1eb.png
2026-06-05 11:57:29.598 | INFO     | __main__:process_urls_for_product:200 - Verified Source Attribution | Product: 98ae8311437e | File: 98ae8311437e_003.jpg | Source: blinkit | URL: https://cdn.grofers.com/cdn-cgi/image/f=auto,fit=scale-down,q=70,metadata=none,w=270/da/cms-assets/cms/product/30d568a1-c12d-4aa4-9405-c2e8ada1dde0.png
2026-06-05 11:57:30.141 | INFO     | __main__:process_urls_for_product:200 - Verified Source Attribution | Product: 98ae8311437e | File: 98ae8311437e_004.jpg | Source: blinkit | URL: https://cdn.grofers.com/cdn-cgi/image/f=auto,fit=scale-down,q=70,metadata=none,w=270/da/cms-assets/cms/product/rc-upload-1777287844551-366.png
2026-06-05 11:57:30.475 | INFO     | __main__:process_urls_for_product:200 - Verified Source Attribution | Product: 98ae8311437e | File: 98ae8311437e_005.jpg | Source: blinkit | URL: https://cdn.grofers.com/cdn-cgi/image/f=auto,fit=scale-down,q=70,metadata=none,w=270/da/cms-assets/cms/product/22c9bbc3-0dc5-4d9b-8c9a-7e0ec7c061d1.png
2026-06-05 11:57:30.839 | INFO     | __main__:process_urls_for_product:200 - Verified Source Attribution | Product: 98ae8311437e | File: 98ae8311437e_006.jpg | Source: blinkit | URL: https://cdn.grofers.com/cdn-cgi/image/f=auto,fit=scale-down,q=70,metadata=none,w=270/da/cms-assets/cms/product/72e84ea6-64d5-409c-8e43-e1d7af31e6c9.png
2026-06-05 11:57:31.173 | INFO     | __main__:process_urls_for_product:200 - Verified Source Attribution | Product: 98ae8311437e | File: 98ae8311437e_007.jpg | Source: blinkit | URL: https://cdn.grofers.com/cdn-cgi/image/f=auto,fit=scale-down,q=70,metadata=none,w=270/da/cms-assets/cms/product/a38d70b9-59e1-4ced-b06e-a2238c670e12.png
2026-06-05 11:57:31.508 | INFO     | __main__:process_urls_for_product:200 - Verified Source Attribution | Product: 98ae8311437e | File: 98ae8311437e_008.jpg | Source: blinkit | URL: https://cdn.grofers.com/cdn-cgi/image/f=auto,fit=scale-down,q=70,metadata=none,w=270/da/cms-assets/cms/product/bdcee737-aabd-4eb4-a642-90a086006976.png
2026-06-05 11:57:31.991 | INFO     | __main__:process_urls_for_product:200 - Verified Source Attribution | Product: 98ae8311437e | File: 98ae8311437e_009.jpg | Source: blinkit | URL: https://cdn.grofers.com/cdn-cgi/image/f=auto,fit=scale-down,q=70,metadata=none,w=270/da/cms-assets/cms/product/rc-upload-1773718842673-772.png
2026-06-05 11:57:34.860 | INFO     | nure.image_sources:collect_amazon_images:189 - Amazon 'Royal Moong Dal': 2 URLs
2026-06-05 11:57:36.692 | INFO     | nure.image_sources:collect_bing_images:160 - Bing 'Royal Moong Dal': 0 URLs
2026-06-05 11:58:13.485 | INFO     | __main__:process_urls_for_product:200 - Verified Source Attribution | Product: 3f3b029d9cb5 | File: 3f3b029d9cb5_000.jpg | Source: amazon | URL: https://m.media-amazon.com/images/I/31Ip4aURUpL.png
2026-06-05 11:58:15.225 | INFO     | __main__:process_urls_for_product:200 - Verified Source Attribution | Product: 3f3b029d9cb5 | File: 3f3b029d9cb5_001.jpg | Source: amazon | URL: https://m.media-amazon.com/images/I/71OpOA4IfGL.jpg
2026-06-05 11:58:15.427 | INFO     | __main__:download_product_images:254 - Product 3f3b029d9cb5 has 2 images (min 10). Using Playwright fallback.
2026-06-05 11:58:18.922 | INFO     | nure.playwright_sources:collect_playwright_images:99 - Playwright blinkit 'Royal Moong Dal': 15 URLs
2026-06-05 11:58:22.312 | DEBUG    | nure.playwright_sources:collect_playwright_images:95 - Playwright timeout for bigbasket on Royal Moong Dal
2026-06-05 11:58:22.314 | INFO     | nure.playwright_sources:collect_playwright_images:99 - Playwright bigbasket 'Royal Moong Dal': 0 URLs
2026-06-05 11:58:24.873 | INFO     | nure.playwright_sources:collect_playwright_images:99 - Playwright jiomart 'Royal Moong Dal': 1 URLs
2026-06-05 11:58:27.429 | INFO     | nure.playwright_sources:collect_playwright_images:99 - Playwright flipkart 'Royal Moong Dal': 0 URLs
2026-06-05 11:58:27.613 | INFO     | __main__:process_urls_for_product:200 - Verified Source Attribution | Product: 3f3b029d9cb5 | File: 3f3b029d9cb5_002.jpg | Source: blinkit | URL: https://cdn.grofers.com/cdn-cgi/image/f=auto,fit=scale-down,q=70,metadata=none,w=270/da/cms-assets/cms/product/21b2d69a-c40a-459c-ad41-40d528b08890.png
2026-06-05 11:58:28.079 | INFO     | __main__:process_urls_for_product:200 - Verified Source Attribution | Product: 3f3b029d9cb5 | File: 3f3b029d9cb5_003.jpg | Source: blinkit | URL: https://cdn.grofers.com/cdn-cgi/image/f=auto,fit=scale-down,q=70,metadata=none,w=270/da/cms-assets/cms/product/d8ae4975-0d58-4690-a46f-2e53bc9b0865.png
2026-06-05 11:58:28.420 | INFO     | __main__:process_urls_for_product:200 - Verified Source Attribution | Product: 3f3b029d9cb5 | File: 3f3b029d9cb5_004.jpg | Source: blinkit | URL: https://cdn.grofers.com/cdn-cgi/image/f=auto,fit=scale-down,q=70,metadata=none,w=270/da/cms-assets/cms/product/936427fc-590e-48c4-a71c-fb4d9aa8f49f.png
2026-06-05 11:58:28.750 | INFO     | __main__:process_urls_for_product:200 - Verified Source Attribution | Product: 3f3b029d9cb5 | File: 3f3b029d9cb5_005.jpg | Source: blinkit | URL: https://cdn.grofers.com/cdn-cgi/image/f=auto,fit=scale-down,q=70,metadata=none,w=270/da/cms-assets/cms/product/d0799cef-246f-4750-a878-49f893403c2c.png
2026-06-05 11:58:29.099 | INFO     | __main__:process_urls_for_product:200 - Verified Source Attribution | Product: 3f3b029d9cb5 | File: 3f3b029d9cb5_006.jpg | Source: blinkit | URL: https://cdn.grofers.com/cdn-cgi/image/f=auto,fit=scale-down,q=70,metadata=none,w=270/da/cms-assets/cms/product/0c8e51b2-daa1-4bdb-bbe3-50c43e04f7ff.png
2026-06-05 11:58:29.442 | INFO     | __main__:process_urls_for_product:200 - Verified Source Attribution | Product: 3f3b029d9cb5 | File: 3f3b029d9cb5_007.jpg | Source: blinkit | URL: https://cdn.grofers.com/cdn-cgi/image/f=auto,fit=scale-down,q=70,metadata=none,w=270/da/cms-assets/cms/product/be8bd3a2-404a-4f59-8e23-bfcbd12200cc.png
2026-06-05 11:58:29.787 | INFO     | __main__:process_urls_for_product:200 - Verified Source Attribution | Product: 3f3b029d9cb5 | File: 3f3b029d9cb5_008.jpg | Source: blinkit | URL: https://cdn.grofers.com/cdn-cgi/image/f=auto,fit=scale-down,q=70,metadata=none,w=270/da/cms-assets/cms/product/rc-upload-1777287844551-410.png
2026-06-05 11:58:30.258 | INFO     | __main__:process_urls_for_product:200 - Verified Source Attribution | Product: 3f3b029d9cb5 | File: 3f3b029d9cb5_009.jpg | Source: blinkit | URL: https://cdn.grofers.com/cdn-cgi/image/f=auto,fit=scale-down,q=70,metadata=none,w=270/da/cms-assets/cms/product/73bb6122-b99e-4fb0-99f0-ab1e4012a2e6.png
2026-06-05 11:58:30.599 | INFO     | __main__:process_urls_for_product:200 - Verified Source Attribution | Product: 3f3b029d9cb5 | File: 3f3b029d9cb5_010.jpg | Source: blinkit | URL: https://cdn.grofers.com/cdn-cgi/image/f=auto,fit=scale-down,q=70,metadata=none,w=270/da/cms-assets/cms/product/acbaa2a7-2401-4747-9677-badd663d8589.png
2026-06-05 11:58:31.200 | INFO     | __main__:process_urls_for_product:200 - Verified Source Attribution | Product: 3f3b029d9cb5 | File: 3f3b029d9cb5_011.jpg | Source: blinkit | URL: https://cdn.grofers.com/cdn-cgi/image/f=auto,fit=scale-down,q=70,metadata=none,w=270/da/cms-assets/cms/product/16ed5e12-93e3-4c3c-920e-f960247e0631.png
2026-06-05 11:58:31.540 | INFO     | __main__:process_urls_for_product:200 - Verified Source Attribution | Product: 3f3b029d9cb5 | File: 3f3b029d9cb5_012.jpg | Source: blinkit | URL: https://cdn.grofers.com/cdn-cgi/image/f=auto,fit=scale-down,q=70,metadata=none,w=270/da/cms-assets/cms/product/bf82bf32-1344-4b86-bc69-552e956b8dd3.png
2026-06-05 12:00:19.972 | INFO     | __main__:download_product_images:254 - Product 69cc5651c064 has 0 images (min 10). Using Playwright fallback.
2026-06-05 12:00:30.459 | INFO     | nure.playwright_sources:collect_playwright_images:99 - Playwright blinkit 'Bikano Moong Dal': 15 URLs
2026-06-05 12:00:33.825 | DEBUG    | nure.playwright_sources:collect_playwright_images:95 - Playwright timeout for bigbasket on Bikano Moong Dal
2026-06-05 12:00:33.826 | INFO     | nure.playwright_sources:collect_playwright_images:99 - Playwright bigbasket 'Bikano Moong Dal': 0 URLs
2026-06-05 12:00:36.775 | INFO     | nure.playwright_sources:collect_playwright_images:99 - Playwright jiomart 'Bikano Moong Dal': 1 URLs
2026-06-05 12:00:39.192 | INFO     | nure.playwright_sources:collect_playwright_images:99 - Playwright flipkart 'Bikano Moong Dal 200': 0 URLs
2026-06-05 12:00:39.466 | INFO     | __main__:process_urls_for_product:200 - Verified Source Attribution | Product: 69cc5651c064 | File: 69cc5651c064_000.jpg | Source: blinkit | URL: https://cdn.grofers.com/cdn-cgi/image/f=auto,fit=scale-down,q=70,metadata=none,w=270/da/cms-assets/cms/product/rc-upload-1776224931608-66.png
2026-06-05 12:00:39.878 | INFO     | __main__:process_urls_for_product:200 - Verified Source Attribution | Product: 69cc5651c064 | File: 69cc5651c064_001.jpg | Source: blinkit | URL: https://cdn.grofers.com/cdn-cgi/image/f=auto,fit=scale-down,q=70,metadata=none,w=270/da/cms-assets/cms/product/716290f6-2028-405b-a7eb-256c84261baa.png
2026-06-05 12:00:40.208 | INFO     | __main__:process_urls_for_product:200 - Verified Source Attribution | Product: 69cc5651c064 | File: 69cc5651c064_002.jpg | Source: blinkit | URL: https://cdn.grofers.com/cdn-cgi/image/f=auto,fit=scale-down,q=70,metadata=none,w=270/da/cms-assets/cms/product/544405b7-1b52-4ff5-836b-1b7a943c0378.png
2026-06-05 12:00:40.543 | INFO     | __main__:process_urls_for_product:200 - Verified Source Attribution | Product: 69cc5651c064 | File: 69cc5651c064_003.jpg | Source: blinkit | URL: https://cdn.grofers.com/cdn-cgi/image/f=auto,fit=scale-down,q=70,metadata=none,w=270/da/cms-assets/cms/product/0f82fa5b-b1b9-4aec-b557-277dec9d3e51.png
2026-06-05 12:00:40.944 | INFO     | __main__:process_urls_for_product:200 - Verified Source Attribution | Product: 69cc5651c064 | File: 69cc5651c064_004.jpg | Source: blinkit | URL: https://cdn.grofers.com/cdn-cgi/image/f=auto,fit=scale-down,q=70,metadata=none,w=270/da/cms-assets/cms/product/35993e4f-b445-48f9-86f6-0f8f6b32ba8d.png
2026-06-05 12:00:41.282 | INFO     | __main__:process_urls_for_product:200 - Verified Source Attribution | Product: 69cc5651c064 | File: 69cc5651c064_005.jpg | Source: blinkit | URL: https://cdn.grofers.com/cdn-cgi/image/f=auto,fit=scale-down,q=70,metadata=none,w=270/da/cms-assets/cms/product/rc-upload-1770963085463-92.png
2026-06-05 12:00:41.601 | INFO     | __main__:process_urls_for_product:200 - Verified Source Attribution | Product: 69cc5651c064 | File: 69cc5651c064_006.jpg | Source: blinkit | URL: https://cdn.grofers.com/cdn-cgi/image/f=auto,fit=scale-down,q=70,metadata=none,w=270/da/cms-assets/cms/product/rc-upload-1775816565267-231.png
2026-06-05 12:00:41.997 | INFO     | __main__:process_urls_for_product:200 - Verified Source Attribution | Product: 69cc5651c064 | File: 69cc5651c064_007.jpg | Source: blinkit | URL: https://cdn.grofers.com/cdn-cgi/image/f=auto,fit=scale-down,q=70,metadata=none,w=270/da/cms-assets/cms/product/78285524-2451-405a-951e-7cd114811403.png
2026-06-05 12:00:42.330 | INFO     | __main__:process_urls_for_product:200 - Verified Source Attribution | Product: 69cc5651c064 | File: 69cc5651c064_008.jpg | Source: blinkit | URL: https://cdn.grofers.com/cdn-cgi/image/f=auto,fit=scale-down,q=70,metadata=none,w=270/da/cms-assets/cms/product/rc-upload-1776224931608-195.png
2026-06-05 12:00:42.657 | INFO     | __main__:process_urls_for_product:200 - Verified Source Attribution | Product: 69cc5651c064 | File: 69cc5651c064_009.jpg | Source: blinkit | URL: https://cdn.grofers.com/cdn-cgi/image/f=auto,fit=scale-down,q=70,metadata=none,w=270/da/cms-assets/cms/product/2fed1a5c-ceb5-4874-9cf4-3e3e90085ea5.png
2026-06-05 12:00:42.984 | INFO     | __main__:process_urls_for_product:200 - Verified Source Attribution | Product: 69cc5651c064 | File: 69cc5651c064_010.jpg | Source: blinkit | URL: https://cdn.grofers.com/cdn-cgi/image/f=auto,fit=scale-down,q=70,metadata=none,w=270/da/cms-assets/cms/product/6478b029-5900-4449-ba0d-497a0dc217e2.png
2026-06-05 12:00:43.315 | INFO     | __main__:process_urls_for_product:200 - Verified Source Attribution | Product: 69cc5651c064 | File: 69cc5651c064_011.jpg | Source: blinkit | URL: https://cdn.grofers.com/cdn-cgi/image/f=auto,fit=scale-down,q=70,metadata=none,w=270/da/cms-assets/cms/product/rc-upload-1777953701494-8714.png
2026-06-05 12:00:43.652 | INFO     | __main__:process_urls_for_product:200 - Verified Source Attribution | Product: 69cc5651c064 | File: 69cc5651c064_012.jpg | Source: blinkit | URL: https://cdn.grofers.com/cdn-cgi/image/f=auto,fit=scale-down,q=70,metadata=none,w=270/da/cms-assets/cms/product/rc-upload-1776224931608-187.png
2026-06-05 12:01:55.467 | INFO     | __main__:download_product_images:254 - Product fae4103ed504 has 0 images (min 10). Using Playwright fallback.
2026-06-05 12:01:59.204 | INFO     | nure.playwright_sources:collect_playwright_images:99 - Playwright blinkit 'Parle Namkeen - Moong dal': 15 URLs
2026-06-05 12:02:02.601 | DEBUG    | nure.playwright_sources:collect_playwright_images:95 - Playwright timeout for bigbasket on Parle Namkeen - Moong dal
2026-06-05 12:02:02.601 | INFO     | nure.playwright_sources:collect_playwright_images:99 - Playwright bigbasket 'Parle Namkeen - Moong dal': 0 URLs
2026-06-05 12:02:05.800 | INFO     | nure.playwright_sources:collect_playwright_images:99 - Playwright jiomart 'Parle Namkeen - Moong dal': 1 URLs
2026-06-05 12:02:08.330 | INFO     | nure.playwright_sources:collect_playwright_images:99 - Playwright flipkart 'Parle Namkeen - Moong dal': 0 URLs
2026-06-05 12:02:08.578 | INFO     | __main__:process_urls_for_product:200 - Verified Source Attribution | Product: fae4103ed504 | File: fae4103ed504_000.jpg | Source: blinkit | URL: https://cdn.grofers.com/cdn-cgi/image/f=auto,fit=scale-down,q=70,metadata=none,w=270/da/cms-assets/cms/product/716290f6-2028-405b-a7eb-256c84261baa.png
2026-06-05 12:02:08.999 | INFO     | __main__:process_urls_for_product:200 - Verified Source Attribution | Product: fae4103ed504 | File: fae4103ed504_001.jpg | Source: blinkit | URL: https://cdn.grofers.com/cdn-cgi/image/f=auto,fit=scale-down,q=70,metadata=none,w=270/da/cms-assets/cms/product/0f82fa5b-b1b9-4aec-b557-277dec9d3e51.png
2026-06-05 12:02:09.321 | INFO     | __main__:process_urls_for_product:200 - Verified Source Attribution | Product: fae4103ed504 | File: fae4103ed504_002.jpg | Source: blinkit | URL: https://cdn.grofers.com/cdn-cgi/image/f=auto,fit=scale-down,q=70,metadata=none,w=270/da/cms-assets/cms/product/rc-upload-1770963085463-92.png
2026-06-05 12:02:09.645 | INFO     | __main__:process_urls_for_product:200 - Verified Source Attribution | Product: fae4103ed504 | File: fae4103ed504_003.jpg | Source: blinkit | URL: https://cdn.grofers.com/cdn-cgi/image/f=auto,fit=scale-down,q=70,metadata=none,w=270/da/cms-assets/cms/product/544405b7-1b52-4ff5-836b-1b7a943c0378.png
2026-06-05 12:02:09.984 | INFO     | __main__:process_urls_for_product:200 - Verified Source Attribution | Product: fae4103ed504 | File: fae4103ed504_004.jpg | Source: blinkit | URL: https://cdn.grofers.com/cdn-cgi/image/f=auto,fit=scale-down,q=70,metadata=none,w=270/da/cms-assets/cms/product/rc-upload-1776224931608-66.png
2026-06-05 12:02:10.311 | INFO     | __main__:process_urls_for_product:200 - Verified Source Attribution | Product: fae4103ed504 | File: fae4103ed504_005.jpg | Source: blinkit | URL: https://cdn.grofers.com/cdn-cgi/image/f=auto,fit=scale-down,q=70,metadata=none,w=270/da/cms-assets/cms/product/35993e4f-b445-48f9-86f6-0f8f6b32ba8d.png
2026-06-05 12:02:10.627 | INFO     | __main__:process_urls_for_product:200 - Verified Source Attribution | Product: fae4103ed504 | File: fae4103ed504_006.jpg | Source: blinkit | URL: https://cdn.grofers.com/cdn-cgi/image/f=auto,fit=scale-down,q=70,metadata=none,w=270/da/cms-assets/cms/product/78285524-2451-405a-951e-7cd114811403.png
2026-06-05 12:02:10.969 | INFO     | __main__:process_urls_for_product:200 - Verified Source Attribution | Product: fae4103ed504 | File: fae4103ed504_007.jpg | Source: blinkit | URL: https://cdn.grofers.com/cdn-cgi/image/f=auto,fit=scale-down,q=70,metadata=none,w=270/da/cms-assets/cms/product/rc-upload-1775816565267-231.png
2026-06-05 12:02:11.306 | INFO     | __main__:process_urls_for_product:200 - Verified Source Attribution | Product: fae4103ed504 | File: fae4103ed504_008.jpg | Source: blinkit | URL: https://cdn.grofers.com/cdn-cgi/image/f=auto,fit=scale-down,q=70,metadata=none,w=270/da/cms-assets/cms/product/355563a7-3a0c-477e-8e41-1f0df08ecbba.png
2026-06-05 12:02:11.642 | INFO     | __main__:process_urls_for_product:200 - Verified Source Attribution | Product: fae4103ed504 | File: fae4103ed504_009.jpg | Source: blinkit | URL: https://cdn.grofers.com/cdn-cgi/image/f=auto,fit=scale-down,q=70,metadata=none,w=270/da/cms-assets/cms/product/rc-upload-1775044979893-243.png
2026-06-05 12:02:11.972 | INFO     | __main__:process_urls_for_product:200 - Verified Source Attribution | Product: fae4103ed504 | File: fae4103ed504_010.jpg | Source: blinkit | URL: https://cdn.grofers.com/cdn-cgi/image/f=auto,fit=scale-down,q=70,metadata=none,w=270/da/cms-assets/cms/product/rc-upload-1777953701494-8647.png
2026-06-05 12:02:12.300 | INFO     | __main__:process_urls_for_product:200 - Verified Source Attribution | Product: fae4103ed504 | File: fae4103ed504_011.jpg | Source: blinkit | URL: https://cdn.grofers.com/cdn-cgi/image/f=auto,fit=scale-down,q=70,metadata=none,w=270/da/cms-assets/cms/product/6c5a8237-fec8-464d-a6ad-a7abe0ea6c12.png
2026-06-05 12:02:12.638 | INFO     | __main__:process_urls_for_product:200 - Verified Source Attribution | Product: fae4103ed504 | File: fae4103ed504_012.jpg | Source: blinkit | URL: https://cdn.grofers.com/cdn-cgi/image/f=auto,fit=scale-down,q=70,metadata=none,w=270/da/cms-assets/cms/product/264e51e2-e3ce-4a05-a3c3-8009ccfbc1bd.png
2026-06-05 12:03:24.056 | INFO     | __main__:download_product_images:254 - Product 3de29a6eb927 has 0 images (min 10). Using Playwright fallback.
2026-06-05 12:03:27.508 | INFO     | nure.playwright_sources:collect_playwright_images:99 - Playwright blinkit 'Everest Rajma Masala': 15 URLs
2026-06-05 12:03:30.887 | DEBUG    | nure.playwright_sources:collect_playwright_images:95 - Playwright timeout for bigbasket on Everest Rajma Masala
2026-06-05 12:03:30.887 | INFO     | nure.playwright_sources:collect_playwright_images:99 - Playwright bigbasket 'Everest Rajma Masala': 0 URLs
2026-06-05 12:03:33.145 | INFO     | nure.playwright_sources:collect_playwright_images:99 - Playwright jiomart 'Everest Rajma Masala': 1 URLs
2026-06-05 12:03:35.680 | INFO     | nure.playwright_sources:collect_playwright_images:99 - Playwright flipkart 'Everest Rajma Masala': 0 URLs
2026-06-05 12:03:35.942 | INFO     | __main__:process_urls_for_product:200 - Verified Source Attribution | Product: 3de29a6eb927 | File: 3de29a6eb927_000.jpg | Source: blinkit | URL: https://cdn.grofers.com/cdn-cgi/image/f=auto,fit=scale-down,q=70,metadata=none,w=270/da/cms-assets/cms/product/0bdb6582-bfb8-4b6f-be84-37644e8c39ab.png
2026-06-05 12:03:36.450 | INFO     | __main__:process_urls_for_product:200 - Verified Source Attribution | Product: 3de29a6eb927 | File: 3de29a6eb927_001.jpg | Source: blinkit | URL: https://cdn.grofers.com/cdn-cgi/image/f=auto,fit=scale-down,q=70,metadata=none,w=270/da/cms-assets/cms/product/426befa5-a528-4356-b699-291611f09257.png
2026-06-05 12:03:36.786 | INFO     | __main__:process_urls_for_product:200 - Verified Source Attribution | Product: 3de29a6eb927 | File: 3de29a6eb927_002.jpg | Source: blinkit | URL: https://cdn.grofers.com/cdn-cgi/image/f=auto,fit=scale-down,q=70,metadata=none,w=270/da/cms-assets/cms/product/34eb3f9a-16ed-4887-beb5-1749c6f90b98.png
2026-06-05 12:03:37.145 | INFO     | __main__:process_urls_for_product:200 - Verified Source Attribution | Product: 3de29a6eb927 | File: 3de29a6eb927_003.jpg | Source: blinkit | URL: https://cdn.grofers.com/cdn-cgi/image/f=auto,fit=scale-down,q=70,metadata=none,w=270/da/cms-assets/cms/product/606d6220-d772-4dc4-b61d-e27e7fb319af.png
2026-06-05 12:03:37.474 | INFO     | __main__:process_urls_for_product:200 - Verified Source Attribution | Product: 3de29a6eb927 | File: 3de29a6eb927_004.jpg | Source: blinkit | URL: https://cdn.grofers.com/cdn-cgi/image/f=auto,fit=scale-down,q=70,metadata=none,w=270/da/cms-assets/cms/product/63f14e10-ecae-4ecc-9d17-c2ba9555525d.png
2026-06-05 12:03:37.828 | INFO     | __main__:process_urls_for_product:200 - Verified Source Attribution | Product: 3de29a6eb927 | File: 3de29a6eb927_005.jpg | Source: blinkit | URL: https://cdn.grofers.com/cdn-cgi/image/f=auto,fit=scale-down,q=70,metadata=none,w=270/da/cms-assets/cms/product/49935ca2-f5d4-4edc-998e-8daeece79a46.png
2026-06-05 12:03:38.160 | INFO     | __main__:process_urls_for_product:200 - Verified Source Attribution | Product: 3de29a6eb927 | File: 3de29a6eb927_006.jpg | Source: blinkit | URL: https://cdn.grofers.com/cdn-cgi/image/f=auto,fit=scale-down,q=70,metadata=none,w=270/da/cms-assets/cms/product/fa059fae-54cb-4c80-b6ce-2668ce76e971.png
2026-06-05 12:03:38.486 | INFO     | __main__:process_urls_for_product:200 - Verified Source Attribution | Product: 3de29a6eb927 | File: 3de29a6eb927_007.jpg | Source: blinkit | URL: https://cdn.grofers.com/cdn-cgi/image/f=auto,fit=scale-down,q=70,metadata=none,w=270/da/cms-assets/cms/product/0ad77dc4-b90e-4e66-93a0-d3d9165368fd.png
2026-06-05 12:03:38.999 | INFO     | __main__:process_urls_for_product:200 - Verified Source Attribution | Product: 3de29a6eb927 | File: 3de29a6eb927_008.jpg | Source: blinkit | URL: https://cdn.grofers.com/cdn-cgi/image/f=auto,fit=scale-down,q=70,metadata=none,w=270/da/cms-assets/cms/product/384e9263-24e5-4d0b-9942-8201d6e31f27.png
2026-06-05 12:03:39.333 | INFO     | __main__:process_urls_for_product:200 - Verified Source Attribution | Product: 3de29a6eb927 | File: 3de29a6eb927_009.jpg | Source: blinkit | URL: https://cdn.grofers.com/cdn-cgi/image/f=auto,fit=scale-down,q=70,metadata=none,w=270/da/cms-assets/cms/product/19c943a7-36e2-4a0f-93cc-0970507586ed.png
2026-06-05 12:03:39.660 | INFO     | __main__:process_urls_for_product:200 - Verified Source Attribution | Product: 3de29a6eb927 | File: 3de29a6eb927_010.jpg | Source: blinkit | URL: https://cdn.grofers.com/cdn-cgi/image/f=auto,fit=scale-down,q=70,metadata=none,w=270/da/cms-assets/cms/product/8adb6f40-7992-4a59-bc50-d889a75f45cd.png
2026-06-05 12:05:07.186 | INFO     | __main__:download_product_images:254 - Product 1c4437126e16 has 0 images (min 10). Using Playwright fallback.
2026-06-05 12:05:10.954 | INFO     | nure.playwright_sources:collect_playwright_images:99 - Playwright blinkit 'Kitchens of India Rajma Masala': 15 URLs
2026-06-05 12:05:14.358 | DEBUG    | nure.playwright_sources:collect_playwright_images:95 - Playwright timeout for bigbasket on Kitchens of India Rajma Masala
2026-06-05 12:05:14.358 | INFO     | nure.playwright_sources:collect_playwright_images:99 - Playwright bigbasket 'Kitchens of India Rajma Masala': 0 URLs
2026-06-05 12:05:16.753 | INFO     | nure.playwright_sources:collect_playwright_images:99 - Playwright jiomart 'Kitchens of India Rajma Masala': 1 URLs
2026-06-05 12:05:19.420 | INFO     | nure.playwright_sources:collect_playwright_images:99 - Playwright flipkart 'Kitchens of India Rajma Masala': 0 URLs
2026-06-05 12:05:19.593 | INFO     | __main__:process_urls_for_product:200 - Verified Source Attribution | Product: 1c4437126e16 | File: 1c4437126e16_000.jpg | Source: blinkit | URL: https://cdn.grofers.com/cdn-cgi/image/f=auto,fit=scale-down,q=70,metadata=none,w=270/da/cms-assets/cms/product/a7a2c47c-213c-4b3d-99a9-f4b5dfac957f.png
2026-06-05 12:05:19.997 | INFO     | __main__:process_urls_for_product:200 - Verified Source Attribution | Product: 1c4437126e16 | File: 1c4437126e16_001.jpg | Source: blinkit | URL: https://cdn.grofers.com/cdn-cgi/image/f=auto,fit=scale-down,q=70,metadata=none,w=270/da/cms-assets/cms/product/426befa5-a528-4356-b699-291611f09257.png
2026-06-05 12:05:20.311 | INFO     | __main__:process_urls_for_product:200 - Verified Source Attribution | Product: 1c4437126e16 | File: 1c4437126e16_002.jpg | Source: blinkit | URL: https://cdn.grofers.com/cdn-cgi/image/f=auto,fit=scale-down,q=70,metadata=none,w=270/da/cms-assets/cms/product/0bdb6582-bfb8-4b6f-be84-37644e8c39ab.png
2026-06-05 12:05:20.649 | INFO     | __main__:process_urls_for_product:200 - Verified Source Attribution | Product: 1c4437126e16 | File: 1c4437126e16_003.jpg | Source: blinkit | URL: https://cdn.grofers.com/cdn-cgi/image/f=auto,fit=scale-down,q=70,metadata=none,w=270/da/cms-assets/cms/product/f8863d0a-8d5c-4eee-aefc-981f283576bb.png
2026-06-05 12:05:20.972 | INFO     | __main__:process_urls_for_product:200 - Verified Source Attribution | Product: 1c4437126e16 | File: 1c4437126e16_004.jpg | Source: blinkit | URL: https://cdn.grofers.com/cdn-cgi/image/f=auto,fit=scale-down,q=70,metadata=none,w=270/da/cms-assets/cms/product/301e07b6-ef16-4a6d-ad2d-fd4d8af3015c.png
2026-06-05 12:05:21.307 | INFO     | __main__:process_urls_for_product:200 - Verified Source Attribution | Product: 1c4437126e16 | File: 1c4437126e16_005.jpg | Source: blinkit | URL: https://cdn.grofers.com/cdn-cgi/image/f=auto,fit=scale-down,q=70,metadata=none,w=270/da/cms-assets/cms/product/34eb3f9a-16ed-4887-beb5-1749c6f90b98.png
2026-06-05 12:05:21.651 | INFO     | __main__:process_urls_for_product:200 - Verified Source Attribution | Product: 1c4437126e16 | File: 1c4437126e16_006.jpg | Source: blinkit | URL: https://cdn.grofers.com/cdn-cgi/image/f=auto,fit=scale-down,q=70,metadata=none,w=270/da/cms-assets/cms/product/be9784c7-9987-4b5e-a35c-fc16dffd2445.png
2026-06-05 12:05:21.967 | INFO     | __main__:process_urls_for_product:200 - Verified Source Attribution | Product: 1c4437126e16 | File: 1c4437126e16_007.jpg | Source: blinkit | URL: https://cdn.grofers.com/cdn-cgi/image/f=auto,fit=scale-down,q=70,metadata=none,w=270/da/cms-assets/cms/product/606d6220-d772-4dc4-b61d-e27e7fb319af.png
2026-06-05 12:05:22.304 | INFO     | __main__:process_urls_for_product:200 - Verified Source Attribution | Product: 1c4437126e16 | File: 1c4437126e16_008.jpg | Source: blinkit | URL: https://cdn.grofers.com/cdn-cgi/image/f=auto,fit=scale-down,q=70,metadata=none,w=270/da/cms-assets/cms/product/rc-upload-1779585181843-275.png
2026-06-05 12:05:22.710 | INFO     | __main__:process_urls_for_product:200 - Verified Source Attribution | Product: 1c4437126e16 | File: 1c4437126e16_009.jpg | Source: blinkit | URL: https://cdn.grofers.com/cdn-cgi/image/f=auto,fit=scale-down,q=70,metadata=none,w=270/da/cms-assets/cms/product/b1d83a9b-c84d-4063-bf6b-757cfb6e1569.png
2026-06-05 12:05:23.035 | INFO     | __main__:process_urls_for_product:200 - Verified Source Attribution | Product: 1c4437126e16 | File: 1c4437126e16_010.jpg | Source: blinkit | URL: https://cdn.grofers.com/cdn-cgi/image/f=auto,fit=scale-down,q=70,metadata=none,w=270/da/cms-assets/cms/product/c7d47384-7191-4d51-96fb-ab582a839850.png
2026-06-05 12:05:23.572 | INFO     | __main__:process_urls_for_product:200 - Verified Source Attribution | Product: 1c4437126e16 | File: 1c4437126e16_011.jpg | Source: blinkit | URL: https://cdn.grofers.com/cdn-cgi/image/f=auto,fit=scale-down,q=70,metadata=none,w=270/da/cms-assets/cms/product/0f0d2f5c-862b-4abb-8d6f-760d7b1936cd.png
2026-06-05 12:05:23.909 | INFO     | __main__:process_urls_for_product:200 - Verified Source Attribution | Product: 1c4437126e16 | File: 1c4437126e16_012.jpg | Source: blinkit | URL: https://cdn.grofers.com/cdn-cgi/image/f=auto,fit=scale-down,q=70,metadata=none,w=270/da/cms-assets/cms/product/cc58c538-ba25-485e-92f6-f4ab7c7018c0.png
2026-06-05 12:07:01.199 | INFO     | __main__:download_product_images:254 - Product 8ee0efafc72a has 0 images (min 10). Using Playwright fallback.
2026-06-05 12:07:04.845 | INFO     | nure.playwright_sources:collect_playwright_images:99 - Playwright blinkit 'Kraft Heinz Pollo Plasmon': 15 URLs
2026-06-05 12:07:08.231 | DEBUG    | nure.playwright_sources:collect_playwright_images:95 - Playwright timeout for bigbasket on Kraft Heinz Pollo Plasmon
2026-06-05 12:07:08.231 | INFO     | nure.playwright_sources:collect_playwright_images:99 - Playwright bigbasket 'Kraft Heinz Pollo Plasmon': 0 URLs
2026-06-05 12:07:10.867 | INFO     | nure.playwright_sources:collect_playwright_images:99 - Playwright jiomart 'Kraft Heinz Pollo Plasmon': 1 URLs
2026-06-05 12:07:13.290 | INFO     | nure.playwright_sources:collect_playwright_images:99 - Playwright flipkart 'Kraft Heinz Pollo Plasmon 2 x ': 0 URLs
2026-06-05 12:07:13.464 | INFO     | __main__:process_urls_for_product:200 - Verified Source Attribution | Product: 8ee0efafc72a | File: 8ee0efafc72a_000.jpg | Source: blinkit | URL: https://cdn.grofers.com/cdn-cgi/image/f=auto,fit=scale-down,q=70,metadata=none,w=270/da/cms-assets/cms/product/da8a36d6-dfd1-4a8e-8b76-5756d87c6fc7.png
2026-06-05 12:07:13.984 | INFO     | __main__:process_urls_for_product:200 - Verified Source Attribution | Product: 8ee0efafc72a | File: 8ee0efafc72a_001.jpg | Source: blinkit | URL: https://cdn.grofers.com/cdn-cgi/image/f=auto,fit=scale-down,q=70,metadata=none,w=270/da/cms-assets/cms/product/rc-upload-1771307398336-111.png
2026-06-05 12:07:14.302 | INFO     | __main__:process_urls_for_product:200 - Verified Source Attribution | Product: 8ee0efafc72a | File: 8ee0efafc72a_002.jpg | Source: blinkit | URL: https://cdn.grofers.com/cdn-cgi/image/f=auto,fit=scale-down,q=70,metadata=none,w=270/da/cms-assets/cms/product/rc-upload-1773988173143-584.png
2026-06-05 12:07:14.628 | INFO     | __main__:process_urls_for_product:200 - Verified Source Attribution | Product: 8ee0efafc72a | File: 8ee0efafc72a_003.jpg | Source: blinkit | URL: https://cdn.grofers.com/cdn-cgi/image/f=auto,fit=scale-down,q=70,metadata=none,w=270/da/cms-assets/cms/product/869c0bfc-9068-4b04-ac53-789eaf54e649.png
2026-06-05 12:07:14.959 | INFO     | __main__:process_urls_for_product:200 - Verified Source Attribution | Product: 8ee0efafc72a | File: 8ee0efafc72a_004.jpg | Source: blinkit | URL: https://cdn.grofers.com/cdn-cgi/image/f=auto,fit=scale-down,q=70,metadata=none,w=270/da/cms-assets/cms/product/cc1a45c4-43d4-451f-b7b5-36f93dfdcffb.png
2026-06-05 12:07:15.290 | INFO     | __main__:process_urls_for_product:200 - Verified Source Attribution | Product: 8ee0efafc72a | File: 8ee0efafc72a_005.jpg | Source: blinkit | URL: https://cdn.grofers.com/cdn-cgi/image/f=auto,fit=scale-down,q=70,metadata=none,w=270/da/cms-assets/cms/product/rc-upload-1771553348655-386.png
2026-06-05 12:07:15.613 | INFO     | __main__:process_urls_for_product:200 - Verified Source Attribution | Product: 8ee0efafc72a | File: 8ee0efafc72a_006.jpg | Source: blinkit | URL: https://cdn.grofers.com/cdn-cgi/image/f=auto,fit=scale-down,q=70,metadata=none,w=270/da/cms-assets/cms/product/rc-upload-1777014961943-521.png
2026-06-05 12:07:16.008 | INFO     | __main__:process_urls_for_product:200 - Verified Source Attribution | Product: 8ee0efafc72a | File: 8ee0efafc72a_007.jpg | Source: blinkit | URL: https://cdn.grofers.com/cdn-cgi/image/f=auto,fit=scale-down,q=70,metadata=none,w=270/da/cms-assets/cms/product/rc-upload-1778056825358-1566.png
2026-06-05 12:07:16.330 | INFO     | __main__:process_urls_for_product:200 - Verified Source Attribution | Product: 8ee0efafc72a | File: 8ee0efafc72a_008.jpg | Source: blinkit | URL: https://cdn.grofers.com/cdn-cgi/image/f=auto,fit=scale-down,q=70,metadata=none,w=270/da/cms-assets/cms/product/04fa3642-b51b-4c11-b67f-e02417c63485.png
2026-06-05 12:07:16.653 | INFO     | __main__:process_urls_for_product:200 - Verified Source Attribution | Product: 8ee0efafc72a | File: 8ee0efafc72a_009.jpg | Source: blinkit | URL: https://cdn.grofers.com/cdn-cgi/image/f=auto,fit=scale-down,q=70,metadata=none,w=270/da/cms-assets/cms/product/rc-upload-1778655936306-730.png
2026-06-05 12:07:16.994 | INFO     | __main__:process_urls_for_product:200 - Verified Source Attribution | Product: 8ee0efafc72a | File: 8ee0efafc72a_010.jpg | Source: blinkit | URL: https://cdn.grofers.com/cdn-cgi/image/f=auto,fit=scale-down,q=70,metadata=none,w=270/da/cms-assets/cms/product/rc-upload-1779696283837-1749.png
2026-06-05 12:07:17.318 | INFO     | __main__:process_urls_for_product:200 - Verified Source Attribution | Product: 8ee0efafc72a | File: 8ee0efafc72a_011.jpg | Source: blinkit | URL: https://cdn.grofers.com/cdn-cgi/image/f=auto,fit=scale-down,q=70,metadata=none,w=270/da/cms-assets/cms/product/9feccc57-97ef-485c-89c0-287b44d1a962.png
2026-06-05 12:07:17.645 | INFO     | __main__:process_urls_for_product:200 - Verified Source Attribution | Product: 8ee0efafc72a | File: 8ee0efafc72a_012.jpg | Source: blinkit | URL: https://cdn.grofers.com/cdn-cgi/image/f=auto,fit=scale-down,q=70,metadata=none,w=270/da/cms-assets/cms/product/rc-upload-1777014961943-351.png
2026-06-05 12:08:13.964 | INFO     | __main__:download_product_images:254 - Product 46c0db5e02fd has 0 images (min 10). Using Playwright fallback.
2026-06-05 12:08:17.566 | INFO     | nure.playwright_sources:collect_playwright_images:99 - Playwright blinkit 'Catch KITCHEN KING': 15 URLs
2026-06-05 12:08:20.928 | DEBUG    | nure.playwright_sources:collect_playwright_images:95 - Playwright timeout for bigbasket on Catch KITCHEN KING
2026-06-05 12:08:20.929 | INFO     | nure.playwright_sources:collect_playwright_images:99 - Playwright bigbasket 'Catch KITCHEN KING': 0 URLs
2026-06-05 12:08:23.590 | INFO     | nure.playwright_sources:collect_playwright_images:99 - Playwright jiomart 'Catch KITCHEN KING': 1 URLs
2026-06-05 12:08:26.196 | INFO     | nure.playwright_sources:collect_playwright_images:99 - Playwright flipkart 'Catch KITCHEN KING 100gm': 0 URLs
2026-06-05 12:08:26.459 | INFO     | __main__:process_urls_for_product:200 - Verified Source Attribution | Product: 46c0db5e02fd | File: 46c0db5e02fd_000.jpg | Source: blinkit | URL: https://cdn.grofers.com/cdn-cgi/image/f=auto,fit=scale-down,q=70,metadata=none,w=270/da/cms-assets/cms/product/5ab79532-1c4d-438e-adfe-ea01cf841ca8.png
2026-06-05 12:08:26.878 | INFO     | __main__:process_urls_for_product:200 - Verified Source Attribution | Product: 46c0db5e02fd | File: 46c0db5e02fd_001.jpg | Source: blinkit | URL: https://cdn.grofers.com/cdn-cgi/image/f=auto,fit=scale-down,q=70,metadata=none,w=270/da/cms-assets/cms/product/3b020124-a683-46d7-a5ce-6576dcd1d5fe.png
2026-06-05 12:08:27.213 | INFO     | __main__:process_urls_for_product:200 - Verified Source Attribution | Product: 46c0db5e02fd | File: 46c0db5e02fd_002.jpg | Source: blinkit | URL: https://cdn.grofers.com/cdn-cgi/image/f=auto,fit=scale-down,q=70,metadata=none,w=270/da/cms-assets/cms/product/00e8f79a-e3ba-4802-934a-4d06b0b813c5.png
2026-06-05 12:08:27.535 | INFO     | __main__:process_urls_for_product:200 - Verified Source Attribution | Product: 46c0db5e02fd | File: 46c0db5e02fd_003.jpg | Source: blinkit | URL: https://cdn.grofers.com/cdn-cgi/image/f=auto,fit=scale-down,q=70,metadata=none,w=270/da/cms-assets/cms/product/cb36e09b-1949-4c6f-8ca3-2aa8f11fba4c.png
2026-06-05 12:08:27.866 | INFO     | __main__:process_urls_for_product:200 - Verified Source Attribution | Product: 46c0db5e02fd | File: 46c0db5e02fd_004.jpg | Source: blinkit | URL: https://cdn.grofers.com/cdn-cgi/image/f=auto,fit=scale-down,q=70,metadata=none,w=270/da/cms-assets/cms/product/bf916c87-e42e-4a32-a627-e27796d7c3d8.png
2026-06-05 12:08:28.197 | INFO     | __main__:process_urls_for_product:200 - Verified Source Attribution | Product: 46c0db5e02fd | File: 46c0db5e02fd_005.jpg | Source: blinkit | URL: https://cdn.grofers.com/cdn-cgi/image/f=auto,fit=scale-down,q=70,metadata=none,w=270/da/cms-assets/cms/product/70fb3a0a-5932-41f0-ba05-4215f72025c9.png
2026-06-05 12:08:28.515 | INFO     | __main__:process_urls_for_product:200 - Verified Source Attribution | Product: 46c0db5e02fd | File: 46c0db5e02fd_006.jpg | Source: blinkit | URL: https://cdn.grofers.com/cdn-cgi/image/f=auto,fit=scale-down,q=70,metadata=none,w=270/da/cms-assets/cms/product/3861c189-4d37-4c64-9de9-452f4f7f68e4.png
2026-06-05 12:08:28.846 | INFO     | __main__:process_urls_for_product:200 - Verified Source Attribution | Product: 46c0db5e02fd | File: 46c0db5e02fd_007.jpg | Source: blinkit | URL: https://cdn.grofers.com/cdn-cgi/image/f=auto,fit=scale-down,q=70,metadata=none,w=270/da/cms-assets/cms/product/204b6173-c127-438c-ad6d-8064f97fde98.png
2026-06-05 12:08:29.218 | INFO     | __main__:process_urls_for_product:200 - Verified Source Attribution | Product: 46c0db5e02fd | File: 46c0db5e02fd_008.jpg | Source: blinkit | URL: https://cdn.grofers.com/cdn-cgi/image/f=auto,fit=scale-down,q=70,metadata=none,w=270/da/cms-assets/cms/product/406fc6fe-a2e1-4684-a0f2-ce00b0093929.png
2026-06-05 12:08:29.568 | INFO     | __main__:process_urls_for_product:200 - Verified Source Attribution | Product: 46c0db5e02fd | File: 46c0db5e02fd_009.jpg | Source: blinkit | URL: https://cdn.grofers.com/cdn-cgi/image/f=auto,fit=scale-down,q=70,metadata=none,w=270/da/cms-assets/cms/product/522389e0-a502-4c2d-83b0-ef3f49b846e2.png
2026-06-05 12:08:29.898 | INFO     | __main__:process_urls_for_product:200 - Verified Source Attribution | Product: 46c0db5e02fd | File: 46c0db5e02fd_010.jpg | Source: blinkit | URL: https://cdn.grofers.com/cdn-cgi/image/f=auto,fit=scale-down,q=70,metadata=none,w=270/da/cms-assets/cms/product/345829e4-508c-47a5-aee7-9ad35bac9291.png
2026-06-05 12:08:30.227 | INFO     | __main__:process_urls_for_product:200 - Verified Source Attribution | Product: 46c0db5e02fd | File: 46c0db5e02fd_011.jpg | Source: blinkit | URL: https://cdn.grofers.com/cdn-cgi/image/f=auto,fit=scale-down,q=70,metadata=none,w=270/da/cms-assets/cms/product/860cd2f4-5f3d-4032-86f2-e5d3a8bf4cd1.png
2026-06-05 12:08:30.562 | INFO     | __main__:process_urls_for_product:200 - Verified Source Attribution | Product: 46c0db5e02fd | File: 46c0db5e02fd_012.jpg | Source: blinkit | URL: https://cdn.grofers.com/cdn-cgi/image/f=auto,fit=scale-down,q=70,metadata=none,w=270/da/cms-assets/cms/product/e610e221-0eb2-455f-90d7-1d998bf19e27.png
2026-06-05 12:08:33.201 | INFO     | nure.image_sources:collect_amazon_images:189 - Amazon 'Saffola 100% Safflower Oil': 2 URLs
2026-06-05 12:08:34.942 | INFO     | nure.image_sources:collect_bing_images:160 - Bing 'Saffola 100% Safflower Oil': 0 URLs
2026-06-05 12:09:12.729 | INFO     | __main__:process_urls_for_product:200 - Verified Source Attribution | Product: 91446931701d | File: 91446931701d_000.jpg | Source: amazon | URL: https://m.media-amazon.com/images/I/31Ip4aURUpL.png
2026-06-05 12:09:13.918 | INFO     | __main__:process_urls_for_product:200 - Verified Source Attribution | Product: 91446931701d | File: 91446931701d_001.jpg | Source: amazon | URL: https://m.media-amazon.com/images/I/61EdBJV4JsL.jpg
2026-06-05 12:09:14.133 | INFO     | __main__:download_product_images:254 - Product 91446931701d has 2 images (min 10). Using Playwright fallback.
2026-06-05 12:09:17.708 | INFO     | nure.playwright_sources:collect_playwright_images:99 - Playwright blinkit 'Saffola 100% Safflower Oil': 15 URLs
2026-06-05 12:09:21.097 | DEBUG    | nure.playwright_sources:collect_playwright_images:95 - Playwright timeout for bigbasket on Saffola 100% Safflower Oil
2026-06-05 12:09:21.098 | INFO     | nure.playwright_sources:collect_playwright_images:99 - Playwright bigbasket 'Saffola 100% Safflower Oil': 0 URLs
2026-06-05 12:09:23.238 | INFO     | nure.playwright_sources:collect_playwright_images:99 - Playwright jiomart 'Saffola 100% Safflower Oil': 1 URLs
2026-06-05 12:09:25.741 | INFO     | nure.playwright_sources:collect_playwright_images:99 - Playwright flipkart 'Saffola 100% Safflower Oil': 0 URLs
2026-06-05 12:09:26.010 | INFO     | __main__:process_urls_for_product:200 - Verified Source Attribution | Product: 91446931701d | File: 91446931701d_002.jpg | Source: blinkit | URL: https://cdn.grofers.com/cdn-cgi/image/f=auto,fit=scale-down,q=70,metadata=none,w=270/da/cms-assets/cms/product/b3b025d5-7d23-4955-b2a9-b4471df66b29.png
2026-06-05 12:09:26.535 | INFO     | __main__:process_urls_for_product:200 - Verified Source Attribution | Product: 91446931701d | File: 91446931701d_003.jpg | Source: blinkit | URL: https://cdn.grofers.com/cdn-cgi/image/f=auto,fit=scale-down,q=70,metadata=none,w=270/da/cms-assets/cms/product/bf752512-d3ea-43ea-a450-fb4fb6154d57.png
2026-06-05 12:09:26.852 | INFO     | __main__:process_urls_for_product:200 - Verified Source Attribution | Product: 91446931701d | File: 91446931701d_004.jpg | Source: blinkit | URL: https://cdn.grofers.com/cdn-cgi/image/f=auto,fit=scale-down,q=70,metadata=none,w=270/da/cms-assets/cms/product/cfec1e50-90d7-46d9-b87b-81ed6659f7c5.png
2026-06-05 12:09:27.390 | INFO     | __main__:process_urls_for_product:200 - Verified Source Attribution | Product: 91446931701d | File: 91446931701d_005.jpg | Source: blinkit | URL: https://cdn.grofers.com/cdn-cgi/image/f=auto,fit=scale-down,q=70,metadata=none,w=270/da/cms-assets/cms/product/rc-upload-1774858847914-106.png
2026-06-05 12:09:27.711 | INFO     | __main__:process_urls_for_product:200 - Verified Source Attribution | Product: 91446931701d | File: 91446931701d_006.jpg | Source: blinkit | URL: https://cdn.grofers.com/cdn-cgi/image/f=auto,fit=scale-down,q=70,metadata=none,w=270/da/cms-assets/cms/product/rc-upload-1774858847914-89.png
2026-06-05 12:09:28.430 | INFO     | __main__:process_urls_for_product:200 - Verified Source Attribution | Product: 91446931701d | File: 91446931701d_007.jpg | Source: blinkit | URL: https://cdn.grofers.com/cdn-cgi/image/f=auto,fit=scale-down,q=70,metadata=none,w=270/da/cms-assets/cms/product/rc-upload-1774858847914-72.png
2026-06-05 12:11:29.495 | INFO     | __main__:download_product_images:254 - Product ae22cea161bb has 0 images (min 10). Using Playwright fallback.
2026-06-05 12:11:33.206 | INFO     | nure.playwright_sources:collect_playwright_images:99 - Playwright blinkit 'Amul Butter Unsalted': 15 URLs
2026-06-05 12:11:36.665 | DEBUG    | nure.playwright_sources:collect_playwright_images:95 - Playwright timeout for bigbasket on Amul Butter Unsalted
2026-06-05 12:11:36.666 | INFO     | nure.playwright_sources:collect_playwright_images:99 - Playwright bigbasket 'Amul Butter Unsalted': 0 URLs
2026-06-05 12:11:39.094 | INFO     | nure.playwright_sources:collect_playwright_images:99 - Playwright jiomart 'Amul Butter Unsalted': 1 URLs
2026-06-05 12:11:41.702 | INFO     | nure.playwright_sources:collect_playwright_images:99 - Playwright flipkart 'Amul Butter Unsalted 100 g': 0 URLs
2026-06-05 12:11:41.979 | INFO     | __main__:process_urls_for_product:200 - Verified Source Attribution | Product: ae22cea161bb | File: ae22cea161bb_000.jpg | Source: blinkit | URL: https://cdn.grofers.com/cdn-cgi/image/f=auto,fit=scale-down,q=70,metadata=none,w=270/da/cms-assets/cms/product/124dfc87-32f7-4fdd-a20e-0b8d3601996c.png
2026-06-05 12:11:42.489 | INFO     | __main__:process_urls_for_product:200 - Verified Source Attribution | Product: ae22cea161bb | File: ae22cea161bb_001.jpg | Source: blinkit | URL: https://cdn.grofers.com/cdn-cgi/image/f=auto,fit=scale-down,q=70,metadata=none,w=270/da/cms-assets/cms/product/4c1f773c-8e01-4e01-8416-c35cd7ea74dd.png
2026-06-05 12:11:42.825 | INFO     | __main__:process_urls_for_product:200 - Verified Source Attribution | Product: ae22cea161bb | File: ae22cea161bb_002.jpg | Source: blinkit | URL: https://cdn.grofers.com/cdn-cgi/image/f=auto,fit=scale-down,q=70,metadata=none,w=270/da/cms-assets/cms/product/613787ac-f983-4cfb-b534-e219c8d47b39.png
2026-06-05 12:11:43.156 | INFO     | __main__:process_urls_for_product:200 - Verified Source Attribution | Product: ae22cea161bb | File: ae22cea161bb_003.jpg | Source: blinkit | URL: https://cdn.grofers.com/cdn-cgi/image/f=auto,fit=scale-down,q=70,metadata=none,w=270/da/cms-assets/cms/product/03af3633-5fa5-438f-bece-145ed114d279.png
2026-06-05 12:11:43.604 | INFO     | __main__:process_urls_for_product:200 - Verified Source Attribution | Product: ae22cea161bb | File: ae22cea161bb_004.jpg | Source: blinkit | URL: https://cdn.grofers.com/cdn-cgi/image/f=auto,fit=scale-down,q=70,metadata=none,w=270/da/cms-assets/cms/product/a3ca7f9f-ad6d-4500-96bd-dbfa419e8f48.png
2026-06-05 12:11:43.975 | INFO     | __main__:process_urls_for_product:200 - Verified Source Attribution | Product: ae22cea161bb | File: ae22cea161bb_005.jpg | Source: blinkit | URL: https://cdn.grofers.com/cdn-cgi/image/f=auto,fit=scale-down,q=70,metadata=none,w=270/da/cms-assets/cms/product/5743a5d2-e08f-4ed9-9803-e41a5a4f5d30.png
2026-06-05 12:11:44.305 | INFO     | __main__:process_urls_for_product:200 - Verified Source Attribution | Product: ae22cea161bb | File: ae22cea161bb_006.jpg | Source: blinkit | URL: https://cdn.grofers.com/cdn-cgi/image/f=auto,fit=scale-down,q=70,metadata=none,w=270/da/cms-assets/cms/product/a8bdf605-84b1-4664-97ac-4a61603b3cac.png
2026-06-05 12:11:44.634 | INFO     | __main__:process_urls_for_product:200 - Verified Source Attribution | Product: ae22cea161bb | File: ae22cea161bb_007.jpg | Source: blinkit | URL: https://cdn.grofers.com/cdn-cgi/image/f=auto,fit=scale-down,q=70,metadata=none,w=270/da/cms-assets/cms/product/4cfb79ce-6b99-4731-97fc-c0103e8ed4f4.png
2026-06-05 12:11:44.956 | INFO     | __main__:process_urls_for_product:200 - Verified Source Attribution | Product: ae22cea161bb | File: ae22cea161bb_008.jpg | Source: blinkit | URL: https://cdn.grofers.com/cdn-cgi/image/f=auto,fit=scale-down,q=70,metadata=none,w=270/da/cms-assets/cms/product/e96cc467-96c4-4494-80a4-8f140d141882.png
2026-06-05 12:11:45.280 | INFO     | __main__:process_urls_for_product:200 - Verified Source Attribution | Product: ae22cea161bb | File: ae22cea161bb_009.jpg | Source: blinkit | URL: https://cdn.grofers.com/cdn-cgi/image/f=auto,fit=scale-down,q=70,metadata=none,w=270/da/cms-assets/cms/product/5981f9ee-7eb8-4ec3-8467-82f6d206de7d.png
2026-06-05 12:11:45.607 | INFO     | __main__:process_urls_for_product:200 - Verified Source Attribution | Product: ae22cea161bb | File: ae22cea161bb_010.jpg | Source: blinkit | URL: https://cdn.grofers.com/cdn-cgi/image/f=auto,fit=scale-down,q=70,metadata=none,w=270/da/cms-assets/cms/product/da3e1242-2b75-47da-add5-a70880abdb8c.png
2026-06-05 12:13:00.480 | INFO     | __main__:download_product_images:254 - Product 64075f7e2346 has 0 images (min 10). Using Playwright fallback.
2026-06-05 12:13:03.956 | INFO     | nure.playwright_sources:collect_playwright_images:99 - Playwright blinkit 'Nandini GoodLife Pista Flavour': 15 URLs
2026-06-05 12:13:07.345 | DEBUG    | nure.playwright_sources:collect_playwright_images:95 - Playwright timeout for bigbasket on Nandini GoodLife Pista Flavour
2026-06-05 12:13:07.346 | INFO     | nure.playwright_sources:collect_playwright_images:99 - Playwright bigbasket 'Nandini GoodLife Pista Flavour': 0 URLs
2026-06-05 12:13:09.640 | INFO     | nure.playwright_sources:collect_playwright_images:99 - Playwright jiomart 'Nandini GoodLife Pista Flavour': 1 URLs
2026-06-05 12:13:12.230 | INFO     | nure.playwright_sources:collect_playwright_images:99 - Playwright flipkart 'Nandini GoodLife Pista Flavour': 0 URLs
2026-06-05 12:13:12.445 | INFO     | __main__:process_urls_for_product:200 - Verified Source Attribution | Product: 64075f7e2346 | File: 64075f7e2346_000.jpg | Source: blinkit | URL: https://cdn.grofers.com/cdn-cgi/image/f=auto,fit=scale-down,q=70,metadata=none,w=270/da/cms-assets/cms/product/rc-upload-1774867644068-142.png
2026-06-05 12:13:12.854 | INFO     | __main__:process_urls_for_product:200 - Verified Source Attribution | Product: 64075f7e2346 | File: 64075f7e2346_001.jpg | Source: blinkit | URL: https://cdn.grofers.com/cdn-cgi/image/f=auto,fit=scale-down,q=70,metadata=none,w=270/da/cms-assets/cms/product/1a98a20c-8ed3-473f-a306-e03bd1e75a7f.png
2026-06-05 12:13:13.187 | INFO     | __main__:process_urls_for_product:200 - Verified Source Attribution | Product: 64075f7e2346 | File: 64075f7e2346_002.jpg | Source: blinkit | URL: https://cdn.grofers.com/cdn-cgi/image/f=auto,fit=scale-down,q=70,metadata=none,w=270/da/cms-assets/cms/product/d991a261-ae1a-483f-8c1c-a25b4e1916bb.png
2026-06-05 12:13:13.631 | INFO     | __main__:process_urls_for_product:200 - Verified Source Attribution | Product: 64075f7e2346 | File: 64075f7e2346_003.jpg | Source: blinkit | URL: https://cdn.grofers.com/cdn-cgi/image/f=auto,fit=scale-down,q=70,metadata=none,w=270/da/cms-assets/cms/product/0c03fbe5-0cc7-4e7d-9c99-bc04bca15cba.png
2026-06-05 12:13:13.950 | INFO     | __main__:process_urls_for_product:200 - Verified Source Attribution | Product: 64075f7e2346 | File: 64075f7e2346_004.jpg | Source: blinkit | URL: https://cdn.grofers.com/cdn-cgi/image/f=auto,fit=scale-down,q=70,metadata=none,w=270/da/cms-assets/cms/product/15aa460b-2f64-47cc-82ee-1c8c24115bc2.png
2026-06-05 12:13:14.281 | INFO     | __main__:process_urls_for_product:200 - Verified Source Attribution | Product: 64075f7e2346 | File: 64075f7e2346_005.jpg | Source: blinkit | URL: https://cdn.grofers.com/cdn-cgi/image/f=auto,fit=scale-down,q=70,metadata=none,w=270/da/cms-assets/cms/product/adc76812-807f-4eb4-b206-02e808dde583.png
2026-06-05 12:13:14.610 | INFO     | __main__:process_urls_for_product:200 - Verified Source Attribution | Product: 64075f7e2346 | File: 64075f7e2346_006.jpg | Source: blinkit | URL: https://cdn.grofers.com/cdn-cgi/image/f=auto,fit=scale-down,q=70,metadata=none,w=270/da/cms-assets/cms/product/3b9f0328-c7ec-45ac-80ce-2a804019f253.png
2026-06-05 12:13:14.944 | INFO     | __main__:process_urls_for_product:200 - Verified Source Attribution | Product: 64075f7e2346 | File: 64075f7e2346_007.jpg | Source: blinkit | URL: https://cdn.grofers.com/cdn-cgi/image/f=auto,fit=scale-down,q=70,metadata=none,w=270/da/cms-assets/cms/product/e741d5e5-b1db-4a20-aa27-f009f9547bf2.png
2026-06-05 12:13:15.530 | INFO     | __main__:process_urls_for_product:200 - Verified Source Attribution | Product: 64075f7e2346 | File: 64075f7e2346_008.jpg | Source: blinkit | URL: https://cdn.grofers.com/cdn-cgi/image/f=auto,fit=scale-down,q=70,metadata=none,w=270/da/cms-assets/cms/product/rc-upload-1773901116365-871.png
2026-06-05 12:13:15.854 | INFO     | __main__:process_urls_for_product:200 - Verified Source Attribution | Product: 64075f7e2346 | File: 64075f7e2346_009.jpg | Source: blinkit | URL: https://cdn.grofers.com/cdn-cgi/image/f=auto,fit=scale-down,q=70,metadata=none,w=270/da/cms-assets/cms/product/c786b5fe-e955-48f2-bf25-f30ebb7f9727.png
2026-06-05 12:13:16.177 | INFO     | __main__:process_urls_for_product:200 - Verified Source Attribution | Product: 64075f7e2346 | File: 64075f7e2346_010.jpg | Source: blinkit | URL: https://cdn.grofers.com/cdn-cgi/image/f=auto,fit=scale-down,q=70,metadata=none,w=270/da/cms-assets/cms/product/1df29f13-f616-46e6-995d-9e0bc9a9bee2.png
2026-06-05 12:14:28.345 | INFO     | __main__:download_product_images:254 - Product d4f4d015bc41 has 0 images (min 10). Using Playwright fallback.
2026-06-05 12:14:31.828 | INFO     | nure.playwright_sources:collect_playwright_images:99 - Playwright blinkit 'Cadbury BournVita': 14 URLs
2026-06-05 12:14:35.202 | DEBUG    | nure.playwright_sources:collect_playwright_images:95 - Playwright timeout for bigbasket on Cadbury BournVita
2026-06-05 12:14:35.202 | INFO     | nure.playwright_sources:collect_playwright_images:99 - Playwright bigbasket 'Cadbury BournVita': 0 URLs
2026-06-05 12:14:38.217 | INFO     | nure.playwright_sources:collect_playwright_images:99 - Playwright jiomart 'Cadbury BournVita': 1 URLs
2026-06-05 12:14:43.008 | INFO     | nure.playwright_sources:collect_playwright_images:99 - Playwright flipkart 'Cadbury BournVita': 0 URLs
2026-06-05 12:14:43.678 | INFO     | __main__:process_urls_for_product:200 - Verified Source Attribution | Product: d4f4d015bc41 | File: d4f4d015bc41_000.jpg | Source: blinkit | URL: https://cdn.grofers.com/cdn-cgi/image/f=auto,fit=scale-down,q=70,metadata=none,w=270/da/cms-assets/cms/product/f56948be-29fe-4df4-a1ef-c348fae75aa7.png
2026-06-05 12:14:44.098 | INFO     | __main__:process_urls_for_product:200 - Verified Source Attribution | Product: d4f4d015bc41 | File: d4f4d015bc41_001.jpg | Source: blinkit | URL: https://cdn.grofers.com/cdn-cgi/image/f=auto,fit=scale-down,q=70,metadata=none,w=270/da/cms-assets/cms/product/rc-upload-1774802324726-30.png
2026-06-05 12:14:44.413 | INFO     | __main__:process_urls_for_product:200 - Verified Source Attribution | Product: d4f4d015bc41 | File: d4f4d015bc41_002.jpg | Source: blinkit | URL: https://cdn.grofers.com/cdn-cgi/image/f=auto,fit=scale-down,q=70,metadata=none,w=270/da/cms-assets/cms/product/rc-upload-1774802324726-56.png
2026-06-05 12:14:44.733 | INFO     | __main__:process_urls_for_product:200 - Verified Source Attribution | Product: d4f4d015bc41 | File: d4f4d015bc41_003.jpg | Source: blinkit | URL: https://cdn.grofers.com/cdn-cgi/image/f=auto,fit=scale-down,q=70,metadata=none,w=270/da/cms-assets/cms/product/rc-upload-1774802324726-129.png
2026-06-05 12:14:45.077 | INFO     | __main__:process_urls_for_product:200 - Verified Source Attribution | Product: d4f4d015bc41 | File: d4f4d015bc41_004.jpg | Source: blinkit | URL: https://cdn.grofers.com/cdn-cgi/image/f=auto,fit=scale-down,q=70,metadata=none,w=270/da/cms-assets/cms/product/rc-upload-1774802324726-150.png
2026-06-05 12:14:45.400 | INFO     | __main__:process_urls_for_product:200 - Verified Source Attribution | Product: d4f4d015bc41 | File: d4f4d015bc41_005.jpg | Source: blinkit | URL: https://cdn.grofers.com/cdn-cgi/image/f=auto,fit=scale-down,q=70,metadata=none,w=270/da/cms-assets/cms/product/rc-upload-1774802324726-4.png
2026-06-05 12:14:45.841 | INFO     | __main__:process_urls_for_product:200 - Verified Source Attribution | Product: d4f4d015bc41 | File: d4f4d015bc41_006.jpg | Source: blinkit | URL: https://cdn.grofers.com/cdn-cgi/image/f=auto,fit=scale-down,q=70,metadata=none,w=270/da/cms-assets/cms/product/rc-upload-1774802324726-108.png
2026-06-05 12:17:15.132 | INFO     | __main__:download_product_images:254 - Product c8d4247928d8 has 0 images (min 10). Using Playwright fallback.
2026-06-05 12:17:19.505 | INFO     | nure.playwright_sources:collect_playwright_images:99 - Playwright blinkit 'La Manufacture des Belles Glac': 15 URLs
2026-06-05 12:17:22.888 | DEBUG    | nure.playwright_sources:collect_playwright_images:95 - Playwright timeout for bigbasket on La Manufacture des Belles Glac
2026-06-05 12:17:22.888 | INFO     | nure.playwright_sources:collect_playwright_images:99 - Playwright bigbasket 'La Manufacture des Belles Glac': 0 URLs
2026-06-05 12:17:25.119 | INFO     | nure.playwright_sources:collect_playwright_images:99 - Playwright jiomart 'La Manufacture des Belles Glac': 1 URLs
2026-06-05 12:17:27.593 | INFO     | nure.playwright_sources:collect_playwright_images:99 - Playwright flipkart 'La Manufacture des Belles Glac': 0 URLs
2026-06-05 12:17:27.765 | INFO     | __main__:process_urls_for_product:200 - Verified Source Attribution | Product: c8d4247928d8 | File: c8d4247928d8_000.jpg | Source: blinkit | URL: https://cdn.grofers.com/cdn-cgi/image/f=auto,fit=scale-down,q=70,metadata=none,w=270/da/cms-assets/cms/product/rc-upload-1769605296000-1014.png
2026-06-05 12:17:28.173 | INFO     | __main__:process_urls_for_product:200 - Verified Source Attribution | Product: c8d4247928d8 | File: c8d4247928d8_001.jpg | Source: blinkit | URL: https://cdn.grofers.com/cdn-cgi/image/f=auto,fit=scale-down,q=70,metadata=none,w=270/da/cms-assets/cms/product/86806804-0340-4fcc-ae59-83edeffc2eff.png
2026-06-05 12:17:28.488 | INFO     | __main__:process_urls_for_product:200 - Verified Source Attribution | Product: c8d4247928d8 | File: c8d4247928d8_002.jpg | Source: blinkit | URL: https://cdn.grofers.com/cdn-cgi/image/f=auto,fit=scale-down,q=70,metadata=none,w=270/da/cms-assets/cms/product/c7d15916-b114-407c-91d8-09ca34b4dec3.png
2026-06-05 12:17:28.819 | INFO     | __main__:process_urls_for_product:200 - Verified Source Attribution | Product: c8d4247928d8 | File: c8d4247928d8_003.jpg | Source: blinkit | URL: https://cdn.grofers.com/cdn-cgi/image/f=auto,fit=scale-down,q=70,metadata=none,w=270/da/cms-assets/cms/product/66c472a7-6a14-41cc-b2b6-1143f1baee84.png
2026-06-05 12:17:29.216 | INFO     | __main__:process_urls_for_product:200 - Verified Source Attribution | Product: c8d4247928d8 | File: c8d4247928d8_004.jpg | Source: blinkit | URL: https://cdn.grofers.com/cdn-cgi/image/f=auto,fit=scale-down,q=70,metadata=none,w=270/da/cms-assets/cms/product/21e18b08-c664-4fcd-9363-c731eaf3a289.png
2026-06-05 12:17:29.537 | INFO     | __main__:process_urls_for_product:200 - Verified Source Attribution | Product: c8d4247928d8 | File: c8d4247928d8_005.jpg | Source: blinkit | URL: https://cdn.grofers.com/cdn-cgi/image/f=auto,fit=scale-down,q=70,metadata=none,w=270/da/cms-assets/cms/product/c9bd8435-d60b-4c30-80b9-4715bc3f692c.png
2026-06-05 12:17:29.933 | INFO     | __main__:process_urls_for_product:200 - Verified Source Attribution | Product: c8d4247928d8 | File: c8d4247928d8_006.jpg | Source: blinkit | URL: https://cdn.grofers.com/cdn-cgi/image/f=auto,fit=scale-down,q=70,metadata=none,w=270/da/cms-assets/cms/product/rc-upload-1774630362258-678.png
2026-06-05 12:17:30.265 | INFO     | __main__:process_urls_for_product:200 - Verified Source Attribution | Product: c8d4247928d8 | File: c8d4247928d8_007.jpg | Source: blinkit | URL: https://cdn.grofers.com/cdn-cgi/image/f=auto,fit=scale-down,q=70,metadata=none,w=270/da/cms-assets/cms/product/d2594e29-89bd-4dfc-8632-f29552124317.png
2026-06-05 12:17:30.572 | INFO     | __main__:process_urls_for_product:200 - Verified Source Attribution | Product: c8d4247928d8 | File: c8d4247928d8_008.jpg | Source: blinkit | URL: https://cdn.grofers.com/cdn-cgi/image/f=auto,fit=scale-down,q=70,metadata=none,w=270/da/cms-assets/cms/product/rc-upload-1774237704231-183.png
2026-06-05 12:17:30.918 | INFO     | __main__:process_urls_for_product:200 - Verified Source Attribution | Product: c8d4247928d8 | File: c8d4247928d8_009.jpg | Source: blinkit | URL: https://cdn.grofers.com/cdn-cgi/image/f=auto,fit=scale-down,q=70,metadata=none,w=270/da/cms-assets/cms/product/4d70340d-a516-4016-9eff-86be5603e03c.png
2026-06-05 12:17:31.241 | INFO     | __main__:process_urls_for_product:200 - Verified Source Attribution | Product: c8d4247928d8 | File: c8d4247928d8_010.jpg | Source: blinkit | URL: https://cdn.grofers.com/cdn-cgi/image/f=auto,fit=scale-down,q=70,metadata=none,w=270/da/cms-assets/cms/product/b5209529-d1b8-43b2-b10c-325171bd46aa.png
2026-06-05 12:17:31.585 | INFO     | __main__:process_urls_for_product:200 - Verified Source Attribution | Product: c8d4247928d8 | File: c8d4247928d8_011.jpg | Source: blinkit | URL: https://cdn.grofers.com/cdn-cgi/image/f=auto,fit=scale-down,q=70,metadata=none,w=270/da/cms-assets/cms/product/11ee58dc-1771-4111-9176-cd019e159953.png
2026-06-05 12:17:31.984 | INFO     | __main__:process_urls_for_product:200 - Verified Source Attribution | Product: c8d4247928d8 | File: c8d4247928d8_012.jpg | Source: blinkit | URL: https://cdn.grofers.com/cdn-cgi/image/f=auto,fit=scale-down,q=70,metadata=none,w=270/da/cms-assets/cms/product/f83e4d4c-4cae-46be-870f-1b5f787179ea.png
2026-06-05 12:17:32.348 | INFO     | __main__:process_urls_for_product:200 - Verified Source Attribution | Product: c8d4247928d8 | File: c8d4247928d8_013.jpg | Source: blinkit | URL: https://cdn.grofers.com/cdn-cgi/image/f=auto,fit=scale-down,q=70,metadata=none,w=270/da/cms-assets/cms/product/77d89597-94fe-4917-a3fe-f06406689f7d.png
2026-06-05 12:21:42.297 | INFO     | __main__:download_product_images:254 - Product 44632f639b30 has 0 images (min 10). Using Playwright fallback.
2026-06-05 12:21:45.801 | INFO     | nure.playwright_sources:collect_playwright_images:99 - Playwright blinkit 'Maggi Saucy Noodles Teriyaki': 15 URLs
2026-06-05 12:21:49.258 | DEBUG    | nure.playwright_sources:collect_playwright_images:95 - Playwright timeout for bigbasket on Maggi Saucy Noodles Teriyaki
2026-06-05 12:21:49.259 | INFO     | nure.playwright_sources:collect_playwright_images:99 - Playwright bigbasket 'Maggi Saucy Noodles Teriyaki': 0 URLs
2026-06-05 12:21:52.223 | INFO     | nure.playwright_sources:collect_playwright_images:99 - Playwright jiomart 'Maggi Saucy Noodles Teriyaki': 1 URLs
2026-06-05 12:21:54.710 | INFO     | nure.playwright_sources:collect_playwright_images:99 - Playwright flipkart 'Maggi Saucy Noodles Teriyaki 7': 0 URLs
2026-06-05 12:21:54.881 | INFO     | __main__:process_urls_for_product:200 - Verified Source Attribution | Product: 44632f639b30 | File: 44632f639b30_000.jpg | Source: blinkit | URL: https://cdn.grofers.com/cdn-cgi/image/f=auto,fit=scale-down,q=70,metadata=none,w=270/da/cms-assets/cms/product/rc-upload-1778648304271-5.png
2026-06-05 12:21:55.292 | INFO     | __main__:process_urls_for_product:200 - Verified Source Attribution | Product: 44632f639b30 | File: 44632f639b30_001.jpg | Source: blinkit | URL: https://cdn.grofers.com/cdn-cgi/image/f=auto,fit=scale-down,q=70,metadata=none,w=270/da/cms-assets/cms/product/rc-upload-1773981656513-262.png
2026-06-05 12:21:55.618 | INFO     | __main__:process_urls_for_product:200 - Verified Source Attribution | Product: 44632f639b30 | File: 44632f639b30_002.jpg | Source: blinkit | URL: https://cdn.grofers.com/cdn-cgi/image/f=auto,fit=scale-down,q=70,metadata=none,w=270/da/cms-assets/cms/product/rc-upload-1771553348655-939.png
2026-06-05 12:21:55.938 | INFO     | __main__:process_urls_for_product:200 - Verified Source Attribution | Product: 44632f639b30 | File: 44632f639b30_003.jpg | Source: blinkit | URL: https://cdn.grofers.com/cdn-cgi/image/f=auto,fit=scale-down,q=70,metadata=none,w=270/da/cms-assets/cms/product/rc-upload-1778664014838-481.png
2026-06-05 12:21:56.277 | INFO     | __main__:process_urls_for_product:200 - Verified Source Attribution | Product: 44632f639b30 | File: 44632f639b30_004.jpg | Source: blinkit | URL: https://cdn.grofers.com/cdn-cgi/image/f=auto,fit=scale-down,q=70,metadata=none,w=270/da/cms-assets/cms/product/rc-upload-1773201429611-381.png?bg_token=Colour%2Fsurface%2F00FFFFFF
2026-06-05 12:21:56.599 | INFO     | __main__:process_urls_for_product:200 - Verified Source Attribution | Product: 44632f639b30 | File: 44632f639b30_005.jpg | Source: blinkit | URL: https://cdn.grofers.com/cdn-cgi/image/f=auto,fit=scale-down,q=70,metadata=none,w=270/da/cms-assets/cms/product/rc-upload-1771305481383-1773.png
2026-06-05 12:21:56.952 | INFO     | __main__:process_urls_for_product:200 - Verified Source Attribution | Product: 44632f639b30 | File: 44632f639b30_006.jpg | Source: blinkit | URL: https://cdn.grofers.com/cdn-cgi/image/f=auto,fit=scale-down,q=70,metadata=none,w=270/da/cms-assets/cms/product/rc-upload-1777534555736-323.png
2026-06-05 12:21:57.281 | INFO     | __main__:process_urls_for_product:200 - Verified Source Attribution | Product: 44632f639b30 | File: 44632f639b30_007.jpg | Source: blinkit | URL: https://cdn.grofers.com/cdn-cgi/image/f=auto,fit=scale-down,q=70,metadata=none,w=270/da/cms-assets/cms/product/rc-upload-1778470572131-1581.png
2026-06-05 12:21:57.624 | INFO     | __main__:process_urls_for_product:200 - Verified Source Attribution | Product: 44632f639b30 | File: 44632f639b30_008.jpg | Source: blinkit | URL: https://cdn.grofers.com/cdn-cgi/image/f=auto,fit=scale-down,q=70,metadata=none,w=270/da/cms-assets/cms/product/rc-upload-1775218772831-6.png
2026-06-05 12:21:57.958 | INFO     | __main__:process_urls_for_product:200 - Verified Source Attribution | Product: 44632f639b30 | File: 44632f639b30_009.jpg | Source: blinkit | URL: https://cdn.grofers.com/cdn-cgi/image/f=auto,fit=scale-down,q=70,metadata=none,w=270/da/cms-assets/cms/product/rc-upload-1780370979815-24.png
2026-06-05 12:21:58.513 | INFO     | __main__:process_urls_for_product:200 - Verified Source Attribution | Product: 44632f639b30 | File: 44632f639b30_010.jpg | Source: blinkit | URL: https://cdn.grofers.com/cdn-cgi/image/f=auto,fit=scale-down,q=70,metadata=none,w=270/da/cms-assets/cms/product/rc-upload-1780405395123-272.png
2026-06-05 12:21:58.865 | INFO     | __main__:process_urls_for_product:200 - Verified Source Attribution | Product: 44632f639b30 | File: 44632f639b30_011.jpg | Source: blinkit | URL: https://cdn.grofers.com/cdn-cgi/image/f=auto,fit=scale-down,q=70,metadata=none,w=270/da/cms-assets/cms/product/rc-upload-1775533735848-312.png
2026-06-05 12:22:01.850 | INFO     | nure.image_sources:collect_amazon_images:189 - Amazon 'Wagh Bakri Black Tea': 2 URLs
2026-06-05 12:22:03.595 | INFO     | nure.image_sources:collect_bing_images:160 - Bing 'Wagh Bakri Black Tea': 0 URLs
2026-06-05 12:22:41.130 | INFO     | __main__:process_urls_for_product:200 - Verified Source Attribution | Product: 470cc9066ddb | File: 470cc9066ddb_000.jpg | Source: amazon | URL: https://m.media-amazon.com/images/I/31Ip4aURUpL.png
2026-06-05 12:22:42.026 | INFO     | __main__:process_urls_for_product:200 - Verified Source Attribution | Product: 470cc9066ddb | File: 470cc9066ddb_001.jpg | Source: amazon | URL: https://m.media-amazon.com/images/I/71rlnnuICSL.jpg
2026-06-05 12:22:42.237 | INFO     | __main__:download_product_images:254 - Product 470cc9066ddb has 2 images (min 10). Using Playwright fallback.
2026-06-05 12:22:45.742 | INFO     | nure.playwright_sources:collect_playwright_images:99 - Playwright blinkit 'Wagh Bakri Black Tea': 15 URLs
2026-06-05 12:22:49.131 | DEBUG    | nure.playwright_sources:collect_playwright_images:95 - Playwright timeout for bigbasket on Wagh Bakri Black Tea
2026-06-05 12:22:49.131 | INFO     | nure.playwright_sources:collect_playwright_images:99 - Playwright bigbasket 'Wagh Bakri Black Tea': 0 URLs
2026-06-05 12:22:51.468 | INFO     | nure.playwright_sources:collect_playwright_images:99 - Playwright jiomart 'Wagh Bakri Black Tea': 1 URLs
2026-06-05 12:22:54.086 | INFO     | nure.playwright_sources:collect_playwright_images:99 - Playwright flipkart 'Wagh Bakri Black Tea': 0 URLs
2026-06-05 12:22:54.254 | INFO     | __main__:process_urls_for_product:200 - Verified Source Attribution | Product: 470cc9066ddb | File: 470cc9066ddb_002.jpg | Source: blinkit | URL: https://cdn.grofers.com/cdn-cgi/image/f=auto,fit=scale-down,q=70,metadata=none,w=270/da/cms-assets/cms/product/1ebf36f9-58b0-422c-b7f8-05a45da39989.png
2026-06-05 12:22:54.658 | INFO     | __main__:process_urls_for_product:200 - Verified Source Attribution | Product: 470cc9066ddb | File: 470cc9066ddb_003.jpg | Source: blinkit | URL: https://cdn.grofers.com/cdn-cgi/image/f=auto,fit=scale-down,q=70,metadata=none,w=270/da/cms-assets/cms/product/rc-upload-1778823645645-156.png
2026-06-05 12:22:54.985 | INFO     | __main__:process_urls_for_product:200 - Verified Source Attribution | Product: 470cc9066ddb | File: 470cc9066ddb_004.jpg | Source: blinkit | URL: https://cdn.grofers.com/cdn-cgi/image/f=auto,fit=scale-down,q=70,metadata=none,w=270/da/cms-assets/cms/product/ecc1dca5-4f2f-4b34-9308-b57eb45cd011.png
2026-06-05 12:22:55.425 | INFO     | __main__:process_urls_for_product:200 - Verified Source Attribution | Product: 470cc9066ddb | File: 470cc9066ddb_005.jpg | Source: blinkit | URL: https://cdn.grofers.com/cdn-cgi/image/f=auto,fit=scale-down,q=70,metadata=none,w=270/da/cms-assets/cms/product/3bcdcb24-cef3-4862-b007-0f40cede586d.png
2026-06-05 12:22:55.751 | INFO     | __main__:process_urls_for_product:200 - Verified Source Attribution | Product: 470cc9066ddb | File: 470cc9066ddb_006.jpg | Source: blinkit | URL: https://cdn.grofers.com/cdn-cgi/image/f=auto,fit=scale-down,q=70,metadata=none,w=270/da/cms-assets/cms/product/8359630e-b732-4f70-9006-aa8cba394093.png
2026-06-05 12:22:56.073 | INFO     | __main__:process_urls_for_product:200 - Verified Source Attribution | Product: 470cc9066ddb | File: 470cc9066ddb_007.jpg | Source: blinkit | URL: https://cdn.grofers.com/cdn-cgi/image/f=auto,fit=scale-down,q=70,metadata=none,w=270/da/cms-assets/cms/product/c569fb1c-f90a-48ec-9698-dff41456ac61.png
2026-06-05 12:22:56.390 | INFO     | __main__:process_urls_for_product:200 - Verified Source Attribution | Product: 470cc9066ddb | File: 470cc9066ddb_008.jpg | Source: blinkit | URL: https://cdn.grofers.com/cdn-cgi/image/f=auto,fit=scale-down,q=70,metadata=none,w=270/da/cms-assets/cms/product/rc-upload-1777368885000-75.png
2026-06-05 12:22:56.721 | INFO     | __main__:process_urls_for_product:200 - Verified Source Attribution | Product: 470cc9066ddb | File: 470cc9066ddb_009.jpg | Source: blinkit | URL: https://cdn.grofers.com/cdn-cgi/image/f=auto,fit=scale-down,q=70,metadata=none,w=270/da/cms-assets/cms/product/rc-upload-1779095383481-4.png
2026-06-05 12:22:57.068 | INFO     | __main__:process_urls_for_product:200 - Verified Source Attribution | Product: 470cc9066ddb | File: 470cc9066ddb_010.jpg | Source: blinkit | URL: https://cdn.grofers.com/cdn-cgi/image/f=auto,fit=scale-down,q=70,metadata=none,w=270/da/cms-assets/cms/product/d3a1d87a-372f-4453-bfab-1d4659a2759e.png
2026-06-05 12:22:57.500 | INFO     | __main__:process_urls_for_product:200 - Verified Source Attribution | Product: 470cc9066ddb | File: 470cc9066ddb_011.jpg | Source: blinkit | URL: https://cdn.grofers.com/cdn-cgi/image/f=auto,fit=scale-down,q=70,metadata=none,w=270/da/cms-assets/cms/product/rc-upload-1779279024484-264.png
2026-06-05 12:22:57.823 | INFO     | __main__:process_urls_for_product:200 - Verified Source Attribution | Product: 470cc9066ddb | File: 470cc9066ddb_012.jpg | Source: blinkit | URL: https://cdn.grofers.com/cdn-cgi/image/f=auto,fit=scale-down,q=70,metadata=none,w=270/da/cms-assets/cms/product/df36160c-a8a9-4310-af0c-e443751ff274.png
2026-06-05 12:22:58.156 | INFO     | __main__:process_urls_for_product:200 - Verified Source Attribution | Product: 470cc9066ddb | File: 470cc9066ddb_013.jpg | Source: blinkit | URL: https://cdn.grofers.com/cdn-cgi/image/f=auto,fit=scale-down,q=70,metadata=none,w=270/da/cms-assets/cms/product/a4e13a5a-7e13-4fc0-921e-cba9989cc2fa.png
2026-06-05 12:25:02.298 | INFO     | __main__:download_product_images:254 - Product ed682c022a32 has 0 images (min 10). Using Playwright fallback.
2026-06-05 12:25:06.183 | INFO     | nure.playwright_sources:collect_playwright_images:99 - Playwright blinkit 'Abbott PediaSure sabor vainill': 15 URLs
2026-06-05 12:25:09.598 | DEBUG    | nure.playwright_sources:collect_playwright_images:95 - Playwright timeout for bigbasket on Abbott PediaSure sabor vainill
2026-06-05 12:25:09.599 | INFO     | nure.playwright_sources:collect_playwright_images:99 - Playwright bigbasket 'Abbott PediaSure sabor vainill': 0 URLs
2026-06-05 12:25:12.122 | INFO     | nure.playwright_sources:collect_playwright_images:99 - Playwright jiomart 'Abbott PediaSure sabor vainill': 1 URLs
2026-06-05 12:25:14.734 | INFO     | nure.playwright_sources:collect_playwright_images:99 - Playwright flipkart 'Abbott PediaSure sabor vainill': 0 URLs
2026-06-05 12:25:14.912 | INFO     | __main__:process_urls_for_product:200 - Verified Source Attribution | Product: ed682c022a32 | File: ed682c022a32_000.jpg | Source: blinkit | URL: https://cdn.grofers.com/cdn-cgi/image/f=auto,fit=scale-down,q=70,metadata=none,w=270/da/cms-assets/cms/product/7cbc4e61-a373-4753-ab48-331a6dd1df09.png
2026-06-05 12:25:15.323 | INFO     | __main__:process_urls_for_product:200 - Verified Source Attribution | Product: ed682c022a32 | File: ed682c022a32_001.jpg | Source: blinkit | URL: https://cdn.grofers.com/cdn-cgi/image/f=auto,fit=scale-down,q=70,metadata=none,w=270/da/cms-assets/cms/product/rc-upload-1779788502450-49.png
2026-06-05 12:25:15.827 | INFO     | __main__:process_urls_for_product:200 - Verified Source Attribution | Product: ed682c022a32 | File: ed682c022a32_002.jpg | Source: blinkit | URL: https://cdn.grofers.com/cdn-cgi/image/f=auto,fit=scale-down,q=70,metadata=none,w=270/da/cms-assets/cms/product/a77c421a-7545-49b6-bb74-1063242b6301.png
2026-06-05 12:25:16.143 | INFO     | __main__:process_urls_for_product:200 - Verified Source Attribution | Product: ed682c022a32 | File: ed682c022a32_003.jpg | Source: blinkit | URL: https://cdn.grofers.com/cdn-cgi/image/f=auto,fit=scale-down,q=70,metadata=none,w=270/da/cms-assets/cms/product/a27e85c1-58da-4d7c-a39d-58f66a1e40d0.png
2026-06-05 12:25:16.475 | INFO     | __main__:process_urls_for_product:200 - Verified Source Attribution | Product: ed682c022a32 | File: ed682c022a32_004.jpg | Source: blinkit | URL: https://cdn.grofers.com/cdn-cgi/image/f=auto,fit=scale-down,q=70,metadata=none,w=270/da/cms-assets/cms/product/rc-upload-1775553956612-171.png
2026-06-05 12:25:16.822 | INFO     | __main__:process_urls_for_product:200 - Verified Source Attribution | Product: ed682c022a32 | File: ed682c022a32_005.jpg | Source: blinkit | URL: https://cdn.grofers.com/cdn-cgi/image/f=auto,fit=scale-down,q=70,metadata=none,w=270/da/cms-assets/cms/product/8412c422-dd8d-455f-bc5c-a06a8c1906a5.png?bg_token=Colour%2Fsurface%2F00FFFFFF
2026-06-05 12:25:17.204 | INFO     | __main__:process_urls_for_product:200 - Verified Source Attribution | Product: ed682c022a32 | File: ed682c022a32_006.jpg | Source: blinkit | URL: https://cdn.grofers.com/cdn-cgi/image/f=auto,fit=scale-down,q=70,metadata=none,w=270/da/cms-assets/cms/product/rc-upload-1777267443546-1195.png?bg_token=Colour%2Fsurface%2F00FFFFFF
2026-06-05 12:25:17.545 | INFO     | __main__:process_urls_for_product:200 - Verified Source Attribution | Product: ed682c022a32 | File: ed682c022a32_007.jpg | Source: blinkit | URL: https://cdn.grofers.com/cdn-cgi/image/f=auto,fit=scale-down,q=70,metadata=none,w=270/da/cms-assets/cms/product/rc-upload-1779705151382-425.png
2026-06-05 12:25:17.892 | INFO     | __main__:process_urls_for_product:200 - Verified Source Attribution | Product: ed682c022a32 | File: ed682c022a32_008.jpg | Source: blinkit | URL: https://cdn.grofers.com/cdn-cgi/image/f=auto,fit=scale-down,q=70,metadata=none,w=270/da/cms-assets/cms/product/48d790fb-d3fb-4589-b5cc-30047b382cbc.png?bg_token=Colour%2Fsurface%2F00FFFFFF
2026-06-05 12:25:18.221 | INFO     | __main__:process_urls_for_product:200 - Verified Source Attribution | Product: ed682c022a32 | File: ed682c022a32_009.jpg | Source: blinkit | URL: https://cdn.grofers.com/cdn-cgi/image/f=auto,fit=scale-down,q=70,metadata=none,w=270/da/cms-assets/cms/product/9fb116e6-2dd9-4dec-a741-cd21820f349d.png
2026-06-05 12:25:18.552 | INFO     | __main__:process_urls_for_product:200 - Verified Source Attribution | Product: ed682c022a32 | File: ed682c022a32_010.jpg | Source: blinkit | URL: https://cdn.grofers.com/cdn-cgi/image/f=auto,fit=scale-down,q=70,metadata=none,w=270/da/cms-assets/cms/product/3958699a-45ba-463e-910e-611aaa474044.png
2026-06-05 12:25:18.882 | INFO     | __main__:process_urls_for_product:200 - Verified Source Attribution | Product: ed682c022a32 | File: ed682c022a32_011.jpg | Source: blinkit | URL: https://cdn.grofers.com/cdn-cgi/image/f=auto,fit=scale-down,q=70,metadata=none,w=270/da/cms-assets/cms/product/rc-upload-1774604194229-57.png
2026-06-05 12:25:19.210 | INFO     | __main__:process_urls_for_product:200 - Verified Source Attribution | Product: ed682c022a32 | File: ed682c022a32_012.jpg | Source: blinkit | URL: https://cdn.grofers.com/cdn-cgi/image/f=auto,fit=scale-down,q=70,metadata=none,w=270/da/cms-assets/cms/product/267f8094-758e-49e3-be3f-7d245e82a16a.png
2026-06-05 12:27:02.218 | INFO     | __main__:download_product_images:254 - Product 081ac2af932f has 0 images (min 10). Using Playwright fallback.
2026-06-05 12:27:05.927 | INFO     | nure.playwright_sources:collect_playwright_images:99 - Playwright blinkit 'Heinz Strawberry, Banana, Rasp': 15 URLs
2026-06-05 12:27:09.368 | DEBUG    | nure.playwright_sources:collect_playwright_images:95 - Playwright timeout for bigbasket on Heinz Strawberry, Banana, Rasp
2026-06-05 12:27:09.369 | INFO     | nure.playwright_sources:collect_playwright_images:99 - Playwright bigbasket 'Heinz Strawberry, Banana, Rasp': 0 URLs
2026-06-05 12:27:11.593 | INFO     | nure.playwright_sources:collect_playwright_images:99 - Playwright jiomart 'Heinz Strawberry, Banana, Rasp': 1 URLs
2026-06-05 12:27:14.148 | INFO     | nure.playwright_sources:collect_playwright_images:99 - Playwright flipkart 'Heinz Strawberry, Banana, Rasp': 0 URLs
2026-06-05 12:27:14.315 | INFO     | __main__:process_urls_for_product:200 - Verified Source Attribution | Product: 081ac2af932f | File: 081ac2af932f_000.jpg | Source: blinkit | URL: https://cdn.grofers.com/cdn-cgi/image/f=auto,fit=scale-down,q=70,metadata=none,w=270/da/cms-assets/cms/product/da8a36d6-dfd1-4a8e-8b76-5756d87c6fc7.png
2026-06-05 12:27:14.829 | INFO     | __main__:process_urls_for_product:200 - Verified Source Attribution | Product: 081ac2af932f | File: 081ac2af932f_001.jpg | Source: blinkit | URL: https://cdn.grofers.com/cdn-cgi/image/f=auto,fit=scale-down,q=70,metadata=none,w=270/da/cms-assets/cms/product/rc-upload-1773988173143-584.png
2026-06-05 12:27:15.152 | INFO     | __main__:process_urls_for_product:200 - Verified Source Attribution | Product: 081ac2af932f | File: 081ac2af932f_002.jpg | Source: blinkit | URL: https://cdn.grofers.com/cdn-cgi/image/f=auto,fit=scale-down,q=70,metadata=none,w=270/da/cms-assets/cms/product/rc-upload-1771307398336-111.png
2026-06-05 12:27:15.493 | INFO     | __main__:process_urls_for_product:200 - Verified Source Attribution | Product: 081ac2af932f | File: 081ac2af932f_003.jpg | Source: blinkit | URL: https://cdn.grofers.com/cdn-cgi/image/f=auto,fit=scale-down,q=70,metadata=none,w=270/da/cms-assets/cms/product/fee75f50-3cfa-4687-ab6b-e7bff5b8b97b.png
2026-06-05 12:27:15.809 | INFO     | __main__:process_urls_for_product:200 - Verified Source Attribution | Product: 081ac2af932f | File: 081ac2af932f_004.jpg | Source: blinkit | URL: https://cdn.grofers.com/cdn-cgi/image/f=auto,fit=scale-down,q=70,metadata=none,w=270/da/cms-assets/cms/product/869c0bfc-9068-4b04-ac53-789eaf54e649.png
2026-06-05 12:27:16.146 | INFO     | __main__:process_urls_for_product:200 - Verified Source Attribution | Product: 081ac2af932f | File: 081ac2af932f_005.jpg | Source: blinkit | URL: https://cdn.grofers.com/cdn-cgi/image/f=auto,fit=scale-down,q=70,metadata=none,w=270/da/cms-assets/cms/product/rc-upload-1774357330113-91.png
2026-06-05 12:27:16.465 | INFO     | __main__:process_urls_for_product:200 - Verified Source Attribution | Product: 081ac2af932f | File: 081ac2af932f_006.jpg | Source: blinkit | URL: https://cdn.grofers.com/cdn-cgi/image/f=auto,fit=scale-down,q=70,metadata=none,w=270/da/cms-assets/cms/product/9b6c5119-b876-42cb-84bc-cd91f1d5d33b.png
2026-06-05 12:27:17.023 | INFO     | __main__:process_urls_for_product:200 - Verified Source Attribution | Product: 081ac2af932f | File: 081ac2af932f_007.jpg | Source: blinkit | URL: https://cdn.grofers.com/cdn-cgi/image/f=auto,fit=scale-down,q=70,metadata=none,w=270/da/cms-assets/cms/product/rc-upload-1779355066984-47.png
2026-06-05 12:27:17.393 | INFO     | __main__:process_urls_for_product:200 - Verified Source Attribution | Product: 081ac2af932f | File: 081ac2af932f_008.jpg | Source: blinkit | URL: https://cdn.grofers.com/cdn-cgi/image/f=auto,fit=scale-down,q=70,metadata=none,w=270/da/cms-assets/cms/product/a7836f8e-a4b0-49f6-bba5-d53ccae5b7e4.png
2026-06-05 12:27:17.717 | INFO     | __main__:process_urls_for_product:200 - Verified Source Attribution | Product: 081ac2af932f | File: 081ac2af932f_009.jpg | Source: blinkit | URL: https://cdn.grofers.com/cdn-cgi/image/f=auto,fit=scale-down,q=70,metadata=none,w=270/da/cms-assets/cms/product/rc-upload-1778470572131-1581.png
2026-06-05 12:27:18.040 | INFO     | __main__:process_urls_for_product:200 - Verified Source Attribution | Product: 081ac2af932f | File: 081ac2af932f_010.jpg | Source: blinkit | URL: https://cdn.grofers.com/cdn-cgi/image/f=auto,fit=scale-down,q=70,metadata=none,w=270/da/cms-assets/cms/product/44ff1d2b-7c78-403e-ba93-0ab49f72e8e1.png
2026-06-05 12:27:21.033 | INFO     | nure.image_sources:collect_amazon_images:189 - Amazon 'Aashirvaad Atta Whole Wheat Flour With M': 2 URLs
2026-06-05 12:27:23.078 | INFO     | nure.image_sources:collect_bing_images:160 - Bing 'Aashirvaad Atta Whole Wheat Flour With M': 0 URLs
2026-06-05 12:28:00.060 | INFO     | __main__:process_urls_for_product:200 - Verified Source Attribution | Product: 9cd2c9668750 | File: 9cd2c9668750_000.jpg | Source: amazon | URL: https://m.media-amazon.com/images/I/31Ip4aURUpL.png
2026-06-05 12:28:00.786 | INFO     | __main__:process_urls_for_product:200 - Verified Source Attribution | Product: 9cd2c9668750 | File: 9cd2c9668750_001.jpg | Source: amazon | URL: https://m.media-amazon.com/images/I/617eOW2cNOL.jpg
2026-06-05 12:28:00.999 | INFO     | __main__:download_product_images:254 - Product 9cd2c9668750 has 2 images (min 10). Using Playwright fallback.
2026-06-05 12:28:04.774 | INFO     | nure.playwright_sources:collect_playwright_images:99 - Playwright blinkit 'Aashirvaad Atta Whole Wheat Fl': 15 URLs
2026-06-05 12:28:08.155 | DEBUG    | nure.playwright_sources:collect_playwright_images:95 - Playwright timeout for bigbasket on Aashirvaad Atta Whole Wheat Fl
2026-06-05 12:28:08.156 | INFO     | nure.playwright_sources:collect_playwright_images:99 - Playwright bigbasket 'Aashirvaad Atta Whole Wheat Fl': 0 URLs
2026-06-05 12:28:11.098 | INFO     | nure.playwright_sources:collect_playwright_images:99 - Playwright jiomart 'Aashirvaad Atta Whole Wheat Fl': 1 URLs
2026-06-05 12:28:13.578 | INFO     | nure.playwright_sources:collect_playwright_images:99 - Playwright flipkart 'Aashirvaad Atta Whole Wheat Fl': 0 URLs
2026-06-05 12:28:13.753 | INFO     | __main__:process_urls_for_product:200 - Verified Source Attribution | Product: 9cd2c9668750 | File: 9cd2c9668750_002.jpg | Source: blinkit | URL: https://cdn.grofers.com/cdn-cgi/image/f=auto,fit=scale-down,q=70,metadata=none,w=270/da/cms-assets/cms/product/99c07f65-9c5b-4fc4-927b-7be3f2bea854.png
2026-06-05 12:28:14.278 | INFO     | __main__:process_urls_for_product:200 - Verified Source Attribution | Product: 9cd2c9668750 | File: 9cd2c9668750_003.jpg | Source: blinkit | URL: https://cdn.grofers.com/cdn-cgi/image/f=auto,fit=scale-down,q=70,metadata=none,w=270/da/cms-assets/cms/product/b9bb083d-b44f-42a7-922c-39abd37a446c.png
2026-06-05 12:28:14.595 | INFO     | __main__:process_urls_for_product:200 - Verified Source Attribution | Product: 9cd2c9668750 | File: 9cd2c9668750_004.jpg | Source: blinkit | URL: https://cdn.grofers.com/cdn-cgi/image/f=auto,fit=scale-down,q=70,metadata=none,w=270/da/cms-assets/cms/product/rc-upload-1776471758958-226.png
2026-06-05 12:28:14.932 | INFO     | __main__:process_urls_for_product:200 - Verified Source Attribution | Product: 9cd2c9668750 | File: 9cd2c9668750_005.jpg | Source: blinkit | URL: https://cdn.grofers.com/cdn-cgi/image/f=auto,fit=scale-down,q=70,metadata=none,w=270/da/cms-assets/cms/product/rc-upload-1773209973109-467.png
2026-06-05 12:28:15.265 | INFO     | __main__:process_urls_for_product:200 - Verified Source Attribution | Product: 9cd2c9668750 | File: 9cd2c9668750_006.jpg | Source: blinkit | URL: https://cdn.grofers.com/cdn-cgi/image/f=auto,fit=scale-down,q=70,metadata=none,w=270/da/cms-assets/cms/product/rc-upload-1779248476545-170.png
2026-06-05 12:28:15.604 | INFO     | __main__:process_urls_for_product:200 - Verified Source Attribution | Product: 9cd2c9668750 | File: 9cd2c9668750_007.jpg | Source: blinkit | URL: https://cdn.grofers.com/cdn-cgi/image/f=auto,fit=scale-down,q=70,metadata=none,w=270/da/cms-assets/cms/product/94a662e0-1865-4641-8543-77d39cc95e6b.png
2026-06-05 12:28:15.923 | INFO     | __main__:process_urls_for_product:200 - Verified Source Attribution | Product: 9cd2c9668750 | File: 9cd2c9668750_008.jpg | Source: blinkit | URL: https://cdn.grofers.com/cdn-cgi/image/f=auto,fit=scale-down,q=70,metadata=none,w=270/da/cms-assets/cms/product/rc-upload-1771857678119-83.png
2026-06-05 12:28:16.245 | INFO     | __main__:process_urls_for_product:200 - Verified Source Attribution | Product: 9cd2c9668750 | File: 9cd2c9668750_009.jpg | Source: blinkit | URL: https://cdn.grofers.com/cdn-cgi/image/f=auto,fit=scale-down,q=70,metadata=none,w=270/da/cms-assets/cms/product/f61dc7f1-ed4b-45d1-864c-2446a8de1959.png
2026-06-05 12:28:16.684 | INFO     | __main__:process_urls_for_product:200 - Verified Source Attribution | Product: 9cd2c9668750 | File: 9cd2c9668750_010.jpg | Source: blinkit | URL: https://cdn.grofers.com/cdn-cgi/image/f=auto,fit=scale-down,q=70,metadata=none,w=270/da/cms-assets/cms/product/a6be257d-8d32-4b37-9f15-a72398d6a2fd.png
2026-06-05 12:28:17.022 | INFO     | __main__:process_urls_for_product:200 - Verified Source Attribution | Product: 9cd2c9668750 | File: 9cd2c9668750_011.jpg | Source: blinkit | URL: https://cdn.grofers.com/cdn-cgi/image/f=auto,fit=scale-down,q=70,metadata=none,w=270/da/cms-assets/cms/product/1b665fa0-cf61-4007-bed2-14cf2ee4baae.png
2026-06-05 12:28:17.345 | INFO     | __main__:process_urls_for_product:200 - Verified Source Attribution | Product: 9cd2c9668750 | File: 9cd2c9668750_012.jpg | Source: blinkit | URL: https://cdn.grofers.com/cdn-cgi/image/f=auto,fit=scale-down,q=70,metadata=none,w=270/da/cms-assets/cms/product/63708712-d1dd-4676-9da1-8ad476fe29ac.png
2026-06-05 12:28:17.677 | INFO     | __main__:process_urls_for_product:200 - Verified Source Attribution | Product: 9cd2c9668750 | File: 9cd2c9668750_013.jpg | Source: blinkit | URL: https://cdn.grofers.com/cdn-cgi/image/f=auto,fit=scale-down,q=70,metadata=none,w=270/da/cms-assets/cms/product/2496ea2d-786f-4f6f-b8a1-3c8adae5d142.png
2026-06-05 12:29:14.667 | INFO     | __main__:download_product_images:254 - Product f542561e171d has 0 images (min 10). Using Playwright fallback.
2026-06-05 12:29:18.215 | INFO     | nure.playwright_sources:collect_playwright_images:99 - Playwright blinkit 'Annam Toor Dal': 15 URLs
2026-06-05 12:29:21.597 | DEBUG    | nure.playwright_sources:collect_playwright_images:95 - Playwright timeout for bigbasket on Annam Toor Dal
2026-06-05 12:29:21.598 | INFO     | nure.playwright_sources:collect_playwright_images:99 - Playwright bigbasket 'Annam Toor Dal': 0 URLs
2026-06-05 12:29:24.603 | INFO     | nure.playwright_sources:collect_playwright_images:99 - Playwright jiomart 'Annam Toor Dal': 1 URLs
2026-06-05 12:29:27.133 | INFO     | nure.playwright_sources:collect_playwright_images:99 - Playwright flipkart 'Annam Toor Dal': 0 URLs
2026-06-05 12:29:27.298 | INFO     | __main__:process_urls_for_product:200 - Verified Source Attribution | Product: f542561e171d | File: f542561e171d_000.jpg | Source: blinkit | URL: https://cdn.grofers.com/cdn-cgi/image/f=auto,fit=scale-down,q=70,metadata=none,w=270/da/cms-assets/cms/product/33bc0373-f434-4cc1-97b6-af6f50cf2176.png
2026-06-05 12:29:27.714 | INFO     | __main__:process_urls_for_product:200 - Verified Source Attribution | Product: f542561e171d | File: f542561e171d_001.jpg | Source: blinkit | URL: https://cdn.grofers.com/cdn-cgi/image/f=auto,fit=scale-down,q=70,metadata=none,w=270/da/cms-assets/cms/product/0c76b7bb-ef40-40c7-8ce9-32c8d55a7663.png
2026-06-05 12:29:28.034 | INFO     | __main__:process_urls_for_product:200 - Verified Source Attribution | Product: f542561e171d | File: f542561e171d_002.jpg | Source: blinkit | URL: https://cdn.grofers.com/cdn-cgi/image/f=auto,fit=scale-down,q=70,metadata=none,w=270/da/cms-assets/cms/product/a38d70b9-59e1-4ced-b06e-a2238c670e12.png
2026-06-05 12:29:28.369 | INFO     | __main__:process_urls_for_product:200 - Verified Source Attribution | Product: f542561e171d | File: f542561e171d_003.jpg | Source: blinkit | URL: https://cdn.grofers.com/cdn-cgi/image/f=auto,fit=scale-down,q=70,metadata=none,w=270/da/cms-assets/cms/product/30d568a1-c12d-4aa4-9405-c2e8ada1dde0.png
2026-06-05 12:29:28.701 | INFO     | __main__:process_urls_for_product:200 - Verified Source Attribution | Product: f542561e171d | File: f542561e171d_004.jpg | Source: blinkit | URL: https://cdn.grofers.com/cdn-cgi/image/f=auto,fit=scale-down,q=70,metadata=none,w=270/da/cms-assets/cms/product/rc-upload-1771077457557-24.png
2026-06-05 12:29:29.153 | INFO     | __main__:process_urls_for_product:200 - Verified Source Attribution | Product: f542561e171d | File: f542561e171d_005.jpg | Source: blinkit | URL: https://cdn.grofers.com/cdn-cgi/image/f=auto,fit=scale-down,q=70,metadata=none,w=270/da/cms-assets/cms/product/22c9bbc3-0dc5-4d9b-8c9a-7e0ec7c061d1.png
2026-06-05 12:29:29.516 | INFO     | __main__:process_urls_for_product:200 - Verified Source Attribution | Product: f542561e171d | File: f542561e171d_006.jpg | Source: blinkit | URL: https://cdn.grofers.com/cdn-cgi/image/f=auto,fit=scale-down,q=70,metadata=none,w=270/da/cms-assets/cms/product/11cd3349-3852-4f32-ae93-0562a540c647.png
2026-06-05 12:29:29.842 | INFO     | __main__:process_urls_for_product:200 - Verified Source Attribution | Product: f542561e171d | File: f542561e171d_007.jpg | Source: blinkit | URL: https://cdn.grofers.com/cdn-cgi/image/f=auto,fit=scale-down,q=70,metadata=none,w=270/da/cms-assets/cms/product/rc-upload-1777287844551-366.png
2026-06-05 12:29:30.167 | INFO     | __main__:process_urls_for_product:200 - Verified Source Attribution | Product: f542561e171d | File: f542561e171d_008.jpg | Source: blinkit | URL: https://cdn.grofers.com/cdn-cgi/image/f=auto,fit=scale-down,q=70,metadata=none,w=270/da/cms-assets/cms/product/10e2287b-b293-43c4-8570-ff9eb409b1eb.png
2026-06-05 12:29:30.504 | INFO     | __main__:process_urls_for_product:200 - Verified Source Attribution | Product: f542561e171d | File: f542561e171d_009.jpg | Source: blinkit | URL: https://cdn.grofers.com/cdn-cgi/image/f=auto,fit=scale-down,q=70,metadata=none,w=270/da/cms-assets/cms/product/bdcee737-aabd-4eb4-a642-90a086006976.png
2026-06-05 12:29:30.964 | INFO     | __main__:process_urls_for_product:200 - Verified Source Attribution | Product: f542561e171d | File: f542561e171d_010.jpg | Source: blinkit | URL: https://cdn.grofers.com/cdn-cgi/image/f=auto,fit=scale-down,q=70,metadata=none,w=270/da/cms-assets/cms/product/72e84ea6-64d5-409c-8e43-e1d7af31e6c9.png
2026-06-05 12:29:33.672 | INFO     | nure.image_sources:collect_amazon_images:189 - Amazon 'Diya Moong dal, split moong beans (witho': 2 URLs
2026-06-05 12:29:35.234 | INFO     | nure.image_sources:collect_bing_images:160 - Bing 'Diya Moong dal, split moong beans (witho': 0 URLs
2026-06-05 12:30:12.811 | INFO     | __main__:process_urls_for_product:200 - Verified Source Attribution | Product: b878773f54ab | File: b878773f54ab_000.jpg | Source: amazon | URL: https://m.media-amazon.com/images/I/31Ip4aURUpL.png
2026-06-05 12:30:14.440 | INFO     | __main__:process_urls_for_product:200 - Verified Source Attribution | Product: b878773f54ab | File: b878773f54ab_001.jpg | Source: amazon | URL: https://m.media-amazon.com/images/I/71ihk-uRlAL.jpg
2026-06-05 12:30:14.642 | INFO     | __main__:download_product_images:254 - Product b878773f54ab has 2 images (min 10). Using Playwright fallback.
2026-06-05 12:30:18.262 | INFO     | nure.playwright_sources:collect_playwright_images:99 - Playwright blinkit 'Diya Moong dal, split moong be': 15 URLs
2026-06-05 12:30:21.696 | DEBUG    | nure.playwright_sources:collect_playwright_images:95 - Playwright timeout for bigbasket on Diya Moong dal, split moong be
2026-06-05 12:30:21.697 | INFO     | nure.playwright_sources:collect_playwright_images:99 - Playwright bigbasket 'Diya Moong dal, split moong be': 0 URLs
2026-06-05 12:30:24.103 | INFO     | nure.playwright_sources:collect_playwright_images:99 - Playwright jiomart 'Diya Moong dal, split moong be': 1 URLs
2026-06-05 12:30:26.550 | INFO     | nure.playwright_sources:collect_playwright_images:99 - Playwright flipkart 'Diya Moong dal, split moong be': 0 URLs
2026-06-05 12:30:26.720 | INFO     | __main__:process_urls_for_product:200 - Verified Source Attribution | Product: b878773f54ab | File: b878773f54ab_002.jpg | Source: blinkit | URL: https://cdn.grofers.com/cdn-cgi/image/f=auto,fit=scale-down,q=70,metadata=none,w=270/da/cms-assets/cms/product/d0799cef-246f-4750-a878-49f893403c2c.png
2026-06-05 12:30:27.208 | INFO     | __main__:process_urls_for_product:200 - Verified Source Attribution | Product: b878773f54ab | File: b878773f54ab_003.jpg | Source: blinkit | URL: https://cdn.grofers.com/cdn-cgi/image/f=auto,fit=scale-down,q=70,metadata=none,w=270/da/cms-assets/cms/product/rc-upload-1777287844551-590.png
2026-06-05 12:30:27.532 | INFO     | __main__:process_urls_for_product:200 - Verified Source Attribution | Product: b878773f54ab | File: b878773f54ab_004.jpg | Source: blinkit | URL: https://cdn.grofers.com/cdn-cgi/image/f=auto,fit=scale-down,q=70,metadata=none,w=270/da/cms-assets/cms/product/936427fc-590e-48c4-a71c-fb4d9aa8f49f.png
2026-06-05 12:30:27.862 | INFO     | __main__:process_urls_for_product:200 - Verified Source Attribution | Product: b878773f54ab | File: b878773f54ab_005.jpg | Source: blinkit | URL: https://cdn.grofers.com/cdn-cgi/image/f=auto,fit=scale-down,q=70,metadata=none,w=270/da/cms-assets/cms/product/2f09aa70-13fe-499d-8cfa-7a2d55b5296b.png
2026-06-05 12:30:28.313 | INFO     | __main__:process_urls_for_product:200 - Verified Source Attribution | Product: b878773f54ab | File: b878773f54ab_006.jpg | Source: blinkit | URL: https://cdn.grofers.com/cdn-cgi/image/f=auto,fit=scale-down,q=70,metadata=none,w=270/da/cms-assets/cms/product/05191d57-65fd-4df5-9dce-c4bf44ac136a.png
2026-06-05 12:30:28.641 | INFO     | __main__:process_urls_for_product:200 - Verified Source Attribution | Product: b878773f54ab | File: b878773f54ab_007.jpg | Source: blinkit | URL: https://cdn.grofers.com/cdn-cgi/image/f=auto,fit=scale-down,q=70,metadata=none,w=270/da/cms-assets/cms/product/73bb6122-b99e-4fb0-99f0-ab1e4012a2e6.png
2026-06-05 12:30:29.090 | INFO     | __main__:process_urls_for_product:200 - Verified Source Attribution | Product: b878773f54ab | File: b878773f54ab_008.jpg | Source: blinkit | URL: https://cdn.grofers.com/cdn-cgi/image/f=auto,fit=scale-down,q=70,metadata=none,w=270/da/cms-assets/cms/product/21b2d69a-c40a-459c-ad41-40d528b08890.png
2026-06-05 12:30:29.418 | INFO     | __main__:process_urls_for_product:200 - Verified Source Attribution | Product: b878773f54ab | File: b878773f54ab_009.jpg | Source: blinkit | URL: https://cdn.grofers.com/cdn-cgi/image/f=auto,fit=scale-down,q=70,metadata=none,w=270/da/cms-assets/cms/product/d8ae4975-0d58-4690-a46f-2e53bc9b0865.png
2026-06-05 12:30:29.872 | INFO     | __main__:process_urls_for_product:200 - Verified Source Attribution | Product: b878773f54ab | File: b878773f54ab_010.jpg | Source: blinkit | URL: https://cdn.grofers.com/cdn-cgi/image/f=auto,fit=scale-down,q=70,metadata=none,w=270/da/cms-assets/cms/product/16ed5e12-93e3-4c3c-920e-f960247e0631.png
2026-06-05 12:30:30.201 | INFO     | __main__:process_urls_for_product:200 - Verified Source Attribution | Product: b878773f54ab | File: b878773f54ab_011.jpg | Source: blinkit | URL: https://cdn.grofers.com/cdn-cgi/image/f=auto,fit=scale-down,q=70,metadata=none,w=270/da/cms-assets/cms/product/rc-upload-1777287844551-410.png
2026-06-05 12:30:30.518 | INFO     | __main__:process_urls_for_product:200 - Verified Source Attribution | Product: b878773f54ab | File: b878773f54ab_012.jpg | Source: blinkit | URL: https://cdn.grofers.com/cdn-cgi/image/f=auto,fit=scale-down,q=70,metadata=none,w=270/da/cms-assets/cms/product/0c8e51b2-daa1-4bdb-bbe3-50c43e04f7ff.png
2026-06-05 12:32:08.250 | INFO     | __main__:download_product_images:254 - Product 7203782acf09 has 0 images (min 10). Using Playwright fallback.
2026-06-05 12:32:09.112 | DEBUG    | nure.playwright_sources:collect_playwright_images:97 - Playwright error for blinkit: Page.goto: net::ERR_INTERNET_DISCONNECTED at https://blinkit.com/s/?q=Moong+Dal+Bikaji+Moong+Dal+200gm
Call log:
navigating to "https://blinkit.com/s/?q=Moong+Dal+Bikaji+Moong+Dal+200gm", waiting until "load"

2026-06-05 12:32:09.112 | INFO     | nure.playwright_sources:collect_playwright_images:99 - Playwright blinkit 'Moong Dal Bikaji Moong Dal 200': 0 URLs
2026-06-05 12:32:09.187 | DEBUG    | nure.playwright_sources:collect_playwright_images:97 - Playwright error for bigbasket: Page.goto: net::ERR_INTERNET_DISCONNECTED at https://www.bigbasket.com/ps/?q=Moong+Dal+Bikaji+Moong+Dal+200gm
Call log:
navigating to "https://www.bigbasket.com/ps/?q=Moong+Dal+Bikaji+Moong+Dal+200gm", waiting until "load"

2026-06-05 12:32:09.187 | INFO     | nure.playwright_sources:collect_playwright_images:99 - Playwright bigbasket 'Moong Dal Bikaji Moong Dal 200': 0 URLs
2026-06-05 12:32:09.206 | DEBUG    | nure.playwright_sources:collect_playwright_images:97 - Playwright error for jiomart: Page.goto: net::ERR_INTERNET_DISCONNECTED at https://www.jiomart.com/search/Moong+Dal+Bikaji+Moong+Dal+200gm
Call log:
navigating to "https://www.jiomart.com/search/Moong+Dal+Bikaji+Moong+Dal+200gm", waiting until "load"

2026-06-05 12:32:09.206 | INFO     | nure.playwright_sources:collect_playwright_images:99 - Playwright jiomart 'Moong Dal Bikaji Moong Dal 200': 0 URLs
2026-06-05 12:32:09.223 | DEBUG    | nure.playwright_sources:collect_playwright_images:97 - Playwright error for flipkart: Page.goto: net::ERR_INTERNET_DISCONNECTED at https://www.flipkart.com/search?q=Moong+Dal+Bikaji+Moong+Dal+200gm&marketplace=GROCERY
Call log:
navigating to "https://www.flipkart.com/search?q=Moong+Dal+Bikaji+Moong+Dal+200gm&marketplace=GROCERY", waiting until "load"

2026-06-05 12:32:09.223 | INFO     | nure.playwright_sources:collect_playwright_images:99 - Playwright flipkart 'Moong Dal Bikaji Moong Dal 200': 0 URLs
2026-06-05 12:32:09.335 | DEBUG    | nure.image_sources:_get:46 - GET failed: HTTPSConnectionPool(host='world.openfoodfacts.org', port=443): Max retries exceeded with url: /api/v2/product/8901063004016.json?fields=images%2Cimage_front_url%2Cimage_front_small_url%2Cimage_ingredients_url%2Cimage_nutrition_url%2Cimage_packaging_url (Caused by NameResolutionError("HTTPSConnection(host='world.openfoodfacts.org', port=443): Failed to resolve 'world.openfoodfacts.org' ([Errno 11001] getaddrinfo failed)"))
2026-06-05 12:32:09.646 | DEBUG    | nure.image_sources:_get:46 - GET failed: HTTPSConnectionPool(host='www.amazon.in', port=443): Max retries exceeded with url: /s?k=Britannia+GOOD+DAY+CHOCO+COOKIES+120g&i=grocery (Caused by NameResolutionError("HTTPSConnection(host='www.amazon.in', port=443): Failed to resolve 'www.amazon.in' ([Errno 11001] getaddrinfo failed)"))
2026-06-05 12:32:10.725 | DEBUG    | nure.image_sources:_get:46 - GET failed: HTTPSConnectionPool(host='www.bing.com', port=443): Max retries exceeded with url: /images/search?q=Britannia+GOOD+DAY+CHOCO+COOKIES (Caused by NameResolutionError("HTTPSConnection(host='www.bing.com', port=443): Failed to resolve 'www.bing.com' ([Errno 11001] getaddrinfo failed)"))
2026-06-05 12:32:10.761 | INFO     | __main__:download_product_images:254 - Product 5513121c42d9 has 0 images (min 10). Using Playwright fallback.
2026-06-05 12:32:11.580 | DEBUG    | nure.playwright_sources:collect_playwright_images:97 - Playwright error for blinkit: Page.goto: net::ERR_INTERNET_DISCONNECTED at https://blinkit.com/s/?q=Britannia+GOOD+DAY+CHOCO+COOKIES
Call log:
navigating to "https://blinkit.com/s/?q=Britannia+GOOD+DAY+CHOCO+COOKIES", waiting until "load"

2026-06-05 12:32:11.580 | INFO     | nure.playwright_sources:collect_playwright_images:99 - Playwright blinkit 'Britannia GOOD DAY CHOCO COOKI': 0 URLs
2026-06-05 12:32:11.654 | DEBUG    | nure.playwright_sources:collect_playwright_images:97 - Playwright error for bigbasket: Page.goto: net::ERR_INTERNET_DISCONNECTED at https://www.bigbasket.com/ps/?q=Britannia+GOOD+DAY+CHOCO+COOKIES
Call log:
navigating to "https://www.bigbasket.com/ps/?q=Britannia+GOOD+DAY+CHOCO+COOKIES", waiting until "load"

2026-06-05 12:32:11.655 | INFO     | nure.playwright_sources:collect_playwright_images:99 - Playwright bigbasket 'Britannia GOOD DAY CHOCO COOKI': 0 URLs
2026-06-05 12:32:11.672 | DEBUG    | nure.playwright_sources:collect_playwright_images:97 - Playwright error for jiomart: Page.goto: net::ERR_INTERNET_DISCONNECTED at https://www.jiomart.com/search/Britannia+GOOD+DAY+CHOCO+COOKIES
Call log:
navigating to "https://www.jiomart.com/search/Britannia+GOOD+DAY+CHOCO+COOKIES", waiting until "load"

2026-06-05 12:32:11.672 | INFO     | nure.playwright_sources:collect_playwright_images:99 - Playwright jiomart 'Britannia GOOD DAY CHOCO COOKI': 0 URLs
2026-06-05 12:32:11.692 | DEBUG    | nure.playwright_sources:collect_playwright_images:97 - Playwright error for flipkart: Page.goto: net::ERR_INTERNET_DISCONNECTED at https://www.flipkart.com/search?q=Britannia+GOOD+DAY+CHOCO+COOKIES+120g&marketplace=GROCERY
Call log:
navigating to "https://www.flipkart.com/search?q=Britannia+GOOD+DAY+CHOCO+COOKIES+120g&marketplace=GROCERY", waiting until "load"

2026-06-05 12:32:11.693 | INFO     | nure.playwright_sources:collect_playwright_images:99 - Playwright flipkart 'Britannia GOOD DAY CHOCO COOKI': 0 URLs
2026-06-05 12:32:11.818 | DEBUG    | nure.image_sources:_get:46 - GET failed: HTTPSConnectionPool(host='world.openfoodfacts.org', port=443): Max retries exceeded with url: /api/v2/product/0854349008124.json?fields=images%2Cimage_front_url%2Cimage_front_small_url%2Cimage_ingredients_url%2Cimage_nutrition_url%2Cimage_packaging_url (Caused by NameResolutionError("HTTPSConnection(host='world.openfoodfacts.org', port=443): Failed to resolve 'world.openfoodfacts.org' ([Errno 11001] getaddrinfo failed)"))
2026-06-05 12:32:12.128 | DEBUG    | nure.image_sources:_get:46 - GET failed: HTTPSConnectionPool(host='www.amazon.in', port=443): Max retries exceeded with url: /s?k=Brooklyn+Delhi+LLC+Red+Bean+Rajma+Masala&i=grocery (Caused by NameResolutionError("HTTPSConnection(host='www.amazon.in', port=443): Failed to resolve 'www.amazon.in' ([Errno 11001] getaddrinfo failed)"))
2026-06-05 12:32:12.958 | DEBUG    | nure.image_sources:_get:46 - GET failed: HTTPSConnectionPool(host='www.bing.com', port=443): Max retries exceeded with url: /images/search?q=Brooklyn+Delhi+LLC+Red+Bean+Rajma+Masala (Caused by NameResolutionError("HTTPSConnection(host='www.bing.com', port=443): Failed to resolve 'www.bing.com' ([Errno 11001] getaddrinfo failed)"))
2026-06-05 12:32:12.990 | INFO     | __main__:download_product_images:254 - Product 18d603c77b15 has 0 images (min 10). Using Playwright fallback.
2026-06-05 12:32:13.785 | DEBUG    | nure.playwright_sources:collect_playwright_images:97 - Playwright error for blinkit: Page.goto: net::ERR_INTERNET_DISCONNECTED at https://blinkit.com/s/?q=Brooklyn+Delhi+LLC+Red+Bean+Rajma+Masala
Call log:
navigating to "https://blinkit.com/s/?q=Brooklyn+Delhi+LLC+Red+Bean+Rajma+Masala", waiting until "load"

2026-06-05 12:32:13.785 | INFO     | nure.playwright_sources:collect_playwright_images:99 - Playwright blinkit 'Brooklyn Delhi LLC Red Bean Ra': 0 URLs
2026-06-05 12:32:13.855 | DEBUG    | nure.playwright_sources:collect_playwright_images:97 - Playwright error for bigbasket: Page.goto: net::ERR_INTERNET_DISCONNECTED at https://www.bigbasket.com/ps/?q=Brooklyn+Delhi+LLC+Red+Bean+Rajma+Masala
Call log:
navigating to "https://www.bigbasket.com/ps/?q=Brooklyn+Delhi+LLC+Red+Bean+Rajma+Masala", waiting until "load"

2026-06-05 12:32:13.856 | INFO     | nure.playwright_sources:collect_playwright_images:99 - Playwright bigbasket 'Brooklyn Delhi LLC Red Bean Ra': 0 URLs
2026-06-05 12:32:13.873 | DEBUG    | nure.playwright_sources:collect_playwright_images:97 - Playwright error for jiomart: Page.goto: net::ERR_INTERNET_DISCONNECTED at https://www.jiomart.com/search/Brooklyn+Delhi+LLC+Red+Bean+Rajma+Masala
Call log:
navigating to "https://www.jiomart.com/search/Brooklyn+Delhi+LLC+Red+Bean+Rajma+Masala", waiting until "load"

2026-06-05 12:32:13.873 | INFO     | nure.playwright_sources:collect_playwright_images:99 - Playwright jiomart 'Brooklyn Delhi LLC Red Bean Ra': 0 URLs
2026-06-05 12:32:13.893 | DEBUG    | nure.playwright_sources:collect_playwright_images:97 - Playwright error for flipkart: Page.goto: net::ERR_INTERNET_DISCONNECTED at https://www.flipkart.com/search?q=Brooklyn+Delhi+LLC+Red+Bean+Rajma+Masala&marketplace=GROCERY
Call log:
navigating to "https://www.flipkart.com/search?q=Brooklyn+Delhi+LLC+Red+Bean+Rajma+Masala&marketplace=GROCERY", waiting until "load"

2026-06-05 12:32:13.893 | INFO     | nure.playwright_sources:collect_playwright_images:99 - Playwright flipkart 'Brooklyn Delhi LLC Red Bean Ra': 0 URLs
2026-06-05 12:32:14.005 | DEBUG    | nure.image_sources:_get:46 - GET failed: HTTPSConnectionPool(host='world.openfoodfacts.org', port=443): Max retries exceeded with url: /api/v2/product/0840965000727.json?fields=images%2Cimage_front_url%2Cimage_front_small_url%2Cimage_ingredients_url%2Cimage_nutrition_url%2Cimage_packaging_url (Caused by NameResolutionError("HTTPSConnection(host='world.openfoodfacts.org', port=443): Failed to resolve 'world.openfoodfacts.org' ([Errno 11001] getaddrinfo failed)"))
2026-06-05 12:32:14.310 | DEBUG    | nure.image_sources:_get:46 - GET failed: HTTPSConnectionPool(host='www.amazon.in', port=443): Max retries exceeded with url: /s?k=MTR+Rajma+masala+300+g&i=grocery (Caused by NameResolutionError("HTTPSConnection(host='www.amazon.in', port=443): Failed to resolve 'www.amazon.in' ([Errno 11001] getaddrinfo failed)"))
2026-06-05 12:32:15.128 | DEBUG    | nure.image_sources:_get:46 - GET failed: HTTPSConnectionPool(host='www.bing.com', port=443): Max retries exceeded with url: /images/search?q=MTR+Rajma+masala (Caused by NameResolutionError("HTTPSConnection(host='www.bing.com', port=443): Failed to resolve 'www.bing.com' ([Errno 11001] getaddrinfo failed)"))
2026-06-05 12:32:15.176 | INFO     | __main__:download_product_images:254 - Product e22c1456b8cc has 0 images (min 10). Using Playwright fallback.
2026-06-05 12:32:16.015 | DEBUG    | nure.playwright_sources:collect_playwright_images:97 - Playwright error for blinkit: Page.goto: net::ERR_INTERNET_DISCONNECTED at https://blinkit.com/s/?q=MTR+Rajma+masala
Call log:
navigating to "https://blinkit.com/s/?q=MTR+Rajma+masala", waiting until "load"

2026-06-05 12:32:16.015 | INFO     | nure.playwright_sources:collect_playwright_images:99 - Playwright blinkit 'MTR Rajma masala': 0 URLs
2026-06-05 12:32:16.091 | DEBUG    | nure.playwright_sources:collect_playwright_images:97 - Playwright error for bigbasket: Page.goto: net::ERR_INTERNET_DISCONNECTED at https://www.bigbasket.com/ps/?q=MTR+Rajma+masala
Call log:
navigating to "https://www.bigbasket.com/ps/?q=MTR+Rajma+masala", waiting until "load"

2026-06-05 12:32:16.091 | INFO     | nure.playwright_sources:collect_playwright_images:99 - Playwright bigbasket 'MTR Rajma masala': 0 URLs
2026-06-05 12:32:16.107 | DEBUG    | nure.playwright_sources:collect_playwright_images:97 - Playwright error for jiomart: Page.goto: net::ERR_INTERNET_DISCONNECTED at https://www.jiomart.com/search/MTR+Rajma+masala
Call log:
navigating to "https://www.jiomart.com/search/MTR+Rajma+masala", waiting until "load"

2026-06-05 12:32:16.108 | INFO     | nure.playwright_sources:collect_playwright_images:99 - Playwright jiomart 'MTR Rajma masala': 0 URLs
2026-06-05 12:32:16.128 | DEBUG    | nure.playwright_sources:collect_playwright_images:97 - Playwright error for flipkart: Page.goto: net::ERR_INTERNET_DISCONNECTED at https://www.flipkart.com/search?q=MTR+Rajma+masala+300+g&marketplace=GROCERY
Call log:
navigating to "https://www.flipkart.com/search?q=MTR+Rajma+masala+300+g&marketplace=GROCERY", waiting until "load"

2026-06-05 12:32:16.128 | INFO     | nure.playwright_sources:collect_playwright_images:99 - Playwright flipkart 'MTR Rajma masala 300 g': 0 URLs
2026-06-05 12:32:16.243 | DEBUG    | nure.image_sources:_get:46 - GET failed: HTTPSConnectionPool(host='world.openfoodfacts.org', port=443): Max retries exceeded with url: /api/v2/product/8901192215116.json?fields=images%2Cimage_front_url%2Cimage_front_small_url%2Cimage_ingredients_url%2Cimage_nutrition_url%2Cimage_packaging_url (Caused by NameResolutionError("HTTPSConnection(host='world.openfoodfacts.org', port=443): Failed to resolve 'world.openfoodfacts.org' ([Errno 11001] getaddrinfo failed)"))
2026-06-05 12:32:16.561 | DEBUG    | nure.image_sources:_get:46 - GET failed: HTTPSConnectionPool(host='www.amazon.in', port=443): Max retries exceeded with url: /s?k=Catch+Catch+sabzi+masala+100+g&i=grocery (Caused by NameResolutionError("HTTPSConnection(host='www.amazon.in', port=443): Failed to resolve 'www.amazon.in' ([Errno 11001] getaddrinfo failed)"))
2026-06-05 12:32:18.047 | DEBUG    | nure.image_sources:_get:46 - GET failed: HTTPSConnectionPool(host='www.bing.com', port=443): Max retries exceeded with url: /images/search?q=Catch+Catch+sabzi+masala (Caused by NameResolutionError("HTTPSConnection(host='www.bing.com', port=443): Failed to resolve 'www.bing.com' ([Errno 11001] getaddrinfo failed)"))
2026-06-05 12:32:18.079 | INFO     | __main__:download_product_images:254 - Product 482fcd19abdb has 0 images (min 10). Using Playwright fallback.
2026-06-05 12:32:18.880 | DEBUG    | nure.playwright_sources:collect_playwright_images:97 - Playwright error for blinkit: Page.goto: net::ERR_INTERNET_DISCONNECTED at https://blinkit.com/s/?q=Catch+Catch+sabzi+masala
Call log:
navigating to "https://blinkit.com/s/?q=Catch+Catch+sabzi+masala", waiting until "load"

2026-06-05 12:32:18.881 | INFO     | nure.playwright_sources:collect_playwright_images:99 - Playwright blinkit 'Catch Catch sabzi masala': 0 URLs
2026-06-05 12:32:18.955 | DEBUG    | nure.playwright_sources:collect_playwright_images:97 - Playwright error for bigbasket: Page.goto: net::ERR_INTERNET_DISCONNECTED at https://www.bigbasket.com/ps/?q=Catch+Catch+sabzi+masala
Call log:
navigating to "https://www.bigbasket.com/ps/?q=Catch+Catch+sabzi+masala", waiting until "load"

2026-06-05 12:32:18.955 | INFO     | nure.playwright_sources:collect_playwright_images:99 - Playwright bigbasket 'Catch Catch sabzi masala': 0 URLs
2026-06-05 12:32:18.972 | DEBUG    | nure.playwright_sources:collect_playwright_images:97 - Playwright error for jiomart: Page.goto: net::ERR_INTERNET_DISCONNECTED at https://www.jiomart.com/search/Catch+Catch+sabzi+masala
Call log:
navigating to "https://www.jiomart.com/search/Catch+Catch+sabzi+masala", waiting until "load"

2026-06-05 12:32:18.973 | INFO     | nure.playwright_sources:collect_playwright_images:99 - Playwright jiomart 'Catch Catch sabzi masala': 0 URLs
2026-06-05 12:32:18.989 | DEBUG    | nure.playwright_sources:collect_playwright_images:97 - Playwright error for flipkart: Page.goto: net::ERR_INTERNET_DISCONNECTED at https://www.flipkart.com/search?q=Catch+Catch+sabzi+masala+100+g&marketplace=GROCERY
Call log:
navigating to "https://www.flipkart.com/search?q=Catch+Catch+sabzi+masala+100+g&marketplace=GROCERY", waiting until "load"

2026-06-05 12:32:18.990 | INFO     | nure.playwright_sources:collect_playwright_images:99 - Playwright flipkart 'Catch Catch sabzi masala 100 g': 0 URLs
2026-06-05 12:32:19.101 | DEBUG    | nure.image_sources:_get:46 - GET failed: HTTPSConnectionPool(host='world.openfoodfacts.org', port=443): Max retries exceeded with url: /api/v2/product/8901088034593.json?fields=images%2Cimage_front_url%2Cimage_front_small_url%2Cimage_ingredients_url%2Cimage_nutrition_url%2Cimage_packaging_url (Caused by NameResolutionError("HTTPSConnection(host='world.openfoodfacts.org', port=443): Failed to resolve 'world.openfoodfacts.org' ([Errno 11001] getaddrinfo failed)"))
2026-06-05 12:32:19.426 | DEBUG    | nure.image_sources:_get:46 - GET failed: HTTPSConnectionPool(host='www.amazon.in', port=443): Max retries exceeded with url: /s?k=Saffola+SAFOLA+ACTIVE+-+MULTI-SOURCE+EDIBLE+OIL+1l&i=grocery (Caused by NameResolutionError("HTTPSConnection(host='www.amazon.in', port=443): Failed to resolve 'www.amazon.in' ([Errno 11001] getaddrinfo failed)"))
2026-06-05 12:32:20.808 | DEBUG    | nure.image_sources:_get:46 - GET failed: HTTPSConnectionPool(host='www.bing.com', port=443): Max retries exceeded with url: /images/search?q=Saffola+SAFOLA+ACTIVE+-+MULTI-SOURCE+EDIBLE+OIL (Caused by NameResolutionError("HTTPSConnection(host='www.bing.com', port=443): Failed to resolve 'www.bing.com' ([Errno 11001] getaddrinfo failed)"))
2026-06-05 12:32:20.836 | INFO     | __main__:download_product_images:254 - Product f39d2b0401ce has 0 images (min 10). Using Playwright fallback.
2026-06-05 12:32:21.650 | DEBUG    | nure.playwright_sources:collect_playwright_images:97 - Playwright error for blinkit: Page.goto: net::ERR_INTERNET_DISCONNECTED at https://blinkit.com/s/?q=Saffola+SAFOLA+ACTIVE+-+MULTI-SOURCE+EDIBLE+OIL
Call log:
navigating to "https://blinkit.com/s/?q=Saffola+SAFOLA+ACTIVE+-+MULTI-SOURCE+EDIBLE+OIL", waiting until "load"

2026-06-05 12:32:21.650 | INFO     | nure.playwright_sources:collect_playwright_images:99 - Playwright blinkit 'Saffola SAFOLA ACTIVE - MULTI-': 0 URLs
2026-06-05 12:32:21.725 | DEBUG    | nure.playwright_sources:collect_playwright_images:97 - Playwright error for bigbasket: Page.goto: net::ERR_INTERNET_DISCONNECTED at https://www.bigbasket.com/ps/?q=Saffola+SAFOLA+ACTIVE+-+MULTI-SOURCE+EDIBLE+OIL
Call log:
navigating to "https://www.bigbasket.com/ps/?q=Saffola+SAFOLA+ACTIVE+-+MULTI-SOURCE+EDIBLE+OIL", waiting until "load"

2026-06-05 12:32:21.725 | INFO     | nure.playwright_sources:collect_playwright_images:99 - Playwright bigbasket 'Saffola SAFOLA ACTIVE - MULTI-': 0 URLs
2026-06-05 12:32:21.768 | DEBUG    | nure.playwright_sources:collect_playwright_images:97 - Playwright error for jiomart: Page.goto: net::ERR_INTERNET_DISCONNECTED at https://www.jiomart.com/search/Saffola+SAFOLA+ACTIVE+-+MULTI-SOURCE+EDIBLE+OIL
Call log:
navigating to "https://www.jiomart.com/search/Saffola+SAFOLA+ACTIVE+-+MULTI-SOURCE+EDIBLE+OIL", waiting until "load"

2026-06-05 12:32:21.770 | INFO     | nure.playwright_sources:collect_playwright_images:99 - Playwright jiomart 'Saffola SAFOLA ACTIVE - MULTI-': 0 URLs
2026-06-05 12:32:21.795 | DEBUG    | nure.playwright_sources:collect_playwright_images:97 - Playwright error for flipkart: Page.goto: net::ERR_INTERNET_DISCONNECTED at https://www.flipkart.com/search?q=Saffola+SAFOLA+ACTIVE+-+MULTI-SOURCE+EDIBLE+OIL+1l&marketplace=GROCERY
Call log:
navigating to "https://www.flipkart.com/search?q=Saffola+SAFOLA+ACTIVE+-+MULTI-SOURCE+EDIBLE+OIL+1l&marketplace=GROCERY", waiting until "load"

2026-06-05 12:32:21.795 | INFO     | nure.playwright_sources:collect_playwright_images:99 - Playwright flipkart 'Saffola SAFOLA ACTIVE - MULTI-': 0 URLs
2026-06-05 12:32:21.911 | DEBUG    | nure.image_sources:_get:46 - GET failed: HTTPSConnectionPool(host='world.openfoodfacts.org', port=443): Max retries exceeded with url: /api/v2/product/8901262010153.json?fields=images%2Cimage_front_url%2Cimage_front_small_url%2Cimage_ingredients_url%2Cimage_nutrition_url%2Cimage_packaging_url (Caused by NameResolutionError("HTTPSConnection(host='world.openfoodfacts.org', port=443): Failed to resolve 'world.openfoodfacts.org' ([Errno 11001] getaddrinfo failed)"))
2026-06-05 12:32:22.216 | DEBUG    | nure.image_sources:_get:46 - GET failed: HTTPSConnectionPool(host='www.amazon.in', port=443): Max retries exceeded with url: /s?k=Amul+amul+butter+100+g&i=grocery (Caused by NameResolutionError("HTTPSConnection(host='www.amazon.in', port=443): Failed to resolve 'www.amazon.in' ([Errno 11001] getaddrinfo failed)"))
2026-06-05 12:32:23.652 | DEBUG    | nure.image_sources:_get:46 - GET failed: HTTPSConnectionPool(host='www.bing.com', port=443): Max retries exceeded with url: /images/search?q=Amul+amul+butter (Caused by NameResolutionError("HTTPSConnection(host='www.bing.com', port=443): Failed to resolve 'www.bing.com' ([Errno 11001] getaddrinfo failed)"))
2026-06-05 12:32:23.683 | INFO     | __main__:download_product_images:254 - Product f02c63d06fbd has 0 images (min 10). Using Playwright fallback.
2026-06-05 12:32:24.462 | DEBUG    | nure.playwright_sources:collect_playwright_images:97 - Playwright error for blinkit: Page.goto: net::ERR_INTERNET_DISCONNECTED at https://blinkit.com/s/?q=Amul+amul+butter
Call log:
navigating to "https://blinkit.com/s/?q=Amul+amul+butter", waiting until "load"

2026-06-05 12:32:24.463 | INFO     | nure.playwright_sources:collect_playwright_images:99 - Playwright blinkit 'Amul amul butter': 0 URLs
2026-06-05 12:32:24.534 | DEBUG    | nure.playwright_sources:collect_playwright_images:97 - Playwright error for bigbasket: Page.goto: net::ERR_INTERNET_DISCONNECTED at https://www.bigbasket.com/ps/?q=Amul+amul+butter
Call log:
navigating to "https://www.bigbasket.com/ps/?q=Amul+amul+butter", waiting until "load"

2026-06-05 12:32:24.534 | INFO     | nure.playwright_sources:collect_playwright_images:99 - Playwright bigbasket 'Amul amul butter': 0 URLs
2026-06-05 12:32:24.553 | DEBUG    | nure.playwright_sources:collect_playwright_images:97 - Playwright error for jiomart: Page.goto: net::ERR_INTERNET_DISCONNECTED at https://www.jiomart.com/search/Amul+amul+butter
Call log:
navigating to "https://www.jiomart.com/search/Amul+amul+butter", waiting until "load"

2026-06-05 12:32:24.553 | INFO     | nure.playwright_sources:collect_playwright_images:99 - Playwright jiomart 'Amul amul butter': 0 URLs
2026-06-05 12:32:24.573 | DEBUG    | nure.playwright_sources:collect_playwright_images:97 - Playwright error for flipkart: Page.goto: net::ERR_INTERNET_DISCONNECTED at https://www.flipkart.com/search?q=Amul+amul+butter+100+g&marketplace=GROCERY
Call log:
navigating to "https://www.flipkart.com/search?q=Amul+amul+butter+100+g&marketplace=GROCERY", waiting until "load"

2026-06-05 12:32:24.573 | INFO     | nure.playwright_sources:collect_playwright_images:99 - Playwright flipkart 'Amul amul butter 100 g': 0 URLs
2026-06-05 12:32:24.674 | DEBUG    | nure.image_sources:_get:46 - GET failed: HTTPSConnectionPool(host='world.openfoodfacts.org', port=443): Max retries exceeded with url: /api/v2/product/4260663210079.json?fields=images%2Cimage_front_url%2Cimage_front_small_url%2Cimage_ingredients_url%2Cimage_nutrition_url%2Cimage_packaging_url (Caused by NameResolutionError("HTTPSConnection(host='world.openfoodfacts.org', port=443): Failed to resolve 'world.openfoodfacts.org' ([Errno 11001] getaddrinfo failed)"))
2026-06-05 12:32:24.999 | DEBUG    | nure.image_sources:_get:46 - GET failed: HTTPSConnectionPool(host='www.amazon.in', port=443): Max retries exceeded with url: /s?k=Weingut+Gold+Ida+Marie+Brut&i=grocery (Caused by NameResolutionError("HTTPSConnection(host='www.amazon.in', port=443): Failed to resolve 'www.amazon.in' ([Errno 11001] getaddrinfo failed)"))
2026-06-05 12:32:26.158 | DEBUG    | nure.image_sources:_get:46 - GET failed: HTTPSConnectionPool(host='www.bing.com', port=443): Max retries exceeded with url: /images/search?q=Weingut+Gold+Ida+Marie+Brut (Caused by NameResolutionError("HTTPSConnection(host='www.bing.com', port=443): Failed to resolve 'www.bing.com' ([Errno 11001] getaddrinfo failed)"))
2026-06-05 12:32:26.190 | INFO     | __main__:download_product_images:254 - Product 41655c2a766a has 0 images (min 10). Using Playwright fallback.
2026-06-05 12:32:27.016 | DEBUG    | nure.playwright_sources:collect_playwright_images:97 - Playwright error for blinkit: Page.goto: net::ERR_INTERNET_DISCONNECTED at https://blinkit.com/s/?q=Weingut+Gold+Ida+Marie+Brut
Call log:
navigating to "https://blinkit.com/s/?q=Weingut+Gold+Ida+Marie+Brut", waiting until "load"

2026-06-05 12:32:27.016 | INFO     | nure.playwright_sources:collect_playwright_images:99 - Playwright blinkit 'Weingut Gold Ida Marie Brut': 0 URLs
2026-06-05 12:32:27.093 | DEBUG    | nure.playwright_sources:collect_playwright_images:97 - Playwright error for bigbasket: Page.goto: net::ERR_INTERNET_DISCONNECTED at https://www.bigbasket.com/ps/?q=Weingut+Gold+Ida+Marie+Brut
Call log:
navigating to "https://www.bigbasket.com/ps/?q=Weingut+Gold+Ida+Marie+Brut", waiting until "load"

2026-06-05 12:32:27.093 | INFO     | nure.playwright_sources:collect_playwright_images:99 - Playwright bigbasket 'Weingut Gold Ida Marie Brut': 0 URLs
2026-06-05 12:32:27.111 | DEBUG    | nure.playwright_sources:collect_playwright_images:97 - Playwright error for jiomart: Page.goto: net::ERR_INTERNET_DISCONNECTED at https://www.jiomart.com/search/Weingut+Gold+Ida+Marie+Brut
Call log:
navigating to "https://www.jiomart.com/search/Weingut+Gold+Ida+Marie+Brut", waiting until "load"

2026-06-05 12:32:27.112 | INFO     | nure.playwright_sources:collect_playwright_images:99 - Playwright jiomart 'Weingut Gold Ida Marie Brut': 0 URLs
2026-06-05 12:32:27.132 | DEBUG    | nure.playwright_sources:collect_playwright_images:97 - Playwright error for flipkart: Page.goto: net::ERR_INTERNET_DISCONNECTED at https://www.flipkart.com/search?q=Weingut+Gold+Ida+Marie+Brut&marketplace=GROCERY
Call log:
navigating to "https://www.flipkart.com/search?q=Weingut+Gold+Ida+Marie+Brut&marketplace=GROCERY", waiting until "load"

2026-06-05 12:32:27.132 | INFO     | nure.playwright_sources:collect_playwright_images:99 - Playwright flipkart 'Weingut Gold Ida Marie Brut': 0 URLs
2026-06-05 12:43:53.583 | DEBUG    | nure.image_sources:_get:46 - GET failed: HTTPSConnectionPool(host='world.openfoodfacts.org', port=443): Max retries exceeded with url: /api/v2/product/7622201766283.json?fields=images%2Cimage_front_url%2Cimage_front_small_url%2Cimage_ingredients_url%2Cimage_nutrition_url%2Cimage_packaging_url (Caused by NameResolutionError("HTTPSConnection(host='world.openfoodfacts.org', port=443): Failed to resolve 'world.openfoodfacts.org' ([Errno 11001] getaddrinfo failed)"))
2026-06-05 12:43:53.948 | DEBUG    | nure.image_sources:_get:46 - GET failed: HTTPSConnectionPool(host='www.amazon.in', port=443): Max retries exceeded with url: /s?k=Cadbury+Bournvita+1kg+pet&i=grocery (Caused by NameResolutionError("HTTPSConnection(host='www.amazon.in', port=443): Failed to resolve 'www.amazon.in' ([Errno 11001] getaddrinfo failed)"))
2026-06-05 12:43:55.421 | DEBUG    | nure.image_sources:_get:46 - GET failed: HTTPSConnectionPool(host='www.bing.com', port=443): Max retries exceeded with url: /images/search?q=Cadbury+Bournvita+1kg+pet (Caused by NameResolutionError("HTTPSConnection(host='www.bing.com', port=443): Failed to resolve 'www.bing.com' ([Errno 11001] getaddrinfo failed)"))
2026-06-05 12:43:55.480 | INFO     | __main__:download_product_images:254 - Product 2a9d3d057dd3 has 0 images (min 10). Using Playwright fallback.
2026-06-05 12:43:57.429 | DEBUG    | nure.playwright_sources:collect_playwright_images:97 - Playwright error for blinkit: Page.goto: net::ERR_INTERNET_DISCONNECTED at https://blinkit.com/s/?q=Cadbury+Bournvita+1kg+pet
Call log:
navigating to "https://blinkit.com/s/?q=Cadbury+Bournvita+1kg+pet", waiting until "load"

2026-06-05 12:43:57.430 | INFO     | nure.playwright_sources:collect_playwright_images:99 - Playwright blinkit 'Cadbury Bournvita 1kg pet': 0 URLs
2026-06-05 12:43:57.548 | DEBUG    | nure.playwright_sources:collect_playwright_images:97 - Playwright error for bigbasket: Page.goto: net::ERR_INTERNET_DISCONNECTED at https://www.bigbasket.com/ps/?q=Cadbury+Bournvita+1kg+pet
Call log:
navigating to "https://www.bigbasket.com/ps/?q=Cadbury+Bournvita+1kg+pet", waiting until "load"

2026-06-05 12:43:57.549 | INFO     | nure.playwright_sources:collect_playwright_images:99 - Playwright bigbasket 'Cadbury Bournvita 1kg pet': 0 URLs
2026-06-05 12:43:57.668 | DEBUG    | nure.playwright_sources:collect_playwright_images:97 - Playwright error for jiomart: Page.goto: net::ERR_INTERNET_DISCONNECTED at https://www.jiomart.com/search/Cadbury+Bournvita+1kg+pet
Call log:
navigating to "https://www.jiomart.com/search/Cadbury+Bournvita+1kg+pet", waiting until "load"

2026-06-05 12:43:57.668 | INFO     | nure.playwright_sources:collect_playwright_images:99 - Playwright jiomart 'Cadbury Bournvita 1kg pet': 0 URLs
2026-06-05 12:43:57.697 | DEBUG    | nure.playwright_sources:collect_playwright_images:97 - Playwright error for flipkart: Page.goto: net::ERR_INTERNET_DISCONNECTED at https://www.flipkart.com/search?q=Cadbury+Bournvita+1kg+pet&marketplace=GROCERY
Call log:
navigating to "https://www.flipkart.com/search?q=Cadbury+Bournvita+1kg+pet&marketplace=GROCERY", waiting until "load"

2026-06-05 12:43:57.697 | INFO     | nure.playwright_sources:collect_playwright_images:99 - Playwright flipkart 'Cadbury Bournvita 1kg pet': 0 URLs
2026-06-05 12:43:58.266 | DEBUG    | nure.image_sources:_get:46 - GET failed: HTTPSConnectionPool(host='world.openfoodfacts.org', port=443): Max retries exceeded with url: /api/v2/product/8445291260078.json?fields=images%2Cimage_front_url%2Cimage_front_small_url%2Cimage_ingredients_url%2Cimage_nutrition_url%2Cimage_packaging_url (Caused by NameResolutionError("HTTPSConnection(host='world.openfoodfacts.org', port=443): Failed to resolve 'world.openfoodfacts.org' ([Errno 11001] getaddrinfo failed)"))
2026-06-05 12:43:58.581 | DEBUG    | nure.image_sources:_get:46 - GET failed: HTTPSConnectionPool(host='www.amazon.in', port=443): Max retries exceeded with url: /s?k=Maggi+Teriyaki+Noodles&i=grocery (Caused by NameResolutionError("HTTPSConnection(host='www.amazon.in', port=443): Failed to resolve 'www.amazon.in' ([Errno 11001] getaddrinfo failed)"))
2026-06-05 12:43:59.908 | DEBUG    | nure.image_sources:_get:46 - GET failed: HTTPSConnectionPool(host='www.bing.com', port=443): Max retries exceeded with url: /images/search?q=Maggi+Teriyaki+Noodles (Caused by NameResolutionError("HTTPSConnection(host='www.bing.com', port=443): Failed to resolve 'www.bing.com' ([Errno 11001] getaddrinfo failed)"))
2026-06-05 12:43:59.950 | INFO     | __main__:download_product_images:254 - Product 17cd7d9a8a52 has 0 images (min 10). Using Playwright fallback.
2026-06-05 12:44:01.422 | DEBUG    | nure.playwright_sources:collect_playwright_images:97 - Playwright error for blinkit: Page.goto: net::ERR_INTERNET_DISCONNECTED at https://blinkit.com/s/?q=Maggi+Teriyaki+Noodles
Call log:
navigating to "https://blinkit.com/s/?q=Maggi+Teriyaki+Noodles", waiting until "load"

2026-06-05 12:44:01.422 | INFO     | nure.playwright_sources:collect_playwright_images:99 - Playwright blinkit 'Maggi Teriyaki Noodles': 0 URLs
2026-06-05 12:44:01.537 | DEBUG    | nure.playwright_sources:collect_playwright_images:97 - Playwright error for bigbasket: Page.goto: net::ERR_INTERNET_DISCONNECTED at https://www.bigbasket.com/ps/?q=Maggi+Teriyaki+Noodles
Call log:
navigating to "https://www.bigbasket.com/ps/?q=Maggi+Teriyaki+Noodles", waiting until "load"

2026-06-05 12:44:01.537 | INFO     | nure.playwright_sources:collect_playwright_images:99 - Playwright bigbasket 'Maggi Teriyaki Noodles': 0 URLs
2026-06-05 12:44:01.563 | DEBUG    | nure.playwright_sources:collect_playwright_images:97 - Playwright error for jiomart: Page.goto: net::ERR_INTERNET_DISCONNECTED at https://www.jiomart.com/search/Maggi+Teriyaki+Noodles
Call log:
navigating to "https://www.jiomart.com/search/Maggi+Teriyaki+Noodles", waiting until "load"

2026-06-05 12:44:01.564 | INFO     | nure.playwright_sources:collect_playwright_images:99 - Playwright jiomart 'Maggi Teriyaki Noodles': 0 URLs
2026-06-05 12:44:01.587 | DEBUG    | nure.playwright_sources:collect_playwright_images:97 - Playwright error for flipkart: Page.goto: net::ERR_INTERNET_DISCONNECTED at https://www.flipkart.com/search?q=Maggi+Teriyaki+Noodles&marketplace=GROCERY
Call log:
navigating to "https://www.flipkart.com/search?q=Maggi+Teriyaki+Noodles&marketplace=GROCERY", waiting until "load"

2026-06-05 12:44:01.588 | INFO     | nure.playwright_sources:collect_playwright_images:99 - Playwright flipkart 'Maggi Teriyaki Noodles': 0 URLs
2026-06-05 12:44:01.727 | DEBUG    | nure.image_sources:_get:46 - GET failed: HTTPSConnectionPool(host='world.openfoodfacts.org', port=443): Max retries exceeded with url: /api/v2/product/8901747003199.json?fields=images%2Cimage_front_url%2Cimage_front_small_url%2Cimage_ingredients_url%2Cimage_nutrition_url%2Cimage_packaging_url (Caused by NameResolutionError("HTTPSConnection(host='world.openfoodfacts.org', port=443): Failed to resolve 'world.openfoodfacts.org' ([Errno 11001] getaddrinfo failed)"))
2026-06-05 12:44:02.029 | DEBUG    | nure.image_sources:_get:46 - GET failed: HTTPSConnectionPool(host='www.amazon.in', port=443): Max retries exceeded with url: /s?k=Wagh+Bakri+Instant+Cardamom+Tea+140+g&i=grocery (Caused by NameResolutionError("HTTPSConnection(host='www.amazon.in', port=443): Failed to resolve 'www.amazon.in' ([Errno 11001] getaddrinfo failed)"))
2026-06-05 12:44:04.497 | DEBUG    | nure.image_sources:_get:46 - GET failed: HTTPSConnectionPool(host='www.bing.com', port=443): Max retries exceeded with url: /images/search?q=Wagh+Bakri+Instant+Cardamom+Tea (Caused by NameResolutionError("HTTPSConnection(host='www.bing.com', port=443): Failed to resolve 'www.bing.com' ([Errno 11001] getaddrinfo failed)"))
2026-06-05 12:44:04.515 | INFO     | __main__:download_product_images:254 - Product 12ca0e0a0224 has 0 images (min 10). Using Playwright fallback.
2026-06-05 12:44:05.605 | DEBUG    | nure.playwright_sources:collect_playwright_images:97 - Playwright error for blinkit: Page.goto: net::ERR_INTERNET_DISCONNECTED at https://blinkit.com/s/?q=Wagh+Bakri+Instant+Cardamom+Tea
Call log:
navigating to "https://blinkit.com/s/?q=Wagh+Bakri+Instant+Cardamom+Tea", waiting until "load"

2026-06-05 12:44:05.606 | INFO     | nure.playwright_sources:collect_playwright_images:99 - Playwright blinkit 'Wagh Bakri Instant Cardamom Te': 0 URLs
2026-06-05 12:44:05.675 | DEBUG    | nure.playwright_sources:collect_playwright_images:97 - Playwright error for bigbasket: Page.goto: net::ERR_INTERNET_DISCONNECTED at https://www.bigbasket.com/ps/?q=Wagh+Bakri+Instant+Cardamom+Tea
Call log:
navigating to "https://www.bigbasket.com/ps/?q=Wagh+Bakri+Instant+Cardamom+Tea", waiting until "load"

2026-06-05 12:44:05.677 | INFO     | nure.playwright_sources:collect_playwright_images:99 - Playwright bigbasket 'Wagh Bakri Instant Cardamom Te': 0 URLs
2026-06-05 12:44:05.695 | DEBUG    | nure.playwright_sources:collect_playwright_images:97 - Playwright error for jiomart: Page.goto: net::ERR_INTERNET_DISCONNECTED at https://www.jiomart.com/search/Wagh+Bakri+Instant+Cardamom+Tea
Call log:
navigating to "https://www.jiomart.com/search/Wagh+Bakri+Instant+Cardamom+Tea", waiting until "load"

2026-06-05 12:44:05.695 | INFO     | nure.playwright_sources:collect_playwright_images:99 - Playwright jiomart 'Wagh Bakri Instant Cardamom Te': 0 URLs
2026-06-05 12:44:05.715 | DEBUG    | nure.playwright_sources:collect_playwright_images:97 - Playwright error for flipkart: Page.goto: net::ERR_INTERNET_DISCONNECTED at https://www.flipkart.com/search?q=Wagh+Bakri+Instant+Cardamom+Tea+140+g&marketplace=GROCERY
Call log:
navigating to "https://www.flipkart.com/search?q=Wagh+Bakri+Instant+Cardamom+Tea+140+g&marketplace=GROCERY", waiting until "load"

2026-06-05 12:44:05.715 | INFO     | nure.playwright_sources:collect_playwright_images:99 - Playwright flipkart 'Wagh Bakri Instant Cardamom Te': 0 URLs
2026-06-05 12:44:05.811 | DEBUG    | nure.image_sources:_get:46 - GET failed: HTTPSConnectionPool(host='world.openfoodfacts.org', port=443): Max retries exceeded with url: /api/v2/product/0070074669540.json?fields=images%2Cimage_front_url%2Cimage_front_small_url%2Cimage_ingredients_url%2Cimage_nutrition_url%2Cimage_packaging_url (Caused by NameResolutionError("HTTPSConnection(host='world.openfoodfacts.org', port=443): Failed to resolve 'world.openfoodfacts.org' ([Errno 11001] getaddrinfo failed)"))
2026-06-05 12:44:06.124 | DEBUG    | nure.image_sources:_get:46 - GET failed: HTTPSConnectionPool(host='www.amazon.in', port=443): Max retries exceeded with url: /s?k=Abbott+PediaSure+Grow+%26+Gain&i=grocery (Caused by NameResolutionError("HTTPSConnection(host='www.amazon.in', port=443): Failed to resolve 'www.amazon.in' ([Errno 11001] getaddrinfo failed)"))
2026-06-05 12:44:07.294 | DEBUG    | nure.image_sources:_get:46 - GET failed: HTTPSConnectionPool(host='www.bing.com', port=443): Max retries exceeded with url: /images/search?q=Abbott+PediaSure+Grow+%26+Gain (Caused by NameResolutionError("HTTPSConnection(host='www.bing.com', port=443): Failed to resolve 'www.bing.com' ([Errno 11001] getaddrinfo failed)"))
2026-06-05 12:44:07.316 | INFO     | __main__:download_product_images:254 - Product b744235c6f43 has 0 images (min 10). Using Playwright fallback.
2026-06-05 12:44:07.782 | DEBUG    | nure.playwright_sources:collect_playwright_images:97 - Playwright error for blinkit: Page.goto: net::ERR_INTERNET_DISCONNECTED at https://blinkit.com/s/?q=Abbott+PediaSure+Grow+%26+Gain
Call log:
navigating to "https://blinkit.com/s/?q=Abbott+PediaSure+Grow+%26+Gain", waiting until "load"

2026-06-05 12:44:07.782 | INFO     | nure.playwright_sources:collect_playwright_images:99 - Playwright blinkit 'Abbott PediaSure Grow & Gain': 0 URLs
2026-06-05 12:44:07.822 | DEBUG    | nure.playwright_sources:collect_playwright_images:97 - Playwright error for bigbasket: Page.goto: net::ERR_INTERNET_DISCONNECTED at https://www.bigbasket.com/ps/?q=Abbott+PediaSure+Grow+%26+Gain
Call log:
navigating to "https://www.bigbasket.com/ps/?q=Abbott+PediaSure+Grow+%26+Gain", waiting until "load"

2026-06-05 12:44:07.822 | INFO     | nure.playwright_sources:collect_playwright_images:99 - Playwright bigbasket 'Abbott PediaSure Grow & Gain': 0 URLs
2026-06-05 12:44:07.828 | DEBUG    | nure.playwright_sources:collect_playwright_images:97 - Playwright error for jiomart: Page.goto: net::ERR_INTERNET_DISCONNECTED at https://www.jiomart.com/search/Abbott+PediaSure+Grow+%26+Gain
Call log:
navigating to "https://www.jiomart.com/search/Abbott+PediaSure+Grow+%26+Gain", waiting until "load"

2026-06-05 12:44:07.830 | INFO     | nure.playwright_sources:collect_playwright_images:99 - Playwright jiomart 'Abbott PediaSure Grow & Gain': 0 URLs
2026-06-05 12:44:07.836 | DEBUG    | nure.playwright_sources:collect_playwright_images:97 - Playwright error for flipkart: Page.goto: net::ERR_INTERNET_DISCONNECTED at https://www.flipkart.com/search?q=Abbott+PediaSure+Grow+%26+Gain&marketplace=GROCERY
Call log:
navigating to "https://www.flipkart.com/search?q=Abbott+PediaSure+Grow+%26+Gain&marketplace=GROCERY", waiting until "load"

2026-06-05 12:44:07.837 | INFO     | nure.playwright_sources:collect_playwright_images:99 - Playwright flipkart 'Abbott PediaSure Grow & Gain': 0 URLs
2026-06-05 12:44:07.911 | DEBUG    | nure.image_sources:_get:46 - GET failed: HTTPSConnectionPool(host='world.openfoodfacts.org', port=443): Max retries exceeded with url: /api/v2/product/5000157079923.json?fields=images%2Cimage_front_url%2Cimage_front_small_url%2Cimage_ingredients_url%2Cimage_nutrition_url%2Cimage_packaging_url (Caused by NameResolutionError("HTTPSConnection(host='world.openfoodfacts.org', port=443): Failed to resolve 'world.openfoodfacts.org' ([Errno 11001] getaddrinfo failed)"))
2026-06-05 12:44:08.222 | DEBUG    | nure.image_sources:_get:46 - GET failed: HTTPSConnectionPool(host='www.amazon.in', port=443): Max retries exceeded with url: /s?k=Heinz+Apple+%26+Blueberries+Pouch&i=grocery (Caused by NameResolutionError("HTTPSConnection(host='www.amazon.in', port=443): Failed to resolve 'www.amazon.in' ([Errno 11001] getaddrinfo failed)"))
2026-06-05 12:44:09.162 | DEBUG    | nure.image_sources:_get:46 - GET failed: HTTPSConnectionPool(host='www.bing.com', port=443): Max retries exceeded with url: /images/search?q=Heinz+Apple+%26+Blueberries+Pouch (Caused by NameResolutionError("HTTPSConnection(host='www.bing.com', port=443): Failed to resolve 'www.bing.com' ([Errno 11001] getaddrinfo failed)"))
2026-06-05 12:44:09.194 | INFO     | __main__:download_product_images:254 - Product cc7594bb5daf has 0 images (min 10). Using Playwright fallback.
2026-06-05 12:44:10.006 | DEBUG    | nure.playwright_sources:collect_playwright_images:97 - Playwright error for blinkit: Page.goto: net::ERR_INTERNET_DISCONNECTED at https://blinkit.com/s/?q=Heinz+Apple+%26+Blueberries+Pouch
Call log:
navigating to "https://blinkit.com/s/?q=Heinz+Apple+%26+Blueberries+Pouch", waiting until "load"

2026-06-05 12:44:10.008 | INFO     | nure.playwright_sources:collect_playwright_images:99 - Playwright blinkit 'Heinz Apple & Blueberries Pouc': 0 URLs
2026-06-05 12:44:10.081 | DEBUG    | nure.playwright_sources:collect_playwright_images:97 - Playwright error for bigbasket: Page.goto: net::ERR_INTERNET_DISCONNECTED at https://www.bigbasket.com/ps/?q=Heinz+Apple+%26+Blueberries+Pouch
Call log:
navigating to "https://www.bigbasket.com/ps/?q=Heinz+Apple+%26+Blueberries+Pouch", waiting until "load"

2026-06-05 12:44:10.081 | INFO     | nure.playwright_sources:collect_playwright_images:99 - Playwright bigbasket 'Heinz Apple & Blueberries Pouc': 0 URLs
2026-06-05 12:44:10.099 | DEBUG    | nure.playwright_sources:collect_playwright_images:97 - Playwright error for jiomart: Page.goto: net::ERR_INTERNET_DISCONNECTED at https://www.jiomart.com/search/Heinz+Apple+%26+Blueberries+Pouch
Call log:
navigating to "https://www.jiomart.com/search/Heinz+Apple+%26+Blueberries+Pouch", waiting until "load"

2026-06-05 12:44:10.099 | INFO     | nure.playwright_sources:collect_playwright_images:99 - Playwright jiomart 'Heinz Apple & Blueberries Pouc': 0 URLs
2026-06-05 12:44:10.123 | DEBUG    | nure.playwright_sources:collect_playwright_images:97 - Playwright error for flipkart: Page.goto: net::ERR_INTERNET_DISCONNECTED at https://www.flipkart.com/search?q=Heinz+Apple+%26+Blueberries+Pouch&marketplace=GROCERY
Call log:
navigating to "https://www.flipkart.com/search?q=Heinz+Apple+%26+Blueberries+Pouch&marketplace=GROCERY", waiting until "load"

2026-06-05 12:44:10.123 | INFO     | nure.playwright_sources:collect_playwright_images:99 - Playwright flipkart 'Heinz Apple & Blueberries Pouc': 0 URLs
2026-06-05 12:44:10.240 | DEBUG    | nure.image_sources:_get:46 - GET failed: HTTPSConnectionPool(host='world.openfoodfacts.org', port=443): Max retries exceeded with url: /api/v2/product/0841905080779.json?fields=images%2Cimage_front_url%2Cimage_front_small_url%2Cimage_ingredients_url%2Cimage_nutrition_url%2Cimage_packaging_url (Caused by NameResolutionError("HTTPSConnection(host='world.openfoodfacts.org', port=443): Failed to resolve 'world.openfoodfacts.org' ([Errno 11001] getaddrinfo failed)"))
2026-06-05 12:44:10.551 | DEBUG    | nure.image_sources:_get:46 - GET failed: HTTPSConnectionPool(host='www.amazon.in', port=443): Max retries exceeded with url: /s?k=Aashirvaad+Atta+with+Millets&i=grocery (Caused by NameResolutionError("HTTPSConnection(host='www.amazon.in', port=443): Failed to resolve 'www.amazon.in' ([Errno 11001] getaddrinfo failed)"))
2026-06-05 12:44:11.974 | DEBUG    | nure.image_sources:_get:46 - GET failed: HTTPSConnectionPool(host='www.bing.com', port=443): Max retries exceeded with url: /images/search?q=Aashirvaad+Atta+with+Millets (Caused by NameResolutionError("HTTPSConnection(host='www.bing.com', port=443): Failed to resolve 'www.bing.com' ([Errno 11001] getaddrinfo failed)"))
2026-06-05 12:44:12.003 | INFO     | __main__:download_product_images:254 - Product 5d53efe46c3b has 0 images (min 10). Using Playwright fallback.
2026-06-05 12:44:12.819 | DEBUG    | nure.playwright_sources:collect_playwright_images:97 - Playwright error for blinkit: Page.goto: net::ERR_INTERNET_DISCONNECTED at https://blinkit.com/s/?q=Aashirvaad+Atta+with+Millets
Call log:
navigating to "https://blinkit.com/s/?q=Aashirvaad+Atta+with+Millets", waiting until "load"

2026-06-05 12:44:12.820 | INFO     | nure.playwright_sources:collect_playwright_images:99 - Playwright blinkit 'Aashirvaad Atta with Millets': 0 URLs
2026-06-05 12:44:12.898 | DEBUG    | nure.playwright_sources:collect_playwright_images:97 - Playwright error for bigbasket: Page.goto: net::ERR_INTERNET_DISCONNECTED at https://www.bigbasket.com/ps/?q=Aashirvaad+Atta+with+Millets
Call log:
navigating to "https://www.bigbasket.com/ps/?q=Aashirvaad+Atta+with+Millets", waiting until "load"

2026-06-05 12:44:12.898 | INFO     | nure.playwright_sources:collect_playwright_images:99 - Playwright bigbasket 'Aashirvaad Atta with Millets': 0 URLs
2026-06-05 12:44:12.917 | DEBUG    | nure.playwright_sources:collect_playwright_images:97 - Playwright error for jiomart: Page.goto: net::ERR_INTERNET_DISCONNECTED at https://www.jiomart.com/search/Aashirvaad+Atta+with+Millets
Call log:
navigating to "https://www.jiomart.com/search/Aashirvaad+Atta+with+Millets", waiting until "load"

2026-06-05 12:44:12.917 | INFO     | nure.playwright_sources:collect_playwright_images:99 - Playwright jiomart 'Aashirvaad Atta with Millets': 0 URLs
2026-06-05 12:44:12.938 | DEBUG    | nure.playwright_sources:collect_playwright_images:97 - Playwright error for flipkart: Page.goto: net::ERR_INTERNET_DISCONNECTED at https://www.flipkart.com/search?q=Aashirvaad+Atta+with+Millets&marketplace=GROCERY
Call log:
navigating to "https://www.flipkart.com/search?q=Aashirvaad+Atta+with+Millets&marketplace=GROCERY", waiting until "load"

2026-06-05 12:44:12.939 | INFO     | nure.playwright_sources:collect_playwright_images:99 - Playwright flipkart 'Aashirvaad Atta with Millets': 0 URLs
2026-06-05 12:44:13.060 | DEBUG    | nure.image_sources:_get:46 - GET failed: HTTPSConnectionPool(host='world.openfoodfacts.org', port=443): Max retries exceeded with url: /api/v2/product/0723246183084.json?fields=images%2Cimage_front_url%2Cimage_front_small_url%2Cimage_ingredients_url%2Cimage_nutrition_url%2Cimage_packaging_url (Caused by NameResolutionError("HTTPSConnection(host='world.openfoodfacts.org', port=443): Failed to resolve 'world.openfoodfacts.org' ([Errno 11001] getaddrinfo failed)"))
2026-06-05 12:44:13.378 | DEBUG    | nure.image_sources:_get:46 - GET failed: HTTPSConnectionPool(host='www.amazon.in', port=443): Max retries exceeded with url: /s?k=Laxmi+Toor+Dal&i=grocery (Caused by NameResolutionError("HTTPSConnection(host='www.amazon.in', port=443): Failed to resolve 'www.amazon.in' ([Errno 11001] getaddrinfo failed)"))
2026-06-05 12:44:14.723 | DEBUG    | nure.image_sources:_get:46 - GET failed: HTTPSConnectionPool(host='www.bing.com', port=443): Max retries exceeded with url: /images/search?q=Laxmi+Toor+Dal (Caused by NameResolutionError("HTTPSConnection(host='www.bing.com', port=443): Failed to resolve 'www.bing.com' ([Errno 11001] getaddrinfo failed)"))
2026-06-05 12:44:14.757 | INFO     | __main__:download_product_images:254 - Product 730424cdb808 has 0 images (min 10). Using Playwright fallback.
2026-06-05 12:44:15.556 | DEBUG    | nure.playwright_sources:collect_playwright_images:97 - Playwright error for blinkit: Page.goto: net::ERR_INTERNET_DISCONNECTED at https://blinkit.com/s/?q=Laxmi+Toor+Dal
Call log:
navigating to "https://blinkit.com/s/?q=Laxmi+Toor+Dal", waiting until "load"

2026-06-05 12:44:15.557 | INFO     | nure.playwright_sources:collect_playwright_images:99 - Playwright blinkit 'Laxmi Toor Dal': 0 URLs
2026-06-05 12:44:15.635 | DEBUG    | nure.playwright_sources:collect_playwright_images:97 - Playwright error for bigbasket: Page.goto: net::ERR_INTERNET_DISCONNECTED at https://www.bigbasket.com/ps/?q=Laxmi+Toor+Dal
Call log:
navigating to "https://www.bigbasket.com/ps/?q=Laxmi+Toor+Dal", waiting until "load"

2026-06-05 12:44:15.636 | INFO     | nure.playwright_sources:collect_playwright_images:99 - Playwright bigbasket 'Laxmi Toor Dal': 0 URLs
2026-06-05 12:44:15.654 | DEBUG    | nure.playwright_sources:collect_playwright_images:97 - Playwright error for jiomart: Page.goto: net::ERR_INTERNET_DISCONNECTED at https://www.jiomart.com/search/Laxmi+Toor+Dal
Call log:
navigating to "https://www.jiomart.com/search/Laxmi+Toor+Dal", waiting until "load"

2026-06-05 12:44:15.654 | INFO     | nure.playwright_sources:collect_playwright_images:99 - Playwright jiomart 'Laxmi Toor Dal': 0 URLs
2026-06-05 12:44:15.675 | DEBUG    | nure.playwright_sources:collect_playwright_images:97 - Playwright error for flipkart: Page.goto: net::ERR_INTERNET_DISCONNECTED at https://www.flipkart.com/search?q=Laxmi+Toor+Dal&marketplace=GROCERY
Call log:
navigating to "https://www.flipkart.com/search?q=Laxmi+Toor+Dal&marketplace=GROCERY", waiting until "load"

2026-06-05 12:44:15.676 | INFO     | nure.playwright_sources:collect_playwright_images:99 - Playwright flipkart 'Laxmi Toor Dal': 0 URLs
2026-06-05 12:44:15.787 | DEBUG    | nure.image_sources:_get:46 - GET failed: HTTPSConnectionPool(host='world.openfoodfacts.org', port=443): Max retries exceeded with url: /api/v2/product/2961570551171.json?fields=images%2Cimage_front_url%2Cimage_front_small_url%2Cimage_ingredients_url%2Cimage_nutrition_url%2Cimage_packaging_url (Caused by NameResolutionError("HTTPSConnection(host='world.openfoodfacts.org', port=443): Failed to resolve 'world.openfoodfacts.org' ([Errno 11001] getaddrinfo failed)"))
2026-06-05 12:44:16.093 | DEBUG    | nure.image_sources:_get:46 - GET failed: HTTPSConnectionPool(host='www.amazon.in', port=443): Max retries exceeded with url: /s?k=Bayara+Moong+Dal+400g&i=grocery (Caused by NameResolutionError("HTTPSConnection(host='www.amazon.in', port=443): Failed to resolve 'www.amazon.in' ([Errno 11001] getaddrinfo failed)"))
2026-06-05 12:44:17.227 | DEBUG    | nure.image_sources:_get:46 - GET failed: HTTPSConnectionPool(host='www.bing.com', port=443): Max retries exceeded with url: /images/search?q=Bayara+Moong+Dal (Caused by NameResolutionError("HTTPSConnection(host='www.bing.com', port=443): Failed to resolve 'www.bing.com' ([Errno 11001] getaddrinfo failed)"))
2026-06-05 12:44:17.266 | INFO     | __main__:download_product_images:254 - Product 43713df14f6b has 0 images (min 10). Using Playwright fallback.
2026-06-05 12:44:18.078 | DEBUG    | nure.playwright_sources:collect_playwright_images:97 - Playwright error for blinkit: Page.goto: net::ERR_INTERNET_DISCONNECTED at https://blinkit.com/s/?q=Bayara+Moong+Dal
Call log:
navigating to "https://blinkit.com/s/?q=Bayara+Moong+Dal", waiting until "load"

2026-06-05 12:44:18.078 | INFO     | nure.playwright_sources:collect_playwright_images:99 - Playwright blinkit 'Bayara Moong Dal': 0 URLs
2026-06-05 12:44:18.160 | DEBUG    | nure.playwright_sources:collect_playwright_images:97 - Playwright error for bigbasket: Page.goto: net::ERR_INTERNET_DISCONNECTED at https://www.bigbasket.com/ps/?q=Bayara+Moong+Dal
Call log:
navigating to "https://www.bigbasket.com/ps/?q=Bayara+Moong+Dal", waiting until "load"

2026-06-05 12:44:18.160 | INFO     | nure.playwright_sources:collect_playwright_images:99 - Playwright bigbasket 'Bayara Moong Dal': 0 URLs
2026-06-05 12:44:18.177 | DEBUG    | nure.playwright_sources:collect_playwright_images:97 - Playwright error for jiomart: Page.goto: net::ERR_INTERNET_DISCONNECTED at https://www.jiomart.com/search/Bayara+Moong+Dal
Call log:
navigating to "https://www.jiomart.com/search/Bayara+Moong+Dal", waiting until "load"

2026-06-05 12:44:18.177 | INFO     | nure.playwright_sources:collect_playwright_images:99 - Playwright jiomart 'Bayara Moong Dal': 0 URLs
2026-06-05 12:44:18.202 | DEBUG    | nure.playwright_sources:collect_playwright_images:97 - Playwright error for flipkart: Page.goto: net::ERR_INTERNET_DISCONNECTED at https://www.flipkart.com/search?q=Bayara+Moong+Dal+400g&marketplace=GROCERY
Call log:
navigating to "https://www.flipkart.com/search?q=Bayara+Moong+Dal+400g&marketplace=GROCERY", waiting until "load"

2026-06-05 12:44:18.202 | INFO     | nure.playwright_sources:collect_playwright_images:99 - Playwright flipkart 'Bayara Moong Dal 400g': 0 URLs
2026-06-05 12:44:18.325 | DEBUG    | nure.image_sources:_get:46 - GET failed: HTTPSConnectionPool(host='world.openfoodfacts.org', port=443): Max retries exceeded with url: /api/v2/product/8904004403770.json?fields=images%2Cimage_front_url%2Cimage_front_small_url%2Cimage_ingredients_url%2Cimage_nutrition_url%2Cimage_packaging_url (Caused by NameResolutionError("HTTPSConnection(host='world.openfoodfacts.org', port=443): Failed to resolve 'world.openfoodfacts.org' ([Errno 11001] getaddrinfo failed)"))
2026-06-05 12:44:18.639 | DEBUG    | nure.image_sources:_get:46 - GET failed: HTTPSConnectionPool(host='www.amazon.in', port=443): Max retries exceeded with url: /s?k=Haldiram%27s+Moong+Dal+1+kg&i=grocery (Caused by NameResolutionError("HTTPSConnection(host='www.amazon.in', port=443): Failed to resolve 'www.amazon.in' ([Errno 11001] getaddrinfo failed)"))
2026-06-05 12:44:19.902 | DEBUG    | nure.image_sources:_get:46 - GET failed: HTTPSConnectionPool(host='www.bing.com', port=443): Max retries exceeded with url: /images/search?q=Haldiram%27s+Moong+Dal (Caused by NameResolutionError("HTTPSConnection(host='www.bing.com', port=443): Failed to resolve 'www.bing.com' ([Errno 11001] getaddrinfo failed)"))
2026-06-05 12:44:19.934 | INFO     | __main__:download_product_images:254 - Product d8e0af980e79 has 0 images (min 10). Using Playwright fallback.
2026-06-05 12:44:20.774 | DEBUG    | nure.playwright_sources:collect_playwright_images:97 - Playwright error for blinkit: Page.goto: net::ERR_INTERNET_DISCONNECTED at https://blinkit.com/s/?q=Haldiram%27s+Moong+Dal
Call log:
navigating to "https://blinkit.com/s/?q=Haldiram%27s+Moong+Dal", waiting until "load"

2026-06-05 12:44:20.774 | INFO     | nure.playwright_sources:collect_playwright_images:99 - Playwright blinkit 'Haldiram's Moong Dal': 0 URLs
2026-06-05 12:44:20.847 | DEBUG    | nure.playwright_sources:collect_playwright_images:97 - Playwright error for bigbasket: Page.goto: net::ERR_INTERNET_DISCONNECTED at https://www.bigbasket.com/ps/?q=Haldiram%27s+Moong+Dal
Call log:
navigating to "https://www.bigbasket.com/ps/?q=Haldiram%27s+Moong+Dal", waiting until "load"

2026-06-05 12:44:20.848 | INFO     | nure.playwright_sources:collect_playwright_images:99 - Playwright bigbasket 'Haldiram's Moong Dal': 0 URLs
2026-06-05 12:44:20.865 | DEBUG    | nure.playwright_sources:collect_playwright_images:97 - Playwright error for jiomart: Page.goto: net::ERR_INTERNET_DISCONNECTED at https://www.jiomart.com/search/Haldiram%27s+Moong+Dal
Call log:
navigating to "https://www.jiomart.com/search/Haldiram%27s+Moong+Dal", waiting until "load"

2026-06-05 12:44:20.865 | INFO     | nure.playwright_sources:collect_playwright_images:99 - Playwright jiomart 'Haldiram's Moong Dal': 0 URLs
2026-06-05 12:44:20.883 | DEBUG    | nure.playwright_sources:collect_playwright_images:97 - Playwright error for flipkart: Page.goto: net::ERR_INTERNET_DISCONNECTED at https://www.flipkart.com/search?q=Haldiram%27s+Moong+Dal+1+kg&marketplace=GROCERY
Call log:
navigating to "https://www.flipkart.com/search?q=Haldiram%27s+Moong+Dal+1+kg&marketplace=GROCERY", waiting until "load"

2026-06-05 12:44:20.883 | INFO     | nure.playwright_sources:collect_playwright_images:99 - Playwright flipkart 'Haldiram's Moong Dal 1 kg': 0 URLs
2026-06-05 12:44:20.994 | DEBUG    | nure.image_sources:_get:46 - GET failed: HTTPSConnectionPool(host='world.openfoodfacts.org', port=443): Max retries exceeded with url: /api/v2/product/0901063151329.json?fields=images%2Cimage_front_url%2Cimage_front_small_url%2Cimage_ingredients_url%2Cimage_nutrition_url%2Cimage_packaging_url (Caused by NameResolutionError("HTTPSConnection(host='world.openfoodfacts.org', port=443): Failed to resolve 'world.openfoodfacts.org' ([Errno 11001] getaddrinfo failed)"))
2026-06-05 12:44:21.310 | DEBUG    | nure.image_sources:_get:46 - GET failed: HTTPSConnectionPool(host='www.amazon.in', port=443): Max retries exceeded with url: /s?k=Britannia+Britannia%2C+Good+Day%2C+Cookies%2C+Cashew+52.5+g&i=grocery (Caused by NameResolutionError("HTTPSConnection(host='www.amazon.in', port=443): Failed to resolve 'www.amazon.in' ([Errno 11001] getaddrinfo failed)"))
2026-06-05 12:44:22.227 | DEBUG    | nure.image_sources:_get:46 - GET failed: HTTPSConnectionPool(host='www.bing.com', port=443): Max retries exceeded with url: /images/search?q=Britannia+Britannia%2C+Good+Day%2C+Cookies%2C+Cashew (Caused by NameResolutionError("HTTPSConnection(host='www.bing.com', port=443): Failed to resolve 'www.bing.com' ([Errno 11001] getaddrinfo failed)"))
2026-06-05 12:44:22.256 | INFO     | __main__:download_product_images:254 - Product 3201590e832e has 0 images (min 10). Using Playwright fallback.
2026-06-05 12:44:23.106 | DEBUG    | nure.playwright_sources:collect_playwright_images:97 - Playwright error for blinkit: Page.goto: net::ERR_INTERNET_DISCONNECTED at https://blinkit.com/s/?q=Britannia+Britannia%2C+Good+Day%2C+Cookies%2C+Cashew
Call log:
navigating to "https://blinkit.com/s/?q=Britannia+Britannia%2C+Good+Day%2C+Cookies%2C+Cashew", waiting until "load"

2026-06-05 12:44:23.106 | INFO     | nure.playwright_sources:collect_playwright_images:99 - Playwright blinkit 'Britannia Britannia, Good Day,': 0 URLs
2026-06-05 12:44:23.179 | DEBUG    | nure.playwright_sources:collect_playwright_images:97 - Playwright error for bigbasket: Page.goto: net::ERR_INTERNET_DISCONNECTED at https://www.bigbasket.com/ps/?q=Britannia+Britannia%2C+Good+Day%2C+Cookies%2C+Cashew
Call log:
navigating to "https://www.bigbasket.com/ps/?q=Britannia+Britannia%2C+Good+Day%2C+Cookies%2C+Cashew", waiting until "load"

2026-06-05 12:44:23.179 | INFO     | nure.playwright_sources:collect_playwright_images:99 - Playwright bigbasket 'Britannia Britannia, Good Day,': 0 URLs
2026-06-05 12:44:23.201 | DEBUG    | nure.playwright_sources:collect_playwright_images:97 - Playwright error for jiomart: Page.goto: net::ERR_INTERNET_DISCONNECTED at https://www.jiomart.com/search/Britannia+Britannia%2C+Good+Day%2C+Cookies%2C+Cashew
Call log:
navigating to "https://www.jiomart.com/search/Britannia+Britannia%2C+Good+Day%2C+Cookies%2C+Cashew", waiting until "load"

2026-06-05 12:44:23.202 | INFO     | nure.playwright_sources:collect_playwright_images:99 - Playwright jiomart 'Britannia Britannia, Good Day,': 0 URLs
2026-06-05 12:44:23.341 | DEBUG    | nure.playwright_sources:collect_playwright_images:97 - Playwright error for flipkart: Page.goto: net::ERR_INTERNET_DISCONNECTED at https://www.flipkart.com/search?q=Britannia+Britannia%2C+Good+Day%2C+Cookies%2C+Cashew+52.5+g&marketplace=GROCERY
Call log:
navigating to "https://www.flipkart.com/search?q=Britannia+Britannia%2C+Good+Day%2C+Cookies%2C+Cashew+52.5+g&marketplace=GROCERY", waiting until "load"

2026-06-05 12:44:23.341 | INFO     | nure.playwright_sources:collect_playwright_images:99 - Playwright flipkart 'Britannia Britannia, Good Day,': 0 URLs
2026-06-05 12:44:23.473 | DEBUG    | nure.image_sources:_get:46 - GET failed: HTTPSConnectionPool(host='world.openfoodfacts.org', port=443): Max retries exceeded with url: /api/v2/product/8901786101009.json?fields=images%2Cimage_front_url%2Cimage_front_small_url%2Cimage_ingredients_url%2Cimage_nutrition_url%2Cimage_packaging_url (Caused by NameResolutionError("HTTPSConnection(host='world.openfoodfacts.org', port=443): Failed to resolve 'world.openfoodfacts.org' ([Errno 11001] getaddrinfo failed)"))
2026-06-05 12:44:23.779 | DEBUG    | nure.image_sources:_get:46 - GET failed: HTTPSConnectionPool(host='www.amazon.in', port=443): Max retries exceeded with url: /s?k=Everest+Everest+garam+Masala+100gm&i=grocery (Caused by NameResolutionError("HTTPSConnection(host='www.amazon.in', port=443): Failed to resolve 'www.amazon.in' ([Errno 11001] getaddrinfo failed)"))
2026-06-05 12:44:24.602 | DEBUG    | nure.image_sources:_get:46 - GET failed: HTTPSConnectionPool(host='www.bing.com', port=443): Max retries exceeded with url: /images/search?q=Everest+Everest+garam+Masala (Caused by NameResolutionError("HTTPSConnection(host='www.bing.com', port=443): Failed to resolve 'www.bing.com' ([Errno 11001] getaddrinfo failed)"))
2026-06-05 12:44:24.631 | INFO     | __main__:download_product_images:254 - Product c1f0d4d1007e has 0 images (min 10). Using Playwright fallback.
2026-06-05 12:44:25.439 | DEBUG    | nure.playwright_sources:collect_playwright_images:97 - Playwright error for blinkit: Page.goto: net::ERR_INTERNET_DISCONNECTED at https://blinkit.com/s/?q=Everest+Everest+garam+Masala
Call log:
navigating to "https://blinkit.com/s/?q=Everest+Everest+garam+Masala", waiting until "load"

2026-06-05 12:44:25.439 | INFO     | nure.playwright_sources:collect_playwright_images:99 - Playwright blinkit 'Everest Everest garam Masala': 0 URLs
2026-06-05 12:44:25.517 | DEBUG    | nure.playwright_sources:collect_playwright_images:97 - Playwright error for bigbasket: Page.goto: net::ERR_INTERNET_DISCONNECTED at https://www.bigbasket.com/ps/?q=Everest+Everest+garam+Masala
Call log:
navigating to "https://www.bigbasket.com/ps/?q=Everest+Everest+garam+Masala", waiting until "load"

2026-06-05 12:44:25.517 | INFO     | nure.playwright_sources:collect_playwright_images:99 - Playwright bigbasket 'Everest Everest garam Masala': 0 URLs
2026-06-05 12:44:25.535 | DEBUG    | nure.playwright_sources:collect_playwright_images:97 - Playwright error for jiomart: Page.goto: net::ERR_INTERNET_DISCONNECTED at https://www.jiomart.com/search/Everest+Everest+garam+Masala
Call log:
navigating to "https://www.jiomart.com/search/Everest+Everest+garam+Masala", waiting until "load"

2026-06-05 12:44:25.536 | INFO     | nure.playwright_sources:collect_playwright_images:99 - Playwright jiomart 'Everest Everest garam Masala': 0 URLs
2026-06-05 12:44:25.557 | DEBUG    | nure.playwright_sources:collect_playwright_images:97 - Playwright error for flipkart: Page.goto: net::ERR_INTERNET_DISCONNECTED at https://www.flipkart.com/search?q=Everest+Everest+garam+Masala+100gm&marketplace=GROCERY
Call log:
navigating to "https://www.flipkart.com/search?q=Everest+Everest+garam+Masala+100gm&marketplace=GROCERY", waiting until "load"

2026-06-05 12:44:25.557 | INFO     | nure.playwright_sources:collect_playwright_images:99 - Playwright flipkart 'Everest Everest garam Masala 1': 0 URLs
2026-06-05 12:44:25.662 | DEBUG    | nure.image_sources:_get:46 - GET failed: HTTPSConnectionPool(host='world.openfoodfacts.org', port=443): Max retries exceeded with url: /api/v2/product/8904063235251.json?fields=images%2Cimage_front_url%2Cimage_front_small_url%2Cimage_ingredients_url%2Cimage_nutrition_url%2Cimage_packaging_url (Caused by NameResolutionError("HTTPSConnection(host='world.openfoodfacts.org', port=443): Failed to resolve 'world.openfoodfacts.org' ([Errno 11001] getaddrinfo failed)"))
2026-06-05 12:44:25.978 | DEBUG    | nure.image_sources:_get:46 - GET failed: HTTPSConnectionPool(host='www.amazon.in', port=443): Max retries exceeded with url: /s?k=Haldiram%27s+Dilli+style+rajma+raseela+300+g&i=grocery (Caused by NameResolutionError("HTTPSConnection(host='www.amazon.in', port=443): Failed to resolve 'www.amazon.in' ([Errno 11001] getaddrinfo failed)"))
2026-06-05 12:44:26.804 | DEBUG    | nure.image_sources:_get:46 - GET failed: HTTPSConnectionPool(host='www.bing.com', port=443): Max retries exceeded with url: /images/search?q=Haldiram%27s+Dilli+style+rajma+raseela (Caused by NameResolutionError("HTTPSConnection(host='www.bing.com', port=443): Failed to resolve 'www.bing.com' ([Errno 11001] getaddrinfo failed)"))
2026-06-05 12:44:26.837 | INFO     | __main__:download_product_images:254 - Product 43e7cfa22ab2 has 0 images (min 10). Using Playwright fallback.
2026-06-05 12:44:27.638 | DEBUG    | nure.playwright_sources:collect_playwright_images:97 - Playwright error for blinkit: Page.goto: net::ERR_INTERNET_DISCONNECTED at https://blinkit.com/s/?q=Haldiram%27s+Dilli+style+rajma+raseela
Call log:
navigating to "https://blinkit.com/s/?q=Haldiram%27s+Dilli+style+rajma+raseela", waiting until "load"

2026-06-05 12:44:27.640 | INFO     | nure.playwright_sources:collect_playwright_images:99 - Playwright blinkit 'Haldiram's Dilli style rajma r': 0 URLs
2026-06-05 12:44:27.715 | DEBUG    | nure.playwright_sources:collect_playwright_images:97 - Playwright error for bigbasket: Page.goto: net::ERR_INTERNET_DISCONNECTED at https://www.bigbasket.com/ps/?q=Haldiram%27s+Dilli+style+rajma+raseela
Call log:
navigating to "https://www.bigbasket.com/ps/?q=Haldiram%27s+Dilli+style+rajma+raseela", waiting until "load"

2026-06-05 12:44:27.715 | INFO     | nure.playwright_sources:collect_playwright_images:99 - Playwright bigbasket 'Haldiram's Dilli style rajma r': 0 URLs
2026-06-05 12:44:27.732 | DEBUG    | nure.playwright_sources:collect_playwright_images:97 - Playwright error for jiomart: Page.goto: net::ERR_INTERNET_DISCONNECTED at https://www.jiomart.com/search/Haldiram%27s+Dilli+style+rajma+raseela
Call log:
navigating to "https://www.jiomart.com/search/Haldiram%27s+Dilli+style+rajma+raseela", waiting until "load"

2026-06-05 12:44:27.733 | INFO     | nure.playwright_sources:collect_playwright_images:99 - Playwright jiomart 'Haldiram's Dilli style rajma r': 0 URLs
2026-06-05 12:44:27.754 | DEBUG    | nure.playwright_sources:collect_playwright_images:97 - Playwright error for flipkart: Page.goto: net::ERR_INTERNET_DISCONNECTED at https://www.flipkart.com/search?q=Haldiram%27s+Dilli+style+rajma+raseela+300+g&marketplace=GROCERY
Call log:
navigating to "https://www.flipkart.com/search?q=Haldiram%27s+Dilli+style+rajma+raseela+300+g&marketplace=GROCERY", waiting until "load"

2026-06-05 12:44:27.754 | INFO     | nure.playwright_sources:collect_playwright_images:99 - Playwright flipkart 'Haldiram's Dilli style rajma r': 0 URLs
2026-06-05 12:44:27.873 | DEBUG    | nure.image_sources:_get:46 - GET failed: HTTPSConnectionPool(host='world.openfoodfacts.org', port=443): Max retries exceeded with url: /api/v2/product/8901192217110.json?fields=images%2Cimage_front_url%2Cimage_front_small_url%2Cimage_ingredients_url%2Cimage_nutrition_url%2Cimage_packaging_url (Caused by NameResolutionError("HTTPSConnection(host='world.openfoodfacts.org', port=443): Failed to resolve 'world.openfoodfacts.org' ([Errno 11001] getaddrinfo failed)"))
2026-06-05 12:44:28.192 | DEBUG    | nure.image_sources:_get:46 - GET failed: HTTPSConnectionPool(host='www.amazon.in', port=443): Max retries exceeded with url: /s?k=Catch+JALJEERA+100gm&i=grocery (Caused by NameResolutionError("HTTPSConnection(host='www.amazon.in', port=443): Failed to resolve 'www.amazon.in' ([Errno 11001] getaddrinfo failed)"))
2026-06-05 12:44:29.208 | DEBUG    | nure.image_sources:_get:46 - GET failed: HTTPSConnectionPool(host='www.bing.com', port=443): Max retries exceeded with url: /images/search?q=Catch+JALJEERA (Caused by NameResolutionError("HTTPSConnection(host='www.bing.com', port=443): Failed to resolve 'www.bing.com' ([Errno 11001] getaddrinfo failed)"))
2026-06-05 12:44:29.239 | INFO     | __main__:download_product_images:254 - Product 209cbc52d464 has 0 images (min 10). Using Playwright fallback.
2026-06-05 12:44:30.096 | DEBUG    | nure.playwright_sources:collect_playwright_images:97 - Playwright error for blinkit: Page.goto: net::ERR_INTERNET_DISCONNECTED at https://blinkit.com/s/?q=Catch+JALJEERA
Call log:
navigating to "https://blinkit.com/s/?q=Catch+JALJEERA", waiting until "load"

2026-06-05 12:44:30.096 | INFO     | nure.playwright_sources:collect_playwright_images:99 - Playwright blinkit 'Catch JALJEERA': 0 URLs
2026-06-05 12:44:30.172 | DEBUG    | nure.playwright_sources:collect_playwright_images:97 - Playwright error for bigbasket: Page.goto: net::ERR_INTERNET_DISCONNECTED at https://www.bigbasket.com/ps/?q=Catch+JALJEERA
Call log:
navigating to "https://www.bigbasket.com/ps/?q=Catch+JALJEERA", waiting until "load"

2026-06-05 12:44:30.172 | INFO     | nure.playwright_sources:collect_playwright_images:99 - Playwright bigbasket 'Catch JALJEERA': 0 URLs
2026-06-05 12:44:30.190 | DEBUG    | nure.playwright_sources:collect_playwright_images:97 - Playwright error for jiomart: Page.goto: net::ERR_INTERNET_DISCONNECTED at https://www.jiomart.com/search/Catch+JALJEERA
Call log:
navigating to "https://www.jiomart.com/search/Catch+JALJEERA", waiting until "load"

2026-06-05 12:44:30.191 | INFO     | nure.playwright_sources:collect_playwright_images:99 - Playwright jiomart 'Catch JALJEERA': 0 URLs
2026-06-05 12:44:30.208 | DEBUG    | nure.playwright_sources:collect_playwright_images:97 - Playwright error for flipkart: Page.goto: net::ERR_INTERNET_DISCONNECTED at https://www.flipkart.com/search?q=Catch+JALJEERA+100gm&marketplace=GROCERY
Call log:
navigating to "https://www.flipkart.com/search?q=Catch+JALJEERA+100gm&marketplace=GROCERY", waiting until "load"

2026-06-05 12:44:30.209 | INFO     | nure.playwright_sources:collect_playwright_images:99 - Playwright flipkart 'Catch JALJEERA 100gm': 0 URLs
2026-06-05 12:44:30.328 | DEBUG    | nure.image_sources:_get:46 - GET failed: HTTPSConnectionPool(host='world.openfoodfacts.org', port=443): Max retries exceeded with url: /api/v2/product/8901088002530.json?fields=images%2Cimage_front_url%2Cimage_front_small_url%2Cimage_ingredients_url%2Cimage_nutrition_url%2Cimage_packaging_url (Caused by NameResolutionError("HTTPSConnection(host='world.openfoodfacts.org', port=443): Failed to resolve 'world.openfoodfacts.org' ([Errno 11001] getaddrinfo failed)"))
2026-06-05 12:44:30.643 | DEBUG    | nure.image_sources:_get:46 - GET failed: HTTPSConnectionPool(host='www.amazon.in', port=443): Max retries exceeded with url: /s?k=Saffola+Tasty%2B+820+g&i=grocery (Caused by NameResolutionError("HTTPSConnection(host='www.amazon.in', port=443): Failed to resolve 'www.amazon.in' ([Errno 11001] getaddrinfo failed)"))
2026-06-05 12:44:32.067 | DEBUG    | nure.image_sources:_get:46 - GET failed: HTTPSConnectionPool(host='www.bing.com', port=443): Max retries exceeded with url: /images/search?q=Saffola+Tasty%2B (Caused by NameResolutionError("HTTPSConnection(host='www.bing.com', port=443): Failed to resolve 'www.bing.com' ([Errno 11001] getaddrinfo failed)"))
2026-06-05 12:44:32.137 | INFO     | __main__:download_product_images:254 - Product e55256911b92 has 0 images (min 10). Using Playwright fallback.
2026-06-05 12:44:33.597 | DEBUG    | nure.playwright_sources:collect_playwright_images:97 - Playwright error for blinkit: Page.goto: net::ERR_INTERNET_DISCONNECTED at https://blinkit.com/s/?q=Saffola+Tasty%2B
Call log:
navigating to "https://blinkit.com/s/?q=Saffola+Tasty%2B", waiting until "load"

2026-06-05 12:44:33.598 | INFO     | nure.playwright_sources:collect_playwright_images:99 - Playwright blinkit 'Saffola Tasty+': 0 URLs
2026-06-05 12:44:33.715 | DEBUG    | nure.playwright_sources:collect_playwright_images:97 - Playwright error for bigbasket: Page.goto: net::ERR_INTERNET_DISCONNECTED at https://www.bigbasket.com/ps/?q=Saffola+Tasty%2B
Call log:
navigating to "https://www.bigbasket.com/ps/?q=Saffola+Tasty%2B", waiting until "load"

2026-06-05 12:44:33.715 | INFO     | nure.playwright_sources:collect_playwright_images:99 - Playwright bigbasket 'Saffola Tasty+': 0 URLs
2026-06-05 12:44:33.737 | DEBUG    | nure.playwright_sources:collect_playwright_images:97 - Playwright error for jiomart: Page.goto: net::ERR_INTERNET_DISCONNECTED at https://www.jiomart.com/search/Saffola+Tasty%2B
Call log:
navigating to "https://www.jiomart.com/search/Saffola+Tasty%2B", waiting until "load"

2026-06-05 12:44:33.737 | INFO     | nure.playwright_sources:collect_playwright_images:99 - Playwright jiomart 'Saffola Tasty+': 0 URLs
2026-06-05 12:44:33.763 | DEBUG    | nure.playwright_sources:collect_playwright_images:97 - Playwright error for flipkart: Page.goto: net::ERR_INTERNET_DISCONNECTED at https://www.flipkart.com/search?q=Saffola+Tasty%2B+820+g&marketplace=GROCERY
Call log:
navigating to "https://www.flipkart.com/search?q=Saffola+Tasty%2B+820+g&marketplace=GROCERY", waiting until "load"

2026-06-05 12:44:33.765 | INFO     | nure.playwright_sources:collect_playwright_images:99 - Playwright flipkart 'Saffola Tasty+ 820 g': 0 URLs
2026-06-05 12:44:33.918 | DEBUG    | nure.image_sources:_get:46 - GET failed: HTTPSConnectionPool(host='world.openfoodfacts.org', port=443): Max retries exceeded with url: /api/v2/product/0656846520129.json?fields=images%2Cimage_front_url%2Cimage_front_small_url%2Cimage_ingredients_url%2Cimage_nutrition_url%2Cimage_packaging_url (Caused by NameResolutionError("HTTPSConnection(host='world.openfoodfacts.org', port=443): Failed to resolve 'world.openfoodfacts.org' ([Errno 11001] getaddrinfo failed)"))
2026-06-05 12:44:34.229 | DEBUG    | nure.image_sources:_get:46 - GET failed: HTTPSConnectionPool(host='www.amazon.in', port=443): Max retries exceeded with url: /s?k=Amul+Water+Buffalo+And+Cow+Milk+Butter&i=grocery (Caused by NameResolutionError("HTTPSConnection(host='www.amazon.in', port=443): Failed to resolve 'www.amazon.in' ([Errno 11001] getaddrinfo failed)"))
2026-06-05 12:44:35.490 | DEBUG    | nure.image_sources:_get:46 - GET failed: HTTPSConnectionPool(host='www.bing.com', port=443): Max retries exceeded with url: /images/search?q=Amul+Water+Buffalo+And+Cow+Milk+Butter (Caused by NameResolutionError("HTTPSConnection(host='www.bing.com', port=443): Failed to resolve 'www.bing.com' ([Errno 11001] getaddrinfo failed)"))
2026-06-05 12:44:35.521 | INFO     | __main__:download_product_images:254 - Product 7b0bae51f544 has 0 images (min 10). Using Playwright fallback.
2026-06-05 12:44:36.836 | DEBUG    | nure.playwright_sources:collect_playwright_images:97 - Playwright error for blinkit: Page.goto: net::ERR_INTERNET_DISCONNECTED at https://blinkit.com/s/?q=Amul+Water+Buffalo+And+Cow+Milk+Butter
Call log:
navigating to "https://blinkit.com/s/?q=Amul+Water+Buffalo+And+Cow+Milk+Butter", waiting until "load"

2026-06-05 12:44:36.836 | INFO     | nure.playwright_sources:collect_playwright_images:99 - Playwright blinkit 'Amul Water Buffalo And Cow Mil': 0 URLs
2026-06-05 12:44:36.956 | DEBUG    | nure.playwright_sources:collect_playwright_images:97 - Playwright error for bigbasket: Page.goto: net::ERR_INTERNET_DISCONNECTED at https://www.bigbasket.com/ps/?q=Amul+Water+Buffalo+And+Cow+Milk+Butter
Call log:
navigating to "https://www.bigbasket.com/ps/?q=Amul+Water+Buffalo+And+Cow+Milk+Butter", waiting until "load"

2026-06-05 12:44:36.957 | INFO     | nure.playwright_sources:collect_playwright_images:99 - Playwright bigbasket 'Amul Water Buffalo And Cow Mil': 0 URLs
2026-06-05 12:44:36.978 | DEBUG    | nure.playwright_sources:collect_playwright_images:97 - Playwright error for jiomart: Page.goto: net::ERR_INTERNET_DISCONNECTED at https://www.jiomart.com/search/Amul+Water+Buffalo+And+Cow+Milk+Butter
Call log:
navigating to "https://www.jiomart.com/search/Amul+Water+Buffalo+And+Cow+Milk+Butter", waiting until "load"

2026-06-05 12:44:36.978 | INFO     | nure.playwright_sources:collect_playwright_images:99 - Playwright jiomart 'Amul Water Buffalo And Cow Mil': 0 URLs
2026-06-05 12:44:36.999 | DEBUG    | nure.playwright_sources:collect_playwright_images:97 - Playwright error for flipkart: Page.goto: net::ERR_INTERNET_DISCONNECTED at https://www.flipkart.com/search?q=Amul+Water+Buffalo+And+Cow+Milk+Butter&marketplace=GROCERY
Call log:
navigating to "https://www.flipkart.com/search?q=Amul+Water+Buffalo+And+Cow+Milk+Butter&marketplace=GROCERY", waiting until "load"

2026-06-05 12:44:36.999 | INFO     | nure.playwright_sources:collect_playwright_images:99 - Playwright flipkart 'Amul Water Buffalo And Cow Mil': 0 URLs
2026-06-05 12:44:37.122 | DEBUG    | nure.image_sources:_get:46 - GET failed: HTTPSConnectionPool(host='world.openfoodfacts.org', port=443): Max retries exceeded with url: /api/v2/product/8901052004683.json?fields=images%2Cimage_front_url%2Cimage_front_small_url%2Cimage_ingredients_url%2Cimage_nutrition_url%2Cimage_packaging_url (Caused by NameResolutionError("HTTPSConnection(host='world.openfoodfacts.org', port=443): Failed to resolve 'world.openfoodfacts.org' ([Errno 11001] getaddrinfo failed)"))
2026-06-05 12:44:37.437 | DEBUG    | nure.image_sources:_get:46 - GET failed: HTTPSConnectionPool(host='www.amazon.in', port=443): Max retries exceeded with url: /s?k=Tata+Tata+tea+premium&i=grocery (Caused by NameResolutionError("HTTPSConnection(host='www.amazon.in', port=443): Failed to resolve 'www.amazon.in' ([Errno 11001] getaddrinfo failed)"))
2026-06-05 12:44:38.562 | DEBUG    | nure.image_sources:_get:46 - GET failed: HTTPSConnectionPool(host='www.bing.com', port=443): Max retries exceeded with url: /images/search?q=Tata+Tata+tea+premium (Caused by NameResolutionError("HTTPSConnection(host='www.bing.com', port=443): Failed to resolve 'www.bing.com' ([Errno 11001] getaddrinfo failed)"))
2026-06-05 12:44:38.592 | INFO     | __main__:download_product_images:254 - Product 3989a8c47742 has 0 images (min 10). Using Playwright fallback.
2026-06-05 12:44:39.955 | DEBUG    | nure.playwright_sources:collect_playwright_images:97 - Playwright error for blinkit: Page.goto: net::ERR_INTERNET_DISCONNECTED at https://blinkit.com/s/?q=Tata+Tata+tea+premium
Call log:
navigating to "https://blinkit.com/s/?q=Tata+Tata+tea+premium", waiting until "load"

2026-06-05 12:44:39.955 | INFO     | nure.playwright_sources:collect_playwright_images:99 - Playwright blinkit 'Tata Tata tea premium': 0 URLs
2026-06-05 12:44:40.078 | DEBUG    | nure.playwright_sources:collect_playwright_images:97 - Playwright error for bigbasket: Page.goto: net::ERR_INTERNET_DISCONNECTED at https://www.bigbasket.com/ps/?q=Tata+Tata+tea+premium
Call log:
navigating to "https://www.bigbasket.com/ps/?q=Tata+Tata+tea+premium", waiting until "load"

2026-06-05 12:44:40.078 | INFO     | nure.playwright_sources:collect_playwright_images:99 - Playwright bigbasket 'Tata Tata tea premium': 0 URLs
2026-06-05 12:44:40.103 | DEBUG    | nure.playwright_sources:collect_playwright_images:97 - Playwright error for jiomart: Page.goto: net::ERR_INTERNET_DISCONNECTED at https://www.jiomart.com/search/Tata+Tata+tea+premium
Call log:
navigating to "https://www.jiomart.com/search/Tata+Tata+tea+premium", waiting until "load"

2026-06-05 12:44:40.103 | INFO     | nure.playwright_sources:collect_playwright_images:99 - Playwright jiomart 'Tata Tata tea premium': 0 URLs
2026-06-05 12:44:40.124 | DEBUG    | nure.playwright_sources:collect_playwright_images:97 - Playwright error for flipkart: Page.goto: net::ERR_INTERNET_DISCONNECTED at https://www.flipkart.com/search?q=Tata+Tata+tea+premium&marketplace=GROCERY
Call log:
navigating to "https://www.flipkart.com/search?q=Tata+Tata+tea+premium&marketplace=GROCERY", waiting until "load"

2026-06-05 12:44:40.124 | INFO     | nure.playwright_sources:collect_playwright_images:99 - Playwright flipkart 'Tata Tata tea premium': 0 URLs
2026-06-05 12:44:40.252 | DEBUG    | nure.image_sources:_get:46 - GET failed: HTTPSConnectionPool(host='world.openfoodfacts.org', port=443): Max retries exceeded with url: /api/v2/product/7622201781187.json?fields=images%2Cimage_front_url%2Cimage_front_small_url%2Cimage_ingredients_url%2Cimage_nutrition_url%2Cimage_packaging_url (Caused by NameResolutionError("HTTPSConnection(host='world.openfoodfacts.org', port=443): Failed to resolve 'world.openfoodfacts.org' ([Errno 11001] getaddrinfo failed)"))
2026-06-05 12:44:40.564 | DEBUG    | nure.image_sources:_get:46 - GET failed: HTTPSConnectionPool(host='www.amazon.in', port=443): Max retries exceeded with url: /s?k=Cadbury+Bournvita+Biscuits+250+6&i=grocery (Caused by NameResolutionError("HTTPSConnection(host='www.amazon.in', port=443): Failed to resolve 'www.amazon.in' ([Errno 11001] getaddrinfo failed)"))
2026-06-05 12:44:41.640 | DEBUG    | nure.image_sources:_get:46 - GET failed: HTTPSConnectionPool(host='www.bing.com', port=443): Max retries exceeded with url: /images/search?q=Cadbury+Bournvita+Biscuits+250 (Caused by NameResolutionError("HTTPSConnection(host='www.bing.com', port=443): Failed to resolve 'www.bing.com' ([Errno 11001] getaddrinfo failed)"))
2026-06-05 12:44:41.670 | INFO     | __main__:download_product_images:254 - Product 2e5e468fe2fb has 0 images (min 10). Using Playwright fallback.
2026-06-05 12:44:43.012 | DEBUG    | nure.playwright_sources:collect_playwright_images:97 - Playwright error for blinkit: Page.goto: net::ERR_INTERNET_DISCONNECTED at https://blinkit.com/s/?q=Cadbury+Bournvita+Biscuits+250
Call log:
navigating to "https://blinkit.com/s/?q=Cadbury+Bournvita+Biscuits+250", waiting until "load"

2026-06-05 12:44:43.012 | INFO     | nure.playwright_sources:collect_playwright_images:99 - Playwright blinkit 'Cadbury Bournvita Biscuits 250': 0 URLs
2026-06-05 12:44:43.136 | DEBUG    | nure.playwright_sources:collect_playwright_images:97 - Playwright error for bigbasket: Page.goto: net::ERR_INTERNET_DISCONNECTED at https://www.bigbasket.com/ps/?q=Cadbury+Bournvita+Biscuits+250
Call log:
navigating to "https://www.bigbasket.com/ps/?q=Cadbury+Bournvita+Biscuits+250", waiting until "load"

2026-06-05 12:44:43.137 | INFO     | nure.playwright_sources:collect_playwright_images:99 - Playwright bigbasket 'Cadbury Bournvita Biscuits 250': 0 URLs
2026-06-05 12:44:43.160 | DEBUG    | nure.playwright_sources:collect_playwright_images:97 - Playwright error for jiomart: Page.goto: net::ERR_INTERNET_DISCONNECTED at https://www.jiomart.com/search/Cadbury+Bournvita+Biscuits+250
Call log:
navigating to "https://www.jiomart.com/search/Cadbury+Bournvita+Biscuits+250", waiting until "load"

2026-06-05 12:44:43.160 | INFO     | nure.playwright_sources:collect_playwright_images:99 - Playwright jiomart 'Cadbury Bournvita Biscuits 250': 0 URLs
2026-06-05 12:44:43.185 | DEBUG    | nure.playwright_sources:collect_playwright_images:97 - Playwright error for flipkart: Page.goto: net::ERR_INTERNET_DISCONNECTED at https://www.flipkart.com/search?q=Cadbury+Bournvita+Biscuits+250+6&marketplace=GROCERY
Call log:
navigating to "https://www.flipkart.com/search?q=Cadbury+Bournvita+Biscuits+250+6&marketplace=GROCERY", waiting until "load"

2026-06-05 12:44:43.186 | INFO     | nure.playwright_sources:collect_playwright_images:99 - Playwright flipkart 'Cadbury Bournvita Biscuits 250': 0 URLs
2026-06-05 12:44:43.312 | DEBUG    | nure.image_sources:_get:46 - GET failed: HTTPSConnectionPool(host='world.openfoodfacts.org', port=443): Max retries exceeded with url: /api/v2/product/8445291259171.json?fields=images%2Cimage_front_url%2Cimage_front_small_url%2Cimage_ingredients_url%2Cimage_nutrition_url%2Cimage_packaging_url (Caused by NameResolutionError("HTTPSConnection(host='world.openfoodfacts.org', port=443): Failed to resolve 'world.openfoodfacts.org' ([Errno 11001] getaddrinfo failed)"))
2026-06-05 12:44:43.621 | DEBUG    | nure.image_sources:_get:46 - GET failed: HTTPSConnectionPool(host='www.amazon.in', port=443): Max retries exceeded with url: /s?k=Maggi+Saucy+Noodles+75g&i=grocery (Caused by NameResolutionError("HTTPSConnection(host='www.amazon.in', port=443): Failed to resolve 'www.amazon.in' ([Errno 11001] getaddrinfo failed)"))
2026-06-05 12:44:44.621 | DEBUG    | nure.image_sources:_get:46 - GET failed: HTTPSConnectionPool(host='www.bing.com', port=443): Max retries exceeded with url: /images/search?q=Maggi+Saucy+Noodles (Caused by NameResolutionError("HTTPSConnection(host='www.bing.com', port=443): Failed to resolve 'www.bing.com' ([Errno 11001] getaddrinfo failed)"))
2026-06-05 12:44:44.652 | INFO     | __main__:download_product_images:254 - Product 39c14660beb4 has 0 images (min 10). Using Playwright fallback.
2026-06-05 12:44:45.994 | DEBUG    | nure.playwright_sources:collect_playwright_images:97 - Playwright error for blinkit: Page.goto: net::ERR_INTERNET_DISCONNECTED at https://blinkit.com/s/?q=Maggi+Saucy+Noodles
Call log:
navigating to "https://blinkit.com/s/?q=Maggi+Saucy+Noodles", waiting until "load"

2026-06-05 12:44:45.994 | INFO     | nure.playwright_sources:collect_playwright_images:99 - Playwright blinkit 'Maggi Saucy Noodles': 0 URLs
2026-06-05 12:44:46.121 | DEBUG    | nure.playwright_sources:collect_playwright_images:97 - Playwright error for bigbasket: Page.goto: net::ERR_INTERNET_DISCONNECTED at https://www.bigbasket.com/ps/?q=Maggi+Saucy+Noodles
Call log:
navigating to "https://www.bigbasket.com/ps/?q=Maggi+Saucy+Noodles", waiting until "load"

2026-06-05 12:44:46.122 | INFO     | nure.playwright_sources:collect_playwright_images:99 - Playwright bigbasket 'Maggi Saucy Noodles': 0 URLs
2026-06-05 12:44:46.150 | DEBUG    | nure.playwright_sources:collect_playwright_images:97 - Playwright error for jiomart: Page.goto: net::ERR_INTERNET_DISCONNECTED at https://www.jiomart.com/search/Maggi+Saucy+Noodles
Call log:
navigating to "https://www.jiomart.com/search/Maggi+Saucy+Noodles", waiting until "load"

2026-06-05 12:44:46.150 | INFO     | nure.playwright_sources:collect_playwright_images:99 - Playwright jiomart 'Maggi Saucy Noodles': 0 URLs
2026-06-05 12:44:46.179 | DEBUG    | nure.playwright_sources:collect_playwright_images:97 - Playwright error for flipkart: Page.goto: net::ERR_INTERNET_DISCONNECTED at https://www.flipkart.com/search?q=Maggi+Saucy+Noodles+75g&marketplace=GROCERY
Call log:
navigating to "https://www.flipkart.com/search?q=Maggi+Saucy+Noodles+75g&marketplace=GROCERY", waiting until "load"

2026-06-05 12:44:46.180 | INFO     | nure.playwright_sources:collect_playwright_images:99 - Playwright flipkart 'Maggi Saucy Noodles 75g': 0 URLs
2026-06-05 12:44:46.319 | DEBUG    | nure.image_sources:_get:46 - GET failed: HTTPSConnectionPool(host='world.openfoodfacts.org', port=443): Max retries exceeded with url: /api/v2/product/8901747002277.json?fields=images%2Cimage_front_url%2Cimage_front_small_url%2Cimage_ingredients_url%2Cimage_nutrition_url%2Cimage_packaging_url (Caused by NameResolutionError("HTTPSConnection(host='world.openfoodfacts.org', port=443): Failed to resolve 'world.openfoodfacts.org' ([Errno 11001] getaddrinfo failed)"))
2026-06-05 12:44:46.631 | DEBUG    | nure.image_sources:_get:46 - GET failed: HTTPSConnectionPool(host='www.amazon.in', port=443): Max retries exceeded with url: /s?k=Wagh+Bakri+Instant+tea+combo+pack+168g&i=grocery (Caused by NameResolutionError("HTTPSConnection(host='www.amazon.in', port=443): Failed to resolve 'www.amazon.in' ([Errno 11001] getaddrinfo failed)"))
2026-06-05 12:44:47.680 | DEBUG    | nure.image_sources:_get:46 - GET failed: HTTPSConnectionPool(host='www.bing.com', port=443): Max retries exceeded with url: /images/search?q=Wagh+Bakri+Instant+tea+combo+pack (Caused by NameResolutionError("HTTPSConnection(host='www.bing.com', port=443): Failed to resolve 'www.bing.com' ([Errno 11001] getaddrinfo failed)"))
2026-06-05 12:44:47.710 | INFO     | __main__:download_product_images:254 - Product c40971b6e11a has 0 images (min 10). Using Playwright fallback.
2026-06-05 12:44:50.129 | DEBUG    | nure.playwright_sources:collect_playwright_images:97 - Playwright error for blinkit: Page.goto: net::ERR_INTERNET_DISCONNECTED at https://blinkit.com/s/?q=Wagh+Bakri+Instant+tea+combo+pack
Call log:
navigating to "https://blinkit.com/s/?q=Wagh+Bakri+Instant+tea+combo+pack", waiting until "load"

2026-06-05 12:44:50.130 | INFO     | nure.playwright_sources:collect_playwright_images:99 - Playwright blinkit 'Wagh Bakri Instant tea combo p': 0 URLs
2026-06-05 12:44:50.255 | DEBUG    | nure.playwright_sources:collect_playwright_images:97 - Playwright error for bigbasket: Page.goto: net::ERR_INTERNET_DISCONNECTED at https://www.bigbasket.com/ps/?q=Wagh+Bakri+Instant+tea+combo+pack
Call log:
navigating to "https://www.bigbasket.com/ps/?q=Wagh+Bakri+Instant+tea+combo+pack", waiting until "load"

2026-06-05 12:44:50.255 | INFO     | nure.playwright_sources:collect_playwright_images:99 - Playwright bigbasket 'Wagh Bakri Instant tea combo p': 0 URLs
2026-06-05 12:44:50.276 | DEBUG    | nure.playwright_sources:collect_playwright_images:97 - Playwright error for jiomart: Page.goto: net::ERR_INTERNET_DISCONNECTED at https://www.jiomart.com/search/Wagh+Bakri+Instant+tea+combo+pack
Call log:
navigating to "https://www.jiomart.com/search/Wagh+Bakri+Instant+tea+combo+pack", waiting until "load"

2026-06-05 12:44:50.276 | INFO     | nure.playwright_sources:collect_playwright_images:99 - Playwright jiomart 'Wagh Bakri Instant tea combo p': 0 URLs
2026-06-05 12:44:50.296 | DEBUG    | nure.playwright_sources:collect_playwright_images:97 - Playwright error for flipkart: Page.goto: net::ERR_INTERNET_DISCONNECTED at https://www.flipkart.com/search?q=Wagh+Bakri+Instant+tea+combo+pack+168g&marketplace=GROCERY
Call log:
navigating to "https://www.flipkart.com/search?q=Wagh+Bakri+Instant+tea+combo+pack+168g&marketplace=GROCERY", waiting until "load"

2026-06-05 12:44:50.297 | INFO     | nure.playwright_sources:collect_playwright_images:99 - Playwright flipkart 'Wagh Bakri Instant tea combo p': 0 URLs
2026-06-05 12:44:50.425 | DEBUG    | nure.image_sources:_get:46 - GET failed: HTTPSConnectionPool(host='world.openfoodfacts.org', port=443): Max retries exceeded with url: /api/v2/product/0070074690520.json?fields=images%2Cimage_front_url%2Cimage_front_small_url%2Cimage_ingredients_url%2Cimage_nutrition_url%2Cimage_packaging_url (Caused by NameResolutionError("HTTPSConnection(host='world.openfoodfacts.org', port=443): Failed to resolve 'world.openfoodfacts.org' ([Errno 11001] getaddrinfo failed)"))
2026-06-05 12:44:50.737 | DEBUG    | nure.image_sources:_get:46 - GET failed: HTTPSConnectionPool(host='www.amazon.in', port=443): Max retries exceeded with url: /s?k=PediaSure+Vanilla+Shake&i=grocery (Caused by NameResolutionError("HTTPSConnection(host='www.amazon.in', port=443): Failed to resolve 'www.amazon.in' ([Errno 11001] getaddrinfo failed)"))
2026-06-05 12:44:51.943 | DEBUG    | nure.image_sources:_get:46 - GET failed: HTTPSConnectionPool(host='www.bing.com', port=443): Max retries exceeded with url: /images/search?q=PediaSure+Vanilla+Shake (Caused by NameResolutionError("HTTPSConnection(host='www.bing.com', port=443): Failed to resolve 'www.bing.com' ([Errno 11001] getaddrinfo failed)"))
2026-06-05 12:44:51.979 | INFO     | __main__:download_product_images:254 - Product 807de8811f3a has 0 images (min 10). Using Playwright fallback.
2026-06-05 12:44:53.333 | DEBUG    | nure.playwright_sources:collect_playwright_images:97 - Playwright error for blinkit: Page.goto: net::ERR_INTERNET_DISCONNECTED at https://blinkit.com/s/?q=PediaSure+Vanilla+Shake
Call log:
navigating to "https://blinkit.com/s/?q=PediaSure+Vanilla+Shake", waiting until "load"

2026-06-05 12:44:53.333 | INFO     | nure.playwright_sources:collect_playwright_images:99 - Playwright blinkit 'PediaSure Vanilla Shake': 0 URLs
2026-06-05 12:44:53.459 | DEBUG    | nure.playwright_sources:collect_playwright_images:97 - Playwright error for bigbasket: Page.goto: net::ERR_INTERNET_DISCONNECTED at https://www.bigbasket.com/ps/?q=PediaSure+Vanilla+Shake
Call log:
navigating to "https://www.bigbasket.com/ps/?q=PediaSure+Vanilla+Shake", waiting until "load"

2026-06-05 12:44:53.460 | INFO     | nure.playwright_sources:collect_playwright_images:99 - Playwright bigbasket 'PediaSure Vanilla Shake': 0 URLs
2026-06-05 12:44:53.484 | DEBUG    | nure.playwright_sources:collect_playwright_images:97 - Playwright error for jiomart: Page.goto: net::ERR_INTERNET_DISCONNECTED at https://www.jiomart.com/search/PediaSure+Vanilla+Shake
Call log:
navigating to "https://www.jiomart.com/search/PediaSure+Vanilla+Shake", waiting until "load"

2026-06-05 12:44:53.485 | INFO     | nure.playwright_sources:collect_playwright_images:99 - Playwright jiomart 'PediaSure Vanilla Shake': 0 URLs
2026-06-05 12:44:53.518 | DEBUG    | nure.playwright_sources:collect_playwright_images:97 - Playwright error for flipkart: Page.goto: net::ERR_INTERNET_DISCONNECTED at https://www.flipkart.com/search?q=PediaSure+Vanilla+Shake&marketplace=GROCERY
Call log:
navigating to "https://www.flipkart.com/search?q=PediaSure+Vanilla+Shake&marketplace=GROCERY", waiting until "load"

2026-06-05 12:44:53.518 | INFO     | nure.playwright_sources:collect_playwright_images:99 - Playwright flipkart 'PediaSure Vanilla Shake': 0 URLs
2026-06-05 12:44:53.662 | DEBUG    | nure.image_sources:_get:46 - GET failed: HTTPSConnectionPool(host='world.openfoodfacts.org', port=443): Max retries exceeded with url: /api/v2/product/5000157152633.json?fields=images%2Cimage_front_url%2Cimage_front_small_url%2Cimage_ingredients_url%2Cimage_nutrition_url%2Cimage_packaging_url (Caused by NameResolutionError("HTTPSConnection(host='world.openfoodfacts.org', port=443): Failed to resolve 'world.openfoodfacts.org' ([Errno 11001] getaddrinfo failed)"))
2026-06-05 12:44:53.974 | DEBUG    | nure.image_sources:_get:46 - GET failed: HTTPSConnectionPool(host='www.amazon.in', port=443): Max retries exceeded with url: /s?k=Heinz+Sweet+and+Sour+chicken+200g&i=grocery (Caused by NameResolutionError("HTTPSConnection(host='www.amazon.in', port=443): Failed to resolve 'www.amazon.in' ([Errno 11001] getaddrinfo failed)"))
2026-06-05 12:44:55.285 | DEBUG    | nure.image_sources:_get:46 - GET failed: HTTPSConnectionPool(host='www.bing.com', port=443): Max retries exceeded with url: /images/search?q=Heinz+Sweet+and+Sour+chicken (Caused by NameResolutionError("HTTPSConnection(host='www.bing.com', port=443): Failed to resolve 'www.bing.com' ([Errno 11001] getaddrinfo failed)"))
2026-06-05 12:44:55.314 | INFO     | __main__:download_product_images:254 - Product 9d15294bbd38 has 0 images (min 10). Using Playwright fallback.
2026-06-05 12:44:56.595 | DEBUG    | nure.playwright_sources:collect_playwright_images:97 - Playwright error for blinkit: Page.goto: net::ERR_INTERNET_DISCONNECTED at https://blinkit.com/s/?q=Heinz+Sweet+and+Sour+chicken
Call log:
navigating to "https://blinkit.com/s/?q=Heinz+Sweet+and+Sour+chicken", waiting until "load"

2026-06-05 12:44:56.595 | INFO     | nure.playwright_sources:collect_playwright_images:99 - Playwright blinkit 'Heinz Sweet and Sour chicken': 0 URLs
2026-06-05 12:44:56.717 | DEBUG    | nure.playwright_sources:collect_playwright_images:97 - Playwright error for bigbasket: Page.goto: net::ERR_INTERNET_DISCONNECTED at https://www.bigbasket.com/ps/?q=Heinz+Sweet+and+Sour+chicken
Call log:
navigating to "https://www.bigbasket.com/ps/?q=Heinz+Sweet+and+Sour+chicken", waiting until "load"

2026-06-05 12:44:56.717 | INFO     | nure.playwright_sources:collect_playwright_images:99 - Playwright bigbasket 'Heinz Sweet and Sour chicken': 0 URLs
2026-06-05 12:44:56.741 | DEBUG    | nure.playwright_sources:collect_playwright_images:97 - Playwright error for jiomart: Page.goto: net::ERR_INTERNET_DISCONNECTED at https://www.jiomart.com/search/Heinz+Sweet+and+Sour+chicken
Call log:
navigating to "https://www.jiomart.com/search/Heinz+Sweet+and+Sour+chicken", waiting until "load"

2026-06-05 12:44:56.741 | INFO     | nure.playwright_sources:collect_playwright_images:99 - Playwright jiomart 'Heinz Sweet and Sour chicken': 0 URLs
2026-06-05 12:44:56.775 | DEBUG    | nure.playwright_sources:collect_playwright_images:97 - Playwright error for flipkart: Page.goto: net::ERR_INTERNET_DISCONNECTED at https://www.flipkart.com/search?q=Heinz+Sweet+and+Sour+chicken+200g&marketplace=GROCERY
Call log:
navigating to "https://www.flipkart.com/search?q=Heinz+Sweet+and+Sour+chicken+200g&marketplace=GROCERY", waiting until "load"

2026-06-05 12:44:56.775 | INFO     | nure.playwright_sources:collect_playwright_images:99 - Playwright flipkart 'Heinz Sweet and Sour chicken 2': 0 URLs
2026-06-05 12:44:56.895 | DEBUG    | nure.image_sources:_get:46 - GET failed: HTTPSConnectionPool(host='world.openfoodfacts.org', port=443): Max retries exceeded with url: /api/v2/product/8906000210024.json?fields=images%2Cimage_front_url%2Cimage_front_small_url%2Cimage_ingredients_url%2Cimage_nutrition_url%2Cimage_packaging_url (Caused by NameResolutionError("HTTPSConnection(host='world.openfoodfacts.org', port=443): Failed to resolve 'world.openfoodfacts.org' ([Errno 11001] getaddrinfo failed)"))
2026-06-05 12:44:57.200 | DEBUG    | nure.image_sources:_get:46 - GET failed: HTTPSConnectionPool(host='www.amazon.in', port=443): Max retries exceeded with url: /s?k=Pillsbury+Chakki+atta+1+kg&i=grocery (Caused by NameResolutionError("HTTPSConnection(host='www.amazon.in', port=443): Failed to resolve 'www.amazon.in' ([Errno 11001] getaddrinfo failed)"))
2026-06-05 12:44:58.388 | DEBUG    | nure.image_sources:_get:46 - GET failed: HTTPSConnectionPool(host='www.bing.com', port=443): Max retries exceeded with url: /images/search?q=Pillsbury+Chakki+atta (Caused by NameResolutionError("HTTPSConnection(host='www.bing.com', port=443): Failed to resolve 'www.bing.com' ([Errno 11001] getaddrinfo failed)"))
2026-06-05 12:44:58.420 | INFO     | __main__:download_product_images:254 - Product 5dc7a65f2d43 has 0 images (min 10). Using Playwright fallback.
2026-06-05 12:44:59.827 | DEBUG    | nure.playwright_sources:collect_playwright_images:97 - Playwright error for blinkit: Page.goto: net::ERR_INTERNET_DISCONNECTED at https://blinkit.com/s/?q=Pillsbury+Chakki+atta
Call log:
navigating to "https://blinkit.com/s/?q=Pillsbury+Chakki+atta", waiting until "load"

2026-06-05 12:44:59.827 | INFO     | nure.playwright_sources:collect_playwright_images:99 - Playwright blinkit 'Pillsbury Chakki atta': 0 URLs
2026-06-05 12:45:01.004 | DEBUG    | nure.playwright_sources:collect_playwright_images:97 - Playwright error for bigbasket: Page.goto: net::ERR_INTERNET_DISCONNECTED at https://www.bigbasket.com/ps/?q=Pillsbury+Chakki+atta
Call log:
navigating to "https://www.bigbasket.com/ps/?q=Pillsbury+Chakki+atta", waiting until "load"

2026-06-05 12:45:01.004 | INFO     | nure.playwright_sources:collect_playwright_images:99 - Playwright bigbasket 'Pillsbury Chakki atta': 0 URLs
2026-06-05 12:45:01.026 | DEBUG    | nure.playwright_sources:collect_playwright_images:97 - Playwright error for jiomart: Page.goto: net::ERR_INTERNET_DISCONNECTED at https://www.jiomart.com/search/Pillsbury+Chakki+atta
Call log:
navigating to "https://www.jiomart.com/search/Pillsbury+Chakki+atta", waiting until "load"

2026-06-05 12:45:01.026 | INFO     | nure.playwright_sources:collect_playwright_images:99 - Playwright jiomart 'Pillsbury Chakki atta': 0 URLs
2026-06-05 12:45:01.048 | DEBUG    | nure.playwright_sources:collect_playwright_images:97 - Playwright error for flipkart: Page.goto: net::ERR_INTERNET_DISCONNECTED at https://www.flipkart.com/search?q=Pillsbury+Chakki+atta+1+kg&marketplace=GROCERY
Call log:
navigating to "https://www.flipkart.com/search?q=Pillsbury+Chakki+atta+1+kg&marketplace=GROCERY", waiting until "load"

2026-06-05 12:45:01.048 | INFO     | nure.playwright_sources:collect_playwright_images:99 - Playwright flipkart 'Pillsbury Chakki atta 1 kg': 0 URLs
2026-06-05 12:45:01.169 | DEBUG    | nure.image_sources:_get:46 - GET failed: HTTPSConnectionPool(host='world.openfoodfacts.org', port=443): Max retries exceeded with url: /api/v2/product/0749891098177.json?fields=images%2Cimage_front_url%2Cimage_front_small_url%2Cimage_ingredients_url%2Cimage_nutrition_url%2Cimage_packaging_url (Caused by NameResolutionError("HTTPSConnection(host='world.openfoodfacts.org', port=443): Failed to resolve 'world.openfoodfacts.org' ([Errno 11001] getaddrinfo failed)"))
2026-06-05 12:45:01.478 | DEBUG    | nure.image_sources:_get:46 - GET failed: HTTPSConnectionPool(host='www.amazon.in', port=443): Max retries exceeded with url: /s?k=Devi+Uncooked+Toor+Dal&i=grocery (Caused by NameResolutionError("HTTPSConnection(host='www.amazon.in', port=443): Failed to resolve 'www.amazon.in' ([Errno 11001] getaddrinfo failed)"))
2026-06-05 12:45:02.581 | DEBUG    | nure.image_sources:_get:46 - GET failed: HTTPSConnectionPool(host='www.bing.com', port=443): Max retries exceeded with url: /images/search?q=Devi+Uncooked+Toor+Dal (Caused by NameResolutionError("HTTPSConnection(host='www.bing.com', port=443): Failed to resolve 'www.bing.com' ([Errno 11001] getaddrinfo failed)"))
2026-06-05 12:45:02.613 | INFO     | __main__:download_product_images:254 - Product bbb9ca2937e3 has 0 images (min 10). Using Playwright fallback.
2026-06-05 12:45:04.000 | DEBUG    | nure.playwright_sources:collect_playwright_images:97 - Playwright error for blinkit: Page.goto: net::ERR_INTERNET_DISCONNECTED at https://blinkit.com/s/?q=Devi+Uncooked+Toor+Dal
Call log:
navigating to "https://blinkit.com/s/?q=Devi+Uncooked+Toor+Dal", waiting until "load"

2026-06-05 12:45:04.000 | INFO     | nure.playwright_sources:collect_playwright_images:99 - Playwright blinkit 'Devi Uncooked Toor Dal': 0 URLs
2026-06-05 12:45:04.125 | DEBUG    | nure.playwright_sources:collect_playwright_images:97 - Playwright error for bigbasket: Page.goto: net::ERR_INTERNET_DISCONNECTED at https://www.bigbasket.com/ps/?q=Devi+Uncooked+Toor+Dal
Call log:
navigating to "https://www.bigbasket.com/ps/?q=Devi+Uncooked+Toor+Dal", waiting until "load"

2026-06-05 12:45:04.126 | INFO     | nure.playwright_sources:collect_playwright_images:99 - Playwright bigbasket 'Devi Uncooked Toor Dal': 0 URLs
2026-06-05 12:45:04.150 | DEBUG    | nure.playwright_sources:collect_playwright_images:97 - Playwright error for jiomart: Page.goto: net::ERR_INTERNET_DISCONNECTED at https://www.jiomart.com/search/Devi+Uncooked+Toor+Dal
Call log:
navigating to "https://www.jiomart.com/search/Devi+Uncooked+Toor+Dal", waiting until "load"

2026-06-05 12:45:04.151 | INFO     | nure.playwright_sources:collect_playwright_images:99 - Playwright jiomart 'Devi Uncooked Toor Dal': 0 URLs
2026-06-05 12:45:04.190 | DEBUG    | nure.playwright_sources:collect_playwright_images:97 - Playwright error for flipkart: Page.goto: net::ERR_INTERNET_DISCONNECTED at https://www.flipkart.com/search?q=Devi+Uncooked+Toor+Dal&marketplace=GROCERY
Call log:
navigating to "https://www.flipkart.com/search?q=Devi+Uncooked+Toor+Dal&marketplace=GROCERY", waiting until "load"

2026-06-05 12:45:04.190 | INFO     | nure.playwright_sources:collect_playwright_images:99 - Playwright flipkart 'Devi Uncooked Toor Dal': 0 URLs
2026-06-05 12:45:04.321 | DEBUG    | nure.image_sources:_get:46 - GET failed: HTTPSConnectionPool(host='world.openfoodfacts.org', port=443): Max retries exceeded with url: /api/v2/product/7614200110211.json?fields=images%2Cimage_front_url%2Cimage_front_small_url%2Cimage_ingredients_url%2Cimage_nutrition_url%2Cimage_packaging_url (Caused by NameResolutionError("HTTPSConnection(host='world.openfoodfacts.org', port=443): Failed to resolve 'world.openfoodfacts.org' ([Errno 11001] getaddrinfo failed)"))
2026-06-05 12:45:04.636 | DEBUG    | nure.image_sources:_get:46 - GET failed: HTTPSConnectionPool(host='www.amazon.in', port=443): Max retries exceeded with url: /s?k=Hero+Salade+de+Chana+Dal+220+g+e&i=grocery (Caused by NameResolutionError("HTTPSConnection(host='www.amazon.in', port=443): Failed to resolve 'www.amazon.in' ([Errno 11001] getaddrinfo failed)"))
2026-06-05 12:45:06.004 | DEBUG    | nure.image_sources:_get:46 - GET failed: HTTPSConnectionPool(host='www.bing.com', port=443): Max retries exceeded with url: /images/search?q=Hero+Salade+de+Chana+Dal (Caused by NameResolutionError("HTTPSConnection(host='www.bing.com', port=443): Failed to resolve 'www.bing.com' ([Errno 11001] getaddrinfo failed)"))
2026-06-05 12:45:06.035 | INFO     | __main__:download_product_images:254 - Product e629089214e5 has 0 images (min 10). Using Playwright fallback.
2026-06-05 12:45:07.412 | DEBUG    | nure.playwright_sources:collect_playwright_images:97 - Playwright error for blinkit: Page.goto: net::ERR_INTERNET_DISCONNECTED at https://blinkit.com/s/?q=Hero+Salade+de+Chana+Dal
Call log:
navigating to "https://blinkit.com/s/?q=Hero+Salade+de+Chana+Dal", waiting until "load"

2026-06-05 12:45:07.412 | INFO     | nure.playwright_sources:collect_playwright_images:99 - Playwright blinkit 'Hero Salade de Chana Dal': 0 URLs
2026-06-05 12:45:07.537 | DEBUG    | nure.playwright_sources:collect_playwright_images:97 - Playwright error for bigbasket: Page.goto: net::ERR_INTERNET_DISCONNECTED at https://www.bigbasket.com/ps/?q=Hero+Salade+de+Chana+Dal
Call log:
navigating to "https://www.bigbasket.com/ps/?q=Hero+Salade+de+Chana+Dal", waiting until "load"

2026-06-05 12:45:07.537 | INFO     | nure.playwright_sources:collect_playwright_images:99 - Playwright bigbasket 'Hero Salade de Chana Dal': 0 URLs
2026-06-05 12:45:07.563 | DEBUG    | nure.playwright_sources:collect_playwright_images:97 - Playwright error for jiomart: Page.goto: net::ERR_INTERNET_DISCONNECTED at https://www.jiomart.com/search/Hero+Salade+de+Chana+Dal
Call log:
navigating to "https://www.jiomart.com/search/Hero+Salade+de+Chana+Dal", waiting until "load"

2026-06-05 12:45:07.563 | INFO     | nure.playwright_sources:collect_playwright_images:99 - Playwright jiomart 'Hero Salade de Chana Dal': 0 URLs
2026-06-05 12:45:07.587 | DEBUG    | nure.playwright_sources:collect_playwright_images:97 - Playwright error for flipkart: Page.goto: net::ERR_INTERNET_DISCONNECTED at https://www.flipkart.com/search?q=Hero+Salade+de+Chana+Dal+220+g+e&marketplace=GROCERY
Call log:
navigating to "https://www.flipkart.com/search?q=Hero+Salade+de+Chana+Dal+220+g+e&marketplace=GROCERY", waiting until "load"

2026-06-05 12:45:07.587 | INFO     | nure.playwright_sources:collect_playwright_images:99 - Playwright flipkart 'Hero Salade de Chana Dal 220 g': 0 URLs
2026-06-05 12:45:07.709 | DEBUG    | nure.image_sources:_get:46 - GET failed: HTTPSConnectionPool(host='world.openfoodfacts.org', port=443): Max retries exceeded with url: /api/v2/product/8904004403749.json?fields=images%2Cimage_front_url%2Cimage_front_small_url%2Cimage_ingredients_url%2Cimage_nutrition_url%2Cimage_packaging_url (Caused by NameResolutionError("HTTPSConnection(host='world.openfoodfacts.org', port=443): Failed to resolve 'world.openfoodfacts.org' ([Errno 11001] getaddrinfo failed)"))
2026-06-05 12:45:08.024 | DEBUG    | nure.image_sources:_get:46 - GET failed: HTTPSConnectionPool(host='www.amazon.in', port=443): Max retries exceeded with url: /s?k=Haldiram%27s+Moong+Dal+Indian+Snacks+350+g&i=grocery (Caused by NameResolutionError("HTTPSConnection(host='www.amazon.in', port=443): Failed to resolve 'www.amazon.in' ([Errno 11001] getaddrinfo failed)"))
2026-06-05 12:45:08.946 | DEBUG    | nure.image_sources:_get:46 - GET failed: HTTPSConnectionPool(host='www.bing.com', port=443): Max retries exceeded with url: /images/search?q=Haldiram%27s+Moong+Dal+Indian+Snacks (Caused by NameResolutionError("HTTPSConnection(host='www.bing.com', port=443): Failed to resolve 'www.bing.com' ([Errno 11001] getaddrinfo failed)"))
2026-06-05 12:45:08.980 | INFO     | __main__:download_product_images:254 - Product 9f46e2fa0e0d has 0 images (min 10). Using Playwright fallback.
2026-06-05 12:45:10.334 | DEBUG    | nure.playwright_sources:collect_playwright_images:97 - Playwright error for blinkit: Page.goto: net::ERR_INTERNET_DISCONNECTED at https://blinkit.com/s/?q=Haldiram%27s+Moong+Dal+Indian+Snacks
Call log:
navigating to "https://blinkit.com/s/?q=Haldiram%27s+Moong+Dal+Indian+Snacks", waiting until "load"

2026-06-05 12:45:10.335 | INFO     | nure.playwright_sources:collect_playwright_images:99 - Playwright blinkit 'Haldiram's Moong Dal Indian Sn': 0 URLs
2026-06-05 12:45:10.465 | DEBUG    | nure.playwright_sources:collect_playwright_images:97 - Playwright error for bigbasket: Page.goto: net::ERR_INTERNET_DISCONNECTED at https://www.bigbasket.com/ps/?q=Haldiram%27s+Moong+Dal+Indian+Snacks
Call log:
navigating to "https://www.bigbasket.com/ps/?q=Haldiram%27s+Moong+Dal+Indian+Snacks", waiting until "load"

2026-06-05 12:45:10.467 | INFO     | nure.playwright_sources:collect_playwright_images:99 - Playwright bigbasket 'Haldiram's Moong Dal Indian Sn': 0 URLs
2026-06-05 12:45:10.491 | DEBUG    | nure.playwright_sources:collect_playwright_images:97 - Playwright error for jiomart: Page.goto: net::ERR_INTERNET_DISCONNECTED at https://www.jiomart.com/search/Haldiram%27s+Moong+Dal+Indian+Snacks
Call log:
navigating to "https://www.jiomart.com/search/Haldiram%27s+Moong+Dal+Indian+Snacks", waiting until "load"

2026-06-05 12:45:10.491 | INFO     | nure.playwright_sources:collect_playwright_images:99 - Playwright jiomart 'Haldiram's Moong Dal Indian Sn': 0 URLs
2026-06-05 12:45:10.513 | DEBUG    | nure.playwright_sources:collect_playwright_images:97 - Playwright error for flipkart: Page.goto: net::ERR_INTERNET_DISCONNECTED at https://www.flipkart.com/search?q=Haldiram%27s+Moong+Dal+Indian+Snacks+350+g&marketplace=GROCERY
Call log:
navigating to "https://www.flipkart.com/search?q=Haldiram%27s+Moong+Dal+Indian+Snacks+350+g&marketplace=GROCERY", waiting until "load"

2026-06-05 12:45:10.513 | INFO     | nure.playwright_sources:collect_playwright_images:99 - Playwright flipkart 'Haldiram's Moong Dal Indian Sn': 0 URLs
2026-06-05 12:45:10.646 | DEBUG    | nure.image_sources:_get:46 - GET failed: HTTPSConnectionPool(host='world.openfoodfacts.org', port=443): Max retries exceeded with url: /api/v2/product/0901063151336.json?fields=images%2Cimage_front_url%2Cimage_front_small_url%2Cimage_ingredients_url%2Cimage_nutrition_url%2Cimage_packaging_url (Caused by NameResolutionError("HTTPSConnection(host='world.openfoodfacts.org', port=443): Failed to resolve 'world.openfoodfacts.org' ([Errno 11001] getaddrinfo failed)"))
2026-06-05 12:45:10.956 | DEBUG    | nure.image_sources:_get:46 - GET failed: HTTPSConnectionPool(host='www.amazon.in', port=443): Max retries exceeded with url: /s?k=Britannia+Britannia%2C+Good+Day+Cookies%2C+Butter&i=grocery (Caused by NameResolutionError("HTTPSConnection(host='www.amazon.in', port=443): Failed to resolve 'www.amazon.in' ([Errno 11001] getaddrinfo failed)"))
2026-06-05 12:45:11.970 | DEBUG    | nure.image_sources:_get:46 - GET failed: HTTPSConnectionPool(host='www.bing.com', port=443): Max retries exceeded with url: /images/search?q=Britannia+Britannia%2C+Good+Day+Cookies%2C+Butter (Caused by NameResolutionError("HTTPSConnection(host='www.bing.com', port=443): Failed to resolve 'www.bing.com' ([Errno 11001] getaddrinfo failed)"))
2026-06-05 12:45:12.004 | INFO     | __main__:download_product_images:254 - Product fd85b8d08e8b has 0 images (min 10). Using Playwright fallback.
2026-06-05 12:45:14.437 | DEBUG    | nure.playwright_sources:collect_playwright_images:97 - Playwright error for blinkit: Page.goto: net::ERR_INTERNET_DISCONNECTED at https://blinkit.com/s/?q=Britannia+Britannia%2C+Good+Day+Cookies%2C+Butter
Call log:
navigating to "https://blinkit.com/s/?q=Britannia+Britannia%2C+Good+Day+Cookies%2C+Butter", waiting until "load"

2026-06-05 12:45:14.438 | INFO     | nure.playwright_sources:collect_playwright_images:99 - Playwright blinkit 'Britannia Britannia, Good Day ': 0 URLs
2026-06-05 12:45:14.564 | DEBUG    | nure.playwright_sources:collect_playwright_images:97 - Playwright error for bigbasket: Page.goto: net::ERR_INTERNET_DISCONNECTED at https://www.bigbasket.com/ps/?q=Britannia+Britannia%2C+Good+Day+Cookies%2C+Butter
Call log:
navigating to "https://www.bigbasket.com/ps/?q=Britannia+Britannia%2C+Good+Day+Cookies%2C+Butter", waiting until "load"

2026-06-05 12:45:14.564 | INFO     | nure.playwright_sources:collect_playwright_images:99 - Playwright bigbasket 'Britannia Britannia, Good Day ': 0 URLs
2026-06-05 12:45:14.590 | DEBUG    | nure.playwright_sources:collect_playwright_images:97 - Playwright error for jiomart: Page.goto: net::ERR_INTERNET_DISCONNECTED at https://www.jiomart.com/search/Britannia+Britannia%2C+Good+Day+Cookies%2C+Butter
Call log:
navigating to "https://www.jiomart.com/search/Britannia+Britannia%2C+Good+Day+Cookies%2C+Butter", waiting until "load"

2026-06-05 12:45:14.590 | INFO     | nure.playwright_sources:collect_playwright_images:99 - Playwright jiomart 'Britannia Britannia, Good Day ': 0 URLs
2026-06-05 12:45:14.613 | DEBUG    | nure.playwright_sources:collect_playwright_images:97 - Playwright error for flipkart: Page.goto: net::ERR_INTERNET_DISCONNECTED at https://www.flipkart.com/search?q=Britannia+Britannia%2C+Good+Day+Cookies%2C+Butter&marketplace=GROCERY
Call log:
navigating to "https://www.flipkart.com/search?q=Britannia+Britannia%2C+Good+Day+Cookies%2C+Butter&marketplace=GROCERY", waiting until "load"

2026-06-05 12:45:14.614 | INFO     | nure.playwright_sources:collect_playwright_images:99 - Playwright flipkart 'Britannia Britannia, Good Day ': 0 URLs
2026-06-05 12:45:14.755 | DEBUG    | nure.image_sources:_get:46 - GET failed: HTTPSConnectionPool(host='world.openfoodfacts.org', port=443): Max retries exceeded with url: /api/v2/product/8901786121007.json?fields=images%2Cimage_front_url%2Cimage_front_small_url%2Cimage_ingredients_url%2Cimage_nutrition_url%2Cimage_packaging_url (Caused by NameResolutionError("HTTPSConnection(host='world.openfoodfacts.org', port=443): Failed to resolve 'world.openfoodfacts.org' ([Errno 11001] getaddrinfo failed)"))
2026-06-05 12:45:15.064 | DEBUG    | nure.image_sources:_get:46 - GET failed: HTTPSConnectionPool(host='www.amazon.in', port=443): Max retries exceeded with url: /s?k=Everest+Kitchen+King+Masala+100gm&i=grocery (Caused by NameResolutionError("HTTPSConnection(host='www.amazon.in', port=443): Failed to resolve 'www.amazon.in' ([Errno 11001] getaddrinfo failed)"))
2026-06-05 12:45:16.484 | DEBUG    | nure.image_sources:_get:46 - GET failed: HTTPSConnectionPool(host='www.bing.com', port=443): Max retries exceeded with url: /images/search?q=Everest+Kitchen+King+Masala (Caused by NameResolutionError("HTTPSConnection(host='www.bing.com', port=443): Failed to resolve 'www.bing.com' ([Errno 11001] getaddrinfo failed)"))
2026-06-05 12:45:16.558 | INFO     | __main__:download_product_images:254 - Product 1e04b8338566 has 0 images (min 10). Using Playwright fallback.
2026-06-05 12:45:17.887 | DEBUG    | nure.playwright_sources:collect_playwright_images:97 - Playwright error for blinkit: Page.goto: net::ERR_INTERNET_DISCONNECTED at https://blinkit.com/s/?q=Everest+Kitchen+King+Masala
Call log:
navigating to "https://blinkit.com/s/?q=Everest+Kitchen+King+Masala", waiting until "load"

2026-06-05 12:45:17.887 | INFO     | nure.playwright_sources:collect_playwright_images:99 - Playwright blinkit 'Everest Kitchen King Masala': 0 URLs
2026-06-05 12:45:18.013 | DEBUG    | nure.playwright_sources:collect_playwright_images:97 - Playwright error for bigbasket: Page.goto: net::ERR_INTERNET_DISCONNECTED at https://www.bigbasket.com/ps/?q=Everest+Kitchen+King+Masala
Call log:
navigating to "https://www.bigbasket.com/ps/?q=Everest+Kitchen+King+Masala", waiting until "load"

2026-06-05 12:45:18.015 | INFO     | nure.playwright_sources:collect_playwright_images:99 - Playwright bigbasket 'Everest Kitchen King Masala': 0 URLs
2026-06-05 12:45:18.038 | DEBUG    | nure.playwright_sources:collect_playwright_images:97 - Playwright error for jiomart: Page.goto: net::ERR_INTERNET_DISCONNECTED at https://www.jiomart.com/search/Everest+Kitchen+King+Masala
Call log:
navigating to "https://www.jiomart.com/search/Everest+Kitchen+King+Masala", waiting until "load"

2026-06-05 12:45:18.038 | INFO     | nure.playwright_sources:collect_playwright_images:99 - Playwright jiomart 'Everest Kitchen King Masala': 0 URLs
2026-06-05 12:45:18.060 | DEBUG    | nure.playwright_sources:collect_playwright_images:97 - Playwright error for flipkart: Page.goto: net::ERR_INTERNET_DISCONNECTED at https://www.flipkart.com/search?q=Everest+Kitchen+King+Masala+100gm&marketplace=GROCERY
Call log:
navigating to "https://www.flipkart.com/search?q=Everest+Kitchen+King+Masala+100gm&marketplace=GROCERY", waiting until "load"

2026-06-05 12:45:18.060 | INFO     | nure.playwright_sources:collect_playwright_images:99 - Playwright flipkart 'Everest Kitchen King Masala 10': 0 URLs
2026-06-05 12:45:18.197 | DEBUG    | nure.image_sources:_get:46 - GET failed: HTTPSConnectionPool(host='world.openfoodfacts.org', port=443): Max retries exceeded with url: /api/v2/product/8901042956213.json?fields=images%2Cimage_front_url%2Cimage_front_small_url%2Cimage_ingredients_url%2Cimage_nutrition_url%2Cimage_packaging_url (Caused by NameResolutionError("HTTPSConnection(host='world.openfoodfacts.org', port=443): Failed to resolve 'world.openfoodfacts.org' ([Errno 11001] getaddrinfo failed)"))
2026-06-05 12:45:18.508 | DEBUG    | nure.image_sources:_get:46 - GET failed: HTTPSConnectionPool(host='www.amazon.in', port=443): Max retries exceeded with url: /s?k=MTR+MTR+Ready-To-Eat+Rajma+Masala+300g&i=grocery (Caused by NameResolutionError("HTTPSConnection(host='www.amazon.in', port=443): Failed to resolve 'www.amazon.in' ([Errno 11001] getaddrinfo failed)"))
2026-06-05 12:45:19.756 | DEBUG    | nure.image_sources:_get:46 - GET failed: HTTPSConnectionPool(host='www.bing.com', port=443): Max retries exceeded with url: /images/search?q=MTR+MTR+Ready-To-Eat+Rajma+Masala (Caused by NameResolutionError("HTTPSConnection(host='www.bing.com', port=443): Failed to resolve 'www.bing.com' ([Errno 11001] getaddrinfo failed)"))
2026-06-05 12:45:19.788 | INFO     | __main__:download_product_images:254 - Product aa696d87bf98 has 0 images (min 10). Using Playwright fallback.
2026-06-05 12:45:21.132 | DEBUG    | nure.playwright_sources:collect_playwright_images:97 - Playwright error for blinkit: Page.goto: net::ERR_INTERNET_DISCONNECTED at https://blinkit.com/s/?q=MTR+MTR+Ready-To-Eat+Rajma+Masala
Call log:
navigating to "https://blinkit.com/s/?q=MTR+MTR+Ready-To-Eat+Rajma+Masala", waiting until "load"

2026-06-05 12:45:21.132 | INFO     | nure.playwright_sources:collect_playwright_images:99 - Playwright blinkit 'MTR MTR Ready-To-Eat Rajma Mas': 0 URLs
2026-06-05 12:45:21.258 | DEBUG    | nure.playwright_sources:collect_playwright_images:97 - Playwright error for bigbasket: Page.goto: net::ERR_INTERNET_DISCONNECTED at https://www.bigbasket.com/ps/?q=MTR+MTR+Ready-To-Eat+Rajma+Masala
Call log:
navigating to "https://www.bigbasket.com/ps/?q=MTR+MTR+Ready-To-Eat+Rajma+Masala", waiting until "load"

2026-06-05 12:45:21.258 | INFO     | nure.playwright_sources:collect_playwright_images:99 - Playwright bigbasket 'MTR MTR Ready-To-Eat Rajma Mas': 0 URLs
2026-06-05 12:45:21.282 | DEBUG    | nure.playwright_sources:collect_playwright_images:97 - Playwright error for jiomart: Page.goto: net::ERR_INTERNET_DISCONNECTED at https://www.jiomart.com/search/MTR+MTR+Ready-To-Eat+Rajma+Masala
Call log:
navigating to "https://www.jiomart.com/search/MTR+MTR+Ready-To-Eat+Rajma+Masala", waiting until "load"

2026-06-05 12:45:21.283 | INFO     | nure.playwright_sources:collect_playwright_images:99 - Playwright jiomart 'MTR MTR Ready-To-Eat Rajma Mas': 0 URLs
2026-06-05 12:45:21.304 | DEBUG    | nure.playwright_sources:collect_playwright_images:97 - Playwright error for flipkart: Page.goto: net::ERR_INTERNET_DISCONNECTED at https://www.flipkart.com/search?q=MTR+MTR+Ready-To-Eat+Rajma+Masala+300g&marketplace=GROCERY
Call log:
navigating to "https://www.flipkart.com/search?q=MTR+MTR+Ready-To-Eat+Rajma+Masala+300g&marketplace=GROCERY", waiting until "load"

2026-06-05 12:45:21.304 | INFO     | nure.playwright_sources:collect_playwright_images:99 - Playwright flipkart 'MTR MTR Ready-To-Eat Rajma Mas': 0 URLs
2026-06-05 12:45:21.435 | DEBUG    | nure.image_sources:_get:46 - GET failed: HTTPSConnectionPool(host='world.openfoodfacts.org', port=443): Max retries exceeded with url: /api/v2/product/8901192213112.json?fields=images%2Cimage_front_url%2Cimage_front_small_url%2Cimage_ingredients_url%2Cimage_nutrition_url%2Cimage_packaging_url (Caused by NameResolutionError("HTTPSConnection(host='world.openfoodfacts.org', port=443): Failed to resolve 'world.openfoodfacts.org' ([Errno 11001] getaddrinfo failed)"))
2026-06-05 12:45:21.740 | DEBUG    | nure.image_sources:_get:46 - GET failed: HTTPSConnectionPool(host='www.amazon.in', port=443): Max retries exceeded with url: /s?k=Catch+MEAT+MASALA+100gm&i=grocery (Caused by NameResolutionError("HTTPSConnection(host='www.amazon.in', port=443): Failed to resolve 'www.amazon.in' ([Errno 11001] getaddrinfo failed)"))
2026-06-05 12:45:22.910 | DEBUG    | nure.image_sources:_get:46 - GET failed: HTTPSConnectionPool(host='www.bing.com', port=443): Max retries exceeded with url: /images/search?q=Catch+MEAT+MASALA (Caused by NameResolutionError("HTTPSConnection(host='www.bing.com', port=443): Failed to resolve 'www.bing.com' ([Errno 11001] getaddrinfo failed)"))
2026-06-05 12:45:22.943 | INFO     | __main__:download_product_images:254 - Product bcbb95b8d57b has 0 images (min 10). Using Playwright fallback.
2026-06-05 12:45:25.401 | DEBUG    | nure.playwright_sources:collect_playwright_images:97 - Playwright error for blinkit: Page.goto: net::ERR_INTERNET_DISCONNECTED at https://blinkit.com/s/?q=Catch+MEAT+MASALA
Call log:
navigating to "https://blinkit.com/s/?q=Catch+MEAT+MASALA", waiting until "load"

2026-06-05 12:45:25.402 | INFO     | nure.playwright_sources:collect_playwright_images:99 - Playwright blinkit 'Catch MEAT MASALA': 0 URLs
2026-06-05 12:45:25.531 | DEBUG    | nure.playwright_sources:collect_playwright_images:97 - Playwright error for bigbasket: Page.goto: net::ERR_INTERNET_DISCONNECTED at https://www.bigbasket.com/ps/?q=Catch+MEAT+MASALA
Call log:
navigating to "https://www.bigbasket.com/ps/?q=Catch+MEAT+MASALA", waiting until "load"

2026-06-05 12:45:25.531 | INFO     | nure.playwright_sources:collect_playwright_images:99 - Playwright bigbasket 'Catch MEAT MASALA': 0 URLs
2026-06-05 12:45:25.556 | DEBUG    | nure.playwright_sources:collect_playwright_images:97 - Playwright error for jiomart: Page.goto: net::ERR_INTERNET_DISCONNECTED at https://www.jiomart.com/search/Catch+MEAT+MASALA
Call log:
navigating to "https://www.jiomart.com/search/Catch+MEAT+MASALA", waiting until "load"

2026-06-05 12:45:25.556 | INFO     | nure.playwright_sources:collect_playwright_images:99 - Playwright jiomart 'Catch MEAT MASALA': 0 URLs
2026-06-05 12:45:25.580 | DEBUG    | nure.playwright_sources:collect_playwright_images:97 - Playwright error for flipkart: Page.goto: net::ERR_INTERNET_DISCONNECTED at https://www.flipkart.com/search?q=Catch+MEAT+MASALA+100gm&marketplace=GROCERY
Call log:
navigating to "https://www.flipkart.com/search?q=Catch+MEAT+MASALA+100gm&marketplace=GROCERY", waiting until "load"

2026-06-05 12:45:25.580 | INFO     | nure.playwright_sources:collect_playwright_images:99 - Playwright flipkart 'Catch MEAT MASALA 100gm': 0 URLs
2026-06-05 12:45:25.717 | DEBUG    | nure.image_sources:_get:46 - GET failed: HTTPSConnectionPool(host='world.openfoodfacts.org', port=443): Max retries exceeded with url: /api/v2/product/8901088155458.json?fields=images%2Cimage_front_url%2Cimage_front_small_url%2Cimage_ingredients_url%2Cimage_nutrition_url%2Cimage_packaging_url (Caused by NameResolutionError("HTTPSConnection(host='world.openfoodfacts.org', port=443): Failed to resolve 'world.openfoodfacts.org' ([Errno 11001] getaddrinfo failed)"))
2026-06-05 12:45:26.029 | DEBUG    | nure.image_sources:_get:46 - GET failed: HTTPSConnectionPool(host='www.amazon.in', port=443): Max retries exceeded with url: /s?k=Saffola+Saffola+Gold+3l&i=grocery (Caused by NameResolutionError("HTTPSConnection(host='www.amazon.in', port=443): Failed to resolve 'www.amazon.in' ([Errno 11001] getaddrinfo failed)"))
2026-06-05 12:45:27.075 | DEBUG    | nure.image_sources:_get:46 - GET failed: HTTPSConnectionPool(host='www.bing.com', port=443): Max retries exceeded with url: /images/search?q=Saffola+Saffola+Gold (Caused by NameResolutionError("HTTPSConnection(host='www.bing.com', port=443): Failed to resolve 'www.bing.com' ([Errno 11001] getaddrinfo failed)"))
2026-06-05 12:45:27.106 | INFO     | __main__:download_product_images:254 - Product 7456ecb4a655 has 0 images (min 10). Using Playwright fallback.
2026-06-05 12:45:28.426 | DEBUG    | nure.playwright_sources:collect_playwright_images:97 - Playwright error for blinkit: Page.goto: net::ERR_INTERNET_DISCONNECTED at https://blinkit.com/s/?q=Saffola+Saffola+Gold
Call log:
navigating to "https://blinkit.com/s/?q=Saffola+Saffola+Gold", waiting until "load"

2026-06-05 12:45:28.426 | INFO     | nure.playwright_sources:collect_playwright_images:99 - Playwright blinkit 'Saffola Saffola Gold': 0 URLs
2026-06-05 12:45:28.544 | DEBUG    | nure.playwright_sources:collect_playwright_images:97 - Playwright error for bigbasket: Page.goto: net::ERR_INTERNET_DISCONNECTED at https://www.bigbasket.com/ps/?q=Saffola+Saffola+Gold
Call log:
navigating to "https://www.bigbasket.com/ps/?q=Saffola+Saffola+Gold", waiting until "load"

2026-06-05 12:45:28.544 | INFO     | nure.playwright_sources:collect_playwright_images:99 - Playwright bigbasket 'Saffola Saffola Gold': 0 URLs
2026-06-05 12:45:28.566 | DEBUG    | nure.playwright_sources:collect_playwright_images:97 - Playwright error for jiomart: Page.goto: net::ERR_INTERNET_DISCONNECTED at https://www.jiomart.com/search/Saffola+Saffola+Gold
Call log:
navigating to "https://www.jiomart.com/search/Saffola+Saffola+Gold", waiting until "load"

2026-06-05 12:45:28.567 | INFO     | nure.playwright_sources:collect_playwright_images:99 - Playwright jiomart 'Saffola Saffola Gold': 0 URLs
2026-06-05 12:45:28.588 | DEBUG    | nure.playwright_sources:collect_playwright_images:97 - Playwright error for flipkart: Page.goto: net::ERR_INTERNET_DISCONNECTED at https://www.flipkart.com/search?q=Saffola+Saffola+Gold+3l&marketplace=GROCERY
Call log:
navigating to "https://www.flipkart.com/search?q=Saffola+Saffola+Gold+3l&marketplace=GROCERY", waiting until "load"

2026-06-05 12:45:28.588 | INFO     | nure.playwright_sources:collect_playwright_images:99 - Playwright flipkart 'Saffola Saffola Gold 3l': 0 URLs
2026-06-05 12:45:28.708 | DEBUG    | nure.image_sources:_get:46 - GET failed: HTTPSConnectionPool(host='world.openfoodfacts.org', port=443): Max retries exceeded with url: /api/v2/product/8901262152167.json?fields=images%2Cimage_front_url%2Cimage_front_small_url%2Cimage_ingredients_url%2Cimage_nutrition_url%2Cimage_packaging_url (Caused by NameResolutionError("HTTPSConnection(host='world.openfoodfacts.org', port=443): Failed to resolve 'world.openfoodfacts.org' ([Errno 11001] getaddrinfo failed)"))
2026-06-05 12:45:29.022 | DEBUG    | nure.image_sources:_get:46 - GET failed: HTTPSConnectionPool(host='www.amazon.in', port=443): Max retries exceeded with url: /s?k=Amul+Amul+masti+spiced+butter+milk+180ml&i=grocery (Caused by NameResolutionError("HTTPSConnection(host='www.amazon.in', port=443): Failed to resolve 'www.amazon.in' ([Errno 11001] getaddrinfo failed)"))
2026-06-05 12:45:30.216 | DEBUG    | nure.image_sources:_get:46 - GET failed: HTTPSConnectionPool(host='www.bing.com', port=443): Max retries exceeded with url: /images/search?q=Amul+Amul+masti+spiced+butter+milk (Caused by NameResolutionError("HTTPSConnection(host='www.bing.com', port=443): Failed to resolve 'www.bing.com' ([Errno 11001] getaddrinfo failed)"))
2026-06-05 12:45:30.243 | INFO     | __main__:download_product_images:254 - Product c775733ac521 has 0 images (min 10). Using Playwright fallback.
2026-06-05 12:45:31.562 | DEBUG    | nure.playwright_sources:collect_playwright_images:97 - Playwright error for blinkit: Page.goto: net::ERR_INTERNET_DISCONNECTED at https://blinkit.com/s/?q=Amul+Amul+masti+spiced+butter+milk
Call log:
navigating to "https://blinkit.com/s/?q=Amul+Amul+masti+spiced+butter+milk", waiting until "load"

2026-06-05 12:45:31.563 | INFO     | nure.playwright_sources:collect_playwright_images:99 - Playwright blinkit 'Amul Amul masti spiced butter ': 0 URLs
2026-06-05 12:45:31.689 | DEBUG    | nure.playwright_sources:collect_playwright_images:97 - Playwright error for bigbasket: Page.goto: net::ERR_INTERNET_DISCONNECTED at https://www.bigbasket.com/ps/?q=Amul+Amul+masti+spiced+butter+milk
Call log:
navigating to "https://www.bigbasket.com/ps/?q=Amul+Amul+masti+spiced+butter+milk", waiting until "load"

2026-06-05 12:45:31.690 | INFO     | nure.playwright_sources:collect_playwright_images:99 - Playwright bigbasket 'Amul Amul masti spiced butter ': 0 URLs
2026-06-05 12:45:31.713 | DEBUG    | nure.playwright_sources:collect_playwright_images:97 - Playwright error for jiomart: Page.goto: net::ERR_INTERNET_DISCONNECTED at https://www.jiomart.com/search/Amul+Amul+masti+spiced+butter+milk
Call log:
navigating to "https://www.jiomart.com/search/Amul+Amul+masti+spiced+butter+milk", waiting until "load"

2026-06-05 12:45:31.715 | INFO     | nure.playwright_sources:collect_playwright_images:99 - Playwright jiomart 'Amul Amul masti spiced butter ': 0 URLs
2026-06-05 12:45:31.738 | DEBUG    | nure.playwright_sources:collect_playwright_images:97 - Playwright error for flipkart: Page.goto: net::ERR_INTERNET_DISCONNECTED at https://www.flipkart.com/search?q=Amul+Amul+masti+spiced+butter+milk+180ml&marketplace=GROCERY
Call log:
navigating to "https://www.flipkart.com/search?q=Amul+Amul+masti+spiced+butter+milk+180ml&marketplace=GROCERY", waiting until "load"

2026-06-05 12:45:31.739 | INFO     | nure.playwright_sources:collect_playwright_images:99 - Playwright flipkart 'Amul Amul masti spiced butter ': 0 URLs
2026-06-05 12:45:31.867 | DEBUG    | nure.image_sources:_get:46 - GET failed: HTTPSConnectionPool(host='world.openfoodfacts.org', port=443): Max retries exceeded with url: /api/v2/product/8901052010417.json?fields=images%2Cimage_front_url%2Cimage_front_small_url%2Cimage_ingredients_url%2Cimage_nutrition_url%2Cimage_packaging_url (Caused by NameResolutionError("HTTPSConnection(host='world.openfoodfacts.org', port=443): Failed to resolve 'world.openfoodfacts.org' ([Errno 11001] getaddrinfo failed)"))
2026-06-05 12:45:32.182 | DEBUG    | nure.image_sources:_get:46 - GET failed: HTTPSConnectionPool(host='www.amazon.in', port=443): Max retries exceeded with url: /s?k=Tata+Tea+Tata+Tea+Premium&i=grocery (Caused by NameResolutionError("HTTPSConnection(host='www.amazon.in', port=443): Failed to resolve 'www.amazon.in' ([Errno 11001] getaddrinfo failed)"))
2026-06-05 12:45:33.517 | DEBUG    | nure.image_sources:_get:46 - GET failed: HTTPSConnectionPool(host='www.bing.com', port=443): Max retries exceeded with url: /images/search?q=Tata+Tea+Tata+Tea+Premium (Caused by NameResolutionError("HTTPSConnection(host='www.bing.com', port=443): Failed to resolve 'www.bing.com' ([Errno 11001] getaddrinfo failed)"))
2026-06-05 12:45:33.552 | INFO     | __main__:download_product_images:254 - Product 40931e9b2cec has 0 images (min 10). Using Playwright fallback.
2026-06-05 12:45:34.882 | DEBUG    | nure.playwright_sources:collect_playwright_images:97 - Playwright error for blinkit: Page.goto: net::ERR_INTERNET_DISCONNECTED at https://blinkit.com/s/?q=Tata+Tea+Tata+Tea+Premium
Call log:
navigating to "https://blinkit.com/s/?q=Tata+Tea+Tata+Tea+Premium", waiting until "load"

2026-06-05 12:45:34.883 | INFO     | nure.playwright_sources:collect_playwright_images:99 - Playwright blinkit 'Tata Tea Tata Tea Premium': 0 URLs
2026-06-05 12:45:35.016 | DEBUG    | nure.playwright_sources:collect_playwright_images:97 - Playwright error for bigbasket: Page.goto: net::ERR_INTERNET_DISCONNECTED at https://www.bigbasket.com/ps/?q=Tata+Tea+Tata+Tea+Premium
Call log:
navigating to "https://www.bigbasket.com/ps/?q=Tata+Tea+Tata+Tea+Premium", waiting until "load"

2026-06-05 12:45:35.017 | INFO     | nure.playwright_sources:collect_playwright_images:99 - Playwright bigbasket 'Tata Tea Tata Tea Premium': 0 URLs
2026-06-05 12:45:35.041 | DEBUG    | nure.playwright_sources:collect_playwright_images:97 - Playwright error for jiomart: Page.goto: net::ERR_INTERNET_DISCONNECTED at https://www.jiomart.com/search/Tata+Tea+Tata+Tea+Premium
Call log:
navigating to "https://www.jiomart.com/search/Tata+Tea+Tata+Tea+Premium", waiting until "load"

2026-06-05 12:45:35.043 | INFO     | nure.playwright_sources:collect_playwright_images:99 - Playwright jiomart 'Tata Tea Tata Tea Premium': 0 URLs
2026-06-05 12:45:35.076 | DEBUG    | nure.playwright_sources:collect_playwright_images:97 - Playwright error for flipkart: Page.goto: net::ERR_INTERNET_DISCONNECTED at https://www.flipkart.com/search?q=Tata+Tea+Tata+Tea+Premium&marketplace=GROCERY
Call log:
navigating to "https://www.flipkart.com/search?q=Tata+Tea+Tata+Tea+Premium&marketplace=GROCERY", waiting until "load"

2026-06-05 12:45:35.076 | INFO     | nure.playwright_sources:collect_playwright_images:99 - Playwright flipkart 'Tata Tea Tata Tea Premium': 0 URLs
2026-06-05 12:45:35.216 | DEBUG    | nure.image_sources:_get:46 - GET failed: HTTPSConnectionPool(host='world.openfoodfacts.org', port=443): Max retries exceeded with url: /api/v2/product/7622210492081.json?fields=images%2Cimage_front_url%2Cimage_front_small_url%2Cimage_ingredients_url%2Cimage_nutrition_url%2Cimage_packaging_url (Caused by NameResolutionError("HTTPSConnection(host='world.openfoodfacts.org', port=443): Failed to resolve 'world.openfoodfacts.org' ([Errno 11001] getaddrinfo failed)"))
2026-06-05 12:45:35.522 | DEBUG    | nure.image_sources:_get:46 - GET failed: HTTPSConnectionPool(host='www.amazon.in', port=443): Max retries exceeded with url: /s?k=Cadbury+Bournvita+500G+500gm&i=grocery (Caused by NameResolutionError("HTTPSConnection(host='www.amazon.in', port=443): Failed to resolve 'www.amazon.in' ([Errno 11001] getaddrinfo failed)"))
2026-06-05 12:45:36.950 | DEBUG    | nure.image_sources:_get:46 - GET failed: HTTPSConnectionPool(host='www.bing.com', port=443): Max retries exceeded with url: /images/search?q=Cadbury+Bournvita+500G (Caused by NameResolutionError("HTTPSConnection(host='www.bing.com', port=443): Failed to resolve 'www.bing.com' ([Errno 11001] getaddrinfo failed)"))
2026-06-05 12:45:36.987 | INFO     | __main__:download_product_images:254 - Product 23316f85840b has 0 images (min 10). Using Playwright fallback.
2026-06-05 12:45:38.301 | DEBUG    | nure.playwright_sources:collect_playwright_images:97 - Playwright error for blinkit: Page.goto: net::ERR_INTERNET_DISCONNECTED at https://blinkit.com/s/?q=Cadbury+Bournvita+500G
Call log:
navigating to "https://blinkit.com/s/?q=Cadbury+Bournvita+500G", waiting until "load"

2026-06-05 12:45:38.301 | INFO     | nure.playwright_sources:collect_playwright_images:99 - Playwright blinkit 'Cadbury Bournvita 500G': 0 URLs
2026-06-05 12:45:38.434 | DEBUG    | nure.playwright_sources:collect_playwright_images:97 - Playwright error for bigbasket: Page.goto: net::ERR_INTERNET_DISCONNECTED at https://www.bigbasket.com/ps/?q=Cadbury+Bournvita+500G
Call log:
navigating to "https://www.bigbasket.com/ps/?q=Cadbury+Bournvita+500G", waiting until "load"

2026-06-05 12:45:38.435 | INFO     | nure.playwright_sources:collect_playwright_images:99 - Playwright bigbasket 'Cadbury Bournvita 500G': 0 URLs
2026-06-05 12:45:38.462 | DEBUG    | nure.playwright_sources:collect_playwright_images:97 - Playwright error for jiomart: Page.goto: net::ERR_INTERNET_DISCONNECTED at https://www.jiomart.com/search/Cadbury+Bournvita+500G
Call log:
navigating to "https://www.jiomart.com/search/Cadbury+Bournvita+500G", waiting until "load"

2026-06-05 12:45:38.463 | INFO     | nure.playwright_sources:collect_playwright_images:99 - Playwright jiomart 'Cadbury Bournvita 500G': 0 URLs
2026-06-05 12:45:38.486 | DEBUG    | nure.playwright_sources:collect_playwright_images:97 - Playwright error for flipkart: Page.goto: net::ERR_INTERNET_DISCONNECTED at https://www.flipkart.com/search?q=Cadbury+Bournvita+500G+500gm&marketplace=GROCERY
Call log:
navigating to "https://www.flipkart.com/search?q=Cadbury+Bournvita+500G+500gm&marketplace=GROCERY", waiting until "load"

2026-06-05 12:45:38.486 | INFO     | nure.playwright_sources:collect_playwright_images:99 - Playwright flipkart 'Cadbury Bournvita 500G 500gm': 0 URLs
2026-06-05 12:45:38.623 | DEBUG    | nure.image_sources:_get:46 - GET failed: HTTPSConnectionPool(host='world.openfoodfacts.org', port=443): Max retries exceeded with url: /api/v2/product/7613036679992.json?fields=images%2Cimage_front_url%2Cimage_front_small_url%2Cimage_ingredients_url%2Cimage_nutrition_url%2Cimage_packaging_url (Caused by NameResolutionError("HTTPSConnection(host='world.openfoodfacts.org', port=443): Failed to resolve 'world.openfoodfacts.org' ([Errno 11001] getaddrinfo failed)"))
2026-06-05 12:45:38.941 | DEBUG    | nure.image_sources:_get:46 - GET failed: HTTPSConnectionPool(host='www.amazon.in', port=443): Max retries exceeded with url: /s?k=Maggi+Noodle+cup+Curry+63g&i=grocery (Caused by NameResolutionError("HTTPSConnection(host='www.amazon.in', port=443): Failed to resolve 'www.amazon.in' ([Errno 11001] getaddrinfo failed)"))
2026-06-05 12:45:39.753 | DEBUG    | nure.image_sources:_get:46 - GET failed: HTTPSConnectionPool(host='www.bing.com', port=443): Max retries exceeded with url: /images/search?q=Maggi+Noodle+cup+Curry (Caused by NameResolutionError("HTTPSConnection(host='www.bing.com', port=443): Failed to resolve 'www.bing.com' ([Errno 11001] getaddrinfo failed)"))
2026-06-05 12:45:39.785 | INFO     | __main__:download_product_images:254 - Product 3b9554373ec8 has 0 images (min 10). Using Playwright fallback.
2026-06-05 12:45:41.147 | DEBUG    | nure.playwright_sources:collect_playwright_images:97 - Playwright error for blinkit: Page.goto: net::ERR_INTERNET_DISCONNECTED at https://blinkit.com/s/?q=Maggi+Noodle+cup+Curry
Call log:
navigating to "https://blinkit.com/s/?q=Maggi+Noodle+cup+Curry", waiting until "load"

2026-06-05 12:45:41.147 | INFO     | nure.playwright_sources:collect_playwright_images:99 - Playwright blinkit 'Maggi Noodle cup Curry': 0 URLs
2026-06-05 12:45:41.275 | DEBUG    | nure.playwright_sources:collect_playwright_images:97 - Playwright error for bigbasket: Page.goto: net::ERR_INTERNET_DISCONNECTED at https://www.bigbasket.com/ps/?q=Maggi+Noodle+cup+Curry
Call log:
navigating to "https://www.bigbasket.com/ps/?q=Maggi+Noodle+cup+Curry", waiting until "load"

2026-06-05 12:45:41.276 | INFO     | nure.playwright_sources:collect_playwright_images:99 - Playwright bigbasket 'Maggi Noodle cup Curry': 0 URLs
2026-06-05 12:45:41.300 | DEBUG    | nure.playwright_sources:collect_playwright_images:97 - Playwright error for jiomart: Page.goto: net::ERR_INTERNET_DISCONNECTED at https://www.jiomart.com/search/Maggi+Noodle+cup+Curry
Call log:
navigating to "https://www.jiomart.com/search/Maggi+Noodle+cup+Curry", waiting until "load"

2026-06-05 12:45:41.300 | INFO     | nure.playwright_sources:collect_playwright_images:99 - Playwright jiomart 'Maggi Noodle cup Curry': 0 URLs
2026-06-05 12:45:41.323 | DEBUG    | nure.playwright_sources:collect_playwright_images:97 - Playwright error for flipkart: Page.goto: net::ERR_INTERNET_DISCONNECTED at https://www.flipkart.com/search?q=Maggi+Noodle+cup+Curry+63g&marketplace=GROCERY
Call log:
navigating to "https://www.flipkart.com/search?q=Maggi+Noodle+cup+Curry+63g&marketplace=GROCERY", waiting until "load"

2026-06-05 12:45:41.324 | INFO     | nure.playwright_sources:collect_playwright_images:99 - Playwright flipkart 'Maggi Noodle cup Curry 63g': 0 URLs
2026-06-05 12:45:41.455 | DEBUG    | nure.image_sources:_get:46 - GET failed: HTTPSConnectionPool(host='world.openfoodfacts.org', port=443): Max retries exceeded with url: /api/v2/product/8901747002987.json?fields=images%2Cimage_front_url%2Cimage_front_small_url%2Cimage_ingredients_url%2Cimage_nutrition_url%2Cimage_packaging_url (Caused by NameResolutionError("HTTPSConnection(host='world.openfoodfacts.org', port=443): Failed to resolve 'world.openfoodfacts.org' ([Errno 11001] getaddrinfo failed)"))
2026-06-05 12:45:41.774 | DEBUG    | nure.image_sources:_get:46 - GET failed: HTTPSConnectionPool(host='www.amazon.in', port=443): Max retries exceeded with url: /s?k=Wagh+Bakri+Instant+Sugar-free+Elaichi+Tea&i=grocery (Caused by NameResolutionError("HTTPSConnection(host='www.amazon.in', port=443): Failed to resolve 'www.amazon.in' ([Errno 11001] getaddrinfo failed)"))
2026-06-05 12:45:43.128 | DEBUG    | nure.image_sources:_get:46 - GET failed: HTTPSConnectionPool(host='www.bing.com', port=443): Max retries exceeded with url: /images/search?q=Wagh+Bakri+Instant+Sugar-free+Elaichi+Tea (Caused by NameResolutionError("HTTPSConnection(host='www.bing.com', port=443): Failed to resolve 'www.bing.com' ([Errno 11001] getaddrinfo failed)"))
2026-06-05 12:45:43.160 | INFO     | __main__:download_product_images:254 - Product 39b08eb85f3d has 0 images (min 10). Using Playwright fallback.
2026-06-05 12:45:44.525 | DEBUG    | nure.playwright_sources:collect_playwright_images:97 - Playwright error for blinkit: Page.goto: net::ERR_INTERNET_DISCONNECTED at https://blinkit.com/s/?q=Wagh+Bakri+Instant+Sugar-free+Elaichi+Tea
Call log:
navigating to "https://blinkit.com/s/?q=Wagh+Bakri+Instant+Sugar-free+Elaichi+Tea", waiting until "load"

2026-06-05 12:45:44.525 | INFO     | nure.playwright_sources:collect_playwright_images:99 - Playwright blinkit 'Wagh Bakri Instant Sugar-free ': 0 URLs
2026-06-05 12:45:44.652 | DEBUG    | nure.playwright_sources:collect_playwright_images:97 - Playwright error for bigbasket: Page.goto: net::ERR_INTERNET_DISCONNECTED at https://www.bigbasket.com/ps/?q=Wagh+Bakri+Instant+Sugar-free+Elaichi+Tea
Call log:
navigating to "https://www.bigbasket.com/ps/?q=Wagh+Bakri+Instant+Sugar-free+Elaichi+Tea", waiting until "load"

2026-06-05 12:45:44.652 | INFO     | nure.playwright_sources:collect_playwright_images:99 - Playwright bigbasket 'Wagh Bakri Instant Sugar-free ': 0 URLs
2026-06-05 12:45:44.680 | DEBUG    | nure.playwright_sources:collect_playwright_images:97 - Playwright error for jiomart: Page.goto: net::ERR_INTERNET_DISCONNECTED at https://www.jiomart.com/search/Wagh+Bakri+Instant+Sugar-free+Elaichi+Tea
Call log:
navigating to "https://www.jiomart.com/search/Wagh+Bakri+Instant+Sugar-free+Elaichi+Tea", waiting until "load"

2026-06-05 12:45:44.680 | INFO     | nure.playwright_sources:collect_playwright_images:99 - Playwright jiomart 'Wagh Bakri Instant Sugar-free ': 0 URLs
2026-06-05 12:45:44.702 | DEBUG    | nure.playwright_sources:collect_playwright_images:97 - Playwright error for flipkart: Page.goto: net::ERR_INTERNET_DISCONNECTED at https://www.flipkart.com/search?q=Wagh+Bakri+Instant+Sugar-free+Elaichi+Tea&marketplace=GROCERY
Call log:
navigating to "https://www.flipkart.com/search?q=Wagh+Bakri+Instant+Sugar-free+Elaichi+Tea&marketplace=GROCERY", waiting until "load"

2026-06-05 12:45:44.702 | INFO     | nure.playwright_sources:collect_playwright_images:99 - Playwright flipkart 'Wagh Bakri Instant Sugar-free ': 0 URLs
2026-06-05 12:45:44.844 | DEBUG    | nure.image_sources:_get:46 - GET failed: HTTPSConnectionPool(host='world.openfoodfacts.org', port=443): Max retries exceeded with url: /api/v2/product/8710428015877.json?fields=images%2Cimage_front_url%2Cimage_front_small_url%2Cimage_ingredients_url%2Cimage_nutrition_url%2Cimage_packaging_url (Caused by NameResolutionError("HTTPSConnection(host='world.openfoodfacts.org', port=443): Failed to resolve 'world.openfoodfacts.org' ([Errno 11001] getaddrinfo failed)"))
2026-06-05 12:45:45.157 | DEBUG    | nure.image_sources:_get:46 - GET failed: HTTPSConnectionPool(host='www.amazon.in', port=443): Max retries exceeded with url: /s?k=PediaSure+Pediasure+chocolate&i=grocery (Caused by NameResolutionError("HTTPSConnection(host='www.amazon.in', port=443): Failed to resolve 'www.amazon.in' ([Errno 11001] getaddrinfo failed)"))
2026-06-05 12:45:45.983 | DEBUG    | nure.image_sources:_get:46 - GET failed: HTTPSConnectionPool(host='www.bing.com', port=443): Max retries exceeded with url: /images/search?q=PediaSure+Pediasure+chocolate (Caused by NameResolutionError("HTTPSConnection(host='www.bing.com', port=443): Failed to resolve 'www.bing.com' ([Errno 11001] getaddrinfo failed)"))
2026-06-05 12:45:46.018 | INFO     | __main__:download_product_images:254 - Product 91147ce7c699 has 0 images (min 10). Using Playwright fallback.
2026-06-05 12:45:48.405 | DEBUG    | nure.playwright_sources:collect_playwright_images:97 - Playwright error for blinkit: Page.goto: net::ERR_INTERNET_DISCONNECTED at https://blinkit.com/s/?q=PediaSure+Pediasure+chocolate
Call log:
navigating to "https://blinkit.com/s/?q=PediaSure+Pediasure+chocolate", waiting until "load"

2026-06-05 12:45:48.405 | INFO     | nure.playwright_sources:collect_playwright_images:99 - Playwright blinkit 'PediaSure Pediasure chocolate': 0 URLs
2026-06-05 12:45:48.529 | DEBUG    | nure.playwright_sources:collect_playwright_images:97 - Playwright error for bigbasket: Page.goto: net::ERR_INTERNET_DISCONNECTED at https://www.bigbasket.com/ps/?q=PediaSure+Pediasure+chocolate
Call log:
navigating to "https://www.bigbasket.com/ps/?q=PediaSure+Pediasure+chocolate", waiting until "load"

2026-06-05 12:45:48.531 | INFO     | nure.playwright_sources:collect_playwright_images:99 - Playwright bigbasket 'PediaSure Pediasure chocolate': 0 URLs
2026-06-05 12:45:48.557 | DEBUG    | nure.playwright_sources:collect_playwright_images:97 - Playwright error for jiomart: Page.goto: net::ERR_INTERNET_DISCONNECTED at https://www.jiomart.com/search/PediaSure+Pediasure+chocolate
Call log:
navigating to "https://www.jiomart.com/search/PediaSure+Pediasure+chocolate", waiting until "load"

2026-06-05 12:45:48.557 | INFO     | nure.playwright_sources:collect_playwright_images:99 - Playwright jiomart 'PediaSure Pediasure chocolate': 0 URLs
2026-06-05 12:45:48.583 | DEBUG    | nure.playwright_sources:collect_playwright_images:97 - Playwright error for flipkart: Page.goto: net::ERR_INTERNET_DISCONNECTED at https://www.flipkart.com/search?q=PediaSure+Pediasure+chocolate&marketplace=GROCERY
Call log:
navigating to "https://www.flipkart.com/search?q=PediaSure+Pediasure+chocolate&marketplace=GROCERY", waiting until "load"

2026-06-05 12:45:48.584 | INFO     | nure.playwright_sources:collect_playwright_images:99 - Playwright flipkart 'PediaSure Pediasure chocolate': 0 URLs
2026-06-05 12:45:48.718 | DEBUG    | nure.image_sources:_get:46 - GET failed: HTTPSConnectionPool(host='world.openfoodfacts.org', port=443): Max retries exceeded with url: /api/v2/product/8001040093665.json?fields=images%2Cimage_front_url%2Cimage_front_small_url%2Cimage_ingredients_url%2Cimage_nutrition_url%2Cimage_packaging_url (Caused by NameResolutionError("HTTPSConnection(host='world.openfoodfacts.org', port=443): Failed to resolve 'world.openfoodfacts.org' ([Errno 11001] getaddrinfo failed)"))
2026-06-05 12:45:49.035 | DEBUG    | nure.image_sources:_get:46 - GET failed: HTTPSConnectionPool(host='www.amazon.in', port=443): Max retries exceeded with url: /s?k=Kraft+Heinz+omogenizzati+manzo+nipiol+160gr&i=grocery (Caused by NameResolutionError("HTTPSConnection(host='www.amazon.in', port=443): Failed to resolve 'www.amazon.in' ([Errno 11001] getaddrinfo failed)"))
2026-06-05 12:45:49.971 | DEBUG    | nure.image_sources:_get:46 - GET failed: HTTPSConnectionPool(host='www.bing.com', port=443): Max retries exceeded with url: /images/search?q=Kraft+Heinz+omogenizzati+manzo+nipiol (Caused by NameResolutionError("HTTPSConnection(host='www.bing.com', port=443): Failed to resolve 'www.bing.com' ([Errno 11001] getaddrinfo failed)"))
2026-06-05 12:45:50.002 | INFO     | __main__:download_product_images:254 - Product cb32a8fbcf2c has 0 images (min 10). Using Playwright fallback.
2026-06-05 12:45:51.344 | DEBUG    | nure.playwright_sources:collect_playwright_images:97 - Playwright error for blinkit: Page.goto: net::ERR_INTERNET_DISCONNECTED at https://blinkit.com/s/?q=Kraft+Heinz+omogenizzati+manzo+nipiol
Call log:
navigating to "https://blinkit.com/s/?q=Kraft+Heinz+omogenizzati+manzo+nipiol", waiting until "load"

2026-06-05 12:45:51.345 | INFO     | nure.playwright_sources:collect_playwright_images:99 - Playwright blinkit 'Kraft Heinz omogenizzati manzo': 0 URLs
2026-06-05 12:45:51.469 | DEBUG    | nure.playwright_sources:collect_playwright_images:97 - Playwright error for bigbasket: Page.goto: net::ERR_INTERNET_DISCONNECTED at https://www.bigbasket.com/ps/?q=Kraft+Heinz+omogenizzati+manzo+nipiol
Call log:
navigating to "https://www.bigbasket.com/ps/?q=Kraft+Heinz+omogenizzati+manzo+nipiol", waiting until "load"

2026-06-05 12:45:51.473 | INFO     | nure.playwright_sources:collect_playwright_images:99 - Playwright bigbasket 'Kraft Heinz omogenizzati manzo': 0 URLs
2026-06-05 12:45:51.500 | DEBUG    | nure.playwright_sources:collect_playwright_images:97 - Playwright error for jiomart: Page.goto: net::ERR_INTERNET_DISCONNECTED at https://www.jiomart.com/search/Kraft+Heinz+omogenizzati+manzo+nipiol
Call log:
navigating to "https://www.jiomart.com/search/Kraft+Heinz+omogenizzati+manzo+nipiol", waiting until "load"

2026-06-05 12:45:51.501 | INFO     | nure.playwright_sources:collect_playwright_images:99 - Playwright jiomart 'Kraft Heinz omogenizzati manzo': 0 URLs
2026-06-05 12:45:51.523 | DEBUG    | nure.playwright_sources:collect_playwright_images:97 - Playwright error for flipkart: Page.goto: net::ERR_INTERNET_DISCONNECTED at https://www.flipkart.com/search?q=Kraft+Heinz+omogenizzati+manzo+nipiol+160gr&marketplace=GROCERY
Call log:
navigating to "https://www.flipkart.com/search?q=Kraft+Heinz+omogenizzati+manzo+nipiol+160gr&marketplace=GROCERY", waiting until "load"

2026-06-05 12:45:51.524 | INFO     | nure.playwright_sources:collect_playwright_images:99 - Playwright flipkart 'Kraft Heinz omogenizzati manzo': 0 URLs
2026-06-05 12:45:51.661 | DEBUG    | nure.image_sources:_get:46 - GET failed: HTTPSConnectionPool(host='world.openfoodfacts.org', port=443): Max retries exceeded with url: /api/v2/product/8906000210031.json?fields=images%2Cimage_front_url%2Cimage_front_small_url%2Cimage_ingredients_url%2Cimage_nutrition_url%2Cimage_packaging_url (Caused by NameResolutionError("HTTPSConnection(host='world.openfoodfacts.org', port=443): Failed to resolve 'world.openfoodfacts.org' ([Errno 11001] getaddrinfo failed)"))
2026-06-05 12:45:51.981 | DEBUG    | nure.image_sources:_get:46 - GET failed: HTTPSConnectionPool(host='www.amazon.in', port=443): Max retries exceeded with url: /s?k=Pillsbury+Pilsbry+chakki+fresh+atta+2kg&i=grocery (Caused by NameResolutionError("HTTPSConnection(host='www.amazon.in', port=443): Failed to resolve 'www.amazon.in' ([Errno 11001] getaddrinfo failed)"))
2026-06-05 12:45:53.205 | DEBUG    | nure.image_sources:_get:46 - GET failed: HTTPSConnectionPool(host='www.bing.com', port=443): Max retries exceeded with url: /images/search?q=Pillsbury+Pilsbry+chakki+fresh+atta+2kg (Caused by NameResolutionError("HTTPSConnection(host='www.bing.com', port=443): Failed to resolve 'www.bing.com' ([Errno 11001] getaddrinfo failed)"))
2026-06-05 12:45:53.237 | INFO     | __main__:download_product_images:254 - Product e1137dfd0f23 has 0 images (min 10). Using Playwright fallback.
2026-06-05 12:45:54.595 | DEBUG    | nure.playwright_sources:collect_playwright_images:97 - Playwright error for blinkit: Page.goto: net::ERR_INTERNET_DISCONNECTED at https://blinkit.com/s/?q=Pillsbury+Pilsbry+chakki+fresh+atta+2kg
Call log:
navigating to "https://blinkit.com/s/?q=Pillsbury+Pilsbry+chakki+fresh+atta+2kg", waiting until "load"

2026-06-05 12:45:54.595 | INFO     | nure.playwright_sources:collect_playwright_images:99 - Playwright blinkit 'Pillsbury Pilsbry chakki fresh': 0 URLs
2026-06-05 12:45:54.719 | DEBUG    | nure.playwright_sources:collect_playwright_images:97 - Playwright error for bigbasket: Page.goto: net::ERR_INTERNET_DISCONNECTED at https://www.bigbasket.com/ps/?q=Pillsbury+Pilsbry+chakki+fresh+atta+2kg
Call log:
navigating to "https://www.bigbasket.com/ps/?q=Pillsbury+Pilsbry+chakki+fresh+atta+2kg", waiting until "load"

2026-06-05 12:45:54.720 | INFO     | nure.playwright_sources:collect_playwright_images:99 - Playwright bigbasket 'Pillsbury Pilsbry chakki fresh': 0 URLs
2026-06-05 12:45:54.745 | DEBUG    | nure.playwright_sources:collect_playwright_images:97 - Playwright error for jiomart: Page.goto: net::ERR_INTERNET_DISCONNECTED at https://www.jiomart.com/search/Pillsbury+Pilsbry+chakki+fresh+atta+2kg
Call log:
navigating to "https://www.jiomart.com/search/Pillsbury+Pilsbry+chakki+fresh+atta+2kg", waiting until "load"

2026-06-05 12:45:54.745 | INFO     | nure.playwright_sources:collect_playwright_images:99 - Playwright jiomart 'Pillsbury Pilsbry chakki fresh': 0 URLs
2026-06-05 12:45:54.767 | DEBUG    | nure.playwright_sources:collect_playwright_images:97 - Playwright error for flipkart: Page.goto: net::ERR_INTERNET_DISCONNECTED at https://www.flipkart.com/search?q=Pillsbury+Pilsbry+chakki+fresh+atta+2kg&marketplace=GROCERY
Call log:
navigating to "https://www.flipkart.com/search?q=Pillsbury+Pilsbry+chakki+fresh+atta+2kg&marketplace=GROCERY", waiting until "load"

2026-06-05 12:45:54.768 | INFO     | nure.playwright_sources:collect_playwright_images:99 - Playwright flipkart 'Pillsbury Pilsbry chakki fresh': 0 URLs
2026-06-05 12:45:54.904 | DEBUG    | nure.image_sources:_get:46 - GET failed: HTTPSConnectionPool(host='world.openfoodfacts.org', port=443): Max retries exceeded with url: /api/v2/product/0723246183640.json?fields=images%2Cimage_front_url%2Cimage_front_small_url%2Cimage_ingredients_url%2Cimage_nutrition_url%2Cimage_packaging_url (Caused by NameResolutionError("HTTPSConnection(host='world.openfoodfacts.org', port=443): Failed to resolve 'world.openfoodfacts.org' ([Errno 11001] getaddrinfo failed)"))
2026-06-05 12:45:55.218 | DEBUG    | nure.image_sources:_get:46 - GET failed: HTTPSConnectionPool(host='www.amazon.in', port=443): Max retries exceeded with url: /s?k=Laxmi+Toor+Dal+%28Vasad+Madhi%29+Split+Pigeon+Peas&i=grocery (Caused by NameResolutionError("HTTPSConnection(host='www.amazon.in', port=443): Failed to resolve 'www.amazon.in' ([Errno 11001] getaddrinfo failed)"))
2026-06-05 12:45:56.452 | DEBUG    | nure.image_sources:_get:46 - GET failed: HTTPSConnectionPool(host='www.bing.com', port=443): Max retries exceeded with url: /images/search?q=Laxmi+Toor+Dal+%28Vasad+Madhi%29+Split+Pigeon+Peas (Caused by NameResolutionError("HTTPSConnection(host='www.bing.com', port=443): Failed to resolve 'www.bing.com' ([Errno 11001] getaddrinfo failed)"))
2026-06-05 12:45:56.485 | INFO     | __main__:download_product_images:254 - Product cb5edc38264d has 0 images (min 10). Using Playwright fallback.
2026-06-05 12:45:57.817 | DEBUG    | nure.playwright_sources:collect_playwright_images:97 - Playwright error for blinkit: Page.goto: net::ERR_INTERNET_DISCONNECTED at https://blinkit.com/s/?q=Laxmi+Toor+Dal+%28Vasad+Madhi%29+Split+Pigeon+Peas
Call log:
navigating to "https://blinkit.com/s/?q=Laxmi+Toor+Dal+%28Vasad+Madhi%29+Split+Pigeon+Peas", waiting until "load"

2026-06-05 12:45:57.818 | INFO     | nure.playwright_sources:collect_playwright_images:99 - Playwright blinkit 'Laxmi Toor Dal (Vasad Madhi) S': 0 URLs
2026-06-05 12:45:57.945 | DEBUG    | nure.playwright_sources:collect_playwright_images:97 - Playwright error for bigbasket: Page.goto: net::ERR_INTERNET_DISCONNECTED at https://www.bigbasket.com/ps/?q=Laxmi+Toor+Dal+%28Vasad+Madhi%29+Split+Pigeon+Peas
Call log:
navigating to "https://www.bigbasket.com/ps/?q=Laxmi+Toor+Dal+%28Vasad+Madhi%29+Split+Pigeon+Peas", waiting until "load"

2026-06-05 12:45:57.947 | INFO     | nure.playwright_sources:collect_playwright_images:99 - Playwright bigbasket 'Laxmi Toor Dal (Vasad Madhi) S': 0 URLs
2026-06-05 12:45:57.974 | DEBUG    | nure.playwright_sources:collect_playwright_images:97 - Playwright error for jiomart: Page.goto: net::ERR_INTERNET_DISCONNECTED at https://www.jiomart.com/search/Laxmi+Toor+Dal+%28Vasad+Madhi%29+Split+Pigeon+Peas
Call log:
navigating to "https://www.jiomart.com/search/Laxmi+Toor+Dal+%28Vasad+Madhi%29+Split+Pigeon+Peas", waiting until "load"

2026-06-05 12:45:57.975 | INFO     | nure.playwright_sources:collect_playwright_images:99 - Playwright jiomart 'Laxmi Toor Dal (Vasad Madhi) S': 0 URLs
2026-06-05 12:45:57.997 | DEBUG    | nure.playwright_sources:collect_playwright_images:97 - Playwright error for flipkart: Page.goto: net::ERR_INTERNET_DISCONNECTED at https://www.flipkart.com/search?q=Laxmi+Toor+Dal+%28Vasad+Madhi%29+Split+Pigeon+Peas&marketplace=GROCERY
Call log:
navigating to "https://www.flipkart.com/search?q=Laxmi+Toor+Dal+%28Vasad+Madhi%29+Split+Pigeon+Peas&marketplace=GROCERY", waiting until "load"

2026-06-05 12:45:57.998 | INFO     | nure.playwright_sources:collect_playwright_images:99 - Playwright flipkart 'Laxmi Toor Dal (Vasad Madhi) S': 0 URLs
2026-06-05 12:45:58.124 | DEBUG    | nure.image_sources:_get:46 - GET failed: HTTPSConnectionPool(host='world.openfoodfacts.org', port=443): Max retries exceeded with url: /api/v2/product/0810609021272.json?fields=images%2Cimage_front_url%2Cimage_front_small_url%2Cimage_ingredients_url%2Cimage_nutrition_url%2Cimage_packaging_url (Caused by NameResolutionError("HTTPSConnection(host='world.openfoodfacts.org', port=443): Failed to resolve 'world.openfoodfacts.org' ([Errno 11001] getaddrinfo failed)"))
2026-06-05 12:45:58.441 | DEBUG    | nure.image_sources:_get:46 - GET failed: HTTPSConnectionPool(host='www.amazon.in', port=443): Max retries exceeded with url: /s?k=Fazlani+Foods+Fazlani+foods%2C+rajma+masala&i=grocery (Caused by NameResolutionError("HTTPSConnection(host='www.amazon.in', port=443): Failed to resolve 'www.amazon.in' ([Errno 11001] getaddrinfo failed)"))
2026-06-05 12:45:59.579 | DEBUG    | nure.image_sources:_get:46 - GET failed: HTTPSConnectionPool(host='www.bing.com', port=443): Max retries exceeded with url: /images/search?q=Fazlani+Foods+Fazlani+foods%2C+rajma+masala (Caused by NameResolutionError("HTTPSConnection(host='www.bing.com', port=443): Failed to resolve 'www.bing.com' ([Errno 11001] getaddrinfo failed)"))
2026-06-05 12:45:59.609 | INFO     | __main__:download_product_images:254 - Product a202da3453a7 has 0 images (min 10). Using Playwright fallback.
2026-06-05 12:46:00.983 | DEBUG    | nure.playwright_sources:collect_playwright_images:97 - Playwright error for blinkit: Page.goto: net::ERR_INTERNET_DISCONNECTED at https://blinkit.com/s/?q=Fazlani+Foods+Fazlani+foods%2C+rajma+masala
Call log:
navigating to "https://blinkit.com/s/?q=Fazlani+Foods+Fazlani+foods%2C+rajma+masala", waiting until "load"

2026-06-05 12:46:00.984 | INFO     | nure.playwright_sources:collect_playwright_images:99 - Playwright blinkit 'Fazlani Foods Fazlani foods, r': 0 URLs
2026-06-05 12:46:01.108 | DEBUG    | nure.playwright_sources:collect_playwright_images:97 - Playwright error for bigbasket: Page.goto: net::ERR_INTERNET_DISCONNECTED at https://www.bigbasket.com/ps/?q=Fazlani+Foods+Fazlani+foods%2C+rajma+masala
Call log:
navigating to "https://www.bigbasket.com/ps/?q=Fazlani+Foods+Fazlani+foods%2C+rajma+masala", waiting until "load"

2026-06-05 12:46:01.109 | INFO     | nure.playwright_sources:collect_playwright_images:99 - Playwright bigbasket 'Fazlani Foods Fazlani foods, r': 0 URLs
2026-06-05 12:46:01.133 | DEBUG    | nure.playwright_sources:collect_playwright_images:97 - Playwright error for jiomart: Page.goto: net::ERR_INTERNET_DISCONNECTED at https://www.jiomart.com/search/Fazlani+Foods+Fazlani+foods%2C+rajma+masala
Call log:
navigating to "https://www.jiomart.com/search/Fazlani+Foods+Fazlani+foods%2C+rajma+masala", waiting until "load"

2026-06-05 12:46:01.134 | INFO     | nure.playwright_sources:collect_playwright_images:99 - Playwright jiomart 'Fazlani Foods Fazlani foods, r': 0 URLs
2026-06-05 12:46:01.154 | DEBUG    | nure.playwright_sources:collect_playwright_images:97 - Playwright error for flipkart: Page.goto: net::ERR_INTERNET_DISCONNECTED at https://www.flipkart.com/search?q=Fazlani+Foods+Fazlani+foods%2C+rajma+masala&marketplace=GROCERY
Call log:
navigating to "https://www.flipkart.com/search?q=Fazlani+Foods+Fazlani+foods%2C+rajma+masala&marketplace=GROCERY", waiting until "load"

2026-06-05 12:46:01.155 | INFO     | nure.playwright_sources:collect_playwright_images:99 - Playwright flipkart 'Fazlani Foods Fazlani foods, r': 0 URLs
2026-06-05 12:46:01.270 | DEBUG    | nure.image_sources:_get:46 - GET failed: HTTPSConnectionPool(host='world.openfoodfacts.org', port=443): Max retries exceeded with url: /api/v2/product/8901552015721.json?fields=images%2Cimage_front_url%2Cimage_front_small_url%2Cimage_ingredients_url%2Cimage_nutrition_url%2Cimage_packaging_url (Caused by NameResolutionError("HTTPSConnection(host='world.openfoodfacts.org', port=443): Failed to resolve 'world.openfoodfacts.org' ([Errno 11001] getaddrinfo failed)"))
2026-06-05 12:46:01.589 | DEBUG    | nure.image_sources:_get:46 - GET failed: HTTPSConnectionPool(host='www.amazon.in', port=443): Max retries exceeded with url: /s?k=Ashoka+Ashoka+Moong+Dal+Kachori+520g&i=grocery (Caused by NameResolutionError("HTTPSConnection(host='www.amazon.in', port=443): Failed to resolve 'www.amazon.in' ([Errno 11001] getaddrinfo failed)"))
2026-06-05 12:46:02.417 | DEBUG    | nure.image_sources:_get:46 - GET failed: HTTPSConnectionPool(host='www.bing.com', port=443): Max retries exceeded with url: /images/search?q=Ashoka+Ashoka+Moong+Dal+Kachori (Caused by NameResolutionError("HTTPSConnection(host='www.bing.com', port=443): Failed to resolve 'www.bing.com' ([Errno 11001] getaddrinfo failed)"))
2026-06-05 12:46:02.444 | INFO     | __main__:download_product_images:254 - Product 98092202ae41 has 0 images (min 10). Using Playwright fallback.
2026-06-05 12:46:03.743 | DEBUG    | nure.playwright_sources:collect_playwright_images:97 - Playwright error for blinkit: Page.goto: net::ERR_INTERNET_DISCONNECTED at https://blinkit.com/s/?q=Ashoka+Ashoka+Moong+Dal+Kachori
Call log:
navigating to "https://blinkit.com/s/?q=Ashoka+Ashoka+Moong+Dal+Kachori", waiting until "load"

2026-06-05 12:46:03.743 | INFO     | nure.playwright_sources:collect_playwright_images:99 - Playwright blinkit 'Ashoka Ashoka Moong Dal Kachor': 0 URLs
2026-06-05 12:46:03.861 | DEBUG    | nure.playwright_sources:collect_playwright_images:97 - Playwright error for bigbasket: Page.goto: net::ERR_INTERNET_DISCONNECTED at https://www.bigbasket.com/ps/?q=Ashoka+Ashoka+Moong+Dal+Kachori
Call log:
navigating to "https://www.bigbasket.com/ps/?q=Ashoka+Ashoka+Moong+Dal+Kachori", waiting until "load"

2026-06-05 12:46:03.862 | INFO     | nure.playwright_sources:collect_playwright_images:99 - Playwright bigbasket 'Ashoka Ashoka Moong Dal Kachor': 0 URLs
2026-06-05 12:46:03.887 | DEBUG    | nure.playwright_sources:collect_playwright_images:97 - Playwright error for jiomart: Page.goto: net::ERR_INTERNET_DISCONNECTED at https://www.jiomart.com/search/Ashoka+Ashoka+Moong+Dal+Kachori
Call log:
navigating to "https://www.jiomart.com/search/Ashoka+Ashoka+Moong+Dal+Kachori", waiting until "load"

2026-06-05 12:46:03.887 | INFO     | nure.playwright_sources:collect_playwright_images:99 - Playwright jiomart 'Ashoka Ashoka Moong Dal Kachor': 0 URLs
2026-06-05 12:46:03.912 | DEBUG    | nure.playwright_sources:collect_playwright_images:97 - Playwright error for flipkart: Page.goto: net::ERR_INTERNET_DISCONNECTED at https://www.flipkart.com/search?q=Ashoka+Ashoka+Moong+Dal+Kachori+520g&marketplace=GROCERY
Call log:
navigating to "https://www.flipkart.com/search?q=Ashoka+Ashoka+Moong+Dal+Kachori+520g&marketplace=GROCERY", waiting until "load"

2026-06-05 12:46:03.912 | INFO     | nure.playwright_sources:collect_playwright_images:99 - Playwright flipkart 'Ashoka Ashoka Moong Dal Kachor': 0 URLs
2026-06-05 12:46:04.033 | DEBUG    | nure.image_sources:_get:46 - GET failed: HTTPSConnectionPool(host='world.openfoodfacts.org', port=443): Max retries exceeded with url: /api/v2/product/6291007907131.json?fields=images%2Cimage_front_url%2Cimage_front_small_url%2Cimage_ingredients_url%2Cimage_nutrition_url%2Cimage_packaging_url (Caused by NameResolutionError("HTTPSConnection(host='world.openfoodfacts.org', port=443): Failed to resolve 'world.openfoodfacts.org' ([Errno 11001] getaddrinfo failed)"))
2026-06-05 12:46:04.338 | DEBUG    | nure.image_sources:_get:46 - GET failed: HTTPSConnectionPool(host='www.amazon.in', port=443): Max retries exceeded with url: /s?k=Britannia+Good+Day+Psta-Almond+Cookies+72+g&i=grocery (Caused by NameResolutionError("HTTPSConnection(host='www.amazon.in', port=443): Failed to resolve 'www.amazon.in' ([Errno 11001] getaddrinfo failed)"))
2026-06-05 12:46:05.245 | DEBUG    | nure.image_sources:_get:46 - GET failed: HTTPSConnectionPool(host='www.bing.com', port=443): Max retries exceeded with url: /images/search?q=Britannia+Good+Day+Psta-Almond+Cookies (Caused by NameResolutionError("HTTPSConnection(host='www.bing.com', port=443): Failed to resolve 'www.bing.com' ([Errno 11001] getaddrinfo failed)"))
2026-06-05 12:46:05.279 | INFO     | __main__:download_product_images:254 - Product 7fc52077aee1 has 0 images (min 10). Using Playwright fallback.
2026-06-05 12:46:06.647 | DEBUG    | nure.playwright_sources:collect_playwright_images:97 - Playwright error for blinkit: Page.goto: net::ERR_INTERNET_DISCONNECTED at https://blinkit.com/s/?q=Britannia+Good+Day+Psta-Almond+Cookies
Call log:
navigating to "https://blinkit.com/s/?q=Britannia+Good+Day+Psta-Almond+Cookies", waiting until "load"

2026-06-05 12:46:06.648 | INFO     | nure.playwright_sources:collect_playwright_images:99 - Playwright blinkit 'Britannia Good Day Psta-Almond': 0 URLs
2026-06-05 12:46:06.773 | DEBUG    | nure.playwright_sources:collect_playwright_images:97 - Playwright error for bigbasket: Page.goto: net::ERR_INTERNET_DISCONNECTED at https://www.bigbasket.com/ps/?q=Britannia+Good+Day+Psta-Almond+Cookies
Call log:
navigating to "https://www.bigbasket.com/ps/?q=Britannia+Good+Day+Psta-Almond+Cookies", waiting until "load"

2026-06-05 12:46:06.773 | INFO     | nure.playwright_sources:collect_playwright_images:99 - Playwright bigbasket 'Britannia Good Day Psta-Almond': 0 URLs
2026-06-05 12:46:06.795 | DEBUG    | nure.playwright_sources:collect_playwright_images:97 - Playwright error for jiomart: Page.goto: net::ERR_INTERNET_DISCONNECTED at https://www.jiomart.com/search/Britannia+Good+Day+Psta-Almond+Cookies
Call log:
navigating to "https://www.jiomart.com/search/Britannia+Good+Day+Psta-Almond+Cookies", waiting until "load"

2026-06-05 12:46:06.795 | INFO     | nure.playwright_sources:collect_playwright_images:99 - Playwright jiomart 'Britannia Good Day Psta-Almond': 0 URLs
2026-06-05 12:46:06.818 | DEBUG    | nure.playwright_sources:collect_playwright_images:97 - Playwright error for flipkart: Page.goto: net::ERR_INTERNET_DISCONNECTED at https://www.flipkart.com/search?q=Britannia+Good+Day+Psta-Almond+Cookies+72+g&marketplace=GROCERY
Call log:
navigating to "https://www.flipkart.com/search?q=Britannia+Good+Day+Psta-Almond+Cookies+72+g&marketplace=GROCERY", waiting until "load"

2026-06-05 12:46:06.818 | INFO     | nure.playwright_sources:collect_playwright_images:99 - Playwright flipkart 'Britannia Good Day Psta-Almond': 0 URLs
2026-06-05 12:46:06.947 | DEBUG    | nure.image_sources:_get:46 - GET failed: HTTPSConnectionPool(host='world.openfoodfacts.org', port=443): Max retries exceeded with url: /api/v2/product/8901786131006.json?fields=images%2Cimage_front_url%2Cimage_front_small_url%2Cimage_ingredients_url%2Cimage_nutrition_url%2Cimage_packaging_url (Caused by NameResolutionError("HTTPSConnection(host='world.openfoodfacts.org', port=443): Failed to resolve 'world.openfoodfacts.org' ([Errno 11001] getaddrinfo failed)"))
2026-06-05 12:46:07.256 | DEBUG    | nure.image_sources:_get:46 - GET failed: HTTPSConnectionPool(host='www.amazon.in', port=443): Max retries exceeded with url: /s?k=Everest+Everest+Sabji+masala&i=grocery (Caused by NameResolutionError("HTTPSConnection(host='www.amazon.in', port=443): Failed to resolve 'www.amazon.in' ([Errno 11001] getaddrinfo failed)"))
2026-06-05 12:46:08.474 | DEBUG    | nure.image_sources:_get:46 - GET failed: HTTPSConnectionPool(host='www.bing.com', port=443): Max retries exceeded with url: /images/search?q=Everest+Everest+Sabji+masala (Caused by NameResolutionError("HTTPSConnection(host='www.bing.com', port=443): Failed to resolve 'www.bing.com' ([Errno 11001] getaddrinfo failed)"))
2026-06-05 12:46:08.507 | INFO     | __main__:download_product_images:254 - Product 9dd1e8a75b04 has 0 images (min 10). Using Playwright fallback.
2026-06-05 12:46:10.969 | DEBUG    | nure.playwright_sources:collect_playwright_images:97 - Playwright error for blinkit: Page.goto: net::ERR_INTERNET_DISCONNECTED at https://blinkit.com/s/?q=Everest+Everest+Sabji+masala
Call log:
navigating to "https://blinkit.com/s/?q=Everest+Everest+Sabji+masala", waiting until "load"

2026-06-05 12:46:10.969 | INFO     | nure.playwright_sources:collect_playwright_images:99 - Playwright blinkit 'Everest Everest Sabji masala': 0 URLs
2026-06-05 12:46:11.095 | DEBUG    | nure.playwright_sources:collect_playwright_images:97 - Playwright error for bigbasket: Page.goto: net::ERR_INTERNET_DISCONNECTED at https://www.bigbasket.com/ps/?q=Everest+Everest+Sabji+masala
Call log:
navigating to "https://www.bigbasket.com/ps/?q=Everest+Everest+Sabji+masala", waiting until "load"

2026-06-05 12:46:11.096 | INFO     | nure.playwright_sources:collect_playwright_images:99 - Playwright bigbasket 'Everest Everest Sabji masala': 0 URLs
2026-06-05 12:46:11.122 | DEBUG    | nure.playwright_sources:collect_playwright_images:97 - Playwright error for jiomart: Page.goto: net::ERR_INTERNET_DISCONNECTED at https://www.jiomart.com/search/Everest+Everest+Sabji+masala
Call log:
navigating to "https://www.jiomart.com/search/Everest+Everest+Sabji+masala", waiting until "load"

2026-06-05 12:46:11.123 | INFO     | nure.playwright_sources:collect_playwright_images:99 - Playwright jiomart 'Everest Everest Sabji masala': 0 URLs
2026-06-05 12:46:11.147 | DEBUG    | nure.playwright_sources:collect_playwright_images:97 - Playwright error for flipkart: Page.goto: net::ERR_INTERNET_DISCONNECTED at https://www.flipkart.com/search?q=Everest+Everest+Sabji+masala&marketplace=GROCERY
Call log:
navigating to "https://www.flipkart.com/search?q=Everest+Everest+Sabji+masala&marketplace=GROCERY", waiting until "load"

2026-06-05 12:46:11.147 | INFO     | nure.playwright_sources:collect_playwright_images:99 - Playwright flipkart 'Everest Everest Sabji masala': 0 URLs
2026-06-05 12:46:11.283 | DEBUG    | nure.image_sources:_get:46 - GET failed: HTTPSConnectionPool(host='world.openfoodfacts.org', port=443): Max retries exceeded with url: /api/v2/product/8902167001017.json?fields=images%2Cimage_front_url%2Cimage_front_small_url%2Cimage_ingredients_url%2Cimage_nutrition_url%2Cimage_packaging_url (Caused by NameResolutionError("HTTPSConnection(host='world.openfoodfacts.org', port=443): Failed to resolve 'world.openfoodfacts.org' ([Errno 11001] getaddrinfo failed)"))
2026-06-05 12:46:11.586 | DEBUG    | nure.image_sources:_get:46 - GET failed: HTTPSConnectionPool(host='www.amazon.in', port=443): Max retries exceeded with url: /s?k=MDH+MDH+Dal+Makhani+Masala+100+g&i=grocery (Caused by NameResolutionError("HTTPSConnection(host='www.amazon.in', port=443): Failed to resolve 'www.amazon.in' ([Errno 11001] getaddrinfo failed)"))
2026-06-05 12:46:12.785 | DEBUG    | nure.image_sources:_get:46 - GET failed: HTTPSConnectionPool(host='www.bing.com', port=443): Max retries exceeded with url: /images/search?q=MDH+MDH+Dal+Makhani+Masala (Caused by NameResolutionError("HTTPSConnection(host='www.bing.com', port=443): Failed to resolve 'www.bing.com' ([Errno 11001] getaddrinfo failed)"))
2026-06-05 12:46:12.817 | INFO     | __main__:download_product_images:254 - Product 6c6cd1ed568f has 0 images (min 10). Using Playwright fallback.
2026-06-05 12:46:14.212 | DEBUG    | nure.playwright_sources:collect_playwright_images:97 - Playwright error for blinkit: Page.goto: net::ERR_INTERNET_DISCONNECTED at https://blinkit.com/s/?q=MDH+MDH+Dal+Makhani+Masala
Call log:
navigating to "https://blinkit.com/s/?q=MDH+MDH+Dal+Makhani+Masala", waiting until "load"

2026-06-05 12:46:14.212 | INFO     | nure.playwright_sources:collect_playwright_images:99 - Playwright blinkit 'MDH MDH Dal Makhani Masala': 0 URLs
2026-06-05 12:46:14.345 | DEBUG    | nure.playwright_sources:collect_playwright_images:97 - Playwright error for bigbasket: Page.goto: net::ERR_INTERNET_DISCONNECTED at https://www.bigbasket.com/ps/?q=MDH+MDH+Dal+Makhani+Masala
Call log:
navigating to "https://www.bigbasket.com/ps/?q=MDH+MDH+Dal+Makhani+Masala", waiting until "load"

2026-06-05 12:46:14.346 | INFO     | nure.playwright_sources:collect_playwright_images:99 - Playwright bigbasket 'MDH MDH Dal Makhani Masala': 0 URLs
2026-06-05 12:46:14.372 | DEBUG    | nure.playwright_sources:collect_playwright_images:97 - Playwright error for jiomart: Page.goto: net::ERR_INTERNET_DISCONNECTED at https://www.jiomart.com/search/MDH+MDH+Dal+Makhani+Masala
Call log:
navigating to "https://www.jiomart.com/search/MDH+MDH+Dal+Makhani+Masala", waiting until "load"

2026-06-05 12:46:14.373 | INFO     | nure.playwright_sources:collect_playwright_images:99 - Playwright jiomart 'MDH MDH Dal Makhani Masala': 0 URLs
2026-06-05 12:46:14.395 | DEBUG    | nure.playwright_sources:collect_playwright_images:97 - Playwright error for flipkart: Page.goto: net::ERR_INTERNET_DISCONNECTED at https://www.flipkart.com/search?q=MDH+MDH+Dal+Makhani+Masala+100+g&marketplace=GROCERY
Call log:
navigating to "https://www.flipkart.com/search?q=MDH+MDH+Dal+Makhani+Masala+100+g&marketplace=GROCERY", waiting until "load"

2026-06-05 12:46:14.396 | INFO     | nure.playwright_sources:collect_playwright_images:99 - Playwright flipkart 'MDH MDH Dal Makhani Masala 100': 0 URLs
2026-06-05 12:46:14.502 | DEBUG    | nure.image_sources:_get:46 - GET failed: HTTPSConnectionPool(host='world.openfoodfacts.org', port=443): Max retries exceeded with url: /api/v2/product/8901192223111.json?fields=images%2Cimage_front_url%2Cimage_front_small_url%2Cimage_ingredients_url%2Cimage_nutrition_url%2Cimage_packaging_url (Caused by NameResolutionError("HTTPSConnection(host='world.openfoodfacts.org', port=443): Failed to resolve 'world.openfoodfacts.org' ([Errno 11001] getaddrinfo failed)"))
2026-06-05 12:46:14.805 | DEBUG    | nure.image_sources:_get:46 - GET failed: HTTPSConnectionPool(host='www.amazon.in', port=443): Max retries exceeded with url: /s?k=Catch+catch+Rajma+masala+100g&i=grocery (Caused by NameResolutionError("HTTPSConnection(host='www.amazon.in', port=443): Failed to resolve 'www.amazon.in' ([Errno 11001] getaddrinfo failed)"))
2026-06-05 12:46:16.129 | DEBUG    | nure.image_sources:_get:46 - GET failed: HTTPSConnectionPool(host='www.bing.com', port=443): Max retries exceeded with url: /images/search?q=Catch+catch+Rajma+masala (Caused by NameResolutionError("HTTPSConnection(host='www.bing.com', port=443): Failed to resolve 'www.bing.com' ([Errno 11001] getaddrinfo failed)"))
2026-06-05 12:46:16.144 | INFO     | __main__:download_product_images:254 - Product 4bd81afa3459 has 0 images (min 10). Using Playwright fallback.
2026-06-05 12:46:16.582 | DEBUG    | nure.playwright_sources:collect_playwright_images:97 - Playwright error for blinkit: Page.goto: net::ERR_INTERNET_DISCONNECTED at https://blinkit.com/s/?q=Catch+catch+Rajma+masala
Call log:
navigating to "https://blinkit.com/s/?q=Catch+catch+Rajma+masala", waiting until "load"

2026-06-05 12:46:16.583 | INFO     | nure.playwright_sources:collect_playwright_images:99 - Playwright blinkit 'Catch catch Rajma masala': 0 URLs
2026-06-05 12:46:16.620 | DEBUG    | nure.playwright_sources:collect_playwright_images:97 - Playwright error for bigbasket: Page.goto: net::ERR_INTERNET_DISCONNECTED at https://www.bigbasket.com/ps/?q=Catch+catch+Rajma+masala
Call log:
navigating to "https://www.bigbasket.com/ps/?q=Catch+catch+Rajma+masala", waiting until "load"

2026-06-05 12:46:16.622 | INFO     | nure.playwright_sources:collect_playwright_images:99 - Playwright bigbasket 'Catch catch Rajma masala': 0 URLs
2026-06-05 12:46:16.630 | DEBUG    | nure.playwright_sources:collect_playwright_images:97 - Playwright error for jiomart: Page.goto: net::ERR_INTERNET_DISCONNECTED at https://www.jiomart.com/search/Catch+catch+Rajma+masala
Call log:
navigating to "https://www.jiomart.com/search/Catch+catch+Rajma+masala", waiting until "load"

2026-06-05 12:46:16.630 | INFO     | nure.playwright_sources:collect_playwright_images:99 - Playwright jiomart 'Catch catch Rajma masala': 0 URLs
2026-06-05 12:46:16.638 | DEBUG    | nure.playwright_sources:collect_playwright_images:97 - Playwright error for flipkart: Page.goto: net::ERR_INTERNET_DISCONNECTED at https://www.flipkart.com/search?q=Catch+catch+Rajma+masala+100g&marketplace=GROCERY
Call log:
navigating to "https://www.flipkart.com/search?q=Catch+catch+Rajma+masala+100g&marketplace=GROCERY", waiting until "load"

2026-06-05 12:46:16.638 | INFO     | nure.playwright_sources:collect_playwright_images:99 - Playwright flipkart 'Catch catch Rajma masala 100g': 0 URLs
2026-06-05 12:46:16.780 | DEBUG    | nure.image_sources:_get:46 - GET failed: HTTPSConnectionPool(host='world.openfoodfacts.org', port=443): Max retries exceeded with url: /api/v2/product/8901088017411.json?fields=images%2Cimage_front_url%2Cimage_front_small_url%2Cimage_ingredients_url%2Cimage_nutrition_url%2Cimage_packaging_url (Caused by NameResolutionError("HTTPSConnection(host='world.openfoodfacts.org', port=443): Failed to resolve 'world.openfoodfacts.org' ([Errno 11001] getaddrinfo failed)"))
2026-06-05 12:46:17.085 | DEBUG    | nure.image_sources:_get:46 - GET failed: HTTPSConnectionPool(host='www.amazon.in', port=443): Max retries exceeded with url: /s?k=Saffola+Saffola+gold+Blended+oil+5+l+3&i=grocery (Caused by NameResolutionError("HTTPSConnection(host='www.amazon.in', port=443): Failed to resolve 'www.amazon.in' ([Errno 11001] getaddrinfo failed)"))
2026-06-05 12:46:18.523 | DEBUG    | nure.image_sources:_get:46 - GET failed: HTTPSConnectionPool(host='www.bing.com', port=443): Max retries exceeded with url: /images/search?q=Saffola+Saffola+gold+Blended+oil+5+l (Caused by NameResolutionError("HTTPSConnection(host='www.bing.com', port=443): Failed to resolve 'www.bing.com' ([Errno 11001] getaddrinfo failed)"))
2026-06-05 12:46:18.536 | INFO     | __main__:download_product_images:254 - Product dacb7e42228a has 0 images (min 10). Using Playwright fallback.
2026-06-05 12:46:18.926 | DEBUG    | nure.playwright_sources:collect_playwright_images:97 - Playwright error for blinkit: Page.goto: net::ERR_INTERNET_DISCONNECTED at https://blinkit.com/s/?q=Saffola+Saffola+gold+Blended+oil+5+l
Call log:
navigating to "https://blinkit.com/s/?q=Saffola+Saffola+gold+Blended+oil+5+l", waiting until "load"

2026-06-05 12:46:18.927 | INFO     | nure.playwright_sources:collect_playwright_images:99 - Playwright blinkit 'Saffola Saffola gold Blended o': 0 URLs
2026-06-05 12:46:18.963 | DEBUG    | nure.playwright_sources:collect_playwright_images:97 - Playwright error for bigbasket: Page.goto: net::ERR_INTERNET_DISCONNECTED at https://www.bigbasket.com/ps/?q=Saffola+Saffola+gold+Blended+oil+5+l
Call log:
navigating to "https://www.bigbasket.com/ps/?q=Saffola+Saffola+gold+Blended+oil+5+l", waiting until "load"

2026-06-05 12:46:18.963 | INFO     | nure.playwright_sources:collect_playwright_images:99 - Playwright bigbasket 'Saffola Saffola gold Blended o': 0 URLs
2026-06-05 12:46:18.973 | DEBUG    | nure.playwright_sources:collect_playwright_images:97 - Playwright error for jiomart: Page.goto: net::ERR_INTERNET_DISCONNECTED at https://www.jiomart.com/search/Saffola+Saffola+gold+Blended+oil+5+l
Call log:
navigating to "https://www.jiomart.com/search/Saffola+Saffola+gold+Blended+oil+5+l", waiting until "load"

2026-06-05 12:46:18.973 | INFO     | nure.playwright_sources:collect_playwright_images:99 - Playwright jiomart 'Saffola Saffola gold Blended o': 0 URLs
2026-06-05 12:46:18.983 | DEBUG    | nure.playwright_sources:collect_playwright_images:97 - Playwright error for flipkart: Page.goto: net::ERR_INTERNET_DISCONNECTED at https://www.flipkart.com/search?q=Saffola+Saffola+gold+Blended+oil+5+l+3&marketplace=GROCERY
Call log:
navigating to "https://www.flipkart.com/search?q=Saffola+Saffola+gold+Blended+oil+5+l+3&marketplace=GROCERY", waiting until "load"

2026-06-05 12:46:18.983 | INFO     | nure.playwright_sources:collect_playwright_images:99 - Playwright flipkart 'Saffola Saffola gold Blended o': 0 URLs
2026-06-05 12:46:19.035 | DEBUG    | nure.image_sources:_get:46 - GET failed: HTTPSConnectionPool(host='world.openfoodfacts.org', port=443): Max retries exceeded with url: /api/v2/product/0656846560965.json?fields=images%2Cimage_front_url%2Cimage_front_small_url%2Cimage_ingredients_url%2Cimage_nutrition_url%2Cimage_packaging_url (Caused by NameResolutionError("HTTPSConnection(host='world.openfoodfacts.org', port=443): Failed to resolve 'world.openfoodfacts.org' ([Errno 11001] getaddrinfo failed)"))
2026-06-05 12:46:19.338 | DEBUG    | nure.image_sources:_get:46 - GET failed: HTTPSConnectionPool(host='www.amazon.in', port=443): Max retries exceeded with url: /s?k=Amul+Pure+ghee+clarified+butter+32+oz+%28907+g%29&i=grocery (Caused by NameResolutionError("HTTPSConnection(host='www.amazon.in', port=443): Failed to resolve 'www.amazon.in' ([Errno 11001] getaddrinfo failed)"))
2026-06-05 12:46:20.164 | DEBUG    | nure.image_sources:_get:46 - GET failed: HTTPSConnectionPool(host='www.bing.com', port=443): Max retries exceeded with url: /images/search?q=Amul+Pure+ghee+clarified+butter (Caused by NameResolutionError("HTTPSConnection(host='www.bing.com', port=443): Failed to resolve 'www.bing.com' ([Errno 11001] getaddrinfo failed)"))
2026-06-05 12:46:20.182 | INFO     | __main__:download_product_images:254 - Product 4b65f3202a6f has 0 images (min 10). Using Playwright fallback.
2026-06-05 12:46:20.810 | DEBUG    | nure.playwright_sources:collect_playwright_images:97 - Playwright error for blinkit: Page.goto: net::ERR_INTERNET_DISCONNECTED at https://blinkit.com/s/?q=Amul+Pure+ghee+clarified+butter
Call log:
navigating to "https://blinkit.com/s/?q=Amul+Pure+ghee+clarified+butter", waiting until "load"

2026-06-05 12:46:20.811 | INFO     | nure.playwright_sources:collect_playwright_images:99 - Playwright blinkit 'Amul Pure ghee clarified butte': 0 URLs
2026-06-05 12:46:20.849 | DEBUG    | nure.playwright_sources:collect_playwright_images:97 - Playwright error for bigbasket: Page.goto: net::ERR_INTERNET_DISCONNECTED at https://www.bigbasket.com/ps/?q=Amul+Pure+ghee+clarified+butter
Call log:
navigating to "https://www.bigbasket.com/ps/?q=Amul+Pure+ghee+clarified+butter", waiting until "load"

2026-06-05 12:46:20.849 | INFO     | nure.playwright_sources:collect_playwright_images:99 - Playwright bigbasket 'Amul Pure ghee clarified butte': 0 URLs
2026-06-05 12:46:20.863 | DEBUG    | nure.playwright_sources:collect_playwright_images:97 - Playwright error for jiomart: Page.goto: net::ERR_INTERNET_DISCONNECTED at https://www.jiomart.com/search/Amul+Pure+ghee+clarified+butter
Call log:
navigating to "https://www.jiomart.com/search/Amul+Pure+ghee+clarified+butter", waiting until "load"

2026-06-05 12:46:20.863 | INFO     | nure.playwright_sources:collect_playwright_images:99 - Playwright jiomart 'Amul Pure ghee clarified butte': 0 URLs
2026-06-05 12:46:20.873 | DEBUG    | nure.playwright_sources:collect_playwright_images:97 - Playwright error for flipkart: Page.goto: net::ERR_INTERNET_DISCONNECTED at https://www.flipkart.com/search?q=Amul+Pure+ghee+clarified+butter+32+oz+%28907+g%29&marketplace=GROCERY
Call log:
navigating to "https://www.flipkart.com/search?q=Amul+Pure+ghee+clarified+butter+32+oz+%28907+g%29&marketplace=GROCERY", waiting until "load"

2026-06-05 12:46:20.873 | INFO     | nure.playwright_sources:collect_playwright_images:99 - Playwright flipkart 'Amul Pure ghee clarified butte': 0 URLs
2026-06-05 12:46:20.926 | DEBUG    | nure.image_sources:_get:46 - GET failed: HTTPSConnectionPool(host='world.openfoodfacts.org', port=443): Max retries exceeded with url: /api/v2/product/4056489648529.json?fields=images%2Cimage_front_url%2Cimage_front_small_url%2Cimage_ingredients_url%2Cimage_nutrition_url%2Cimage_packaging_url (Caused by NameResolutionError("HTTPSConnection(host='world.openfoodfacts.org', port=443): Failed to resolve 'world.openfoodfacts.org' ([Errno 11001] getaddrinfo failed)"))
2026-06-05 12:46:21.238 | DEBUG    | nure.image_sources:_get:46 - GET failed: HTTPSConnectionPool(host='www.amazon.in', port=443): Max retries exceeded with url: /s?k=Knightsbridge+Red+Label+Tea+Bags+750+g&i=grocery (Caused by NameResolutionError("HTTPSConnection(host='www.amazon.in', port=443): Failed to resolve 'www.amazon.in' ([Errno 11001] getaddrinfo failed)"))
2026-06-05 12:46:22.349 | DEBUG    | nure.image_sources:_get:46 - GET failed: HTTPSConnectionPool(host='www.bing.com', port=443): Max retries exceeded with url: /images/search?q=Knightsbridge+Red+Label+Tea+Bags (Caused by NameResolutionError("HTTPSConnection(host='www.bing.com', port=443): Failed to resolve 'www.bing.com' ([Errno 11001] getaddrinfo failed)"))
2026-06-05 12:46:22.363 | INFO     | __main__:download_product_images:254 - Product 3ebf297e1657 has 0 images (min 10). Using Playwright fallback.
2026-06-05 12:46:22.831 | DEBUG    | nure.playwright_sources:collect_playwright_images:97 - Playwright error for blinkit: Page.goto: net::ERR_INTERNET_DISCONNECTED at https://blinkit.com/s/?q=Knightsbridge+Red+Label+Tea+Bags
Call log:
navigating to "https://blinkit.com/s/?q=Knightsbridge+Red+Label+Tea+Bags", waiting until "load"

2026-06-05 12:46:22.831 | INFO     | nure.playwright_sources:collect_playwright_images:99 - Playwright blinkit 'Knightsbridge Red Label Tea Ba': 0 URLs
2026-06-05 12:46:22.870 | DEBUG    | nure.playwright_sources:collect_playwright_images:97 - Playwright error for bigbasket: Page.goto: net::ERR_INTERNET_DISCONNECTED at https://www.bigbasket.com/ps/?q=Knightsbridge+Red+Label+Tea+Bags
Call log:
navigating to "https://www.bigbasket.com/ps/?q=Knightsbridge+Red+Label+Tea+Bags", waiting until "load"

2026-06-05 12:46:22.870 | INFO     | nure.playwright_sources:collect_playwright_images:99 - Playwright bigbasket 'Knightsbridge Red Label Tea Ba': 0 URLs
2026-06-05 12:46:22.887 | DEBUG    | nure.playwright_sources:collect_playwright_images:97 - Playwright error for jiomart: Page.goto: net::ERR_INTERNET_DISCONNECTED at https://www.jiomart.com/search/Knightsbridge+Red+Label+Tea+Bags
Call log:
navigating to "https://www.jiomart.com/search/Knightsbridge+Red+Label+Tea+Bags", waiting until "load"

2026-06-05 12:46:22.887 | INFO     | nure.playwright_sources:collect_playwright_images:99 - Playwright jiomart 'Knightsbridge Red Label Tea Ba': 0 URLs
2026-06-05 12:46:22.899 | DEBUG    | nure.playwright_sources:collect_playwright_images:97 - Playwright error for flipkart: Page.goto: net::ERR_INTERNET_DISCONNECTED at https://www.flipkart.com/search?q=Knightsbridge+Red+Label+Tea+Bags+750+g&marketplace=GROCERY
Call log:
navigating to "https://www.flipkart.com/search?q=Knightsbridge+Red+Label+Tea+Bags+750+g&marketplace=GROCERY", waiting until "load"

2026-06-05 12:46:22.899 | INFO     | nure.playwright_sources:collect_playwright_images:99 - Playwright flipkart 'Knightsbridge Red Label Tea Ba': 0 URLs
2026-06-05 12:46:22.954 | DEBUG    | nure.image_sources:_get:46 - GET failed: HTTPSConnectionPool(host='world.openfoodfacts.org', port=443): Max retries exceeded with url: /api/v2/product/8901233023748.json?fields=images%2Cimage_front_url%2Cimage_front_small_url%2Cimage_ingredients_url%2Cimage_nutrition_url%2Cimage_packaging_url (Caused by NameResolutionError("HTTPSConnection(host='world.openfoodfacts.org', port=443): Failed to resolve 'world.openfoodfacts.org' ([Errno 11001] getaddrinfo failed)"))
2026-06-05 12:46:23.266 | DEBUG    | nure.image_sources:_get:46 - GET failed: HTTPSConnectionPool(host='www.amazon.in', port=443): Max retries exceeded with url: /s?k=Cadbury+Cadbury+Bournvita+Original+Refill%2C500G&i=grocery (Caused by NameResolutionError("HTTPSConnection(host='www.amazon.in', port=443): Failed to resolve 'www.amazon.in' ([Errno 11001] getaddrinfo failed)"))
2026-06-05 12:46:24.292 | DEBUG    | nure.image_sources:_get:46 - GET failed: HTTPSConnectionPool(host='www.bing.com', port=443): Max retries exceeded with url: /images/search?q=Cadbury+Cadbury+Bournvita+Original+Refill%2C500G (Caused by NameResolutionError("HTTPSConnection(host='www.bing.com', port=443): Failed to resolve 'www.bing.com' ([Errno 11001] getaddrinfo failed)"))
2026-06-05 12:46:24.311 | INFO     | __main__:download_product_images:254 - Product d3fdc178a8c8 has 0 images (min 10). Using Playwright fallback.
2026-06-05 12:46:24.729 | DEBUG    | nure.playwright_sources:collect_playwright_images:97 - Playwright error for blinkit: Page.goto: net::ERR_INTERNET_DISCONNECTED at https://blinkit.com/s/?q=Cadbury+Cadbury+Bournvita+Original+Refill%2C500G
Call log:
navigating to "https://blinkit.com/s/?q=Cadbury+Cadbury+Bournvita+Original+Refill%2C500G", waiting until "load"

2026-06-05 12:46:24.730 | INFO     | nure.playwright_sources:collect_playwright_images:99 - Playwright blinkit 'Cadbury Cadbury Bournvita Orig': 0 URLs
2026-06-05 12:46:24.767 | DEBUG    | nure.playwright_sources:collect_playwright_images:97 - Playwright error for bigbasket: Page.goto: net::ERR_INTERNET_DISCONNECTED at https://www.bigbasket.com/ps/?q=Cadbury+Cadbury+Bournvita+Original+Refill%2C500G
Call log:
navigating to "https://www.bigbasket.com/ps/?q=Cadbury+Cadbury+Bournvita+Original+Refill%2C500G", waiting until "load"

2026-06-05 12:46:24.767 | INFO     | nure.playwright_sources:collect_playwright_images:99 - Playwright bigbasket 'Cadbury Cadbury Bournvita Orig': 0 URLs
2026-06-05 12:46:24.779 | DEBUG    | nure.playwright_sources:collect_playwright_images:97 - Playwright error for jiomart: Page.goto: net::ERR_INTERNET_DISCONNECTED at https://www.jiomart.com/search/Cadbury+Cadbury+Bournvita+Original+Refill%2C500G
Call log:
navigating to "https://www.jiomart.com/search/Cadbury+Cadbury+Bournvita+Original+Refill%2C500G", waiting until "load"

2026-06-05 12:46:24.779 | INFO     | nure.playwright_sources:collect_playwright_images:99 - Playwright jiomart 'Cadbury Cadbury Bournvita Orig': 0 URLs
2026-06-05 12:46:24.798 | DEBUG    | nure.playwright_sources:collect_playwright_images:97 - Playwright error for flipkart: Page.goto: net::ERR_INTERNET_DISCONNECTED at https://www.flipkart.com/search?q=Cadbury+Cadbury+Bournvita+Original+Refill%2C500G&marketplace=GROCERY
Call log:
navigating to "https://www.flipkart.com/search?q=Cadbury+Cadbury+Bournvita+Original+Refill%2C500G&marketplace=GROCERY", waiting until "load"

2026-06-05 12:46:24.798 | INFO     | nure.playwright_sources:collect_playwright_images:99 - Playwright flipkart 'Cadbury Cadbury Bournvita Orig': 0 URLs
2026-06-05 12:46:24.862 | DEBUG    | nure.image_sources:_get:46 - GET failed: HTTPSConnectionPool(host='world.openfoodfacts.org', port=443): Max retries exceeded with url: /api/v2/product/9556001137722.json?fields=images%2Cimage_front_url%2Cimage_front_small_url%2Cimage_ingredients_url%2Cimage_nutrition_url%2Cimage_packaging_url (Caused by NameResolutionError("HTTPSConnection(host='world.openfoodfacts.org', port=443): Failed to resolve 'world.openfoodfacts.org' ([Errno 11001] getaddrinfo failed)"))
2026-06-05 12:46:25.177 | DEBUG    | nure.image_sources:_get:46 - GET failed: HTTPSConnectionPool(host='www.amazon.in', port=443): Max retries exceeded with url: /s?k=Maggi+2+Minute+Noodles+Chicken+Flavour+360+g&i=grocery (Caused by NameResolutionError("HTTPSConnection(host='www.amazon.in', port=443): Failed to resolve 'www.amazon.in' ([Errno 11001] getaddrinfo failed)"))
2026-06-05 12:46:26.514 | DEBUG    | nure.image_sources:_get:46 - GET failed: HTTPSConnectionPool(host='www.bing.com', port=443): Max retries exceeded with url: /images/search?q=Maggi+2+Minute+Noodles+Chicken+Flavour (Caused by NameResolutionError("HTTPSConnection(host='www.bing.com', port=443): Failed to resolve 'www.bing.com' ([Errno 11001] getaddrinfo failed)"))
2026-06-05 12:46:26.531 | INFO     | __main__:download_product_images:254 - Product 28b2c4e4a756 has 0 images (min 10). Using Playwright fallback.
2026-06-05 12:46:26.940 | DEBUG    | nure.playwright_sources:collect_playwright_images:97 - Playwright error for blinkit: Page.goto: net::ERR_INTERNET_DISCONNECTED at https://blinkit.com/s/?q=Maggi+2+Minute+Noodles+Chicken+Flavour
Call log:
navigating to "https://blinkit.com/s/?q=Maggi+2+Minute+Noodles+Chicken+Flavour", waiting until "load"

2026-06-05 12:46:26.940 | INFO     | nure.playwright_sources:collect_playwright_images:99 - Playwright blinkit 'Maggi 2 Minute Noodles Chicken': 0 URLs
2026-06-05 12:46:26.975 | DEBUG    | nure.playwright_sources:collect_playwright_images:97 - Playwright error for bigbasket: Page.goto: net::ERR_INTERNET_DISCONNECTED at https://www.bigbasket.com/ps/?q=Maggi+2+Minute+Noodles+Chicken+Flavour
Call log:
navigating to "https://www.bigbasket.com/ps/?q=Maggi+2+Minute+Noodles+Chicken+Flavour", waiting until "load"

2026-06-05 12:46:26.975 | INFO     | nure.playwright_sources:collect_playwright_images:99 - Playwright bigbasket 'Maggi 2 Minute Noodles Chicken': 0 URLs
2026-06-05 12:46:26.991 | DEBUG    | nure.playwright_sources:collect_playwright_images:97 - Playwright error for jiomart: Page.goto: net::ERR_INTERNET_DISCONNECTED at https://www.jiomart.com/search/Maggi+2+Minute+Noodles+Chicken+Flavour
Call log:
navigating to "https://www.jiomart.com/search/Maggi+2+Minute+Noodles+Chicken+Flavour", waiting until "load"

2026-06-05 12:46:26.991 | INFO     | nure.playwright_sources:collect_playwright_images:99 - Playwright jiomart 'Maggi 2 Minute Noodles Chicken': 0 URLs
2026-06-05 12:46:27.009 | DEBUG    | nure.playwright_sources:collect_playwright_images:97 - Playwright error for flipkart: Page.goto: net::ERR_INTERNET_DISCONNECTED at https://www.flipkart.com/search?q=Maggi+2+Minute+Noodles+Chicken+Flavour+360+g&marketplace=GROCERY
Call log:
navigating to "https://www.flipkart.com/search?q=Maggi+2+Minute+Noodles+Chicken+Flavour+360+g&marketplace=GROCERY", waiting until "load"

2026-06-05 12:46:27.009 | INFO     | nure.playwright_sources:collect_playwright_images:99 - Playwright flipkart 'Maggi 2 Minute Noodles Chicken': 0 URLs
2026-06-05 12:46:27.062 | DEBUG    | nure.image_sources:_get:46 - GET failed: HTTPSConnectionPool(host='world.openfoodfacts.org', port=443): Max retries exceeded with url: /api/v2/product/8901747005599.json?fields=images%2Cimage_front_url%2Cimage_front_small_url%2Cimage_ingredients_url%2Cimage_nutrition_url%2Cimage_packaging_url (Caused by NameResolutionError("HTTPSConnection(host='world.openfoodfacts.org', port=443): Failed to resolve 'world.openfoodfacts.org' ([Errno 11001] getaddrinfo failed)"))
2026-06-05 12:46:27.372 | DEBUG    | nure.image_sources:_get:46 - GET failed: HTTPSConnectionPool(host='www.amazon.in', port=443): Max retries exceeded with url: /s?k=Wagh+Bakri+Instant+Saffron+Tea+260+g&i=grocery (Caused by NameResolutionError("HTTPSConnection(host='www.amazon.in', port=443): Failed to resolve 'www.amazon.in' ([Errno 11001] getaddrinfo failed)"))
2026-06-05 12:46:28.885 | DEBUG    | nure.image_sources:_get:46 - GET failed: HTTPSConnectionPool(host='www.bing.com', port=443): Max retries exceeded with url: /images/search?q=Wagh+Bakri+Instant+Saffron+Tea (Caused by NameResolutionError("HTTPSConnection(host='www.bing.com', port=443): Failed to resolve 'www.bing.com' ([Errno 11001] getaddrinfo failed)"))
2026-06-05 12:46:28.906 | INFO     | __main__:download_product_images:254 - Product 3ead3886a340 has 0 images (min 10). Using Playwright fallback.
2026-06-05 12:46:29.309 | DEBUG    | nure.playwright_sources:collect_playwright_images:97 - Playwright error for blinkit: Page.goto: net::ERR_INTERNET_DISCONNECTED at https://blinkit.com/s/?q=Wagh+Bakri+Instant+Saffron+Tea
Call log:
navigating to "https://blinkit.com/s/?q=Wagh+Bakri+Instant+Saffron+Tea", waiting until "load"

2026-06-05 12:46:29.309 | INFO     | nure.playwright_sources:collect_playwright_images:99 - Playwright blinkit 'Wagh Bakri Instant Saffron Tea': 0 URLs
2026-06-05 12:46:29.347 | DEBUG    | nure.playwright_sources:collect_playwright_images:97 - Playwright error for bigbasket: Page.goto: net::ERR_INTERNET_DISCONNECTED at https://www.bigbasket.com/ps/?q=Wagh+Bakri+Instant+Saffron+Tea
Call log:
navigating to "https://www.bigbasket.com/ps/?q=Wagh+Bakri+Instant+Saffron+Tea", waiting until "load"

2026-06-05 12:46:29.348 | INFO     | nure.playwright_sources:collect_playwright_images:99 - Playwright bigbasket 'Wagh Bakri Instant Saffron Tea': 0 URLs
2026-06-05 12:46:29.366 | DEBUG    | nure.playwright_sources:collect_playwright_images:97 - Playwright error for jiomart: Page.goto: net::ERR_INTERNET_DISCONNECTED at https://www.jiomart.com/search/Wagh+Bakri+Instant+Saffron+Tea
Call log:
navigating to "https://www.jiomart.com/search/Wagh+Bakri+Instant+Saffron+Tea", waiting until "load"

2026-06-05 12:46:29.366 | INFO     | nure.playwright_sources:collect_playwright_images:99 - Playwright jiomart 'Wagh Bakri Instant Saffron Tea': 0 URLs
2026-06-05 12:46:29.382 | DEBUG    | nure.playwright_sources:collect_playwright_images:97 - Playwright error for flipkart: Page.goto: net::ERR_INTERNET_DISCONNECTED at https://www.flipkart.com/search?q=Wagh+Bakri+Instant+Saffron+Tea+260+g&marketplace=GROCERY
Call log:
navigating to "https://www.flipkart.com/search?q=Wagh+Bakri+Instant+Saffron+Tea+260+g&marketplace=GROCERY", waiting until "load"

2026-06-05 12:46:29.382 | INFO     | nure.playwright_sources:collect_playwright_images:99 - Playwright flipkart 'Wagh Bakri Instant Saffron Tea': 0 URLs
